state_abb,month_date,delinquency_rate,log_delinquency_rate,treatment_date,treated,fips_numeric
AL,2008-01-01,1.4,0.34358970439007686,NA,FALSE,1
AL,2008-02-01,1.4,0.34358970439007686,NA,FALSE,1
AL,2008-03-01,1.4,0.34358970439007686,NA,FALSE,1
AL,2008-04-01,1.4,0.34358970439007686,NA,FALSE,1
AL,2008-05-01,1.4,0.34358970439007686,NA,FALSE,1
AL,2008-06-01,1.5,0.412109650826833,NA,FALSE,1
AL,2008-07-01,1.6,0.4762341789963717,NA,FALSE,1
AL,2008-08-01,1.6,0.4762341789963717,NA,FALSE,1
AL,2008-09-01,1.8,0.5933268452777344,NA,FALSE,1
AL,2008-10-01,2,0.6981347220709843,NA,FALSE,1
AL,2008-11-01,2.1,0.7466879474879751,NA,FALSE,1
AL,2008-12-01,2.3,0.837247524533702,NA,FALSE,1
AL,2009-01-01,2.5,0.9202827531436923,NA,FALSE,1
AL,2009-02-01,2.4,0.8796267475025635,NA,FALSE,1
AL,2009-03-01,2.4,0.8796267475025635,NA,FALSE,1
AL,2009-04-01,2.5,0.9202827531436923,NA,FALSE,1
AL,2009-05-01,2.6,0.959350221334602,NA,FALSE,1
AL,2009-06-01,2.8,1.0331844833456545,NA,FALSE,1
AL,2009-07-01,3,1.1019400787607845,NA,FALSE,1
AL,2009-08-01,3.1,1.1346227261911428,NA,FALSE,1
AL,2009-09-01,3.3,1.1969481893889715,NA,FALSE,1
AL,2009-10-01,3.5,1.2556160374777745,NA,FALSE,1
AL,2009-11-01,3.8,1.3376291891386094,NA,FALSE,1
AL,2009-12-01,3.7,1.3110318766193438,NA,FALSE,1
AL,2010-01-01,3.9,1.3635373739972745,NA,FALSE,1
AL,2010-02-01,3.8,1.3376291891386094,NA,FALSE,1
AL,2010-03-01,3.6,1.2837077723447896,NA,FALSE,1
AL,2010-04-01,3.5,1.2556160374777745,NA,FALSE,1
AL,2010-05-01,3.5,1.2556160374777745,NA,FALSE,1
AL,2010-06-01,3.5,1.2556160374777745,NA,FALSE,1
AL,2010-07-01,3.3,1.1969481893889715,NA,FALSE,1
AL,2010-08-01,3.4,1.2267122912954254,NA,FALSE,1
AL,2010-09-01,3.4,1.2267122912954254,NA,FALSE,1
AL,2010-10-01,3.4,1.2267122912954254,NA,FALSE,1
AL,2010-11-01,3.3,1.1969481893889715,NA,FALSE,1
AL,2010-12-01,3.3,1.1969481893889715,NA,FALSE,1
AL,2011-01-01,3.3,1.1969481893889715,NA,FALSE,1
AL,2011-02-01,3.2,1.1662709371419244,NA,FALSE,1
AL,2011-03-01,3.1,1.1346227261911428,NA,FALSE,1
AL,2011-04-01,2.9,1.068153081183401,NA,FALSE,1
AL,2011-05-01,3,1.1019400787607845,NA,FALSE,1
AL,2011-06-01,3,1.1019400787607845,NA,FALSE,1
AL,2011-07-01,3,1.1019400787607845,NA,FALSE,1
AL,2011-08-01,2.9,1.068153081183401,NA,FALSE,1
AL,2011-09-01,2.9,1.068153081183401,NA,FALSE,1
AL,2011-10-01,2.9,1.068153081183401,NA,FALSE,1
AL,2011-11-01,3,1.1019400787607845,NA,FALSE,1
AL,2011-12-01,3,1.1019400787607845,NA,FALSE,1
AL,2012-01-01,3.2,1.1662709371419244,NA,FALSE,1
AL,2012-02-01,3.2,1.1662709371419244,NA,FALSE,1
AL,2012-03-01,3.1,1.1346227261911428,NA,FALSE,1
AL,2012-04-01,2.9,1.068153081183401,NA,FALSE,1
AL,2012-05-01,2.9,1.068153081183401,NA,FALSE,1
AL,2012-06-01,2.9,1.068153081183401,NA,FALSE,1
AL,2012-07-01,2.9,1.068153081183401,NA,FALSE,1
AL,2012-08-01,2.9,1.068153081183401,NA,FALSE,1
AL,2012-09-01,2.9,1.068153081183401,NA,FALSE,1
AL,2012-10-01,2.9,1.068153081183401,NA,FALSE,1
AL,2012-11-01,2.8,1.0331844833456545,NA,FALSE,1
AL,2012-12-01,2.8,1.0331844833456545,NA,FALSE,1
AL,2013-01-01,2.8,1.0331844833456545,NA,FALSE,1
AL,2013-02-01,2.8,1.0331844833456545,NA,FALSE,1
AL,2013-03-01,2.7,0.9969486348916096,NA,FALSE,1
AL,2013-04-01,2.5,0.9202827531436923,NA,FALSE,1
AL,2013-05-01,2.4,0.8796267475025635,NA,FALSE,1
AL,2013-06-01,2.4,0.8796267475025635,NA,FALSE,1
AL,2013-07-01,2.3,0.837247524533702,NA,FALSE,1
AL,2013-08-01,2.4,0.8796267475025635,NA,FALSE,1
AL,2013-09-01,2.4,0.8796267475025635,NA,FALSE,1
AL,2013-10-01,2.4,0.8796267475025635,NA,FALSE,1
AL,2013-11-01,2.4,0.8796267475025635,NA,FALSE,1
AL,2013-12-01,2.5,0.9202827531436923,NA,FALSE,1
AL,2014-01-01,2.4,0.8796267475025635,NA,FALSE,1
AL,2014-02-01,2.3,0.837247524533702,NA,FALSE,1
AL,2014-03-01,2.3,0.837247524533702,NA,FALSE,1
AL,2014-04-01,2.2,0.7929925155296614,NA,FALSE,1
AL,2014-05-01,2.2,0.7929925155296614,NA,FALSE,1
AL,2014-06-01,2.2,0.7929925155296614,NA,FALSE,1
AL,2014-07-01,2.1,0.7466879474879751,NA,FALSE,1
AL,2014-08-01,2.1,0.7466879474879751,NA,FALSE,1
AL,2014-09-01,2.1,0.7466879474879751,NA,FALSE,1
AL,2014-10-01,2.1,0.7466879474879751,NA,FALSE,1
AL,2014-11-01,2.2,0.7929925155296614,NA,FALSE,1
AL,2014-12-01,2.2,0.7929925155296614,NA,FALSE,1
AL,2015-01-01,2.2,0.7929925155296614,NA,FALSE,1
AL,2015-02-01,2,0.6981347220709843,NA,FALSE,1
AL,2015-03-01,1.8,0.5933268452777344,NA,FALSE,1
AL,2015-04-01,1.7,0.5364933705145685,NA,FALSE,1
AL,2015-05-01,1.8,0.5933268452777344,NA,FALSE,1
AL,2015-06-01,1.7,0.5364933705145685,NA,FALSE,1
AL,2015-07-01,1.8,0.5933268452777344,NA,FALSE,1
AL,2015-08-01,1.8,0.5933268452777344,NA,FALSE,1
AL,2015-09-01,1.8,0.5933268452777344,NA,FALSE,1
AL,2015-10-01,1.8,0.5933268452777344,NA,FALSE,1
AL,2015-11-01,1.8,0.5933268452777344,NA,FALSE,1
AL,2015-12-01,1.8,0.5933268452777344,NA,FALSE,1
AL,2016-01-01,1.9,0.6471032420585384,NA,FALSE,1
AL,2016-02-01,1.9,0.6471032420585384,NA,FALSE,1
AL,2016-03-01,1.7,0.5364933705145685,NA,FALSE,1
AL,2016-04-01,1.6,0.4762341789963717,NA,FALSE,1
AL,2016-05-01,1.6,0.4762341789963717,NA,FALSE,1
AL,2016-06-01,1.5,0.412109650826833,NA,FALSE,1
AL,2016-07-01,1.4,0.34358970439007686,NA,FALSE,1
AL,2016-08-01,1.4,0.34358970439007686,NA,FALSE,1
AL,2016-09-01,1.4,0.34358970439007686,NA,FALSE,1
AL,2016-10-01,1.4,0.34358970439007686,NA,FALSE,1
AL,2016-11-01,1.4,0.34358970439007686,NA,FALSE,1
AL,2016-12-01,1.5,0.412109650826833,NA,FALSE,1
AL,2017-01-01,1.5,0.412109650826833,NA,FALSE,1
AL,2017-02-01,1.4,0.34358970439007686,NA,FALSE,1
AL,2017-03-01,1.4,0.34358970439007686,NA,FALSE,1
AL,2017-04-01,1.3,0.2700271372130602,NA,FALSE,1
AL,2017-05-01,1.3,0.2700271372130602,NA,FALSE,1
AL,2017-06-01,1.2,0.1906203596086497,NA,FALSE,1
AL,2017-07-01,1.2,0.1906203596086497,NA,FALSE,1
AL,2017-08-01,1.3,0.2700271372130602,NA,FALSE,1
AL,2017-09-01,1.2,0.1906203596086497,NA,FALSE,1
AL,2017-10-01,1.2,0.1906203596086497,NA,FALSE,1
AL,2017-11-01,1.2,0.1906203596086497,NA,FALSE,1
AL,2017-12-01,1.3,0.2700271372130602,NA,FALSE,1
AL,2018-01-01,1.3,0.2700271372130602,NA,FALSE,1
AL,2018-02-01,1.3,0.2700271372130602,NA,FALSE,1
AL,2018-03-01,1.2,0.1906203596086497,NA,FALSE,1
AL,2018-04-01,1.2,0.1906203596086497,NA,FALSE,1
AL,2018-05-01,1.1,0.10436001532424286,NA,FALSE,1
AL,2018-06-01,1,0.00995033085316809,NA,FALSE,1
AL,2018-07-01,1.1,0.10436001532424286,NA,FALSE,1
AL,2018-08-01,1.1,0.10436001532424286,NA,FALSE,1
AL,2018-09-01,1.1,0.10436001532424286,NA,FALSE,1
AL,2018-10-01,1.1,0.10436001532424286,NA,FALSE,1
AL,2018-11-01,1.1,0.10436001532424286,NA,FALSE,1
AL,2018-12-01,1.1,0.10436001532424286,NA,FALSE,1
AL,2019-01-01,1.1,0.10436001532424286,NA,FALSE,1
AL,2019-02-01,1.1,0.10436001532424286,NA,FALSE,1
AL,2019-03-01,1,0.00995033085316809,NA,FALSE,1
AL,2019-04-01,0.9,-0.09431067947124128,NA,FALSE,1
AL,2019-05-01,0.9,-0.09431067947124128,NA,FALSE,1
AL,2019-06-01,0.9,-0.09431067947124128,NA,FALSE,1
AL,2019-07-01,0.9,-0.09431067947124128,NA,FALSE,1
AL,2019-08-01,1,0.00995033085316809,NA,FALSE,1
AL,2019-09-01,1,0.00995033085316809,NA,FALSE,1
AL,2019-10-01,1.1,0.10436001532424286,NA,FALSE,1
AL,2019-11-01,1,0.00995033085316809,NA,FALSE,1
AL,2019-12-01,1.1,0.10436001532424286,NA,FALSE,1
AL,2020-01-01,1.1,0.10436001532424286,NA,FALSE,1
AL,2020-02-01,1.1,0.10436001532424286,NA,FALSE,1
AL,2020-03-01,1,0.00995033085316809,NA,FALSE,1
AL,2020-04-01,0.9,-0.09431067947124128,NA,FALSE,1
AL,2020-05-01,0.9,-0.09431067947124128,NA,FALSE,1
AL,2020-06-01,0.8,-0.2107210313156525,NA,FALSE,1
AL,2020-07-01,0.8,-0.2107210313156525,NA,FALSE,1
AL,2020-08-01,0.8,-0.2107210313156525,NA,FALSE,1
AL,2020-09-01,0.8,-0.2107210313156525,NA,FALSE,1
AL,2020-10-01,0.7,-0.342490308946776,NA,FALSE,1
AL,2020-11-01,0.7,-0.342490308946776,NA,FALSE,1
AL,2020-12-01,0.7,-0.342490308946776,NA,FALSE,1
AL,2021-01-01,0.8,-0.2107210313156525,NA,FALSE,1
AL,2021-02-01,0.7,-0.342490308946776,NA,FALSE,1
AL,2021-03-01,0.7,-0.342490308946776,NA,FALSE,1
AL,2021-04-01,0.6,-0.4942963218147801,NA,FALSE,1
AL,2021-05-01,0.6,-0.4942963218147801,NA,FALSE,1
AL,2021-06-01,0.6,-0.4942963218147801,NA,FALSE,1
AL,2021-07-01,0.7,-0.342490308946776,NA,FALSE,1
AL,2021-08-01,0.7,-0.342490308946776,NA,FALSE,1
AL,2021-09-01,0.7,-0.342490308946776,NA,FALSE,1
AL,2021-10-01,0.7,-0.342490308946776,NA,FALSE,1
AL,2021-11-01,0.7,-0.342490308946776,NA,FALSE,1
AL,2021-12-01,0.8,-0.2107210313156525,NA,FALSE,1
AL,2022-01-01,0.7,-0.342490308946776,NA,FALSE,1
AL,2022-02-01,0.7,-0.342490308946776,NA,FALSE,1
AL,2022-03-01,0.6,-0.4942963218147801,NA,FALSE,1
AL,2022-04-01,0.7,-0.342490308946776,NA,FALSE,1
AL,2022-05-01,0.6,-0.4942963218147801,NA,FALSE,1
AL,2022-06-01,0.6,-0.4942963218147801,NA,FALSE,1
AL,2022-07-01,0.6,-0.4942963218147801,NA,FALSE,1
AL,2022-08-01,0.6,-0.4942963218147801,NA,FALSE,1
AL,2022-09-01,0.6,-0.4942963218147801,NA,FALSE,1
AL,2022-10-01,0.6,-0.4942963218147801,NA,FALSE,1
AL,2022-11-01,0.6,-0.4942963218147801,NA,FALSE,1
AL,2022-12-01,0.6,-0.4942963218147801,NA,FALSE,1
AL,2023-01-01,0.6,-0.4942963218147801,NA,FALSE,1
AL,2023-02-01,0.6,-0.4942963218147801,NA,FALSE,1
AL,2023-03-01,0.5,-0.6733445532637656,NA,FALSE,1
AL,2023-04-01,0.5,-0.6733445532637656,NA,FALSE,1
AL,2023-05-01,0.6,-0.4942963218147801,NA,FALSE,1
AL,2023-06-01,0.6,-0.4942963218147801,NA,FALSE,1
AL,2023-07-01,0.6,-0.4942963218147801,NA,FALSE,1
AL,2023-08-01,0.6,-0.4942963218147801,NA,FALSE,1
AL,2023-09-01,0.7,-0.342490308946776,NA,FALSE,1
AL,2023-10-01,0.7,-0.342490308946776,NA,FALSE,1
AL,2023-11-01,0.8,-0.2107210313156525,NA,FALSE,1
AL,2023-12-01,0.8,-0.2107210313156525,NA,FALSE,1
AL,2024-01-01,0.8,-0.2107210313156525,NA,FALSE,1
AL,2024-02-01,0.8,-0.2107210313156525,NA,FALSE,1
AL,2024-03-01,0.8,-0.2107210313156525,NA,FALSE,1
AL,2024-04-01,0.7,-0.342490308946776,NA,FALSE,1
AL,2024-05-01,0.7,-0.342490308946776,NA,FALSE,1
AL,2024-06-01,0.8,-0.2107210313156525,NA,FALSE,1
AL,2024-07-01,0.8,-0.2107210313156525,NA,FALSE,1
AL,2024-08-01,0.9,-0.09431067947124128,NA,FALSE,1
AL,2024-09-01,0.8,-0.2107210313156525,NA,FALSE,1
AL,2024-10-01,0.8,-0.2107210313156525,NA,FALSE,1
AL,2024-11-01,0.9,-0.09431067947124128,NA,FALSE,1
AL,2024-12-01,0.9,-0.09431067947124128,NA,FALSE,1
AL,2025-01-01,1,0.00995033085316809,NA,FALSE,1
AL,2025-02-01,0.9,-0.09431067947124128,NA,FALSE,1
AL,2025-03-01,0.9,-0.09431067947124128,NA,FALSE,1
AK,2008-01-01,0.6,-0.4942963218147801,NA,FALSE,2
AK,2008-02-01,0.8,-0.2107210313156525,NA,FALSE,2
AK,2008-03-01,0.8,-0.2107210313156525,NA,FALSE,2
AK,2008-04-01,0.7,-0.342490308946776,NA,FALSE,2
AK,2008-05-01,0.9,-0.09431067947124128,NA,FALSE,2
AK,2008-06-01,1,0.00995033085316809,NA,FALSE,2
AK,2008-07-01,1.1,0.10436001532424286,NA,FALSE,2
AK,2008-08-01,0.9,-0.09431067947124128,NA,FALSE,2
AK,2008-09-01,0.9,-0.09431067947124128,NA,FALSE,2
AK,2008-10-01,0.9,-0.09431067947124128,NA,FALSE,2
AK,2008-11-01,0.8,-0.2107210313156525,NA,FALSE,2
AK,2008-12-01,0.8,-0.2107210313156525,NA,FALSE,2
AK,2009-01-01,0.8,-0.2107210313156525,NA,FALSE,2
AK,2009-02-01,1,0.00995033085316809,NA,FALSE,2
AK,2009-03-01,1.3,0.2700271372130602,NA,FALSE,2
AK,2009-04-01,1.2,0.1906203596086497,NA,FALSE,2
AK,2009-05-01,1.3,0.2700271372130602,NA,FALSE,2
AK,2009-06-01,1.5,0.412109650826833,NA,FALSE,2
AK,2009-07-01,1.5,0.412109650826833,NA,FALSE,2
AK,2009-08-01,1.8,0.5933268452777344,NA,FALSE,2
AK,2009-09-01,2.1,0.7466879474879751,NA,FALSE,2
AK,2009-10-01,2.1,0.7466879474879751,NA,FALSE,2
AK,2009-11-01,1.9,0.6471032420585384,NA,FALSE,2
AK,2009-12-01,2.1,0.7466879474879751,NA,FALSE,2
AK,2010-01-01,2.1,0.7466879474879751,NA,FALSE,2
AK,2010-02-01,2.2,0.7929925155296614,NA,FALSE,2
AK,2010-03-01,1.9,0.6471032420585384,NA,FALSE,2
AK,2010-04-01,1.9,0.6471032420585384,NA,FALSE,2
AK,2010-05-01,2,0.6981347220709843,NA,FALSE,2
AK,2010-06-01,1.9,0.6471032420585384,NA,FALSE,2
AK,2010-07-01,2,0.6981347220709843,NA,FALSE,2
AK,2010-08-01,1.8,0.5933268452777344,NA,FALSE,2
AK,2010-09-01,1.8,0.5933268452777344,NA,FALSE,2
AK,2010-10-01,1.6,0.4762341789963717,NA,FALSE,2
AK,2010-11-01,1.7,0.5364933705145685,NA,FALSE,2
AK,2010-12-01,1.7,0.5364933705145685,NA,FALSE,2
AK,2011-01-01,1.6,0.4762341789963717,NA,FALSE,2
AK,2011-02-01,1.6,0.4762341789963717,NA,FALSE,2
AK,2011-03-01,1.4,0.34358970439007686,NA,FALSE,2
AK,2011-04-01,1.4,0.34358970439007686,NA,FALSE,2
AK,2011-05-01,1.5,0.412109650826833,NA,FALSE,2
AK,2011-06-01,1.5,0.412109650826833,NA,FALSE,2
AK,2011-07-01,1.6,0.4762341789963717,NA,FALSE,2
AK,2011-08-01,1.7,0.5364933705145685,NA,FALSE,2
AK,2011-09-01,1.7,0.5364933705145685,NA,FALSE,2
AK,2011-10-01,1.6,0.4762341789963717,NA,FALSE,2
AK,2011-11-01,1.5,0.412109650826833,NA,FALSE,2
AK,2011-12-01,1.7,0.5364933705145685,NA,FALSE,2
AK,2012-01-01,1.5,0.412109650826833,NA,FALSE,2
AK,2012-02-01,1.5,0.412109650826833,NA,FALSE,2
AK,2012-03-01,1.4,0.34358970439007686,NA,FALSE,2
AK,2012-04-01,1.4,0.34358970439007686,NA,FALSE,2
AK,2012-05-01,1.4,0.34358970439007686,NA,FALSE,2
AK,2012-06-01,1.4,0.34358970439007686,NA,FALSE,2
AK,2012-07-01,1.4,0.34358970439007686,NA,FALSE,2
AK,2012-08-01,1.3,0.2700271372130602,NA,FALSE,2
AK,2012-09-01,1.4,0.34358970439007686,NA,FALSE,2
AK,2012-10-01,1.3,0.2700271372130602,NA,FALSE,2
AK,2012-11-01,1.2,0.1906203596086497,NA,FALSE,2
AK,2012-12-01,1.3,0.2700271372130602,NA,FALSE,2
AK,2013-01-01,1.2,0.1906203596086497,NA,FALSE,2
AK,2013-02-01,1.1,0.10436001532424286,NA,FALSE,2
AK,2013-03-01,1.3,0.2700271372130602,NA,FALSE,2
AK,2013-04-01,1,0.00995033085316809,NA,FALSE,2
AK,2013-05-01,1.1,0.10436001532424286,NA,FALSE,2
AK,2013-06-01,1.2,0.1906203596086497,NA,FALSE,2
AK,2013-07-01,1.1,0.10436001532424286,NA,FALSE,2
AK,2013-08-01,1.1,0.10436001532424286,NA,FALSE,2
AK,2013-09-01,1.1,0.10436001532424286,NA,FALSE,2
AK,2013-10-01,1.1,0.10436001532424286,NA,FALSE,2
AK,2013-11-01,1.1,0.10436001532424286,NA,FALSE,2
AK,2013-12-01,1,0.00995033085316809,NA,FALSE,2
AK,2014-01-01,1,0.00995033085316809,NA,FALSE,2
AK,2014-02-01,1.1,0.10436001532424286,NA,FALSE,2
AK,2014-03-01,1.1,0.10436001532424286,NA,FALSE,2
AK,2014-04-01,1.1,0.10436001532424286,NA,FALSE,2
AK,2014-05-01,1,0.00995033085316809,NA,FALSE,2
AK,2014-06-01,0.9,-0.09431067947124128,NA,FALSE,2
AK,2014-07-01,0.8,-0.2107210313156525,NA,FALSE,2
AK,2014-08-01,0.9,-0.09431067947124128,NA,FALSE,2
AK,2014-09-01,1,0.00995033085316809,NA,FALSE,2
AK,2014-10-01,0.9,-0.09431067947124128,NA,FALSE,2
AK,2014-11-01,0.9,-0.09431067947124128,NA,FALSE,2
AK,2014-12-01,0.9,-0.09431067947124128,NA,FALSE,2
AK,2015-01-01,0.9,-0.09431067947124128,NA,FALSE,2
AK,2015-02-01,0.8,-0.2107210313156525,NA,FALSE,2
AK,2015-03-01,0.7,-0.342490308946776,NA,FALSE,2
AK,2015-04-01,0.8,-0.2107210313156525,NA,FALSE,2
AK,2015-05-01,0.8,-0.2107210313156525,NA,FALSE,2
AK,2015-06-01,0.9,-0.09431067947124128,NA,FALSE,2
AK,2015-07-01,0.9,-0.09431067947124128,NA,FALSE,2
AK,2015-08-01,1,0.00995033085316809,NA,FALSE,2
AK,2015-09-01,0.9,-0.09431067947124128,NA,FALSE,2
AK,2015-10-01,0.9,-0.09431067947124128,NA,FALSE,2
AK,2015-11-01,0.6,-0.4942963218147801,NA,FALSE,2
AK,2015-12-01,0.7,-0.342490308946776,NA,FALSE,2
AK,2016-01-01,0.7,-0.342490308946776,NA,FALSE,2
AK,2016-02-01,0.8,-0.2107210313156525,NA,FALSE,2
AK,2016-03-01,0.6,-0.4942963218147801,NA,FALSE,2
AK,2016-04-01,0.7,-0.342490308946776,NA,FALSE,2
AK,2016-05-01,0.7,-0.342490308946776,NA,FALSE,2
AK,2016-06-01,0.8,-0.2107210313156525,NA,FALSE,2
AK,2016-07-01,0.7,-0.342490308946776,NA,FALSE,2
AK,2016-08-01,0.7,-0.342490308946776,NA,FALSE,2
AK,2016-09-01,0.7,-0.342490308946776,NA,FALSE,2
AK,2016-10-01,0.7,-0.342490308946776,NA,FALSE,2
AK,2016-11-01,0.7,-0.342490308946776,NA,FALSE,2
AK,2016-12-01,0.6,-0.4942963218147801,NA,FALSE,2
AK,2017-01-01,0.6,-0.4942963218147801,NA,FALSE,2
AK,2017-02-01,0.5,-0.6733445532637656,NA,FALSE,2
AK,2017-03-01,0.6,-0.4942963218147801,NA,FALSE,2
AK,2017-04-01,0.6,-0.4942963218147801,NA,FALSE,2
AK,2017-05-01,0.6,-0.4942963218147801,NA,FALSE,2
AK,2017-06-01,0.7,-0.342490308946776,NA,FALSE,2
AK,2017-07-01,0.7,-0.342490308946776,NA,FALSE,2
AK,2017-08-01,0.7,-0.342490308946776,NA,FALSE,2
AK,2017-09-01,0.8,-0.2107210313156525,NA,FALSE,2
AK,2017-10-01,0.8,-0.2107210313156525,NA,FALSE,2
AK,2017-11-01,0.8,-0.2107210313156525,NA,FALSE,2
AK,2017-12-01,0.8,-0.2107210313156525,NA,FALSE,2
AK,2018-01-01,0.7,-0.342490308946776,NA,FALSE,2
AK,2018-02-01,0.7,-0.342490308946776,NA,FALSE,2
AK,2018-03-01,0.8,-0.2107210313156525,NA,FALSE,2
AK,2018-04-01,0.8,-0.2107210313156525,NA,FALSE,2
AK,2018-05-01,0.8,-0.2107210313156525,NA,FALSE,2
AK,2018-06-01,0.9,-0.09431067947124128,NA,FALSE,2
AK,2018-07-01,0.8,-0.2107210313156525,NA,FALSE,2
AK,2018-08-01,0.8,-0.2107210313156525,NA,FALSE,2
AK,2018-09-01,0.9,-0.09431067947124128,NA,FALSE,2
AK,2018-10-01,0.7,-0.342490308946776,NA,FALSE,2
AK,2018-11-01,0.7,-0.342490308946776,NA,FALSE,2
AK,2018-12-01,0.7,-0.342490308946776,NA,FALSE,2
AK,2019-01-01,0.7,-0.342490308946776,NA,FALSE,2
AK,2019-02-01,0.7,-0.342490308946776,NA,FALSE,2
AK,2019-03-01,0.7,-0.342490308946776,NA,FALSE,2
AK,2019-04-01,0.6,-0.4942963218147801,NA,FALSE,2
AK,2019-05-01,0.6,-0.4942963218147801,NA,FALSE,2
AK,2019-06-01,0.7,-0.342490308946776,NA,FALSE,2
AK,2019-07-01,0.7,-0.342490308946776,NA,FALSE,2
AK,2019-08-01,0.8,-0.2107210313156525,NA,FALSE,2
AK,2019-09-01,0.7,-0.342490308946776,NA,FALSE,2
AK,2019-10-01,0.6,-0.4942963218147801,NA,FALSE,2
AK,2019-11-01,0.6,-0.4942963218147801,NA,FALSE,2
AK,2019-12-01,0.6,-0.4942963218147801,NA,FALSE,2
AK,2020-01-01,0.6,-0.4942963218147801,NA,FALSE,2
AK,2020-02-01,0.6,-0.4942963218147801,NA,FALSE,2
AK,2020-03-01,0.6,-0.4942963218147801,NA,FALSE,2
AK,2020-04-01,0.7,-0.342490308946776,NA,FALSE,2
AK,2020-05-01,0.6,-0.4942963218147801,NA,FALSE,2
AK,2020-06-01,0.7,-0.342490308946776,NA,FALSE,2
AK,2020-07-01,0.6,-0.4942963218147801,NA,FALSE,2
AK,2020-08-01,0.6,-0.4942963218147801,NA,FALSE,2
AK,2020-09-01,0.6,-0.4942963218147801,NA,FALSE,2
AK,2020-10-01,0.6,-0.4942963218147801,NA,FALSE,2
AK,2020-11-01,0.5,-0.6733445532637656,NA,FALSE,2
AK,2020-12-01,0.5,-0.6733445532637656,NA,FALSE,2
AK,2021-01-01,0.4,-0.8915981192837835,NA,FALSE,2
AK,2021-02-01,0.5,-0.6733445532637656,NA,FALSE,2
AK,2021-03-01,0.5,-0.6733445532637656,NA,FALSE,2
AK,2021-04-01,0.4,-0.8915981192837835,NA,FALSE,2
AK,2021-05-01,0.5,-0.6733445532637656,NA,FALSE,2
AK,2021-06-01,0.5,-0.6733445532637656,NA,FALSE,2
AK,2021-07-01,0.6,-0.4942963218147801,NA,FALSE,2
AK,2021-08-01,0.5,-0.6733445532637656,NA,FALSE,2
AK,2021-09-01,0.5,-0.6733445532637656,NA,FALSE,2
AK,2021-10-01,0.5,-0.6733445532637656,NA,FALSE,2
AK,2021-11-01,0.6,-0.4942963218147801,NA,FALSE,2
AK,2021-12-01,0.5,-0.6733445532637656,NA,FALSE,2
AK,2022-01-01,0.4,-0.8915981192837835,NA,FALSE,2
AK,2022-02-01,0.6,-0.4942963218147801,NA,FALSE,2
AK,2022-03-01,0.6,-0.4942963218147801,NA,FALSE,2
AK,2022-04-01,0.5,-0.6733445532637656,NA,FALSE,2
AK,2022-05-01,0.5,-0.6733445532637656,NA,FALSE,2
AK,2022-06-01,0.4,-0.8915981192837835,NA,FALSE,2
AK,2022-07-01,0.5,-0.6733445532637656,NA,FALSE,2
AK,2022-08-01,0.5,-0.6733445532637656,NA,FALSE,2
AK,2022-09-01,0.5,-0.6733445532637656,NA,FALSE,2
AK,2022-10-01,0.3,-1.171182981502945,NA,FALSE,2
AK,2022-11-01,0.3,-1.171182981502945,NA,FALSE,2
AK,2022-12-01,0.2,-1.5606477482646683,NA,FALSE,2
AK,2023-01-01,0.3,-1.171182981502945,NA,FALSE,2
AK,2023-02-01,0.4,-0.8915981192837835,NA,FALSE,2
AK,2023-03-01,0.4,-0.8915981192837835,NA,FALSE,2
AK,2023-04-01,0.5,-0.6733445532637656,NA,FALSE,2
AK,2023-05-01,0.4,-0.8915981192837835,NA,FALSE,2
AK,2023-06-01,0.5,-0.6733445532637656,NA,FALSE,2
AK,2023-07-01,0.4,-0.8915981192837835,NA,FALSE,2
AK,2023-08-01,0.5,-0.6733445532637656,NA,FALSE,2
AK,2023-09-01,0.6,-0.4942963218147801,NA,FALSE,2
AK,2023-10-01,0.5,-0.6733445532637656,NA,FALSE,2
AK,2023-11-01,0.5,-0.6733445532637656,NA,FALSE,2
AK,2023-12-01,0.6,-0.4942963218147801,NA,FALSE,2
AK,2024-01-01,0.5,-0.6733445532637656,NA,FALSE,2
AK,2024-02-01,0.7,-0.342490308946776,NA,FALSE,2
AK,2024-03-01,0.6,-0.4942963218147801,NA,FALSE,2
AK,2024-04-01,0.6,-0.4942963218147801,NA,FALSE,2
AK,2024-05-01,0.5,-0.6733445532637656,NA,FALSE,2
AK,2024-06-01,0.5,-0.6733445532637656,NA,FALSE,2
AK,2024-07-01,0.5,-0.6733445532637656,NA,FALSE,2
AK,2024-08-01,0.6,-0.4942963218147801,NA,FALSE,2
AK,2024-09-01,0.6,-0.4942963218147801,NA,FALSE,2
AK,2024-10-01,0.7,-0.342490308946776,NA,FALSE,2
AK,2024-11-01,0.6,-0.4942963218147801,NA,FALSE,2
AK,2024-12-01,0.6,-0.4942963218147801,NA,FALSE,2
AK,2025-01-01,0.6,-0.4942963218147801,NA,FALSE,2
AK,2025-02-01,0.6,-0.4942963218147801,NA,FALSE,2
AK,2025-03-01,0.6,-0.4942963218147801,NA,FALSE,2
AZ,2008-01-01,1.5,0.412109650826833,2021-09-01,TRUE,4
AZ,2008-02-01,1.7,0.5364933705145685,2021-09-01,TRUE,4
AZ,2008-03-01,1.7,0.5364933705145685,2021-09-01,TRUE,4
AZ,2008-04-01,1.8,0.5933268452777344,2021-09-01,TRUE,4
AZ,2008-05-01,1.8,0.5933268452777344,2021-09-01,TRUE,4
AZ,2008-06-01,1.9,0.6471032420585384,2021-09-01,TRUE,4
AZ,2008-07-01,2.1,0.7466879474879751,2021-09-01,TRUE,4
AZ,2008-08-01,2.2,0.7929925155296614,2021-09-01,TRUE,4
AZ,2008-09-01,2.5,0.9202827531436923,2021-09-01,TRUE,4
AZ,2008-10-01,2.9,1.068153081183401,2021-09-01,TRUE,4
AZ,2008-11-01,3.1,1.1346227261911428,2021-09-01,TRUE,4
AZ,2008-12-01,3.5,1.2556160374777745,2021-09-01,TRUE,4
AZ,2009-01-01,4,1.3887912413184778,2021-09-01,TRUE,4
AZ,2009-02-01,4.3,1.4609379041156565,2021-09-01,TRUE,4
AZ,2009-03-01,4.6,1.528227857008557,2021-09-01,TRUE,4
AZ,2009-04-01,5,1.6114359150967734,2021-09-01,TRUE,4
AZ,2009-05-01,5.4,1.6882490928583902,2021-09-01,TRUE,4
AZ,2009-06-01,5.8,1.7595805708638197,2021-09-01,TRUE,4
AZ,2009-07-01,6.1,1.809926773183504,2021-09-01,TRUE,4
AZ,2009-08-01,6.3,1.8421356765531216,2021-09-01,TRUE,4
AZ,2009-09-01,6.8,1.918392120161421,2021-09-01,TRUE,4
AZ,2009-10-01,7.1,1.9615022438151497,2021-09-01,TRUE,4
AZ,2009-11-01,7.3,1.9892432737616872,2021-09-01,TRUE,4
AZ,2009-12-01,7.5,2.0162354657760435,2021-09-01,TRUE,4
AZ,2010-01-01,7.6,2.0294631718735943,2021-09-01,TRUE,4
AZ,2010-02-01,7.6,2.0294631718735943,2021-09-01,TRUE,4
AZ,2010-03-01,7.3,1.9892432737616872,2021-09-01,TRUE,4
AZ,2010-04-01,7,1.9473377010464987,2021-09-01,TRUE,4
AZ,2010-05-01,6.8,1.918392120161421,2021-09-01,TRUE,4
AZ,2010-06-01,6.4,1.8578592709325787,2021-09-01,TRUE,4
AZ,2010-07-01,6.1,1.809926773183504,2021-09-01,TRUE,4
AZ,2010-08-01,5.9,1.776645831418007,2021-09-01,TRUE,4
AZ,2010-09-01,5.8,1.7595805708638197,2021-09-01,TRUE,4
AZ,2010-10-01,5.7,1.742219023667919,2021-09-01,TRUE,4
AZ,2010-11-01,5.5,1.706564623164823,2021-09-01,TRUE,4
AZ,2010-12-01,5.5,1.706564623164823,2021-09-01,TRUE,4
AZ,2011-01-01,5.5,1.706564623164823,2021-09-01,TRUE,4
AZ,2011-02-01,5.2,1.6505798557652755,2021-09-01,TRUE,4
AZ,2011-03-01,5,1.6114359150967734,2021-09-01,TRUE,4
AZ,2011-04-01,4.9,1.5912739418064292,2021-09-01,TRUE,4
AZ,2011-05-01,4.9,1.5912739418064292,2021-09-01,TRUE,4
AZ,2011-06-01,4.6,1.528227857008557,2021-09-01,TRUE,4
AZ,2011-07-01,4.4,1.483874689458755,2021-09-01,TRUE,4
AZ,2011-08-01,4.2,1.43746264769429,2021-09-01,TRUE,4
AZ,2011-09-01,4.2,1.43746264769429,2021-09-01,TRUE,4
AZ,2011-10-01,4.2,1.43746264769429,2021-09-01,TRUE,4
AZ,2011-11-01,4.2,1.43746264769429,2021-09-01,TRUE,4
AZ,2011-12-01,4,1.3887912413184778,2021-09-01,TRUE,4
AZ,2012-01-01,4,1.3887912413184778,2021-09-01,TRUE,4
AZ,2012-02-01,3.9,1.3635373739972745,2021-09-01,TRUE,4
AZ,2012-03-01,3.7,1.3110318766193438,2021-09-01,TRUE,4
AZ,2012-04-01,3.4,1.2267122912954254,2021-09-01,TRUE,4
AZ,2012-05-01,3.4,1.2267122912954254,2021-09-01,TRUE,4
AZ,2012-06-01,3.3,1.1969481893889715,2021-09-01,TRUE,4
AZ,2012-07-01,3.2,1.1662709371419244,2021-09-01,TRUE,4
AZ,2012-08-01,3,1.1019400787607845,2021-09-01,TRUE,4
AZ,2012-09-01,2.9,1.068153081183401,2021-09-01,TRUE,4
AZ,2012-10-01,2.9,1.068153081183401,2021-09-01,TRUE,4
AZ,2012-11-01,2.9,1.068153081183401,2021-09-01,TRUE,4
AZ,2012-12-01,2.7,0.9969486348916096,2021-09-01,TRUE,4
AZ,2013-01-01,2.6,0.959350221334602,2021-09-01,TRUE,4
AZ,2013-02-01,2.5,0.9202827531436923,2021-09-01,TRUE,4
AZ,2013-03-01,2.4,0.8796267475025635,2021-09-01,TRUE,4
AZ,2013-04-01,2.2,0.7929925155296614,2021-09-01,TRUE,4
AZ,2013-05-01,2.1,0.7466879474879751,2021-09-01,TRUE,4
AZ,2013-06-01,2,0.6981347220709843,2021-09-01,TRUE,4
AZ,2013-07-01,1.7,0.5364933705145685,2021-09-01,TRUE,4
AZ,2013-08-01,1.6,0.4762341789963717,2021-09-01,TRUE,4
AZ,2013-09-01,1.6,0.4762341789963717,2021-09-01,TRUE,4
AZ,2013-10-01,1.5,0.412109650826833,2021-09-01,TRUE,4
AZ,2013-11-01,1.5,0.412109650826833,2021-09-01,TRUE,4
AZ,2013-12-01,1.6,0.4762341789963717,2021-09-01,TRUE,4
AZ,2014-01-01,1.6,0.4762341789963717,2021-09-01,TRUE,4
AZ,2014-02-01,1.5,0.412109650826833,2021-09-01,TRUE,4
AZ,2014-03-01,1.4,0.34358970439007686,2021-09-01,TRUE,4
AZ,2014-04-01,1.3,0.2700271372130602,2021-09-01,TRUE,4
AZ,2014-05-01,1.3,0.2700271372130602,2021-09-01,TRUE,4
AZ,2014-06-01,1.3,0.2700271372130602,2021-09-01,TRUE,4
AZ,2014-07-01,1.3,0.2700271372130602,2021-09-01,TRUE,4
AZ,2014-08-01,1.3,0.2700271372130602,2021-09-01,TRUE,4
AZ,2014-09-01,1.3,0.2700271372130602,2021-09-01,TRUE,4
AZ,2014-10-01,1.3,0.2700271372130602,2021-09-01,TRUE,4
AZ,2014-11-01,1.3,0.2700271372130602,2021-09-01,TRUE,4
AZ,2014-12-01,1.4,0.34358970439007686,2021-09-01,TRUE,4
AZ,2015-01-01,1.3,0.2700271372130602,2021-09-01,TRUE,4
AZ,2015-02-01,1.3,0.2700271372130602,2021-09-01,TRUE,4
AZ,2015-03-01,1.2,0.1906203596086497,2021-09-01,TRUE,4
AZ,2015-04-01,1.2,0.1906203596086497,2021-09-01,TRUE,4
AZ,2015-05-01,1.2,0.1906203596086497,2021-09-01,TRUE,4
AZ,2015-06-01,1.1,0.10436001532424286,2021-09-01,TRUE,4
AZ,2015-07-01,1.1,0.10436001532424286,2021-09-01,TRUE,4
AZ,2015-08-01,1.1,0.10436001532424286,2021-09-01,TRUE,4
AZ,2015-09-01,1.1,0.10436001532424286,2021-09-01,TRUE,4
AZ,2015-10-01,1.1,0.10436001532424286,2021-09-01,TRUE,4
AZ,2015-11-01,1.1,0.10436001532424286,2021-09-01,TRUE,4
AZ,2015-12-01,1.1,0.10436001532424286,2021-09-01,TRUE,4
AZ,2016-01-01,1.1,0.10436001532424286,2021-09-01,TRUE,4
AZ,2016-02-01,1.2,0.1906203596086497,2021-09-01,TRUE,4
AZ,2016-03-01,1,0.00995033085316809,2021-09-01,TRUE,4
AZ,2016-04-01,0.9,-0.09431067947124128,2021-09-01,TRUE,4
AZ,2016-05-01,1,0.00995033085316809,2021-09-01,TRUE,4
AZ,2016-06-01,1,0.00995033085316809,2021-09-01,TRUE,4
AZ,2016-07-01,0.9,-0.09431067947124128,2021-09-01,TRUE,4
AZ,2016-08-01,0.9,-0.09431067947124128,2021-09-01,TRUE,4
AZ,2016-09-01,0.9,-0.09431067947124128,2021-09-01,TRUE,4
AZ,2016-10-01,0.9,-0.09431067947124128,2021-09-01,TRUE,4
AZ,2016-11-01,0.9,-0.09431067947124128,2021-09-01,TRUE,4
AZ,2016-12-01,0.9,-0.09431067947124128,2021-09-01,TRUE,4
AZ,2017-01-01,0.9,-0.09431067947124128,2021-09-01,TRUE,4
AZ,2017-02-01,0.8,-0.2107210313156525,2021-09-01,TRUE,4
AZ,2017-03-01,0.8,-0.2107210313156525,2021-09-01,TRUE,4
AZ,2017-04-01,0.7,-0.342490308946776,2021-09-01,TRUE,4
AZ,2017-05-01,0.7,-0.342490308946776,2021-09-01,TRUE,4
AZ,2017-06-01,0.7,-0.342490308946776,2021-09-01,TRUE,4
AZ,2017-07-01,0.7,-0.342490308946776,2021-09-01,TRUE,4
AZ,2017-08-01,0.6,-0.4942963218147801,2021-09-01,TRUE,4
AZ,2017-09-01,0.6,-0.4942963218147801,2021-09-01,TRUE,4
AZ,2017-10-01,0.7,-0.342490308946776,2021-09-01,TRUE,4
AZ,2017-11-01,0.6,-0.4942963218147801,2021-09-01,TRUE,4
AZ,2017-12-01,0.7,-0.342490308946776,2021-09-01,TRUE,4
AZ,2018-01-01,0.7,-0.342490308946776,2021-09-01,TRUE,4
AZ,2018-02-01,0.6,-0.4942963218147801,2021-09-01,TRUE,4
AZ,2018-03-01,0.5,-0.6733445532637656,2021-09-01,TRUE,4
AZ,2018-04-01,0.5,-0.6733445532637656,2021-09-01,TRUE,4
AZ,2018-05-01,0.5,-0.6733445532637656,2021-09-01,TRUE,4
AZ,2018-06-01,0.5,-0.6733445532637656,2021-09-01,TRUE,4
AZ,2018-07-01,0.5,-0.6733445532637656,2021-09-01,TRUE,4
AZ,2018-08-01,0.5,-0.6733445532637656,2021-09-01,TRUE,4
AZ,2018-09-01,0.6,-0.4942963218147801,2021-09-01,TRUE,4
AZ,2018-10-01,0.6,-0.4942963218147801,2021-09-01,TRUE,4
AZ,2018-11-01,0.5,-0.6733445532637656,2021-09-01,TRUE,4
AZ,2018-12-01,0.6,-0.4942963218147801,2021-09-01,TRUE,4
AZ,2019-01-01,0.6,-0.4942963218147801,2021-09-01,TRUE,4
AZ,2019-02-01,0.6,-0.4942963218147801,2021-09-01,TRUE,4
AZ,2019-03-01,0.5,-0.6733445532637656,2021-09-01,TRUE,4
AZ,2019-04-01,0.5,-0.6733445532637656,2021-09-01,TRUE,4
AZ,2019-05-01,0.5,-0.6733445532637656,2021-09-01,TRUE,4
AZ,2019-06-01,0.5,-0.6733445532637656,2021-09-01,TRUE,4
AZ,2019-07-01,0.5,-0.6733445532637656,2021-09-01,TRUE,4
AZ,2019-08-01,0.5,-0.6733445532637656,2021-09-01,TRUE,4
AZ,2019-09-01,0.5,-0.6733445532637656,2021-09-01,TRUE,4
AZ,2019-10-01,0.5,-0.6733445532637656,2021-09-01,TRUE,4
AZ,2019-11-01,0.6,-0.4942963218147801,2021-09-01,TRUE,4
AZ,2019-12-01,0.6,-0.4942963218147801,2021-09-01,TRUE,4
AZ,2020-01-01,0.6,-0.4942963218147801,2021-09-01,TRUE,4
AZ,2020-02-01,0.6,-0.4942963218147801,2021-09-01,TRUE,4
AZ,2020-03-01,0.5,-0.6733445532637656,2021-09-01,TRUE,4
AZ,2020-04-01,0.4,-0.8915981192837835,2021-09-01,TRUE,4
AZ,2020-05-01,0.4,-0.8915981192837835,2021-09-01,TRUE,4
AZ,2020-06-01,0.3,-1.171182981502945,2021-09-01,TRUE,4
AZ,2020-07-01,0.3,-1.171182981502945,2021-09-01,TRUE,4
AZ,2020-08-01,0.3,-1.171182981502945,2021-09-01,TRUE,4
AZ,2020-09-01,0.3,-1.171182981502945,2021-09-01,TRUE,4
AZ,2020-10-01,0.3,-1.171182981502945,2021-09-01,TRUE,4
AZ,2020-11-01,0.3,-1.171182981502945,2021-09-01,TRUE,4
AZ,2020-12-01,0.3,-1.171182981502945,2021-09-01,TRUE,4
AZ,2021-01-01,0.4,-0.8915981192837835,2021-09-01,TRUE,4
AZ,2021-02-01,0.3,-1.171182981502945,2021-09-01,TRUE,4
AZ,2021-03-01,0.3,-1.171182981502945,2021-09-01,TRUE,4
AZ,2021-04-01,0.3,-1.171182981502945,2021-09-01,TRUE,4
AZ,2021-05-01,0.3,-1.171182981502945,2021-09-01,TRUE,4
AZ,2021-06-01,0.3,-1.171182981502945,2021-09-01,TRUE,4
AZ,2021-07-01,0.3,-1.171182981502945,2021-09-01,TRUE,4
AZ,2021-08-01,0.3,-1.171182981502945,2021-09-01,TRUE,4
AZ,2021-09-01,0.3,-1.171182981502945,2021-09-01,TRUE,4
AZ,2021-10-01,0.3,-1.171182981502945,2021-09-01,TRUE,4
AZ,2021-11-01,0.3,-1.171182981502945,2021-09-01,TRUE,4
AZ,2021-12-01,0.3,-1.171182981502945,2021-09-01,TRUE,4
AZ,2022-01-01,0.3,-1.171182981502945,2021-09-01,TRUE,4
AZ,2022-02-01,0.3,-1.171182981502945,2021-09-01,TRUE,4
AZ,2022-03-01,0.2,-1.5606477482646683,2021-09-01,TRUE,4
AZ,2022-04-01,0.3,-1.171182981502945,2021-09-01,TRUE,4
AZ,2022-05-01,0.3,-1.171182981502945,2021-09-01,TRUE,4
AZ,2022-06-01,0.2,-1.5606477482646683,2021-09-01,TRUE,4
AZ,2022-07-01,0.2,-1.5606477482646683,2021-09-01,TRUE,4
AZ,2022-08-01,0.3,-1.171182981502945,2021-09-01,TRUE,4
AZ,2022-09-01,0.3,-1.171182981502945,2021-09-01,TRUE,4
AZ,2022-10-01,0.3,-1.171182981502945,2021-09-01,TRUE,4
AZ,2022-11-01,0.3,-1.171182981502945,2021-09-01,TRUE,4
AZ,2022-12-01,0.3,-1.171182981502945,2021-09-01,TRUE,4
AZ,2023-01-01,0.3,-1.171182981502945,2021-09-01,TRUE,4
AZ,2023-02-01,0.3,-1.171182981502945,2021-09-01,TRUE,4
AZ,2023-03-01,0.3,-1.171182981502945,2021-09-01,TRUE,4
AZ,2023-04-01,0.3,-1.171182981502945,2021-09-01,TRUE,4
AZ,2023-05-01,0.3,-1.171182981502945,2021-09-01,TRUE,4
AZ,2023-06-01,0.3,-1.171182981502945,2021-09-01,TRUE,4
AZ,2023-07-01,0.3,-1.171182981502945,2021-09-01,TRUE,4
AZ,2023-08-01,0.3,-1.171182981502945,2021-09-01,TRUE,4
AZ,2023-09-01,0.3,-1.171182981502945,2021-09-01,TRUE,4
AZ,2023-10-01,0.4,-0.8915981192837835,2021-09-01,TRUE,4
AZ,2023-11-01,0.4,-0.8915981192837835,2021-09-01,TRUE,4
AZ,2023-12-01,0.5,-0.6733445532637656,2021-09-01,TRUE,4
AZ,2024-01-01,0.5,-0.6733445532637656,2021-09-01,TRUE,4
AZ,2024-02-01,0.5,-0.6733445532637656,2021-09-01,TRUE,4
AZ,2024-03-01,0.4,-0.8915981192837835,2021-09-01,TRUE,4
AZ,2024-04-01,0.4,-0.8915981192837835,2021-09-01,TRUE,4
AZ,2024-05-01,0.4,-0.8915981192837835,2021-09-01,TRUE,4
AZ,2024-06-01,0.5,-0.6733445532637656,2021-09-01,TRUE,4
AZ,2024-07-01,0.5,-0.6733445532637656,2021-09-01,TRUE,4
AZ,2024-08-01,0.5,-0.6733445532637656,2021-09-01,TRUE,4
AZ,2024-09-01,0.5,-0.6733445532637656,2021-09-01,TRUE,4
AZ,2024-10-01,0.5,-0.6733445532637656,2021-09-01,TRUE,4
AZ,2024-11-01,0.6,-0.4942963218147801,2021-09-01,TRUE,4
AZ,2024-12-01,0.6,-0.4942963218147801,2021-09-01,TRUE,4
AZ,2025-01-01,0.7,-0.342490308946776,2021-09-01,TRUE,4
AZ,2025-02-01,0.7,-0.342490308946776,2021-09-01,TRUE,4
AZ,2025-03-01,0.6,-0.4942963218147801,2021-09-01,TRUE,4
AR,2008-01-01,1.4,0.34358970439007686,2022-03-01,TRUE,5
AR,2008-02-01,1.4,0.34358970439007686,2022-03-01,TRUE,5
AR,2008-03-01,1.3,0.2700271372130602,2022-03-01,TRUE,5
AR,2008-04-01,1.3,0.2700271372130602,2022-03-01,TRUE,5
AR,2008-05-01,1.2,0.1906203596086497,2022-03-01,TRUE,5
AR,2008-06-01,1.3,0.2700271372130602,2022-03-01,TRUE,5
AR,2008-07-01,1.3,0.2700271372130602,2022-03-01,TRUE,5
AR,2008-08-01,1.3,0.2700271372130602,2022-03-01,TRUE,5
AR,2008-09-01,1.4,0.34358970439007686,2022-03-01,TRUE,5
AR,2008-10-01,1.6,0.4762341789963717,2022-03-01,TRUE,5
AR,2008-11-01,1.7,0.5364933705145685,2022-03-01,TRUE,5
AR,2008-12-01,1.9,0.6471032420585384,2022-03-01,TRUE,5
AR,2009-01-01,2,0.6981347220709843,2022-03-01,TRUE,5
AR,2009-02-01,2,0.6981347220709843,2022-03-01,TRUE,5
AR,2009-03-01,2.1,0.7466879474879751,2022-03-01,TRUE,5
AR,2009-04-01,2.1,0.7466879474879751,2022-03-01,TRUE,5
AR,2009-05-01,2.3,0.837247524533702,2022-03-01,TRUE,5
AR,2009-06-01,2.4,0.8796267475025635,2022-03-01,TRUE,5
AR,2009-07-01,2.6,0.959350221334602,2022-03-01,TRUE,5
AR,2009-08-01,2.5,0.9202827531436923,2022-03-01,TRUE,5
AR,2009-09-01,2.6,0.959350221334602,2022-03-01,TRUE,5
AR,2009-10-01,2.8,1.0331844833456545,2022-03-01,TRUE,5
AR,2009-11-01,2.8,1.0331844833456545,2022-03-01,TRUE,5
AR,2009-12-01,2.9,1.068153081183401,2022-03-01,TRUE,5
AR,2010-01-01,2.9,1.068153081183401,2022-03-01,TRUE,5
AR,2010-02-01,2.9,1.068153081183401,2022-03-01,TRUE,5
AR,2010-03-01,2.7,0.9969486348916096,2022-03-01,TRUE,5
AR,2010-04-01,2.6,0.959350221334602,2022-03-01,TRUE,5
AR,2010-05-01,2.5,0.9202827531436923,2022-03-01,TRUE,5
AR,2010-06-01,2.7,0.9969486348916096,2022-03-01,TRUE,5
AR,2010-07-01,2.5,0.9202827531436923,2022-03-01,TRUE,5
AR,2010-08-01,2.5,0.9202827531436923,2022-03-01,TRUE,5
AR,2010-09-01,2.5,0.9202827531436923,2022-03-01,TRUE,5
AR,2010-10-01,2.5,0.9202827531436923,2022-03-01,TRUE,5
AR,2010-11-01,2.6,0.959350221334602,2022-03-01,TRUE,5
AR,2010-12-01,2.6,0.959350221334602,2022-03-01,TRUE,5
AR,2011-01-01,2.7,0.9969486348916096,2022-03-01,TRUE,5
AR,2011-02-01,2.7,0.9969486348916096,2022-03-01,TRUE,5
AR,2011-03-01,2.5,0.9202827531436923,2022-03-01,TRUE,5
AR,2011-04-01,2.4,0.8796267475025635,2022-03-01,TRUE,5
AR,2011-05-01,2.3,0.837247524533702,2022-03-01,TRUE,5
AR,2011-06-01,2.3,0.837247524533702,2022-03-01,TRUE,5
AR,2011-07-01,2.4,0.8796267475025635,2022-03-01,TRUE,5
AR,2011-08-01,2.4,0.8796267475025635,2022-03-01,TRUE,5
AR,2011-09-01,2.6,0.959350221334602,2022-03-01,TRUE,5
AR,2011-10-01,2.7,0.9969486348916096,2022-03-01,TRUE,5
AR,2011-11-01,2.9,1.068153081183401,2022-03-01,TRUE,5
AR,2011-12-01,2.9,1.068153081183401,2022-03-01,TRUE,5
AR,2012-01-01,3.2,1.1662709371419244,2022-03-01,TRUE,5
AR,2012-02-01,3.1,1.1346227261911428,2022-03-01,TRUE,5
AR,2012-03-01,3,1.1019400787607845,2022-03-01,TRUE,5
AR,2012-04-01,2.9,1.068153081183401,2022-03-01,TRUE,5
AR,2012-05-01,3,1.1019400787607845,2022-03-01,TRUE,5
AR,2012-06-01,2.9,1.068153081183401,2022-03-01,TRUE,5
AR,2012-07-01,2.9,1.068153081183401,2022-03-01,TRUE,5
AR,2012-08-01,2.9,1.068153081183401,2022-03-01,TRUE,5
AR,2012-09-01,3,1.1019400787607845,2022-03-01,TRUE,5
AR,2012-10-01,2.9,1.068153081183401,2022-03-01,TRUE,5
AR,2012-11-01,3,1.1019400787607845,2022-03-01,TRUE,5
AR,2012-12-01,2.9,1.068153081183401,2022-03-01,TRUE,5
AR,2013-01-01,2.9,1.068153081183401,2022-03-01,TRUE,5
AR,2013-02-01,2.9,1.068153081183401,2022-03-01,TRUE,5
AR,2013-03-01,2.7,0.9969486348916096,2022-03-01,TRUE,5
AR,2013-04-01,2.7,0.9969486348916096,2022-03-01,TRUE,5
AR,2013-05-01,2.5,0.9202827531436923,2022-03-01,TRUE,5
AR,2013-06-01,2.4,0.8796267475025635,2022-03-01,TRUE,5
AR,2013-07-01,2.3,0.837247524533702,2022-03-01,TRUE,5
AR,2013-08-01,2.3,0.837247524533702,2022-03-01,TRUE,5
AR,2013-09-01,2.2,0.7929925155296614,2022-03-01,TRUE,5
AR,2013-10-01,2.3,0.837247524533702,2022-03-01,TRUE,5
AR,2013-11-01,2.3,0.837247524533702,2022-03-01,TRUE,5
AR,2013-12-01,2.4,0.8796267475025635,2022-03-01,TRUE,5
AR,2014-01-01,2.6,0.959350221334602,2022-03-01,TRUE,5
AR,2014-02-01,2.3,0.837247524533702,2022-03-01,TRUE,5
AR,2014-03-01,2.2,0.7929925155296614,2022-03-01,TRUE,5
AR,2014-04-01,2.2,0.7929925155296614,2022-03-01,TRUE,5
AR,2014-05-01,2.2,0.7929925155296614,2022-03-01,TRUE,5
AR,2014-06-01,2.2,0.7929925155296614,2022-03-01,TRUE,5
AR,2014-07-01,2.1,0.7466879474879751,2022-03-01,TRUE,5
AR,2014-08-01,2.1,0.7466879474879751,2022-03-01,TRUE,5
AR,2014-09-01,2.1,0.7466879474879751,2022-03-01,TRUE,5
AR,2014-10-01,2.1,0.7466879474879751,2022-03-01,TRUE,5
AR,2014-11-01,2.1,0.7466879474879751,2022-03-01,TRUE,5
AR,2014-12-01,2.1,0.7466879474879751,2022-03-01,TRUE,5
AR,2015-01-01,2.1,0.7466879474879751,2022-03-01,TRUE,5
AR,2015-02-01,1.9,0.6471032420585384,2022-03-01,TRUE,5
AR,2015-03-01,1.7,0.5364933705145685,2022-03-01,TRUE,5
AR,2015-04-01,1.6,0.4762341789963717,2022-03-01,TRUE,5
AR,2015-05-01,1.6,0.4762341789963717,2022-03-01,TRUE,5
AR,2015-06-01,1.6,0.4762341789963717,2022-03-01,TRUE,5
AR,2015-07-01,1.6,0.4762341789963717,2022-03-01,TRUE,5
AR,2015-08-01,1.6,0.4762341789963717,2022-03-01,TRUE,5
AR,2015-09-01,1.6,0.4762341789963717,2022-03-01,TRUE,5
AR,2015-10-01,1.5,0.412109650826833,2022-03-01,TRUE,5
AR,2015-11-01,1.5,0.412109650826833,2022-03-01,TRUE,5
AR,2015-12-01,1.4,0.34358970439007686,2022-03-01,TRUE,5
AR,2016-01-01,1.5,0.412109650826833,2022-03-01,TRUE,5
AR,2016-02-01,1.5,0.412109650826833,2022-03-01,TRUE,5
AR,2016-03-01,1.4,0.34358970439007686,2022-03-01,TRUE,5
AR,2016-04-01,1.2,0.1906203596086497,2022-03-01,TRUE,5
AR,2016-05-01,1.2,0.1906203596086497,2022-03-01,TRUE,5
AR,2016-06-01,1.2,0.1906203596086497,2022-03-01,TRUE,5
AR,2016-07-01,1.2,0.1906203596086497,2022-03-01,TRUE,5
AR,2016-08-01,1.2,0.1906203596086497,2022-03-01,TRUE,5
AR,2016-09-01,1.2,0.1906203596086497,2022-03-01,TRUE,5
AR,2016-10-01,1.2,0.1906203596086497,2022-03-01,TRUE,5
AR,2016-11-01,1.3,0.2700271372130602,2022-03-01,TRUE,5
AR,2016-12-01,1.3,0.2700271372130602,2022-03-01,TRUE,5
AR,2017-01-01,1.4,0.34358970439007686,2022-03-01,TRUE,5
AR,2017-02-01,1.3,0.2700271372130602,2022-03-01,TRUE,5
AR,2017-03-01,1.2,0.1906203596086497,2022-03-01,TRUE,5
AR,2017-04-01,1.2,0.1906203596086497,2022-03-01,TRUE,5
AR,2017-05-01,1.3,0.2700271372130602,2022-03-01,TRUE,5
AR,2017-06-01,1.2,0.1906203596086497,2022-03-01,TRUE,5
AR,2017-07-01,1.2,0.1906203596086497,2022-03-01,TRUE,5
AR,2017-08-01,1.1,0.10436001532424286,2022-03-01,TRUE,5
AR,2017-09-01,1.1,0.10436001532424286,2022-03-01,TRUE,5
AR,2017-10-01,1.2,0.1906203596086497,2022-03-01,TRUE,5
AR,2017-11-01,1.2,0.1906203596086497,2022-03-01,TRUE,5
AR,2017-12-01,1.1,0.10436001532424286,2022-03-01,TRUE,5
AR,2018-01-01,1.2,0.1906203596086497,2022-03-01,TRUE,5
AR,2018-02-01,1.3,0.2700271372130602,2022-03-01,TRUE,5
AR,2018-03-01,1.2,0.1906203596086497,2022-03-01,TRUE,5
AR,2018-04-01,1.2,0.1906203596086497,2022-03-01,TRUE,5
AR,2018-05-01,1.2,0.1906203596086497,2022-03-01,TRUE,5
AR,2018-06-01,1.2,0.1906203596086497,2022-03-01,TRUE,5
AR,2018-07-01,1.2,0.1906203596086497,2022-03-01,TRUE,5
AR,2018-08-01,1.2,0.1906203596086497,2022-03-01,TRUE,5
AR,2018-09-01,1.2,0.1906203596086497,2022-03-01,TRUE,5
AR,2018-10-01,1.2,0.1906203596086497,2022-03-01,TRUE,5
AR,2018-11-01,1.2,0.1906203596086497,2022-03-01,TRUE,5
AR,2018-12-01,1.2,0.1906203596086497,2022-03-01,TRUE,5
AR,2019-01-01,1.1,0.10436001532424286,2022-03-01,TRUE,5
AR,2019-02-01,1.1,0.10436001532424286,2022-03-01,TRUE,5
AR,2019-03-01,1,0.00995033085316809,2022-03-01,TRUE,5
AR,2019-04-01,1,0.00995033085316809,2022-03-01,TRUE,5
AR,2019-05-01,1,0.00995033085316809,2022-03-01,TRUE,5
AR,2019-06-01,1,0.00995033085316809,2022-03-01,TRUE,5
AR,2019-07-01,1,0.00995033085316809,2022-03-01,TRUE,5
AR,2019-08-01,1,0.00995033085316809,2022-03-01,TRUE,5
AR,2019-09-01,1,0.00995033085316809,2022-03-01,TRUE,5
AR,2019-10-01,1.2,0.1906203596086497,2022-03-01,TRUE,5
AR,2019-11-01,1.1,0.10436001532424286,2022-03-01,TRUE,5
AR,2019-12-01,1.1,0.10436001532424286,2022-03-01,TRUE,5
AR,2020-01-01,1.1,0.10436001532424286,2022-03-01,TRUE,5
AR,2020-02-01,1.2,0.1906203596086497,2022-03-01,TRUE,5
AR,2020-03-01,1.1,0.10436001532424286,2022-03-01,TRUE,5
AR,2020-04-01,1,0.00995033085316809,2022-03-01,TRUE,5
AR,2020-05-01,0.9,-0.09431067947124128,2022-03-01,TRUE,5
AR,2020-06-01,0.9,-0.09431067947124128,2022-03-01,TRUE,5
AR,2020-07-01,0.8,-0.2107210313156525,2022-03-01,TRUE,5
AR,2020-08-01,0.8,-0.2107210313156525,2022-03-01,TRUE,5
AR,2020-09-01,0.8,-0.2107210313156525,2022-03-01,TRUE,5
AR,2020-10-01,0.7,-0.342490308946776,2022-03-01,TRUE,5
AR,2020-11-01,0.7,-0.342490308946776,2022-03-01,TRUE,5
AR,2020-12-01,0.8,-0.2107210313156525,2022-03-01,TRUE,5
AR,2021-01-01,0.8,-0.2107210313156525,2022-03-01,TRUE,5
AR,2021-02-01,0.8,-0.2107210313156525,2022-03-01,TRUE,5
AR,2021-03-01,0.8,-0.2107210313156525,2022-03-01,TRUE,5
AR,2021-04-01,0.8,-0.2107210313156525,2022-03-01,TRUE,5
AR,2021-05-01,0.7,-0.342490308946776,2022-03-01,TRUE,5
AR,2021-06-01,0.7,-0.342490308946776,2022-03-01,TRUE,5
AR,2021-07-01,0.8,-0.2107210313156525,2022-03-01,TRUE,5
AR,2021-08-01,0.8,-0.2107210313156525,2022-03-01,TRUE,5
AR,2021-09-01,0.8,-0.2107210313156525,2022-03-01,TRUE,5
AR,2021-10-01,0.8,-0.2107210313156525,2022-03-01,TRUE,5
AR,2021-11-01,0.8,-0.2107210313156525,2022-03-01,TRUE,5
AR,2021-12-01,0.8,-0.2107210313156525,2022-03-01,TRUE,5
AR,2022-01-01,0.8,-0.2107210313156525,2022-03-01,TRUE,5
AR,2022-02-01,0.8,-0.2107210313156525,2022-03-01,TRUE,5
AR,2022-03-01,0.8,-0.2107210313156525,2022-03-01,TRUE,5
AR,2022-04-01,0.7,-0.342490308946776,2022-03-01,TRUE,5
AR,2022-05-01,0.7,-0.342490308946776,2022-03-01,TRUE,5
AR,2022-06-01,0.7,-0.342490308946776,2022-03-01,TRUE,5
AR,2022-07-01,0.7,-0.342490308946776,2022-03-01,TRUE,5
AR,2022-08-01,0.7,-0.342490308946776,2022-03-01,TRUE,5
AR,2022-09-01,0.7,-0.342490308946776,2022-03-01,TRUE,5
AR,2022-10-01,0.7,-0.342490308946776,2022-03-01,TRUE,5
AR,2022-11-01,0.8,-0.2107210313156525,2022-03-01,TRUE,5
AR,2022-12-01,0.8,-0.2107210313156525,2022-03-01,TRUE,5
AR,2023-01-01,0.8,-0.2107210313156525,2022-03-01,TRUE,5
AR,2023-02-01,0.7,-0.342490308946776,2022-03-01,TRUE,5
AR,2023-03-01,0.7,-0.342490308946776,2022-03-01,TRUE,5
AR,2023-04-01,0.7,-0.342490308946776,2022-03-01,TRUE,5
AR,2023-05-01,0.7,-0.342490308946776,2022-03-01,TRUE,5
AR,2023-06-01,0.7,-0.342490308946776,2022-03-01,TRUE,5
AR,2023-07-01,0.7,-0.342490308946776,2022-03-01,TRUE,5
AR,2023-08-01,0.8,-0.2107210313156525,2022-03-01,TRUE,5
AR,2023-09-01,0.8,-0.2107210313156525,2022-03-01,TRUE,5
AR,2023-10-01,0.7,-0.342490308946776,2022-03-01,TRUE,5
AR,2023-11-01,0.8,-0.2107210313156525,2022-03-01,TRUE,5
AR,2023-12-01,0.9,-0.09431067947124128,2022-03-01,TRUE,5
AR,2024-01-01,0.9,-0.09431067947124128,2022-03-01,TRUE,5
AR,2024-02-01,1,0.00995033085316809,2022-03-01,TRUE,5
AR,2024-03-01,0.9,-0.09431067947124128,2022-03-01,TRUE,5
AR,2024-04-01,0.9,-0.09431067947124128,2022-03-01,TRUE,5
AR,2024-05-01,0.8,-0.2107210313156525,2022-03-01,TRUE,5
AR,2024-06-01,0.9,-0.09431067947124128,2022-03-01,TRUE,5
AR,2024-07-01,0.9,-0.09431067947124128,2022-03-01,TRUE,5
AR,2024-08-01,0.9,-0.09431067947124128,2022-03-01,TRUE,5
AR,2024-09-01,0.9,-0.09431067947124128,2022-03-01,TRUE,5
AR,2024-10-01,1,0.00995033085316809,2022-03-01,TRUE,5
AR,2024-11-01,1,0.00995033085316809,2022-03-01,TRUE,5
AR,2024-12-01,1,0.00995033085316809,2022-03-01,TRUE,5
AR,2025-01-01,1.1,0.10436001532424286,2022-03-01,TRUE,5
AR,2025-02-01,1,0.00995033085316809,2022-03-01,TRUE,5
AR,2025-03-01,1,0.00995033085316809,2022-03-01,TRUE,5
CA,2008-01-01,1.8,0.5933268452777344,NA,FALSE,6
CA,2008-02-01,1.9,0.6471032420585384,NA,FALSE,6
CA,2008-03-01,2,0.6981347220709843,NA,FALSE,6
CA,2008-04-01,2,0.6981347220709843,NA,FALSE,6
CA,2008-05-01,2.1,0.7466879474879751,NA,FALSE,6
CA,2008-06-01,2.2,0.7929925155296614,NA,FALSE,6
CA,2008-07-01,2.5,0.9202827531436923,NA,FALSE,6
CA,2008-08-01,2.5,0.9202827531436923,NA,FALSE,6
CA,2008-09-01,2.8,1.0331844833456545,NA,FALSE,6
CA,2008-10-01,3.2,1.1662709371419244,NA,FALSE,6
CA,2008-11-01,3.7,1.3110318766193438,NA,FALSE,6
CA,2008-12-01,4.1,1.413423028508143,NA,FALSE,6
CA,2009-01-01,4.4,1.483874689458755,NA,FALSE,6
CA,2009-02-01,4.8,1.5706970841176695,NA,FALSE,6
CA,2009-03-01,5,1.6114359150967734,NA,FALSE,6
CA,2009-04-01,5.2,1.6505798557652755,NA,FALSE,6
CA,2009-05-01,5.5,1.706564623164823,NA,FALSE,6
CA,2009-06-01,5.7,1.742219023667919,NA,FALSE,6
CA,2009-07-01,5.9,1.776645831418007,NA,FALSE,6
CA,2009-08-01,6.1,1.809926773183504,NA,FALSE,6
CA,2009-09-01,6.6,1.8885836538635947,NA,FALSE,6
CA,2009-10-01,6.9,1.9329696377795784,NA,FALSE,6
CA,2009-11-01,7.1,1.9615022438151497,NA,FALSE,6
CA,2009-12-01,7.2,1.9754689512968575,NA,FALSE,6
CA,2010-01-01,7.4,2.0028304393079956,NA,FALSE,6
CA,2010-02-01,7.4,2.0028304393079956,NA,FALSE,6
CA,2010-03-01,7.2,1.9754689512968575,NA,FALSE,6
CA,2010-04-01,7,1.9473377010464987,NA,FALSE,6
CA,2010-05-01,7,1.9473377010464987,NA,FALSE,6
CA,2010-06-01,6.6,1.8885836538635947,NA,FALSE,6
CA,2010-07-01,6.4,1.8578592709325787,NA,FALSE,6
CA,2010-08-01,6.2,1.8261608959453872,NA,FALSE,6
CA,2010-09-01,6,1.7934247485471162,NA,FALSE,6
CA,2010-10-01,5.9,1.776645831418007,NA,FALSE,6
CA,2010-11-01,5.8,1.7595805708638197,NA,FALSE,6
CA,2010-12-01,5.6,1.7245507195346048,NA,FALSE,6
CA,2011-01-01,5.6,1.7245507195346048,NA,FALSE,6
CA,2011-02-01,5.5,1.706564623164823,NA,FALSE,6
CA,2011-03-01,5.3,1.6695918352538477,NA,FALSE,6
CA,2011-04-01,5.1,1.631199404215613,NA,FALSE,6
CA,2011-05-01,5.1,1.631199404215613,NA,FALSE,6
CA,2011-06-01,4.8,1.5706970841176695,NA,FALSE,6
CA,2011-07-01,4.7,1.5496879080283263,NA,FALSE,6
CA,2011-08-01,4.5,1.506297153514587,NA,FALSE,6
CA,2011-09-01,4.4,1.483874689458755,NA,FALSE,6
CA,2011-10-01,4.3,1.4609379041156565,NA,FALSE,6
CA,2011-11-01,4.3,1.4609379041156565,NA,FALSE,6
CA,2011-12-01,4,1.3887912413184778,NA,FALSE,6
CA,2012-01-01,4,1.3887912413184778,NA,FALSE,6
CA,2012-02-01,3.9,1.3635373739972745,NA,FALSE,6
CA,2012-03-01,3.8,1.3376291891386094,NA,FALSE,6
CA,2012-04-01,3.7,1.3110318766193438,NA,FALSE,6
CA,2012-05-01,3.6,1.2837077723447896,NA,FALSE,6
CA,2012-06-01,3.5,1.2556160374777745,NA,FALSE,6
CA,2012-07-01,3.4,1.2267122912954254,NA,FALSE,6
CA,2012-08-01,3.2,1.1662709371419244,NA,FALSE,6
CA,2012-09-01,3.2,1.1662709371419244,NA,FALSE,6
CA,2012-10-01,3.1,1.1346227261911428,NA,FALSE,6
CA,2012-11-01,2.9,1.068153081183401,NA,FALSE,6
CA,2012-12-01,2.8,1.0331844833456545,NA,FALSE,6
CA,2013-01-01,2.7,0.9969486348916096,NA,FALSE,6
CA,2013-02-01,2.7,0.9969486348916096,NA,FALSE,6
CA,2013-03-01,2.6,0.959350221334602,NA,FALSE,6
CA,2013-04-01,2.5,0.9202827531436923,NA,FALSE,6
CA,2013-05-01,2.4,0.8796267475025635,NA,FALSE,6
CA,2013-06-01,2.3,0.837247524533702,NA,FALSE,6
CA,2013-07-01,2.1,0.7466879474879751,NA,FALSE,6
CA,2013-08-01,2,0.6981347220709843,NA,FALSE,6
CA,2013-09-01,1.9,0.6471032420585384,NA,FALSE,6
CA,2013-10-01,1.8,0.5933268452777344,NA,FALSE,6
CA,2013-11-01,1.8,0.5933268452777344,NA,FALSE,6
CA,2013-12-01,1.8,0.5933268452777344,NA,FALSE,6
CA,2014-01-01,1.8,0.5933268452777344,NA,FALSE,6
CA,2014-02-01,1.7,0.5364933705145685,NA,FALSE,6
CA,2014-03-01,1.6,0.4762341789963717,NA,FALSE,6
CA,2014-04-01,1.5,0.412109650826833,NA,FALSE,6
CA,2014-05-01,1.5,0.412109650826833,NA,FALSE,6
CA,2014-06-01,1.5,0.412109650826833,NA,FALSE,6
CA,2014-07-01,1.5,0.412109650826833,NA,FALSE,6
CA,2014-08-01,1.4,0.34358970439007686,NA,FALSE,6
CA,2014-09-01,1.4,0.34358970439007686,NA,FALSE,6
CA,2014-10-01,1.4,0.34358970439007686,NA,FALSE,6
CA,2014-11-01,1.3,0.2700271372130602,NA,FALSE,6
CA,2014-12-01,1.3,0.2700271372130602,NA,FALSE,6
CA,2015-01-01,1.3,0.2700271372130602,NA,FALSE,6
CA,2015-02-01,1.3,0.2700271372130602,NA,FALSE,6
CA,2015-03-01,1.2,0.1906203596086497,NA,FALSE,6
CA,2015-04-01,1.1,0.10436001532424286,NA,FALSE,6
CA,2015-05-01,1.1,0.10436001532424286,NA,FALSE,6
CA,2015-06-01,1.1,0.10436001532424286,NA,FALSE,6
CA,2015-07-01,1.1,0.10436001532424286,NA,FALSE,6
CA,2015-08-01,1.1,0.10436001532424286,NA,FALSE,6
CA,2015-09-01,1,0.00995033085316809,NA,FALSE,6
CA,2015-10-01,1,0.00995033085316809,NA,FALSE,6
CA,2015-11-01,0.9,-0.09431067947124128,NA,FALSE,6
CA,2015-12-01,0.9,-0.09431067947124128,NA,FALSE,6
CA,2016-01-01,1,0.00995033085316809,NA,FALSE,6
CA,2016-02-01,1,0.00995033085316809,NA,FALSE,6
CA,2016-03-01,0.9,-0.09431067947124128,NA,FALSE,6
CA,2016-04-01,0.8,-0.2107210313156525,NA,FALSE,6
CA,2016-05-01,0.9,-0.09431067947124128,NA,FALSE,6
CA,2016-06-01,0.8,-0.2107210313156525,NA,FALSE,6
CA,2016-07-01,0.8,-0.2107210313156525,NA,FALSE,6
CA,2016-08-01,0.8,-0.2107210313156525,NA,FALSE,6
CA,2016-09-01,0.8,-0.2107210313156525,NA,FALSE,6
CA,2016-10-01,0.8,-0.2107210313156525,NA,FALSE,6
CA,2016-11-01,0.8,-0.2107210313156525,NA,FALSE,6
CA,2016-12-01,0.8,-0.2107210313156525,NA,FALSE,6
CA,2017-01-01,0.8,-0.2107210313156525,NA,FALSE,6
CA,2017-02-01,0.8,-0.2107210313156525,NA,FALSE,6
CA,2017-03-01,0.7,-0.342490308946776,NA,FALSE,6
CA,2017-04-01,0.6,-0.4942963218147801,NA,FALSE,6
CA,2017-05-01,0.6,-0.4942963218147801,NA,FALSE,6
CA,2017-06-01,0.6,-0.4942963218147801,NA,FALSE,6
CA,2017-07-01,0.6,-0.4942963218147801,NA,FALSE,6
CA,2017-08-01,0.6,-0.4942963218147801,NA,FALSE,6
CA,2017-09-01,0.6,-0.4942963218147801,NA,FALSE,6
CA,2017-10-01,0.6,-0.4942963218147801,NA,FALSE,6
CA,2017-11-01,0.6,-0.4942963218147801,NA,FALSE,6
CA,2017-12-01,0.6,-0.4942963218147801,NA,FALSE,6
CA,2018-01-01,0.6,-0.4942963218147801,NA,FALSE,6
CA,2018-02-01,0.6,-0.4942963218147801,NA,FALSE,6
CA,2018-03-01,0.5,-0.6733445532637656,NA,FALSE,6
CA,2018-04-01,0.5,-0.6733445532637656,NA,FALSE,6
CA,2018-05-01,0.5,-0.6733445532637656,NA,FALSE,6
CA,2018-06-01,0.5,-0.6733445532637656,NA,FALSE,6
CA,2018-07-01,0.5,-0.6733445532637656,NA,FALSE,6
CA,2018-08-01,0.5,-0.6733445532637656,NA,FALSE,6
CA,2018-09-01,0.5,-0.6733445532637656,NA,FALSE,6
CA,2018-10-01,0.5,-0.6733445532637656,NA,FALSE,6
CA,2018-11-01,0.5,-0.6733445532637656,NA,FALSE,6
CA,2018-12-01,0.5,-0.6733445532637656,NA,FALSE,6
CA,2019-01-01,0.5,-0.6733445532637656,NA,FALSE,6
CA,2019-02-01,0.5,-0.6733445532637656,NA,FALSE,6
CA,2019-03-01,0.4,-0.8915981192837835,NA,FALSE,6
CA,2019-04-01,0.4,-0.8915981192837835,NA,FALSE,6
CA,2019-05-01,0.4,-0.8915981192837835,NA,FALSE,6
CA,2019-06-01,0.4,-0.8915981192837835,NA,FALSE,6
CA,2019-07-01,0.4,-0.8915981192837835,NA,FALSE,6
CA,2019-08-01,0.4,-0.8915981192837835,NA,FALSE,6
CA,2019-09-01,0.5,-0.6733445532637656,NA,FALSE,6
CA,2019-10-01,0.5,-0.6733445532637656,NA,FALSE,6
CA,2019-11-01,0.5,-0.6733445532637656,NA,FALSE,6
CA,2019-12-01,0.5,-0.6733445532637656,NA,FALSE,6
CA,2020-01-01,0.5,-0.6733445532637656,NA,FALSE,6
CA,2020-02-01,0.5,-0.6733445532637656,NA,FALSE,6
CA,2020-03-01,0.5,-0.6733445532637656,NA,FALSE,6
CA,2020-04-01,0.4,-0.8915981192837835,NA,FALSE,6
CA,2020-05-01,0.4,-0.8915981192837835,NA,FALSE,6
CA,2020-06-01,0.4,-0.8915981192837835,NA,FALSE,6
CA,2020-07-01,0.4,-0.8915981192837835,NA,FALSE,6
CA,2020-08-01,0.4,-0.8915981192837835,NA,FALSE,6
CA,2020-09-01,0.3,-1.171182981502945,NA,FALSE,6
CA,2020-10-01,0.3,-1.171182981502945,NA,FALSE,6
CA,2020-11-01,0.3,-1.171182981502945,NA,FALSE,6
CA,2020-12-01,0.3,-1.171182981502945,NA,FALSE,6
CA,2021-01-01,0.3,-1.171182981502945,NA,FALSE,6
CA,2021-02-01,0.3,-1.171182981502945,NA,FALSE,6
CA,2021-03-01,0.3,-1.171182981502945,NA,FALSE,6
CA,2021-04-01,0.3,-1.171182981502945,NA,FALSE,6
CA,2021-05-01,0.3,-1.171182981502945,NA,FALSE,6
CA,2021-06-01,0.3,-1.171182981502945,NA,FALSE,6
CA,2021-07-01,0.3,-1.171182981502945,NA,FALSE,6
CA,2021-08-01,0.3,-1.171182981502945,NA,FALSE,6
CA,2021-09-01,0.3,-1.171182981502945,NA,FALSE,6
CA,2021-10-01,0.3,-1.171182981502945,NA,FALSE,6
CA,2021-11-01,0.3,-1.171182981502945,NA,FALSE,6
CA,2021-12-01,0.3,-1.171182981502945,NA,FALSE,6
CA,2022-01-01,0.3,-1.171182981502945,NA,FALSE,6
CA,2022-02-01,0.3,-1.171182981502945,NA,FALSE,6
CA,2022-03-01,0.3,-1.171182981502945,NA,FALSE,6
CA,2022-04-01,0.3,-1.171182981502945,NA,FALSE,6
CA,2022-05-01,0.3,-1.171182981502945,NA,FALSE,6
CA,2022-06-01,0.3,-1.171182981502945,NA,FALSE,6
CA,2022-07-01,0.2,-1.5606477482646683,NA,FALSE,6
CA,2022-08-01,0.3,-1.171182981502945,NA,FALSE,6
CA,2022-09-01,0.3,-1.171182981502945,NA,FALSE,6
CA,2022-10-01,0.3,-1.171182981502945,NA,FALSE,6
CA,2022-11-01,0.3,-1.171182981502945,NA,FALSE,6
CA,2022-12-01,0.3,-1.171182981502945,NA,FALSE,6
CA,2023-01-01,0.3,-1.171182981502945,NA,FALSE,6
CA,2023-02-01,0.3,-1.171182981502945,NA,FALSE,6
CA,2023-03-01,0.3,-1.171182981502945,NA,FALSE,6
CA,2023-04-01,0.3,-1.171182981502945,NA,FALSE,6
CA,2023-05-01,0.3,-1.171182981502945,NA,FALSE,6
CA,2023-06-01,0.3,-1.171182981502945,NA,FALSE,6
CA,2023-07-01,0.3,-1.171182981502945,NA,FALSE,6
CA,2023-08-01,0.3,-1.171182981502945,NA,FALSE,6
CA,2023-09-01,0.3,-1.171182981502945,NA,FALSE,6
CA,2023-10-01,0.3,-1.171182981502945,NA,FALSE,6
CA,2023-11-01,0.3,-1.171182981502945,NA,FALSE,6
CA,2023-12-01,0.4,-0.8915981192837835,NA,FALSE,6
CA,2024-01-01,0.4,-0.8915981192837835,NA,FALSE,6
CA,2024-02-01,0.4,-0.8915981192837835,NA,FALSE,6
CA,2024-03-01,0.4,-0.8915981192837835,NA,FALSE,6
CA,2024-04-01,0.4,-0.8915981192837835,NA,FALSE,6
CA,2024-05-01,0.4,-0.8915981192837835,NA,FALSE,6
CA,2024-06-01,0.4,-0.8915981192837835,NA,FALSE,6
CA,2024-07-01,0.4,-0.8915981192837835,NA,FALSE,6
CA,2024-08-01,0.4,-0.8915981192837835,NA,FALSE,6
CA,2024-09-01,0.4,-0.8915981192837835,NA,FALSE,6
CA,2024-10-01,0.5,-0.6733445532637656,NA,FALSE,6
CA,2024-11-01,0.5,-0.6733445532637656,NA,FALSE,6
CA,2024-12-01,0.5,-0.6733445532637656,NA,FALSE,6
CA,2025-01-01,0.5,-0.6733445532637656,NA,FALSE,6
CA,2025-02-01,0.5,-0.6733445532637656,NA,FALSE,6
CA,2025-03-01,0.5,-0.6733445532637656,NA,FALSE,6
CO,2008-01-01,1.3,0.2700271372130602,2020-05-01,TRUE,8
CO,2008-02-01,1.3,0.2700271372130602,2020-05-01,TRUE,8
CO,2008-03-01,1.3,0.2700271372130602,2020-05-01,TRUE,8
CO,2008-04-01,1.3,0.2700271372130602,2020-05-01,TRUE,8
CO,2008-05-01,1.2,0.1906203596086497,2020-05-01,TRUE,8
CO,2008-06-01,1.3,0.2700271372130602,2020-05-01,TRUE,8
CO,2008-07-01,1.4,0.34358970439007686,2020-05-01,TRUE,8
CO,2008-08-01,1.5,0.412109650826833,2020-05-01,TRUE,8
CO,2008-09-01,1.5,0.412109650826833,2020-05-01,TRUE,8
CO,2008-10-01,1.6,0.4762341789963717,2020-05-01,TRUE,8
CO,2008-11-01,1.7,0.5364933705145685,2020-05-01,TRUE,8
CO,2008-12-01,1.9,0.6471032420585384,2020-05-01,TRUE,8
CO,2009-01-01,2,0.6981347220709843,2020-05-01,TRUE,8
CO,2009-02-01,2.1,0.7466879474879751,2020-05-01,TRUE,8
CO,2009-03-01,2.1,0.7466879474879751,2020-05-01,TRUE,8
CO,2009-04-01,2.2,0.7929925155296614,2020-05-01,TRUE,8
CO,2009-05-01,2.3,0.837247524533702,2020-05-01,TRUE,8
CO,2009-06-01,2.4,0.8796267475025635,2020-05-01,TRUE,8
CO,2009-07-01,2.6,0.959350221334602,2020-05-01,TRUE,8
CO,2009-08-01,2.7,0.9969486348916096,2020-05-01,TRUE,8
CO,2009-09-01,2.8,1.0331844833456545,2020-05-01,TRUE,8
CO,2009-10-01,3,1.1019400787607845,2020-05-01,TRUE,8
CO,2009-11-01,3.1,1.1346227261911428,2020-05-01,TRUE,8
CO,2009-12-01,3.1,1.1346227261911428,2020-05-01,TRUE,8
CO,2010-01-01,3.1,1.1346227261911428,2020-05-01,TRUE,8
CO,2010-02-01,3.1,1.1346227261911428,2020-05-01,TRUE,8
CO,2010-03-01,3,1.1019400787607845,2020-05-01,TRUE,8
CO,2010-04-01,2.8,1.0331844833456545,2020-05-01,TRUE,8
CO,2010-05-01,2.8,1.0331844833456545,2020-05-01,TRUE,8
CO,2010-06-01,2.7,0.9969486348916096,2020-05-01,TRUE,8
CO,2010-07-01,2.7,0.9969486348916096,2020-05-01,TRUE,8
CO,2010-08-01,2.6,0.959350221334602,2020-05-01,TRUE,8
CO,2010-09-01,2.5,0.9202827531436923,2020-05-01,TRUE,8
CO,2010-10-01,2.6,0.959350221334602,2020-05-01,TRUE,8
CO,2010-11-01,2.6,0.959350221334602,2020-05-01,TRUE,8
CO,2010-12-01,2.5,0.9202827531436923,2020-05-01,TRUE,8
CO,2011-01-01,2.5,0.9202827531436923,2020-05-01,TRUE,8
CO,2011-02-01,2.5,0.9202827531436923,2020-05-01,TRUE,8
CO,2011-03-01,2.4,0.8796267475025635,2020-05-01,TRUE,8
CO,2011-04-01,2.3,0.837247524533702,2020-05-01,TRUE,8
CO,2011-05-01,2.3,0.837247524533702,2020-05-01,TRUE,8
CO,2011-06-01,2.3,0.837247524533702,2020-05-01,TRUE,8
CO,2011-07-01,2.4,0.8796267475025635,2020-05-01,TRUE,8
CO,2011-08-01,2.3,0.837247524533702,2020-05-01,TRUE,8
CO,2011-09-01,2.3,0.837247524533702,2020-05-01,TRUE,8
CO,2011-10-01,2.3,0.837247524533702,2020-05-01,TRUE,8
CO,2011-11-01,2.2,0.7929925155296614,2020-05-01,TRUE,8
CO,2011-12-01,2.2,0.7929925155296614,2020-05-01,TRUE,8
CO,2012-01-01,2.2,0.7929925155296614,2020-05-01,TRUE,8
CO,2012-02-01,2.1,0.7466879474879751,2020-05-01,TRUE,8
CO,2012-03-01,2,0.6981347220709843,2020-05-01,TRUE,8
CO,2012-04-01,2,0.6981347220709843,2020-05-01,TRUE,8
CO,2012-05-01,2,0.6981347220709843,2020-05-01,TRUE,8
CO,2012-06-01,1.9,0.6471032420585384,2020-05-01,TRUE,8
CO,2012-07-01,1.9,0.6471032420585384,2020-05-01,TRUE,8
CO,2012-08-01,1.8,0.5933268452777344,2020-05-01,TRUE,8
CO,2012-09-01,1.9,0.6471032420585384,2020-05-01,TRUE,8
CO,2012-10-01,1.8,0.5933268452777344,2020-05-01,TRUE,8
CO,2012-11-01,1.8,0.5933268452777344,2020-05-01,TRUE,8
CO,2012-12-01,1.7,0.5364933705145685,2020-05-01,TRUE,8
CO,2013-01-01,1.7,0.5364933705145685,2020-05-01,TRUE,8
CO,2013-02-01,1.7,0.5364933705145685,2020-05-01,TRUE,8
CO,2013-03-01,1.6,0.4762341789963717,2020-05-01,TRUE,8
CO,2013-04-01,1.5,0.412109650826833,2020-05-01,TRUE,8
CO,2013-05-01,1.4,0.34358970439007686,2020-05-01,TRUE,8
CO,2013-06-01,1.4,0.34358970439007686,2020-05-01,TRUE,8
CO,2013-07-01,1.4,0.34358970439007686,2020-05-01,TRUE,8
CO,2013-08-01,1.3,0.2700271372130602,2020-05-01,TRUE,8
CO,2013-09-01,1.3,0.2700271372130602,2020-05-01,TRUE,8
CO,2013-10-01,1.2,0.1906203596086497,2020-05-01,TRUE,8
CO,2013-11-01,1.2,0.1906203596086497,2020-05-01,TRUE,8
CO,2013-12-01,1.2,0.1906203596086497,2020-05-01,TRUE,8
CO,2014-01-01,1.2,0.1906203596086497,2020-05-01,TRUE,8
CO,2014-02-01,1.1,0.10436001532424286,2020-05-01,TRUE,8
CO,2014-03-01,1.1,0.10436001532424286,2020-05-01,TRUE,8
CO,2014-04-01,1.1,0.10436001532424286,2020-05-01,TRUE,8
CO,2014-05-01,1.1,0.10436001532424286,2020-05-01,TRUE,8
CO,2014-06-01,1.1,0.10436001532424286,2020-05-01,TRUE,8
CO,2014-07-01,1.1,0.10436001532424286,2020-05-01,TRUE,8
CO,2014-08-01,1.1,0.10436001532424286,2020-05-01,TRUE,8
CO,2014-09-01,1.1,0.10436001532424286,2020-05-01,TRUE,8
CO,2014-10-01,1.1,0.10436001532424286,2020-05-01,TRUE,8
CO,2014-11-01,1,0.00995033085316809,2020-05-01,TRUE,8
CO,2014-12-01,1,0.00995033085316809,2020-05-01,TRUE,8
CO,2015-01-01,1,0.00995033085316809,2020-05-01,TRUE,8
CO,2015-02-01,0.9,-0.09431067947124128,2020-05-01,TRUE,8
CO,2015-03-01,0.9,-0.09431067947124128,2020-05-01,TRUE,8
CO,2015-04-01,0.8,-0.2107210313156525,2020-05-01,TRUE,8
CO,2015-05-01,0.8,-0.2107210313156525,2020-05-01,TRUE,8
CO,2015-06-01,0.8,-0.2107210313156525,2020-05-01,TRUE,8
CO,2015-07-01,0.8,-0.2107210313156525,2020-05-01,TRUE,8
CO,2015-08-01,0.8,-0.2107210313156525,2020-05-01,TRUE,8
CO,2015-09-01,0.7,-0.342490308946776,2020-05-01,TRUE,8
CO,2015-10-01,0.8,-0.2107210313156525,2020-05-01,TRUE,8
CO,2015-11-01,0.7,-0.342490308946776,2020-05-01,TRUE,8
CO,2015-12-01,0.7,-0.342490308946776,2020-05-01,TRUE,8
CO,2016-01-01,0.7,-0.342490308946776,2020-05-01,TRUE,8
CO,2016-02-01,0.7,-0.342490308946776,2020-05-01,TRUE,8
CO,2016-03-01,0.7,-0.342490308946776,2020-05-01,TRUE,8
CO,2016-04-01,0.7,-0.342490308946776,2020-05-01,TRUE,8
CO,2016-05-01,0.6,-0.4942963218147801,2020-05-01,TRUE,8
CO,2016-06-01,0.6,-0.4942963218147801,2020-05-01,TRUE,8
CO,2016-07-01,0.6,-0.4942963218147801,2020-05-01,TRUE,8
CO,2016-08-01,0.6,-0.4942963218147801,2020-05-01,TRUE,8
CO,2016-09-01,0.5,-0.6733445532637656,2020-05-01,TRUE,8
CO,2016-10-01,0.6,-0.4942963218147801,2020-05-01,TRUE,8
CO,2016-11-01,0.6,-0.4942963218147801,2020-05-01,TRUE,8
CO,2016-12-01,0.6,-0.4942963218147801,2020-05-01,TRUE,8
CO,2017-01-01,0.6,-0.4942963218147801,2020-05-01,TRUE,8
CO,2017-02-01,0.6,-0.4942963218147801,2020-05-01,TRUE,8
CO,2017-03-01,0.5,-0.6733445532637656,2020-05-01,TRUE,8
CO,2017-04-01,0.5,-0.6733445532637656,2020-05-01,TRUE,8
CO,2017-05-01,0.5,-0.6733445532637656,2020-05-01,TRUE,8
CO,2017-06-01,0.5,-0.6733445532637656,2020-05-01,TRUE,8
CO,2017-07-01,0.5,-0.6733445532637656,2020-05-01,TRUE,8
CO,2017-08-01,0.5,-0.6733445532637656,2020-05-01,TRUE,8
CO,2017-09-01,0.5,-0.6733445532637656,2020-05-01,TRUE,8
CO,2017-10-01,0.5,-0.6733445532637656,2020-05-01,TRUE,8
CO,2017-11-01,0.5,-0.6733445532637656,2020-05-01,TRUE,8
CO,2017-12-01,0.5,-0.6733445532637656,2020-05-01,TRUE,8
CO,2018-01-01,0.4,-0.8915981192837835,2020-05-01,TRUE,8
CO,2018-02-01,0.5,-0.6733445532637656,2020-05-01,TRUE,8
CO,2018-03-01,0.4,-0.8915981192837835,2020-05-01,TRUE,8
CO,2018-04-01,0.4,-0.8915981192837835,2020-05-01,TRUE,8
CO,2018-05-01,0.4,-0.8915981192837835,2020-05-01,TRUE,8
CO,2018-06-01,0.4,-0.8915981192837835,2020-05-01,TRUE,8
CO,2018-07-01,0.4,-0.8915981192837835,2020-05-01,TRUE,8
CO,2018-08-01,0.4,-0.8915981192837835,2020-05-01,TRUE,8
CO,2018-09-01,0.4,-0.8915981192837835,2020-05-01,TRUE,8
CO,2018-10-01,0.4,-0.8915981192837835,2020-05-01,TRUE,8
CO,2018-11-01,0.4,-0.8915981192837835,2020-05-01,TRUE,8
CO,2018-12-01,0.4,-0.8915981192837835,2020-05-01,TRUE,8
CO,2019-01-01,0.4,-0.8915981192837835,2020-05-01,TRUE,8
CO,2019-02-01,0.4,-0.8915981192837835,2020-05-01,TRUE,8
CO,2019-03-01,0.4,-0.8915981192837835,2020-05-01,TRUE,8
CO,2019-04-01,0.4,-0.8915981192837835,2020-05-01,TRUE,8
CO,2019-05-01,0.4,-0.8915981192837835,2020-05-01,TRUE,8
CO,2019-06-01,0.4,-0.8915981192837835,2020-05-01,TRUE,8
CO,2019-07-01,0.4,-0.8915981192837835,2020-05-01,TRUE,8
CO,2019-08-01,0.4,-0.8915981192837835,2020-05-01,TRUE,8
CO,2019-09-01,0.4,-0.8915981192837835,2020-05-01,TRUE,8
CO,2019-10-01,0.4,-0.8915981192837835,2020-05-01,TRUE,8
CO,2019-11-01,0.4,-0.8915981192837835,2020-05-01,TRUE,8
CO,2019-12-01,0.4,-0.8915981192837835,2020-05-01,TRUE,8
CO,2020-01-01,0.4,-0.8915981192837835,2020-05-01,TRUE,8
CO,2020-02-01,0.4,-0.8915981192837835,2020-05-01,TRUE,8
CO,2020-03-01,0.4,-0.8915981192837835,2020-05-01,TRUE,8
CO,2020-04-01,0.4,-0.8915981192837835,2020-05-01,TRUE,8
CO,2020-05-01,0.4,-0.8915981192837835,2020-05-01,TRUE,8
CO,2020-06-01,0.3,-1.171182981502945,2020-05-01,TRUE,8
CO,2020-07-01,0.3,-1.171182981502945,2020-05-01,TRUE,8
CO,2020-08-01,0.3,-1.171182981502945,2020-05-01,TRUE,8
CO,2020-09-01,0.3,-1.171182981502945,2020-05-01,TRUE,8
CO,2020-10-01,0.3,-1.171182981502945,2020-05-01,TRUE,8
CO,2020-11-01,0.3,-1.171182981502945,2020-05-01,TRUE,8
CO,2020-12-01,0.3,-1.171182981502945,2020-05-01,TRUE,8
CO,2021-01-01,0.3,-1.171182981502945,2020-05-01,TRUE,8
CO,2021-02-01,0.3,-1.171182981502945,2020-05-01,TRUE,8
CO,2021-03-01,0.3,-1.171182981502945,2020-05-01,TRUE,8
CO,2021-04-01,0.3,-1.171182981502945,2020-05-01,TRUE,8
CO,2021-05-01,0.3,-1.171182981502945,2020-05-01,TRUE,8
CO,2021-06-01,0.2,-1.5606477482646683,2020-05-01,TRUE,8
CO,2021-07-01,0.3,-1.171182981502945,2020-05-01,TRUE,8
CO,2021-08-01,0.3,-1.171182981502945,2020-05-01,TRUE,8
CO,2021-09-01,0.3,-1.171182981502945,2020-05-01,TRUE,8
CO,2021-10-01,0.3,-1.171182981502945,2020-05-01,TRUE,8
CO,2021-11-01,0.3,-1.171182981502945,2020-05-01,TRUE,8
CO,2021-12-01,0.3,-1.171182981502945,2020-05-01,TRUE,8
CO,2022-01-01,0.3,-1.171182981502945,2020-05-01,TRUE,8
CO,2022-02-01,0.3,-1.171182981502945,2020-05-01,TRUE,8
CO,2022-03-01,0.3,-1.171182981502945,2020-05-01,TRUE,8
CO,2022-04-01,0.3,-1.171182981502945,2020-05-01,TRUE,8
CO,2022-05-01,0.3,-1.171182981502945,2020-05-01,TRUE,8
CO,2022-06-01,0.3,-1.171182981502945,2020-05-01,TRUE,8
CO,2022-07-01,0.3,-1.171182981502945,2020-05-01,TRUE,8
CO,2022-08-01,0.3,-1.171182981502945,2020-05-01,TRUE,8
CO,2022-09-01,0.3,-1.171182981502945,2020-05-01,TRUE,8
CO,2022-10-01,0.3,-1.171182981502945,2020-05-01,TRUE,8
CO,2022-11-01,0.3,-1.171182981502945,2020-05-01,TRUE,8
CO,2022-12-01,0.3,-1.171182981502945,2020-05-01,TRUE,8
CO,2023-01-01,0.3,-1.171182981502945,2020-05-01,TRUE,8
CO,2023-02-01,0.3,-1.171182981502945,2020-05-01,TRUE,8
CO,2023-03-01,0.3,-1.171182981502945,2020-05-01,TRUE,8
CO,2023-04-01,0.4,-0.8915981192837835,2020-05-01,TRUE,8
CO,2023-05-01,0.3,-1.171182981502945,2020-05-01,TRUE,8
CO,2023-06-01,0.3,-1.171182981502945,2020-05-01,TRUE,8
CO,2023-07-01,0.4,-0.8915981192837835,2020-05-01,TRUE,8
CO,2023-08-01,0.4,-0.8915981192837835,2020-05-01,TRUE,8
CO,2023-09-01,0.4,-0.8915981192837835,2020-05-01,TRUE,8
CO,2023-10-01,0.4,-0.8915981192837835,2020-05-01,TRUE,8
CO,2023-11-01,0.4,-0.8915981192837835,2020-05-01,TRUE,8
CO,2023-12-01,0.4,-0.8915981192837835,2020-05-01,TRUE,8
CO,2024-01-01,0.4,-0.8915981192837835,2020-05-01,TRUE,8
CO,2024-02-01,0.4,-0.8915981192837835,2020-05-01,TRUE,8
CO,2024-03-01,0.4,-0.8915981192837835,2020-05-01,TRUE,8
CO,2024-04-01,0.4,-0.8915981192837835,2020-05-01,TRUE,8
CO,2024-05-01,0.4,-0.8915981192837835,2020-05-01,TRUE,8
CO,2024-06-01,0.4,-0.8915981192837835,2020-05-01,TRUE,8
CO,2024-07-01,0.5,-0.6733445532637656,2020-05-01,TRUE,8
CO,2024-08-01,0.5,-0.6733445532637656,2020-05-01,TRUE,8
CO,2024-09-01,0.5,-0.6733445532637656,2020-05-01,TRUE,8
CO,2024-10-01,0.5,-0.6733445532637656,2020-05-01,TRUE,8
CO,2024-11-01,0.5,-0.6733445532637656,2020-05-01,TRUE,8
CO,2024-12-01,0.6,-0.4942963218147801,2020-05-01,TRUE,8
CO,2025-01-01,0.6,-0.4942963218147801,2020-05-01,TRUE,8
CO,2025-02-01,0.6,-0.4942963218147801,2020-05-01,TRUE,8
CO,2025-03-01,0.6,-0.4942963218147801,2020-05-01,TRUE,8
CT,2008-01-01,1.1,0.10436001532424286,2021-10-01,TRUE,9
CT,2008-02-01,1.2,0.1906203596086497,2021-10-01,TRUE,9
CT,2008-03-01,1.1,0.10436001532424286,2021-10-01,TRUE,9
CT,2008-04-01,1.1,0.10436001532424286,2021-10-01,TRUE,9
CT,2008-05-01,1.2,0.1906203596086497,2021-10-01,TRUE,9
CT,2008-06-01,1.2,0.1906203596086497,2021-10-01,TRUE,9
CT,2008-07-01,1.3,0.2700271372130602,2021-10-01,TRUE,9
CT,2008-08-01,1.4,0.34358970439007686,2021-10-01,TRUE,9
CT,2008-09-01,1.5,0.412109650826833,2021-10-01,TRUE,9
CT,2008-10-01,1.7,0.5364933705145685,2021-10-01,TRUE,9
CT,2008-11-01,1.8,0.5933268452777344,2021-10-01,TRUE,9
CT,2008-12-01,2,0.6981347220709843,2021-10-01,TRUE,9
CT,2009-01-01,2.2,0.7929925155296614,2021-10-01,TRUE,9
CT,2009-02-01,2.3,0.837247524533702,2021-10-01,TRUE,9
CT,2009-03-01,2.4,0.8796267475025635,2021-10-01,TRUE,9
CT,2009-04-01,2.4,0.8796267475025635,2021-10-01,TRUE,9
CT,2009-05-01,2.7,0.9969486348916096,2021-10-01,TRUE,9
CT,2009-06-01,2.8,1.0331844833456545,2021-10-01,TRUE,9
CT,2009-07-01,3,1.1019400787607845,2021-10-01,TRUE,9
CT,2009-08-01,3.2,1.1662709371419244,2021-10-01,TRUE,9
CT,2009-09-01,3.6,1.2837077723447896,2021-10-01,TRUE,9
CT,2009-10-01,3.8,1.3376291891386094,2021-10-01,TRUE,9
CT,2009-11-01,3.9,1.3635373739972745,2021-10-01,TRUE,9
CT,2009-12-01,4.1,1.413423028508143,2021-10-01,TRUE,9
CT,2010-01-01,4.2,1.43746264769429,2021-10-01,TRUE,9
CT,2010-02-01,4.1,1.413423028508143,2021-10-01,TRUE,9
CT,2010-03-01,4,1.3887912413184778,2021-10-01,TRUE,9
CT,2010-04-01,3.9,1.3635373739972745,2021-10-01,TRUE,9
CT,2010-05-01,3.9,1.3635373739972745,2021-10-01,TRUE,9
CT,2010-06-01,3.8,1.3376291891386094,2021-10-01,TRUE,9
CT,2010-07-01,3.9,1.3635373739972745,2021-10-01,TRUE,9
CT,2010-08-01,3.9,1.3635373739972745,2021-10-01,TRUE,9
CT,2010-09-01,3.9,1.3635373739972745,2021-10-01,TRUE,9
CT,2010-10-01,3.9,1.3635373739972745,2021-10-01,TRUE,9
CT,2010-11-01,4,1.3887912413184778,2021-10-01,TRUE,9
CT,2010-12-01,4.1,1.413423028508143,2021-10-01,TRUE,9
CT,2011-01-01,4.2,1.43746264769429,2021-10-01,TRUE,9
CT,2011-02-01,4.3,1.4609379041156565,2021-10-01,TRUE,9
CT,2011-03-01,4.1,1.413423028508143,2021-10-01,TRUE,9
CT,2011-04-01,4.1,1.413423028508143,2021-10-01,TRUE,9
CT,2011-05-01,4.1,1.413423028508143,2021-10-01,TRUE,9
CT,2011-06-01,4.2,1.43746264769429,2021-10-01,TRUE,9
CT,2011-07-01,4.3,1.4609379041156565,2021-10-01,TRUE,9
CT,2011-08-01,4.3,1.4609379041156565,2021-10-01,TRUE,9
CT,2011-09-01,4.3,1.4609379041156565,2021-10-01,TRUE,9
CT,2011-10-01,4.4,1.483874689458755,2021-10-01,TRUE,9
CT,2011-11-01,4.4,1.483874689458755,2021-10-01,TRUE,9
CT,2011-12-01,4.5,1.506297153514587,2021-10-01,TRUE,9
CT,2012-01-01,4.5,1.506297153514587,2021-10-01,TRUE,9
CT,2012-02-01,4.5,1.506297153514587,2021-10-01,TRUE,9
CT,2012-03-01,4.5,1.506297153514587,2021-10-01,TRUE,9
CT,2012-04-01,4.5,1.506297153514587,2021-10-01,TRUE,9
CT,2012-05-01,4.5,1.506297153514587,2021-10-01,TRUE,9
CT,2012-06-01,4.6,1.528227857008557,2021-10-01,TRUE,9
CT,2012-07-01,4.4,1.483874689458755,2021-10-01,TRUE,9
CT,2012-08-01,4.4,1.483874689458755,2021-10-01,TRUE,9
CT,2012-09-01,4.4,1.483874689458755,2021-10-01,TRUE,9
CT,2012-10-01,4.2,1.43746264769429,2021-10-01,TRUE,9
CT,2012-11-01,4,1.3887912413184778,2021-10-01,TRUE,9
CT,2012-12-01,4.2,1.43746264769429,2021-10-01,TRUE,9
CT,2013-01-01,4.2,1.43746264769429,2021-10-01,TRUE,9
CT,2013-02-01,4.1,1.413423028508143,2021-10-01,TRUE,9
CT,2013-03-01,4,1.3887912413184778,2021-10-01,TRUE,9
CT,2013-04-01,3.8,1.3376291891386094,2021-10-01,TRUE,9
CT,2013-05-01,3.7,1.3110318766193438,2021-10-01,TRUE,9
CT,2013-06-01,3.6,1.2837077723447896,2021-10-01,TRUE,9
CT,2013-07-01,3.5,1.2556160374777745,2021-10-01,TRUE,9
CT,2013-08-01,3.4,1.2267122912954254,2021-10-01,TRUE,9
CT,2013-09-01,3.3,1.1969481893889715,2021-10-01,TRUE,9
CT,2013-10-01,3.2,1.1662709371419244,2021-10-01,TRUE,9
CT,2013-11-01,3.2,1.1662709371419244,2021-10-01,TRUE,9
CT,2013-12-01,3.2,1.1662709371419244,2021-10-01,TRUE,9
CT,2014-01-01,3.2,1.1662709371419244,2021-10-01,TRUE,9
CT,2014-02-01,3,1.1019400787607845,2021-10-01,TRUE,9
CT,2014-03-01,2.8,1.0331844833456545,2021-10-01,TRUE,9
CT,2014-04-01,2.8,1.0331844833456545,2021-10-01,TRUE,9
CT,2014-05-01,2.8,1.0331844833456545,2021-10-01,TRUE,9
CT,2014-06-01,2.8,1.0331844833456545,2021-10-01,TRUE,9
CT,2014-07-01,2.7,0.9969486348916096,2021-10-01,TRUE,9
CT,2014-08-01,2.8,1.0331844833456545,2021-10-01,TRUE,9
CT,2014-09-01,2.8,1.0331844833456545,2021-10-01,TRUE,9
CT,2014-10-01,2.7,0.9969486348916096,2021-10-01,TRUE,9
CT,2014-11-01,2.8,1.0331844833456545,2021-10-01,TRUE,9
CT,2014-12-01,2.8,1.0331844833456545,2021-10-01,TRUE,9
CT,2015-01-01,2.8,1.0331844833456545,2021-10-01,TRUE,9
CT,2015-02-01,2.7,0.9969486348916096,2021-10-01,TRUE,9
CT,2015-03-01,2.7,0.9969486348916096,2021-10-01,TRUE,9
CT,2015-04-01,2.5,0.9202827531436923,2021-10-01,TRUE,9
CT,2015-05-01,2.5,0.9202827531436923,2021-10-01,TRUE,9
CT,2015-06-01,2.6,0.959350221334602,2021-10-01,TRUE,9
CT,2015-07-01,2.5,0.9202827531436923,2021-10-01,TRUE,9
CT,2015-08-01,2.5,0.9202827531436923,2021-10-01,TRUE,9
CT,2015-09-01,2.5,0.9202827531436923,2021-10-01,TRUE,9
CT,2015-10-01,2.4,0.8796267475025635,2021-10-01,TRUE,9
CT,2015-11-01,2.2,0.7929925155296614,2021-10-01,TRUE,9
CT,2015-12-01,2.3,0.837247524533702,2021-10-01,TRUE,9
CT,2016-01-01,2.3,0.837247524533702,2021-10-01,TRUE,9
CT,2016-02-01,2.4,0.8796267475025635,2021-10-01,TRUE,9
CT,2016-03-01,2.2,0.7929925155296614,2021-10-01,TRUE,9
CT,2016-04-01,2.1,0.7466879474879751,2021-10-01,TRUE,9
CT,2016-05-01,2.1,0.7466879474879751,2021-10-01,TRUE,9
CT,2016-06-01,1.9,0.6471032420585384,2021-10-01,TRUE,9
CT,2016-07-01,1.9,0.6471032420585384,2021-10-01,TRUE,9
CT,2016-08-01,2,0.6981347220709843,2021-10-01,TRUE,9
CT,2016-09-01,2,0.6981347220709843,2021-10-01,TRUE,9
CT,2016-10-01,1.9,0.6471032420585384,2021-10-01,TRUE,9
CT,2016-11-01,1.9,0.6471032420585384,2021-10-01,TRUE,9
CT,2016-12-01,1.9,0.6471032420585384,2021-10-01,TRUE,9
CT,2017-01-01,1.9,0.6471032420585384,2021-10-01,TRUE,9
CT,2017-02-01,1.9,0.6471032420585384,2021-10-01,TRUE,9
CT,2017-03-01,1.8,0.5933268452777344,2021-10-01,TRUE,9
CT,2017-04-01,1.7,0.5364933705145685,2021-10-01,TRUE,9
CT,2017-05-01,1.7,0.5364933705145685,2021-10-01,TRUE,9
CT,2017-06-01,1.7,0.5364933705145685,2021-10-01,TRUE,9
CT,2017-07-01,1.6,0.4762341789963717,2021-10-01,TRUE,9
CT,2017-08-01,1.6,0.4762341789963717,2021-10-01,TRUE,9
CT,2017-09-01,1.5,0.412109650826833,2021-10-01,TRUE,9
CT,2017-10-01,1.5,0.412109650826833,2021-10-01,TRUE,9
CT,2017-11-01,1.6,0.4762341789963717,2021-10-01,TRUE,9
CT,2017-12-01,1.6,0.4762341789963717,2021-10-01,TRUE,9
CT,2018-01-01,1.6,0.4762341789963717,2021-10-01,TRUE,9
CT,2018-02-01,1.6,0.4762341789963717,2021-10-01,TRUE,9
CT,2018-03-01,1.5,0.412109650826833,2021-10-01,TRUE,9
CT,2018-04-01,1.3,0.2700271372130602,2021-10-01,TRUE,9
CT,2018-05-01,1.3,0.2700271372130602,2021-10-01,TRUE,9
CT,2018-06-01,1.4,0.34358970439007686,2021-10-01,TRUE,9
CT,2018-07-01,1.3,0.2700271372130602,2021-10-01,TRUE,9
CT,2018-08-01,1.3,0.2700271372130602,2021-10-01,TRUE,9
CT,2018-09-01,1.3,0.2700271372130602,2021-10-01,TRUE,9
CT,2018-10-01,1.2,0.1906203596086497,2021-10-01,TRUE,9
CT,2018-11-01,1.2,0.1906203596086497,2021-10-01,TRUE,9
CT,2018-12-01,1.3,0.2700271372130602,2021-10-01,TRUE,9
CT,2019-01-01,1.3,0.2700271372130602,2021-10-01,TRUE,9
CT,2019-02-01,1.3,0.2700271372130602,2021-10-01,TRUE,9
CT,2019-03-01,1.2,0.1906203596086497,2021-10-01,TRUE,9
CT,2019-04-01,1.1,0.10436001532424286,2021-10-01,TRUE,9
CT,2019-05-01,1.1,0.10436001532424286,2021-10-01,TRUE,9
CT,2019-06-01,1.1,0.10436001532424286,2021-10-01,TRUE,9
CT,2019-07-01,1.1,0.10436001532424286,2021-10-01,TRUE,9
CT,2019-08-01,1.1,0.10436001532424286,2021-10-01,TRUE,9
CT,2019-09-01,1.2,0.1906203596086497,2021-10-01,TRUE,9
CT,2019-10-01,1.2,0.1906203596086497,2021-10-01,TRUE,9
CT,2019-11-01,1.3,0.2700271372130602,2021-10-01,TRUE,9
CT,2019-12-01,1.3,0.2700271372130602,2021-10-01,TRUE,9
CT,2020-01-01,1.4,0.34358970439007686,2021-10-01,TRUE,9
CT,2020-02-01,1.3,0.2700271372130602,2021-10-01,TRUE,9
CT,2020-03-01,1.2,0.1906203596086497,2021-10-01,TRUE,9
CT,2020-04-01,1.1,0.10436001532424286,2021-10-01,TRUE,9
CT,2020-05-01,1.1,0.10436001532424286,2021-10-01,TRUE,9
CT,2020-06-01,1,0.00995033085316809,2021-10-01,TRUE,9
CT,2020-07-01,1,0.00995033085316809,2021-10-01,TRUE,9
CT,2020-08-01,0.9,-0.09431067947124128,2021-10-01,TRUE,9
CT,2020-09-01,0.9,-0.09431067947124128,2021-10-01,TRUE,9
CT,2020-10-01,0.9,-0.09431067947124128,2021-10-01,TRUE,9
CT,2020-11-01,0.8,-0.2107210313156525,2021-10-01,TRUE,9
CT,2020-12-01,0.8,-0.2107210313156525,2021-10-01,TRUE,9
CT,2021-01-01,0.8,-0.2107210313156525,2021-10-01,TRUE,9
CT,2021-02-01,0.7,-0.342490308946776,2021-10-01,TRUE,9
CT,2021-03-01,0.7,-0.342490308946776,2021-10-01,TRUE,9
CT,2021-04-01,0.7,-0.342490308946776,2021-10-01,TRUE,9
CT,2021-05-01,0.7,-0.342490308946776,2021-10-01,TRUE,9
CT,2021-06-01,0.7,-0.342490308946776,2021-10-01,TRUE,9
CT,2021-07-01,0.7,-0.342490308946776,2021-10-01,TRUE,9
CT,2021-08-01,0.6,-0.4942963218147801,2021-10-01,TRUE,9
CT,2021-09-01,0.6,-0.4942963218147801,2021-10-01,TRUE,9
CT,2021-10-01,0.6,-0.4942963218147801,2021-10-01,TRUE,9
CT,2021-11-01,0.6,-0.4942963218147801,2021-10-01,TRUE,9
CT,2021-12-01,0.6,-0.4942963218147801,2021-10-01,TRUE,9
CT,2022-01-01,0.6,-0.4942963218147801,2021-10-01,TRUE,9
CT,2022-02-01,0.6,-0.4942963218147801,2021-10-01,TRUE,9
CT,2022-03-01,0.6,-0.4942963218147801,2021-10-01,TRUE,9
CT,2022-04-01,0.6,-0.4942963218147801,2021-10-01,TRUE,9
CT,2022-05-01,0.7,-0.342490308946776,2021-10-01,TRUE,9
CT,2022-06-01,0.7,-0.342490308946776,2021-10-01,TRUE,9
CT,2022-07-01,0.6,-0.4942963218147801,2021-10-01,TRUE,9
CT,2022-08-01,0.6,-0.4942963218147801,2021-10-01,TRUE,9
CT,2022-09-01,0.6,-0.4942963218147801,2021-10-01,TRUE,9
CT,2022-10-01,0.6,-0.4942963218147801,2021-10-01,TRUE,9
CT,2022-11-01,0.6,-0.4942963218147801,2021-10-01,TRUE,9
CT,2022-12-01,0.6,-0.4942963218147801,2021-10-01,TRUE,9
CT,2023-01-01,0.6,-0.4942963218147801,2021-10-01,TRUE,9
CT,2023-02-01,0.6,-0.4942963218147801,2021-10-01,TRUE,9
CT,2023-03-01,0.5,-0.6733445532637656,2021-10-01,TRUE,9
CT,2023-04-01,0.6,-0.4942963218147801,2021-10-01,TRUE,9
CT,2023-05-01,0.6,-0.4942963218147801,2021-10-01,TRUE,9
CT,2023-06-01,0.5,-0.6733445532637656,2021-10-01,TRUE,9
CT,2023-07-01,0.6,-0.4942963218147801,2021-10-01,TRUE,9
CT,2023-08-01,0.7,-0.342490308946776,2021-10-01,TRUE,9
CT,2023-09-01,0.7,-0.342490308946776,2021-10-01,TRUE,9
CT,2023-10-01,0.7,-0.342490308946776,2021-10-01,TRUE,9
CT,2023-11-01,0.7,-0.342490308946776,2021-10-01,TRUE,9
CT,2023-12-01,0.7,-0.342490308946776,2021-10-01,TRUE,9
CT,2024-01-01,0.7,-0.342490308946776,2021-10-01,TRUE,9
CT,2024-02-01,0.7,-0.342490308946776,2021-10-01,TRUE,9
CT,2024-03-01,0.7,-0.342490308946776,2021-10-01,TRUE,9
CT,2024-04-01,0.7,-0.342490308946776,2021-10-01,TRUE,9
CT,2024-05-01,0.7,-0.342490308946776,2021-10-01,TRUE,9
CT,2024-06-01,0.7,-0.342490308946776,2021-10-01,TRUE,9
CT,2024-07-01,0.7,-0.342490308946776,2021-10-01,TRUE,9
CT,2024-08-01,0.7,-0.342490308946776,2021-10-01,TRUE,9
CT,2024-09-01,0.7,-0.342490308946776,2021-10-01,TRUE,9
CT,2024-10-01,0.8,-0.2107210313156525,2021-10-01,TRUE,9
CT,2024-11-01,0.8,-0.2107210313156525,2021-10-01,TRUE,9
CT,2024-12-01,0.8,-0.2107210313156525,2021-10-01,TRUE,9
CT,2025-01-01,0.8,-0.2107210313156525,2021-10-01,TRUE,9
CT,2025-02-01,0.8,-0.2107210313156525,2021-10-01,TRUE,9
CT,2025-03-01,0.7,-0.342490308946776,2021-10-01,TRUE,9
DE,2008-01-01,1.3,0.2700271372130602,NA,FALSE,10
DE,2008-02-01,1.3,0.2700271372130602,NA,FALSE,10
DE,2008-03-01,1.4,0.34358970439007686,NA,FALSE,10
DE,2008-04-01,1.4,0.34358970439007686,NA,FALSE,10
DE,2008-05-01,1.5,0.412109650826833,NA,FALSE,10
DE,2008-06-01,1.5,0.412109650826833,NA,FALSE,10
DE,2008-07-01,1.7,0.5364933705145685,NA,FALSE,10
DE,2008-08-01,1.6,0.4762341789963717,NA,FALSE,10
DE,2008-09-01,1.7,0.5364933705145685,NA,FALSE,10
DE,2008-10-01,1.9,0.6471032420585384,NA,FALSE,10
DE,2008-11-01,2,0.6981347220709843,NA,FALSE,10
DE,2008-12-01,2.2,0.7929925155296614,NA,FALSE,10
DE,2009-01-01,2.4,0.8796267475025635,NA,FALSE,10
DE,2009-02-01,2.5,0.9202827531436923,NA,FALSE,10
DE,2009-03-01,2.6,0.959350221334602,NA,FALSE,10
DE,2009-04-01,2.9,1.068153081183401,NA,FALSE,10
DE,2009-05-01,3,1.1019400787607845,NA,FALSE,10
DE,2009-06-01,2.9,1.068153081183401,NA,FALSE,10
DE,2009-07-01,3.1,1.1346227261911428,NA,FALSE,10
DE,2009-08-01,3.3,1.1969481893889715,NA,FALSE,10
DE,2009-09-01,3.6,1.2837077723447896,NA,FALSE,10
DE,2009-10-01,3.8,1.3376291891386094,NA,FALSE,10
DE,2009-11-01,3.9,1.3635373739972745,NA,FALSE,10
DE,2009-12-01,4,1.3887912413184778,NA,FALSE,10
DE,2010-01-01,4.2,1.43746264769429,NA,FALSE,10
DE,2010-02-01,4.1,1.413423028508143,NA,FALSE,10
DE,2010-03-01,4.1,1.413423028508143,NA,FALSE,10
DE,2010-04-01,4.1,1.413423028508143,NA,FALSE,10
DE,2010-05-01,4.1,1.413423028508143,NA,FALSE,10
DE,2010-06-01,4,1.3887912413184778,NA,FALSE,10
DE,2010-07-01,3.8,1.3376291891386094,NA,FALSE,10
DE,2010-08-01,3.6,1.2837077723447896,NA,FALSE,10
DE,2010-09-01,3.7,1.3110318766193438,NA,FALSE,10
DE,2010-10-01,3.7,1.3110318766193438,NA,FALSE,10
DE,2010-11-01,3.6,1.2837077723447896,NA,FALSE,10
DE,2010-12-01,3.4,1.2267122912954254,NA,FALSE,10
DE,2011-01-01,3.4,1.2267122912954254,NA,FALSE,10
DE,2011-02-01,3.7,1.3110318766193438,NA,FALSE,10
DE,2011-03-01,3.5,1.2556160374777745,NA,FALSE,10
DE,2011-04-01,3.5,1.2556160374777745,NA,FALSE,10
DE,2011-05-01,3.4,1.2267122912954254,NA,FALSE,10
DE,2011-06-01,3.3,1.1969481893889715,NA,FALSE,10
DE,2011-07-01,3.4,1.2267122912954254,NA,FALSE,10
DE,2011-08-01,3.5,1.2556160374777745,NA,FALSE,10
DE,2011-09-01,3.8,1.3376291891386094,NA,FALSE,10
DE,2011-10-01,3.6,1.2837077723447896,NA,FALSE,10
DE,2011-11-01,3.8,1.3376291891386094,NA,FALSE,10
DE,2011-12-01,3.7,1.3110318766193438,NA,FALSE,10
DE,2012-01-01,4,1.3887912413184778,NA,FALSE,10
DE,2012-02-01,4,1.3887912413184778,NA,FALSE,10
DE,2012-03-01,3.9,1.3635373739972745,NA,FALSE,10
DE,2012-04-01,4,1.3887912413184778,NA,FALSE,10
DE,2012-05-01,4,1.3887912413184778,NA,FALSE,10
DE,2012-06-01,4.1,1.413423028508143,NA,FALSE,10
DE,2012-07-01,4.2,1.43746264769429,NA,FALSE,10
DE,2012-08-01,4,1.3887912413184778,NA,FALSE,10
DE,2012-09-01,4.1,1.413423028508143,NA,FALSE,10
DE,2012-10-01,4.1,1.413423028508143,NA,FALSE,10
DE,2012-11-01,4.2,1.43746264769429,NA,FALSE,10
DE,2012-12-01,4.4,1.483874689458755,NA,FALSE,10
DE,2013-01-01,4.3,1.4609379041156565,NA,FALSE,10
DE,2013-02-01,4.2,1.43746264769429,NA,FALSE,10
DE,2013-03-01,4.3,1.4609379041156565,NA,FALSE,10
DE,2013-04-01,4.2,1.43746264769429,NA,FALSE,10
DE,2013-05-01,4.1,1.413423028508143,NA,FALSE,10
DE,2013-06-01,4,1.3887912413184778,NA,FALSE,10
DE,2013-07-01,3.9,1.3635373739972745,NA,FALSE,10
DE,2013-08-01,3.8,1.3376291891386094,NA,FALSE,10
DE,2013-09-01,3.9,1.3635373739972745,NA,FALSE,10
DE,2013-10-01,3.7,1.3110318766193438,NA,FALSE,10
DE,2013-11-01,3.7,1.3110318766193438,NA,FALSE,10
DE,2013-12-01,3.6,1.2837077723447896,NA,FALSE,10
DE,2014-01-01,3.8,1.3376291891386094,NA,FALSE,10
DE,2014-02-01,3.5,1.2556160374777745,NA,FALSE,10
DE,2014-03-01,3.4,1.2267122912954254,NA,FALSE,10
DE,2014-04-01,3.5,1.2556160374777745,NA,FALSE,10
DE,2014-05-01,3.4,1.2267122912954254,NA,FALSE,10
DE,2014-06-01,3.3,1.1969481893889715,NA,FALSE,10
DE,2014-07-01,3.2,1.1662709371419244,NA,FALSE,10
DE,2014-08-01,3,1.1019400787607845,NA,FALSE,10
DE,2014-09-01,3.2,1.1662709371419244,NA,FALSE,10
DE,2014-10-01,3.2,1.1662709371419244,NA,FALSE,10
DE,2014-11-01,3.2,1.1662709371419244,NA,FALSE,10
DE,2014-12-01,3.2,1.1662709371419244,NA,FALSE,10
DE,2015-01-01,3.2,1.1662709371419244,NA,FALSE,10
DE,2015-02-01,3,1.1019400787607845,NA,FALSE,10
DE,2015-03-01,2.8,1.0331844833456545,NA,FALSE,10
DE,2015-04-01,2.7,0.9969486348916096,NA,FALSE,10
DE,2015-05-01,2.5,0.9202827531436923,NA,FALSE,10
DE,2015-06-01,2.6,0.959350221334602,NA,FALSE,10
DE,2015-07-01,2.6,0.959350221334602,NA,FALSE,10
DE,2015-08-01,2.7,0.9969486348916096,NA,FALSE,10
DE,2015-09-01,2.5,0.9202827531436923,NA,FALSE,10
DE,2015-10-01,2.6,0.959350221334602,NA,FALSE,10
DE,2015-11-01,2.5,0.9202827531436923,NA,FALSE,10
DE,2015-12-01,2.4,0.8796267475025635,NA,FALSE,10
DE,2016-01-01,2.4,0.8796267475025635,NA,FALSE,10
DE,2016-02-01,2.6,0.959350221334602,NA,FALSE,10
DE,2016-03-01,2.3,0.837247524533702,NA,FALSE,10
DE,2016-04-01,2.3,0.837247524533702,NA,FALSE,10
DE,2016-05-01,2.4,0.8796267475025635,NA,FALSE,10
DE,2016-06-01,2.2,0.7929925155296614,NA,FALSE,10
DE,2016-07-01,2.2,0.7929925155296614,NA,FALSE,10
DE,2016-08-01,2.2,0.7929925155296614,NA,FALSE,10
DE,2016-09-01,2,0.6981347220709843,NA,FALSE,10
DE,2016-10-01,2.1,0.7466879474879751,NA,FALSE,10
DE,2016-11-01,1.9,0.6471032420585384,NA,FALSE,10
DE,2016-12-01,2,0.6981347220709843,NA,FALSE,10
DE,2017-01-01,2.2,0.7929925155296614,NA,FALSE,10
DE,2017-02-01,2,0.6981347220709843,NA,FALSE,10
DE,2017-03-01,1.8,0.5933268452777344,NA,FALSE,10
DE,2017-04-01,1.6,0.4762341789963717,NA,FALSE,10
DE,2017-05-01,1.7,0.5364933705145685,NA,FALSE,10
DE,2017-06-01,1.8,0.5933268452777344,NA,FALSE,10
DE,2017-07-01,1.7,0.5364933705145685,NA,FALSE,10
DE,2017-08-01,1.6,0.4762341789963717,NA,FALSE,10
DE,2017-09-01,1.7,0.5364933705145685,NA,FALSE,10
DE,2017-10-01,1.7,0.5364933705145685,NA,FALSE,10
DE,2017-11-01,1.7,0.5364933705145685,NA,FALSE,10
DE,2017-12-01,1.7,0.5364933705145685,NA,FALSE,10
DE,2018-01-01,1.7,0.5364933705145685,NA,FALSE,10
DE,2018-02-01,1.6,0.4762341789963717,NA,FALSE,10
DE,2018-03-01,1.5,0.412109650826833,NA,FALSE,10
DE,2018-04-01,1.4,0.34358970439007686,NA,FALSE,10
DE,2018-05-01,1.3,0.2700271372130602,NA,FALSE,10
DE,2018-06-01,1.4,0.34358970439007686,NA,FALSE,10
DE,2018-07-01,1.5,0.412109650826833,NA,FALSE,10
DE,2018-08-01,1.4,0.34358970439007686,NA,FALSE,10
DE,2018-09-01,1.3,0.2700271372130602,NA,FALSE,10
DE,2018-10-01,1.3,0.2700271372130602,NA,FALSE,10
DE,2018-11-01,1.3,0.2700271372130602,NA,FALSE,10
DE,2018-12-01,1.4,0.34358970439007686,NA,FALSE,10
DE,2019-01-01,1.5,0.412109650826833,NA,FALSE,10
DE,2019-02-01,1.5,0.412109650826833,NA,FALSE,10
DE,2019-03-01,1.4,0.34358970439007686,NA,FALSE,10
DE,2019-04-01,1.4,0.34358970439007686,NA,FALSE,10
DE,2019-05-01,1.4,0.34358970439007686,NA,FALSE,10
DE,2019-06-01,1.3,0.2700271372130602,NA,FALSE,10
DE,2019-07-01,1.2,0.1906203596086497,NA,FALSE,10
DE,2019-08-01,1.4,0.34358970439007686,NA,FALSE,10
DE,2019-09-01,1.5,0.412109650826833,NA,FALSE,10
DE,2019-10-01,1.4,0.34358970439007686,NA,FALSE,10
DE,2019-11-01,1.3,0.2700271372130602,NA,FALSE,10
DE,2019-12-01,1.2,0.1906203596086497,NA,FALSE,10
DE,2020-01-01,1.1,0.10436001532424286,NA,FALSE,10
DE,2020-02-01,1.1,0.10436001532424286,NA,FALSE,10
DE,2020-03-01,1.2,0.1906203596086497,NA,FALSE,10
DE,2020-04-01,1,0.00995033085316809,NA,FALSE,10
DE,2020-05-01,0.9,-0.09431067947124128,NA,FALSE,10
DE,2020-06-01,1,0.00995033085316809,NA,FALSE,10
DE,2020-07-01,0.9,-0.09431067947124128,NA,FALSE,10
DE,2020-08-01,1,0.00995033085316809,NA,FALSE,10
DE,2020-09-01,1,0.00995033085316809,NA,FALSE,10
DE,2020-10-01,0.9,-0.09431067947124128,NA,FALSE,10
DE,2020-11-01,0.8,-0.2107210313156525,NA,FALSE,10
DE,2020-12-01,0.8,-0.2107210313156525,NA,FALSE,10
DE,2021-01-01,0.8,-0.2107210313156525,NA,FALSE,10
DE,2021-02-01,0.8,-0.2107210313156525,NA,FALSE,10
DE,2021-03-01,0.7,-0.342490308946776,NA,FALSE,10
DE,2021-04-01,0.8,-0.2107210313156525,NA,FALSE,10
DE,2021-05-01,0.7,-0.342490308946776,NA,FALSE,10
DE,2021-06-01,0.7,-0.342490308946776,NA,FALSE,10
DE,2021-07-01,0.7,-0.342490308946776,NA,FALSE,10
DE,2021-08-01,0.7,-0.342490308946776,NA,FALSE,10
DE,2021-09-01,0.6,-0.4942963218147801,NA,FALSE,10
DE,2021-10-01,0.7,-0.342490308946776,NA,FALSE,10
DE,2021-11-01,0.7,-0.342490308946776,NA,FALSE,10
DE,2021-12-01,0.7,-0.342490308946776,NA,FALSE,10
DE,2022-01-01,0.7,-0.342490308946776,NA,FALSE,10
DE,2022-02-01,0.8,-0.2107210313156525,NA,FALSE,10
DE,2022-03-01,0.7,-0.342490308946776,NA,FALSE,10
DE,2022-04-01,0.8,-0.2107210313156525,NA,FALSE,10
DE,2022-05-01,0.7,-0.342490308946776,NA,FALSE,10
DE,2022-06-01,0.7,-0.342490308946776,NA,FALSE,10
DE,2022-07-01,0.7,-0.342490308946776,NA,FALSE,10
DE,2022-08-01,0.8,-0.2107210313156525,NA,FALSE,10
DE,2022-09-01,0.7,-0.342490308946776,NA,FALSE,10
DE,2022-10-01,0.8,-0.2107210313156525,NA,FALSE,10
DE,2022-11-01,0.8,-0.2107210313156525,NA,FALSE,10
DE,2022-12-01,0.7,-0.342490308946776,NA,FALSE,10
DE,2023-01-01,0.8,-0.2107210313156525,NA,FALSE,10
DE,2023-02-01,0.8,-0.2107210313156525,NA,FALSE,10
DE,2023-03-01,0.8,-0.2107210313156525,NA,FALSE,10
DE,2023-04-01,0.8,-0.2107210313156525,NA,FALSE,10
DE,2023-05-01,0.8,-0.2107210313156525,NA,FALSE,10
DE,2023-06-01,0.7,-0.342490308946776,NA,FALSE,10
DE,2023-07-01,0.7,-0.342490308946776,NA,FALSE,10
DE,2023-08-01,0.7,-0.342490308946776,NA,FALSE,10
DE,2023-09-01,0.7,-0.342490308946776,NA,FALSE,10
DE,2023-10-01,0.8,-0.2107210313156525,NA,FALSE,10
DE,2023-11-01,0.8,-0.2107210313156525,NA,FALSE,10
DE,2023-12-01,0.9,-0.09431067947124128,NA,FALSE,10
DE,2024-01-01,0.9,-0.09431067947124128,NA,FALSE,10
DE,2024-02-01,0.9,-0.09431067947124128,NA,FALSE,10
DE,2024-03-01,0.9,-0.09431067947124128,NA,FALSE,10
DE,2024-04-01,0.8,-0.2107210313156525,NA,FALSE,10
DE,2024-05-01,0.8,-0.2107210313156525,NA,FALSE,10
DE,2024-06-01,0.8,-0.2107210313156525,NA,FALSE,10
DE,2024-07-01,1,0.00995033085316809,NA,FALSE,10
DE,2024-08-01,1,0.00995033085316809,NA,FALSE,10
DE,2024-09-01,1,0.00995033085316809,NA,FALSE,10
DE,2024-10-01,0.9,-0.09431067947124128,NA,FALSE,10
DE,2024-11-01,1,0.00995033085316809,NA,FALSE,10
DE,2024-12-01,1,0.00995033085316809,NA,FALSE,10
DE,2025-01-01,1.1,0.10436001532424286,NA,FALSE,10
DE,2025-02-01,1.1,0.10436001532424286,NA,FALSE,10
DE,2025-03-01,1,0.00995033085316809,NA,FALSE,10
DC,2008-01-01,1.2,0.1906203596086497,2020-05-01,TRUE,11
DC,2008-02-01,1.2,0.1906203596086497,2020-05-01,TRUE,11
DC,2008-03-01,1.4,0.34358970439007686,2020-05-01,TRUE,11
DC,2008-04-01,1.3,0.2700271372130602,2020-05-01,TRUE,11
DC,2008-05-01,1.3,0.2700271372130602,2020-05-01,TRUE,11
DC,2008-06-01,1.5,0.412109650826833,2020-05-01,TRUE,11
DC,2008-07-01,1.8,0.5933268452777344,2020-05-01,TRUE,11
DC,2008-08-01,2,0.6981347220709843,2020-05-01,TRUE,11
DC,2008-09-01,2.1,0.7466879474879751,2020-05-01,TRUE,11
DC,2008-10-01,2.3,0.837247524533702,2020-05-01,TRUE,11
DC,2008-11-01,2.5,0.9202827531436923,2020-05-01,TRUE,11
DC,2008-12-01,2.7,0.9969486348916096,2020-05-01,TRUE,11
DC,2009-01-01,3,1.1019400787607845,2020-05-01,TRUE,11
DC,2009-02-01,2.8,1.0331844833456545,2020-05-01,TRUE,11
DC,2009-03-01,2.9,1.068153081183401,2020-05-01,TRUE,11
DC,2009-04-01,3,1.1019400787607845,2020-05-01,TRUE,11
DC,2009-05-01,3.2,1.1662709371419244,2020-05-01,TRUE,11
DC,2009-06-01,3.3,1.1969481893889715,2020-05-01,TRUE,11
DC,2009-07-01,3.3,1.1969481893889715,2020-05-01,TRUE,11
DC,2009-08-01,3.3,1.1969481893889715,2020-05-01,TRUE,11
DC,2009-09-01,3.7,1.3110318766193438,2020-05-01,TRUE,11
DC,2009-10-01,4,1.3887912413184778,2020-05-01,TRUE,11
DC,2009-11-01,4.1,1.413423028508143,2020-05-01,TRUE,11
DC,2009-12-01,4.1,1.413423028508143,2020-05-01,TRUE,11
DC,2010-01-01,4.3,1.4609379041156565,2020-05-01,TRUE,11
DC,2010-02-01,4.4,1.483874689458755,2020-05-01,TRUE,11
DC,2010-03-01,4.4,1.483874689458755,2020-05-01,TRUE,11
DC,2010-04-01,4.2,1.43746264769429,2020-05-01,TRUE,11
DC,2010-05-01,4.1,1.413423028508143,2020-05-01,TRUE,11
DC,2010-06-01,4,1.3887912413184778,2020-05-01,TRUE,11
DC,2010-07-01,3.8,1.3376291891386094,2020-05-01,TRUE,11
DC,2010-08-01,3.9,1.3635373739972745,2020-05-01,TRUE,11
DC,2010-09-01,3.9,1.3635373739972745,2020-05-01,TRUE,11
DC,2010-10-01,3.7,1.3110318766193438,2020-05-01,TRUE,11
DC,2010-11-01,3.7,1.3110318766193438,2020-05-01,TRUE,11
DC,2010-12-01,3.9,1.3635373739972745,2020-05-01,TRUE,11
DC,2011-01-01,3.8,1.3376291891386094,2020-05-01,TRUE,11
DC,2011-02-01,3.9,1.3635373739972745,2020-05-01,TRUE,11
DC,2011-03-01,3.9,1.3635373739972745,2020-05-01,TRUE,11
DC,2011-04-01,3.7,1.3110318766193438,2020-05-01,TRUE,11
DC,2011-05-01,3.8,1.3376291891386094,2020-05-01,TRUE,11
DC,2011-06-01,3.8,1.3376291891386094,2020-05-01,TRUE,11
DC,2011-07-01,4,1.3887912413184778,2020-05-01,TRUE,11
DC,2011-08-01,4.1,1.413423028508143,2020-05-01,TRUE,11
DC,2011-09-01,4,1.3887912413184778,2020-05-01,TRUE,11
DC,2011-10-01,4,1.3887912413184778,2020-05-01,TRUE,11
DC,2011-11-01,4.1,1.413423028508143,2020-05-01,TRUE,11
DC,2011-12-01,4.1,1.413423028508143,2020-05-01,TRUE,11
DC,2012-01-01,4.3,1.4609379041156565,2020-05-01,TRUE,11
DC,2012-02-01,4.4,1.483874689458755,2020-05-01,TRUE,11
DC,2012-03-01,4.4,1.483874689458755,2020-05-01,TRUE,11
DC,2012-04-01,4.4,1.483874689458755,2020-05-01,TRUE,11
DC,2012-05-01,4.6,1.528227857008557,2020-05-01,TRUE,11
DC,2012-06-01,4.5,1.506297153514587,2020-05-01,TRUE,11
DC,2012-07-01,4.6,1.528227857008557,2020-05-01,TRUE,11
DC,2012-08-01,4.5,1.506297153514587,2020-05-01,TRUE,11
DC,2012-09-01,4.6,1.528227857008557,2020-05-01,TRUE,11
DC,2012-10-01,4.4,1.483874689458755,2020-05-01,TRUE,11
DC,2012-11-01,4.5,1.506297153514587,2020-05-01,TRUE,11
DC,2012-12-01,4.4,1.483874689458755,2020-05-01,TRUE,11
DC,2013-01-01,4.4,1.483874689458755,2020-05-01,TRUE,11
DC,2013-02-01,4.6,1.528227857008557,2020-05-01,TRUE,11
DC,2013-03-01,4.6,1.528227857008557,2020-05-01,TRUE,11
DC,2013-04-01,4.5,1.506297153514587,2020-05-01,TRUE,11
DC,2013-05-01,4.4,1.483874689458755,2020-05-01,TRUE,11
DC,2013-06-01,4.3,1.4609379041156565,2020-05-01,TRUE,11
DC,2013-07-01,4.1,1.413423028508143,2020-05-01,TRUE,11
DC,2013-08-01,4.1,1.413423028508143,2020-05-01,TRUE,11
DC,2013-09-01,4,1.3887912413184778,2020-05-01,TRUE,11
DC,2013-10-01,4.1,1.413423028508143,2020-05-01,TRUE,11
DC,2013-11-01,4.1,1.413423028508143,2020-05-01,TRUE,11
DC,2013-12-01,4,1.3887912413184778,2020-05-01,TRUE,11
DC,2014-01-01,4.1,1.413423028508143,2020-05-01,TRUE,11
DC,2014-02-01,4.2,1.43746264769429,2020-05-01,TRUE,11
DC,2014-03-01,3.9,1.3635373739972745,2020-05-01,TRUE,11
DC,2014-04-01,3.8,1.3376291891386094,2020-05-01,TRUE,11
DC,2014-05-01,3.8,1.3376291891386094,2020-05-01,TRUE,11
DC,2014-06-01,3.6,1.2837077723447896,2020-05-01,TRUE,11
DC,2014-07-01,3.4,1.2267122912954254,2020-05-01,TRUE,11
DC,2014-08-01,3.4,1.2267122912954254,2020-05-01,TRUE,11
DC,2014-09-01,3.3,1.1969481893889715,2020-05-01,TRUE,11
DC,2014-10-01,3,1.1019400787607845,2020-05-01,TRUE,11
DC,2014-11-01,2.8,1.0331844833456545,2020-05-01,TRUE,11
DC,2014-12-01,2.8,1.0331844833456545,2020-05-01,TRUE,11
DC,2015-01-01,2.8,1.0331844833456545,2020-05-01,TRUE,11
DC,2015-02-01,2.7,0.9969486348916096,2020-05-01,TRUE,11
DC,2015-03-01,2.4,0.8796267475025635,2020-05-01,TRUE,11
DC,2015-04-01,2.4,0.8796267475025635,2020-05-01,TRUE,11
DC,2015-05-01,2.3,0.837247524533702,2020-05-01,TRUE,11
DC,2015-06-01,2.3,0.837247524533702,2020-05-01,TRUE,11
DC,2015-07-01,2.3,0.837247524533702,2020-05-01,TRUE,11
DC,2015-08-01,2.2,0.7929925155296614,2020-05-01,TRUE,11
DC,2015-09-01,2.2,0.7929925155296614,2020-05-01,TRUE,11
DC,2015-10-01,2.2,0.7929925155296614,2020-05-01,TRUE,11
DC,2015-11-01,1.8,0.5933268452777344,2020-05-01,TRUE,11
DC,2015-12-01,1.8,0.5933268452777344,2020-05-01,TRUE,11
DC,2016-01-01,1.9,0.6471032420585384,2020-05-01,TRUE,11
DC,2016-02-01,1.9,0.6471032420585384,2020-05-01,TRUE,11
DC,2016-03-01,1.8,0.5933268452777344,2020-05-01,TRUE,11
DC,2016-04-01,1.8,0.5933268452777344,2020-05-01,TRUE,11
DC,2016-05-01,1.9,0.6471032420585384,2020-05-01,TRUE,11
DC,2016-06-01,1.6,0.4762341789963717,2020-05-01,TRUE,11
DC,2016-07-01,1.6,0.4762341789963717,2020-05-01,TRUE,11
DC,2016-08-01,1.5,0.412109650826833,2020-05-01,TRUE,11
DC,2016-09-01,1.3,0.2700271372130602,2020-05-01,TRUE,11
DC,2016-10-01,1.4,0.34358970439007686,2020-05-01,TRUE,11
DC,2016-11-01,1.4,0.34358970439007686,2020-05-01,TRUE,11
DC,2016-12-01,1.4,0.34358970439007686,2020-05-01,TRUE,11
DC,2017-01-01,1.4,0.34358970439007686,2020-05-01,TRUE,11
DC,2017-02-01,1.4,0.34358970439007686,2020-05-01,TRUE,11
DC,2017-03-01,1.3,0.2700271372130602,2020-05-01,TRUE,11
DC,2017-04-01,1.2,0.1906203596086497,2020-05-01,TRUE,11
DC,2017-05-01,1.2,0.1906203596086497,2020-05-01,TRUE,11
DC,2017-06-01,1.2,0.1906203596086497,2020-05-01,TRUE,11
DC,2017-07-01,1.2,0.1906203596086497,2020-05-01,TRUE,11
DC,2017-08-01,1.3,0.2700271372130602,2020-05-01,TRUE,11
DC,2017-09-01,1.3,0.2700271372130602,2020-05-01,TRUE,11
DC,2017-10-01,1.3,0.2700271372130602,2020-05-01,TRUE,11
DC,2017-11-01,1.3,0.2700271372130602,2020-05-01,TRUE,11
DC,2017-12-01,1.3,0.2700271372130602,2020-05-01,TRUE,11
DC,2018-01-01,1.3,0.2700271372130602,2020-05-01,TRUE,11
DC,2018-02-01,1.3,0.2700271372130602,2020-05-01,TRUE,11
DC,2018-03-01,1.2,0.1906203596086497,2020-05-01,TRUE,11
DC,2018-04-01,1.1,0.10436001532424286,2020-05-01,TRUE,11
DC,2018-05-01,0.9,-0.09431067947124128,2020-05-01,TRUE,11
DC,2018-06-01,1,0.00995033085316809,2020-05-01,TRUE,11
DC,2018-07-01,1.1,0.10436001532424286,2020-05-01,TRUE,11
DC,2018-08-01,1.2,0.1906203596086497,2020-05-01,TRUE,11
DC,2018-09-01,1,0.00995033085316809,2020-05-01,TRUE,11
DC,2018-10-01,1,0.00995033085316809,2020-05-01,TRUE,11
DC,2018-11-01,1,0.00995033085316809,2020-05-01,TRUE,11
DC,2018-12-01,1.1,0.10436001532424286,2020-05-01,TRUE,11
DC,2019-01-01,1,0.00995033085316809,2020-05-01,TRUE,11
DC,2019-02-01,0.9,-0.09431067947124128,2020-05-01,TRUE,11
DC,2019-03-01,0.9,-0.09431067947124128,2020-05-01,TRUE,11
DC,2019-04-01,0.9,-0.09431067947124128,2020-05-01,TRUE,11
DC,2019-05-01,0.8,-0.2107210313156525,2020-05-01,TRUE,11
DC,2019-06-01,0.9,-0.09431067947124128,2020-05-01,TRUE,11
DC,2019-07-01,0.7,-0.342490308946776,2020-05-01,TRUE,11
DC,2019-08-01,0.8,-0.2107210313156525,2020-05-01,TRUE,11
DC,2019-09-01,0.8,-0.2107210313156525,2020-05-01,TRUE,11
DC,2019-10-01,0.9,-0.09431067947124128,2020-05-01,TRUE,11
DC,2019-11-01,1,0.00995033085316809,2020-05-01,TRUE,11
DC,2019-12-01,0.9,-0.09431067947124128,2020-05-01,TRUE,11
DC,2020-01-01,0.9,-0.09431067947124128,2020-05-01,TRUE,11
DC,2020-02-01,0.9,-0.09431067947124128,2020-05-01,TRUE,11
DC,2020-03-01,0.8,-0.2107210313156525,2020-05-01,TRUE,11
DC,2020-04-01,0.6,-0.4942963218147801,2020-05-01,TRUE,11
DC,2020-05-01,0.6,-0.4942963218147801,2020-05-01,TRUE,11
DC,2020-06-01,0.5,-0.6733445532637656,2020-05-01,TRUE,11
DC,2020-07-01,0.5,-0.6733445532637656,2020-05-01,TRUE,11
DC,2020-08-01,0.4,-0.8915981192837835,2020-05-01,TRUE,11
DC,2020-09-01,0.4,-0.8915981192837835,2020-05-01,TRUE,11
DC,2020-10-01,0.3,-1.171182981502945,2020-05-01,TRUE,11
DC,2020-11-01,0.4,-0.8915981192837835,2020-05-01,TRUE,11
DC,2020-12-01,0.4,-0.8915981192837835,2020-05-01,TRUE,11
DC,2021-01-01,0.3,-1.171182981502945,2020-05-01,TRUE,11
DC,2021-02-01,0.5,-0.6733445532637656,2020-05-01,TRUE,11
DC,2021-03-01,0.4,-0.8915981192837835,2020-05-01,TRUE,11
DC,2021-04-01,0.3,-1.171182981502945,2020-05-01,TRUE,11
DC,2021-05-01,0.3,-1.171182981502945,2020-05-01,TRUE,11
DC,2021-06-01,0.3,-1.171182981502945,2020-05-01,TRUE,11
DC,2021-07-01,0.4,-0.8915981192837835,2020-05-01,TRUE,11
DC,2021-08-01,0.4,-0.8915981192837835,2020-05-01,TRUE,11
DC,2021-09-01,0.4,-0.8915981192837835,2020-05-01,TRUE,11
DC,2021-10-01,0.4,-0.8915981192837835,2020-05-01,TRUE,11
DC,2021-11-01,0.4,-0.8915981192837835,2020-05-01,TRUE,11
DC,2021-12-01,0.5,-0.6733445532637656,2020-05-01,TRUE,11
DC,2022-01-01,0.5,-0.6733445532637656,2020-05-01,TRUE,11
DC,2022-02-01,0.4,-0.8915981192837835,2020-05-01,TRUE,11
DC,2022-03-01,0.4,-0.8915981192837835,2020-05-01,TRUE,11
DC,2022-04-01,0.5,-0.6733445532637656,2020-05-01,TRUE,11
DC,2022-05-01,0.3,-1.171182981502945,2020-05-01,TRUE,11
DC,2022-06-01,0.4,-0.8915981192837835,2020-05-01,TRUE,11
DC,2022-07-01,0.4,-0.8915981192837835,2020-05-01,TRUE,11
DC,2022-08-01,0.5,-0.6733445532637656,2020-05-01,TRUE,11
DC,2022-09-01,0.5,-0.6733445532637656,2020-05-01,TRUE,11
DC,2022-10-01,0.5,-0.6733445532637656,2020-05-01,TRUE,11
DC,2022-11-01,0.6,-0.4942963218147801,2020-05-01,TRUE,11
DC,2022-12-01,0.7,-0.342490308946776,2020-05-01,TRUE,11
DC,2023-01-01,0.7,-0.342490308946776,2020-05-01,TRUE,11
DC,2023-02-01,0.8,-0.2107210313156525,2020-05-01,TRUE,11
DC,2023-03-01,0.8,-0.2107210313156525,2020-05-01,TRUE,11
DC,2023-04-01,0.7,-0.342490308946776,2020-05-01,TRUE,11
DC,2023-05-01,0.6,-0.4942963218147801,2020-05-01,TRUE,11
DC,2023-06-01,0.6,-0.4942963218147801,2020-05-01,TRUE,11
DC,2023-07-01,0.6,-0.4942963218147801,2020-05-01,TRUE,11
DC,2023-08-01,0.6,-0.4942963218147801,2020-05-01,TRUE,11
DC,2023-09-01,0.6,-0.4942963218147801,2020-05-01,TRUE,11
DC,2023-10-01,0.8,-0.2107210313156525,2020-05-01,TRUE,11
DC,2023-11-01,0.8,-0.2107210313156525,2020-05-01,TRUE,11
DC,2023-12-01,1,0.00995033085316809,2020-05-01,TRUE,11
DC,2024-01-01,1.2,0.1906203596086497,2020-05-01,TRUE,11
DC,2024-02-01,1.2,0.1906203596086497,2020-05-01,TRUE,11
DC,2024-03-01,1.2,0.1906203596086497,2020-05-01,TRUE,11
DC,2024-04-01,1.2,0.1906203596086497,2020-05-01,TRUE,11
DC,2024-05-01,1.1,0.10436001532424286,2020-05-01,TRUE,11
DC,2024-06-01,1.1,0.10436001532424286,2020-05-01,TRUE,11
DC,2024-07-01,1.1,0.10436001532424286,2020-05-01,TRUE,11
DC,2024-08-01,1.1,0.10436001532424286,2020-05-01,TRUE,11
DC,2024-09-01,1.2,0.1906203596086497,2020-05-01,TRUE,11
DC,2024-10-01,1.2,0.1906203596086497,2020-05-01,TRUE,11
DC,2024-11-01,1.2,0.1906203596086497,2020-05-01,TRUE,11
DC,2024-12-01,1.3,0.2700271372130602,2020-05-01,TRUE,11
DC,2025-01-01,1.3,0.2700271372130602,2020-05-01,TRUE,11
DC,2025-02-01,1.3,0.2700271372130602,2020-05-01,TRUE,11
DC,2025-03-01,1.2,0.1906203596086497,2020-05-01,TRUE,11
FL,2008-01-01,2.5,0.9202827531436923,NA,FALSE,12
FL,2008-02-01,2.6,0.959350221334602,NA,FALSE,12
FL,2008-03-01,2.7,0.9969486348916096,NA,FALSE,12
FL,2008-04-01,2.8,1.0331844833456545,NA,FALSE,12
FL,2008-05-01,2.9,1.068153081183401,NA,FALSE,12
FL,2008-06-01,3.1,1.1346227261911428,NA,FALSE,12
FL,2008-07-01,3.6,1.2837077723447896,NA,FALSE,12
FL,2008-08-01,3.7,1.3110318766193438,NA,FALSE,12
FL,2008-09-01,3.8,1.3376291891386094,NA,FALSE,12
FL,2008-10-01,4.3,1.4609379041156565,NA,FALSE,12
FL,2008-11-01,4.5,1.506297153514587,NA,FALSE,12
FL,2008-12-01,5,1.6114359150967734,NA,FALSE,12
FL,2009-01-01,5.4,1.6882490928583902,NA,FALSE,12
FL,2009-02-01,5.7,1.742219023667919,NA,FALSE,12
FL,2009-03-01,6,1.7934247485471162,NA,FALSE,12
FL,2009-04-01,6.3,1.8421356765531216,NA,FALSE,12
FL,2009-05-01,6.5,1.873339456220478,NA,FALSE,12
FL,2009-06-01,6.8,1.918392120161421,NA,FALSE,12
FL,2009-07-01,7,1.9473377010464987,NA,FALSE,12
FL,2009-08-01,7.3,1.9892432737616872,NA,FALSE,12
FL,2009-09-01,8,2.080690761080268,NA,FALSE,12
FL,2009-10-01,8.4,2.1294214739848565,NA,FALSE,12
FL,2009-11-01,8.6,2.152924318439639,NA,FALSE,12
FL,2009-12-01,8.7,2.164471790864411,NA,FALSE,12
FL,2010-01-01,8.9,2.187174241482718,NA,FALSE,12
FL,2010-02-01,8.8,2.175887439948088,NA,FALSE,12
FL,2010-03-01,8.6,2.152924318439639,NA,FALSE,12
FL,2010-04-01,8.5,2.1412419425852827,NA,FALSE,12
FL,2010-05-01,8.4,2.1294214739848565,NA,FALSE,12
FL,2010-06-01,8.2,2.105352923464337,NA,FALSE,12
FL,2010-07-01,8.1,2.0930978681273213,NA,FALSE,12
FL,2010-08-01,8,2.080690761080268,NA,FALSE,12
FL,2010-09-01,7.9,2.0681277817795625,NA,FALSE,12
FL,2010-10-01,8,2.080690761080268,NA,FALSE,12
FL,2010-11-01,8.1,2.0930978681273213,NA,FALSE,12
FL,2010-12-01,8.2,2.105352923464337,NA,FALSE,12
FL,2011-01-01,8.3,2.1174596088673567,NA,FALSE,12
FL,2011-02-01,8.2,2.105352923464337,NA,FALSE,12
FL,2011-03-01,8.3,2.1174596088673567,NA,FALSE,12
FL,2011-04-01,8.3,2.1174596088673567,NA,FALSE,12
FL,2011-05-01,8.4,2.1294214739848565,NA,FALSE,12
FL,2011-06-01,8.2,2.105352923464337,NA,FALSE,12
FL,2011-07-01,8.2,2.105352923464337,NA,FALSE,12
FL,2011-08-01,8.4,2.1294214739848565,NA,FALSE,12
FL,2011-09-01,8.6,2.152924318439639,NA,FALSE,12
FL,2011-10-01,8.6,2.152924318439639,NA,FALSE,12
FL,2011-11-01,8.7,2.164471790864411,NA,FALSE,12
FL,2011-12-01,8.5,2.1412419425852827,NA,FALSE,12
FL,2012-01-01,8.6,2.152924318439639,NA,FALSE,12
FL,2012-02-01,8.5,2.1412419425852827,NA,FALSE,12
FL,2012-03-01,8.4,2.1294214739848565,NA,FALSE,12
FL,2012-04-01,8.4,2.1294214739848565,NA,FALSE,12
FL,2012-05-01,8.4,2.1294214739848565,NA,FALSE,12
FL,2012-06-01,8.4,2.1294214739848565,NA,FALSE,12
FL,2012-07-01,8.1,2.0930978681273213,NA,FALSE,12
FL,2012-08-01,7.9,2.0681277817795625,NA,FALSE,12
FL,2012-09-01,7.8,2.0554049638515948,NA,FALSE,12
FL,2012-10-01,7.6,2.0294631718735943,NA,FALSE,12
FL,2012-11-01,7.4,2.0028304393079956,NA,FALSE,12
FL,2012-12-01,7.2,1.9754689512968575,NA,FALSE,12
FL,2013-01-01,7,1.9473377010464987,NA,FALSE,12
FL,2013-02-01,6.9,1.9329696377795784,NA,FALSE,12
FL,2013-03-01,6.7,1.9035989509835904,NA,FALSE,12
FL,2013-04-01,6.7,1.9035989509835904,NA,FALSE,12
FL,2013-05-01,6.4,1.8578592709325787,NA,FALSE,12
FL,2013-06-01,6.1,1.809926773183504,NA,FALSE,12
FL,2013-07-01,5.3,1.6695918352538477,NA,FALSE,12
FL,2013-08-01,5.1,1.631199404215613,NA,FALSE,12
FL,2013-09-01,5,1.6114359150967734,NA,FALSE,12
FL,2013-10-01,4.8,1.5706970841176695,NA,FALSE,12
FL,2013-11-01,4.8,1.5706970841176695,NA,FALSE,12
FL,2013-12-01,4.8,1.5706970841176695,NA,FALSE,12
FL,2014-01-01,4.7,1.5496879080283263,NA,FALSE,12
FL,2014-02-01,4.5,1.506297153514587,NA,FALSE,12
FL,2014-03-01,4.2,1.43746264769429,NA,FALSE,12
FL,2014-04-01,4.1,1.413423028508143,NA,FALSE,12
FL,2014-05-01,4.1,1.413423028508143,NA,FALSE,12
FL,2014-06-01,4,1.3887912413184778,NA,FALSE,12
FL,2014-07-01,3.9,1.3635373739972745,NA,FALSE,12
FL,2014-08-01,3.9,1.3635373739972745,NA,FALSE,12
FL,2014-09-01,3.8,1.3376291891386094,NA,FALSE,12
FL,2014-10-01,3.6,1.2837077723447896,NA,FALSE,12
FL,2014-11-01,3.6,1.2837077723447896,NA,FALSE,12
FL,2014-12-01,3.6,1.2837077723447896,NA,FALSE,12
FL,2015-01-01,3.5,1.2556160374777745,NA,FALSE,12
FL,2015-02-01,3.3,1.1969481893889715,NA,FALSE,12
FL,2015-03-01,3.2,1.1662709371419244,NA,FALSE,12
FL,2015-04-01,3,1.1019400787607845,NA,FALSE,12
FL,2015-05-01,2.9,1.068153081183401,NA,FALSE,12
FL,2015-06-01,2.8,1.0331844833456545,NA,FALSE,12
FL,2015-07-01,2.7,0.9969486348916096,NA,FALSE,12
FL,2015-08-01,2.6,0.959350221334602,NA,FALSE,12
FL,2015-09-01,2.5,0.9202827531436923,NA,FALSE,12
FL,2015-10-01,2.4,0.8796267475025635,NA,FALSE,12
FL,2015-11-01,2.3,0.837247524533702,NA,FALSE,12
FL,2015-12-01,2.3,0.837247524533702,NA,FALSE,12
FL,2016-01-01,2.2,0.7929925155296614,NA,FALSE,12
FL,2016-02-01,2.4,0.8796267475025635,NA,FALSE,12
FL,2016-03-01,2.1,0.7466879474879751,NA,FALSE,12
FL,2016-04-01,2,0.6981347220709843,NA,FALSE,12
FL,2016-05-01,2,0.6981347220709843,NA,FALSE,12
FL,2016-06-01,1.8,0.5933268452777344,NA,FALSE,12
FL,2016-07-01,1.8,0.5933268452777344,NA,FALSE,12
FL,2016-08-01,1.8,0.5933268452777344,NA,FALSE,12
FL,2016-09-01,1.7,0.5364933705145685,NA,FALSE,12
FL,2016-10-01,1.7,0.5364933705145685,NA,FALSE,12
FL,2016-11-01,1.7,0.5364933705145685,NA,FALSE,12
FL,2016-12-01,1.7,0.5364933705145685,NA,FALSE,12
FL,2017-01-01,1.7,0.5364933705145685,NA,FALSE,12
FL,2017-02-01,1.6,0.4762341789963717,NA,FALSE,12
FL,2017-03-01,1.6,0.4762341789963717,NA,FALSE,12
FL,2017-04-01,1.5,0.412109650826833,NA,FALSE,12
FL,2017-05-01,1.4,0.34358970439007686,NA,FALSE,12
FL,2017-06-01,1.4,0.34358970439007686,NA,FALSE,12
FL,2017-07-01,1.3,0.2700271372130602,NA,FALSE,12
FL,2017-08-01,1.3,0.2700271372130602,NA,FALSE,12
FL,2017-09-01,1.2,0.1906203596086497,NA,FALSE,12
FL,2017-10-01,1.1,0.10436001532424286,NA,FALSE,12
FL,2017-11-01,1,0.00995033085316809,NA,FALSE,12
FL,2017-12-01,1,0.00995033085316809,NA,FALSE,12
FL,2018-01-01,1.1,0.10436001532424286,NA,FALSE,12
FL,2018-02-01,1.2,0.1906203596086497,NA,FALSE,12
FL,2018-03-01,1.2,0.1906203596086497,NA,FALSE,12
FL,2018-04-01,1.2,0.1906203596086497,NA,FALSE,12
FL,2018-05-01,1.3,0.2700271372130602,NA,FALSE,12
FL,2018-06-01,1.3,0.2700271372130602,NA,FALSE,12
FL,2018-07-01,1.3,0.2700271372130602,NA,FALSE,12
FL,2018-08-01,1.2,0.1906203596086497,NA,FALSE,12
FL,2018-09-01,1.2,0.1906203596086497,NA,FALSE,12
FL,2018-10-01,1.2,0.1906203596086497,NA,FALSE,12
FL,2018-11-01,1.1,0.10436001532424286,NA,FALSE,12
FL,2018-12-01,1.2,0.1906203596086497,NA,FALSE,12
FL,2019-01-01,1.2,0.1906203596086497,NA,FALSE,12
FL,2019-02-01,1.1,0.10436001532424286,NA,FALSE,12
FL,2019-03-01,1.1,0.10436001532424286,NA,FALSE,12
FL,2019-04-01,1,0.00995033085316809,NA,FALSE,12
FL,2019-05-01,0.9,-0.09431067947124128,NA,FALSE,12
FL,2019-06-01,0.9,-0.09431067947124128,NA,FALSE,12
FL,2019-07-01,0.9,-0.09431067947124128,NA,FALSE,12
FL,2019-08-01,1,0.00995033085316809,NA,FALSE,12
FL,2019-09-01,1,0.00995033085316809,NA,FALSE,12
FL,2019-10-01,1,0.00995033085316809,NA,FALSE,12
FL,2019-11-01,1,0.00995033085316809,NA,FALSE,12
FL,2019-12-01,1,0.00995033085316809,NA,FALSE,12
FL,2020-01-01,1,0.00995033085316809,NA,FALSE,12
FL,2020-02-01,1,0.00995033085316809,NA,FALSE,12
FL,2020-03-01,0.9,-0.09431067947124128,NA,FALSE,12
FL,2020-04-01,0.9,-0.09431067947124128,NA,FALSE,12
FL,2020-05-01,0.8,-0.2107210313156525,NA,FALSE,12
FL,2020-06-01,0.8,-0.2107210313156525,NA,FALSE,12
FL,2020-07-01,0.8,-0.2107210313156525,NA,FALSE,12
FL,2020-08-01,0.7,-0.342490308946776,NA,FALSE,12
FL,2020-09-01,0.7,-0.342490308946776,NA,FALSE,12
FL,2020-10-01,0.7,-0.342490308946776,NA,FALSE,12
FL,2020-11-01,0.7,-0.342490308946776,NA,FALSE,12
FL,2020-12-01,0.7,-0.342490308946776,NA,FALSE,12
FL,2021-01-01,0.7,-0.342490308946776,NA,FALSE,12
FL,2021-02-01,0.7,-0.342490308946776,NA,FALSE,12
FL,2021-03-01,0.6,-0.4942963218147801,NA,FALSE,12
FL,2021-04-01,0.6,-0.4942963218147801,NA,FALSE,12
FL,2021-05-01,0.6,-0.4942963218147801,NA,FALSE,12
FL,2021-06-01,0.5,-0.6733445532637656,NA,FALSE,12
FL,2021-07-01,0.6,-0.4942963218147801,NA,FALSE,12
FL,2021-08-01,0.6,-0.4942963218147801,NA,FALSE,12
FL,2021-09-01,0.6,-0.4942963218147801,NA,FALSE,12
FL,2021-10-01,0.6,-0.4942963218147801,NA,FALSE,12
FL,2021-11-01,0.6,-0.4942963218147801,NA,FALSE,12
FL,2021-12-01,0.6,-0.4942963218147801,NA,FALSE,12
FL,2022-01-01,0.6,-0.4942963218147801,NA,FALSE,12
FL,2022-02-01,0.6,-0.4942963218147801,NA,FALSE,12
FL,2022-03-01,0.5,-0.6733445532637656,NA,FALSE,12
FL,2022-04-01,0.5,-0.6733445532637656,NA,FALSE,12
FL,2022-05-01,0.5,-0.6733445532637656,NA,FALSE,12
FL,2022-06-01,0.5,-0.6733445532637656,NA,FALSE,12
FL,2022-07-01,0.5,-0.6733445532637656,NA,FALSE,12
FL,2022-08-01,0.5,-0.6733445532637656,NA,FALSE,12
FL,2022-09-01,0.5,-0.6733445532637656,NA,FALSE,12
FL,2022-10-01,0.5,-0.6733445532637656,NA,FALSE,12
FL,2022-11-01,0.5,-0.6733445532637656,NA,FALSE,12
FL,2022-12-01,0.5,-0.6733445532637656,NA,FALSE,12
FL,2023-01-01,0.6,-0.4942963218147801,NA,FALSE,12
FL,2023-02-01,0.6,-0.4942963218147801,NA,FALSE,12
FL,2023-03-01,0.6,-0.4942963218147801,NA,FALSE,12
FL,2023-04-01,0.6,-0.4942963218147801,NA,FALSE,12
FL,2023-05-01,0.6,-0.4942963218147801,NA,FALSE,12
FL,2023-06-01,0.6,-0.4942963218147801,NA,FALSE,12
FL,2023-07-01,0.6,-0.4942963218147801,NA,FALSE,12
FL,2023-08-01,0.6,-0.4942963218147801,NA,FALSE,12
FL,2023-09-01,0.6,-0.4942963218147801,NA,FALSE,12
FL,2023-10-01,0.6,-0.4942963218147801,NA,FALSE,12
FL,2023-11-01,0.6,-0.4942963218147801,NA,FALSE,12
FL,2023-12-01,0.7,-0.342490308946776,NA,FALSE,12
FL,2024-01-01,0.8,-0.2107210313156525,NA,FALSE,12
FL,2024-02-01,0.8,-0.2107210313156525,NA,FALSE,12
FL,2024-03-01,0.8,-0.2107210313156525,NA,FALSE,12
FL,2024-04-01,0.7,-0.342490308946776,NA,FALSE,12
FL,2024-05-01,0.7,-0.342490308946776,NA,FALSE,12
FL,2024-06-01,0.7,-0.342490308946776,NA,FALSE,12
FL,2024-07-01,0.8,-0.2107210313156525,NA,FALSE,12
FL,2024-08-01,0.8,-0.2107210313156525,NA,FALSE,12
FL,2024-09-01,0.9,-0.09431067947124128,NA,FALSE,12
FL,2024-10-01,0.8,-0.2107210313156525,NA,FALSE,12
FL,2024-11-01,0.8,-0.2107210313156525,NA,FALSE,12
FL,2024-12-01,0.8,-0.2107210313156525,NA,FALSE,12
FL,2025-01-01,0.9,-0.09431067947124128,NA,FALSE,12
FL,2025-02-01,1,0.00995033085316809,NA,FALSE,12
FL,2025-03-01,1,0.00995033085316809,NA,FALSE,12
GA,2008-01-01,2.1,0.7466879474879751,NA,FALSE,13
GA,2008-02-01,2,0.6981347220709843,NA,FALSE,13
GA,2008-03-01,2.1,0.7466879474879751,NA,FALSE,13
GA,2008-04-01,2.1,0.7466879474879751,NA,FALSE,13
GA,2008-05-01,2.1,0.7466879474879751,NA,FALSE,13
GA,2008-06-01,2.1,0.7466879474879751,NA,FALSE,13
GA,2008-07-01,2.3,0.837247524533702,NA,FALSE,13
GA,2008-08-01,2.3,0.837247524533702,NA,FALSE,13
GA,2008-09-01,2.4,0.8796267475025635,NA,FALSE,13
GA,2008-10-01,2.6,0.959350221334602,NA,FALSE,13
GA,2008-11-01,2.8,1.0331844833456545,NA,FALSE,13
GA,2008-12-01,3.1,1.1346227261911428,NA,FALSE,13
GA,2009-01-01,3.4,1.2267122912954254,NA,FALSE,13
GA,2009-02-01,3.5,1.2556160374777745,NA,FALSE,13
GA,2009-03-01,3.6,1.2837077723447896,NA,FALSE,13
GA,2009-04-01,3.8,1.3376291891386094,NA,FALSE,13
GA,2009-05-01,4,1.3887912413184778,NA,FALSE,13
GA,2009-06-01,4.2,1.43746264769429,NA,FALSE,13
GA,2009-07-01,4.5,1.506297153514587,NA,FALSE,13
GA,2009-08-01,4.7,1.5496879080283263,NA,FALSE,13
GA,2009-09-01,5,1.6114359150967734,NA,FALSE,13
GA,2009-10-01,5.4,1.6882490928583902,NA,FALSE,13
GA,2009-11-01,5.6,1.7245507195346048,NA,FALSE,13
GA,2009-12-01,5.8,1.7595805708638197,NA,FALSE,13
GA,2010-01-01,5.9,1.776645831418007,NA,FALSE,13
GA,2010-02-01,6,1.7934247485471162,NA,FALSE,13
GA,2010-03-01,5.8,1.7595805708638197,NA,FALSE,13
GA,2010-04-01,5.5,1.706564623164823,NA,FALSE,13
GA,2010-05-01,5.5,1.706564623164823,NA,FALSE,13
GA,2010-06-01,5.4,1.6882490928583902,NA,FALSE,13
GA,2010-07-01,5.3,1.6695918352538477,NA,FALSE,13
GA,2010-08-01,5.1,1.631199404215613,NA,FALSE,13
GA,2010-09-01,5.1,1.631199404215613,NA,FALSE,13
GA,2010-10-01,5,1.6114359150967734,NA,FALSE,13
GA,2010-11-01,4.8,1.5706970841176695,NA,FALSE,13
GA,2010-12-01,4.9,1.5912739418064292,NA,FALSE,13
GA,2011-01-01,4.8,1.5706970841176695,NA,FALSE,13
GA,2011-02-01,4.6,1.528227857008557,NA,FALSE,13
GA,2011-03-01,4.6,1.528227857008557,NA,FALSE,13
GA,2011-04-01,4.4,1.483874689458755,NA,FALSE,13
GA,2011-05-01,4.4,1.483874689458755,NA,FALSE,13
GA,2011-06-01,4.3,1.4609379041156565,NA,FALSE,13
GA,2011-07-01,4.2,1.43746264769429,NA,FALSE,13
GA,2011-08-01,4.2,1.43746264769429,NA,FALSE,13
GA,2011-09-01,4.2,1.43746264769429,NA,FALSE,13
GA,2011-10-01,4.3,1.4609379041156565,NA,FALSE,13
GA,2011-11-01,4.4,1.483874689458755,NA,FALSE,13
GA,2011-12-01,4.4,1.483874689458755,NA,FALSE,13
GA,2012-01-01,4.5,1.506297153514587,NA,FALSE,13
GA,2012-02-01,4.4,1.483874689458755,NA,FALSE,13
GA,2012-03-01,4.2,1.43746264769429,NA,FALSE,13
GA,2012-04-01,4.1,1.413423028508143,NA,FALSE,13
GA,2012-05-01,4.2,1.43746264769429,NA,FALSE,13
GA,2012-06-01,4.1,1.413423028508143,NA,FALSE,13
GA,2012-07-01,4.1,1.413423028508143,NA,FALSE,13
GA,2012-08-01,3.9,1.3635373739972745,NA,FALSE,13
GA,2012-09-01,3.9,1.3635373739972745,NA,FALSE,13
GA,2012-10-01,3.9,1.3635373739972745,NA,FALSE,13
GA,2012-11-01,3.9,1.3635373739972745,NA,FALSE,13
GA,2012-12-01,3.8,1.3376291891386094,NA,FALSE,13
GA,2013-01-01,3.8,1.3376291891386094,NA,FALSE,13
GA,2013-02-01,3.7,1.3110318766193438,NA,FALSE,13
GA,2013-03-01,3.7,1.3110318766193438,NA,FALSE,13
GA,2013-04-01,3.4,1.2267122912954254,NA,FALSE,13
GA,2013-05-01,3.3,1.1969481893889715,NA,FALSE,13
GA,2013-06-01,3.1,1.1346227261911428,NA,FALSE,13
GA,2013-07-01,3,1.1019400787607845,NA,FALSE,13
GA,2013-08-01,2.9,1.068153081183401,NA,FALSE,13
GA,2013-09-01,2.8,1.0331844833456545,NA,FALSE,13
GA,2013-10-01,2.8,1.0331844833456545,NA,FALSE,13
GA,2013-11-01,2.8,1.0331844833456545,NA,FALSE,13
GA,2013-12-01,2.9,1.068153081183401,NA,FALSE,13
GA,2014-01-01,2.8,1.0331844833456545,NA,FALSE,13
GA,2014-02-01,2.7,0.9969486348916096,NA,FALSE,13
GA,2014-03-01,2.6,0.959350221334602,NA,FALSE,13
GA,2014-04-01,2.5,0.9202827531436923,NA,FALSE,13
GA,2014-05-01,2.5,0.9202827531436923,NA,FALSE,13
GA,2014-06-01,2.4,0.8796267475025635,NA,FALSE,13
GA,2014-07-01,2.4,0.8796267475025635,NA,FALSE,13
GA,2014-08-01,2.4,0.8796267475025635,NA,FALSE,13
GA,2014-09-01,2.3,0.837247524533702,NA,FALSE,13
GA,2014-10-01,2.3,0.837247524533702,NA,FALSE,13
GA,2014-11-01,2.3,0.837247524533702,NA,FALSE,13
GA,2014-12-01,2.3,0.837247524533702,NA,FALSE,13
GA,2015-01-01,2.3,0.837247524533702,NA,FALSE,13
GA,2015-02-01,2.2,0.7929925155296614,NA,FALSE,13
GA,2015-03-01,2,0.6981347220709843,NA,FALSE,13
GA,2015-04-01,1.9,0.6471032420585384,NA,FALSE,13
GA,2015-05-01,1.9,0.6471032420585384,NA,FALSE,13
GA,2015-06-01,1.9,0.6471032420585384,NA,FALSE,13
GA,2015-07-01,1.8,0.5933268452777344,NA,FALSE,13
GA,2015-08-01,1.8,0.5933268452777344,NA,FALSE,13
GA,2015-09-01,1.8,0.5933268452777344,NA,FALSE,13
GA,2015-10-01,1.7,0.5364933705145685,NA,FALSE,13
GA,2015-11-01,1.7,0.5364933705145685,NA,FALSE,13
GA,2015-12-01,1.7,0.5364933705145685,NA,FALSE,13
GA,2016-01-01,1.7,0.5364933705145685,NA,FALSE,13
GA,2016-02-01,1.8,0.5933268452777344,NA,FALSE,13
GA,2016-03-01,1.6,0.4762341789963717,NA,FALSE,13
GA,2016-04-01,1.5,0.412109650826833,NA,FALSE,13
GA,2016-05-01,1.5,0.412109650826833,NA,FALSE,13
GA,2016-06-01,1.4,0.34358970439007686,NA,FALSE,13
GA,2016-07-01,1.4,0.34358970439007686,NA,FALSE,13
GA,2016-08-01,1.4,0.34358970439007686,NA,FALSE,13
GA,2016-09-01,1.4,0.34358970439007686,NA,FALSE,13
GA,2016-10-01,1.4,0.34358970439007686,NA,FALSE,13
GA,2016-11-01,1.4,0.34358970439007686,NA,FALSE,13
GA,2016-12-01,1.4,0.34358970439007686,NA,FALSE,13
GA,2017-01-01,1.4,0.34358970439007686,NA,FALSE,13
GA,2017-02-01,1.4,0.34358970439007686,NA,FALSE,13
GA,2017-03-01,1.3,0.2700271372130602,NA,FALSE,13
GA,2017-04-01,1.2,0.1906203596086497,NA,FALSE,13
GA,2017-05-01,1.2,0.1906203596086497,NA,FALSE,13
GA,2017-06-01,1.2,0.1906203596086497,NA,FALSE,13
GA,2017-07-01,1.2,0.1906203596086497,NA,FALSE,13
GA,2017-08-01,1.2,0.1906203596086497,NA,FALSE,13
GA,2017-09-01,1.2,0.1906203596086497,NA,FALSE,13
GA,2017-10-01,1.1,0.10436001532424286,NA,FALSE,13
GA,2017-11-01,1.1,0.10436001532424286,NA,FALSE,13
GA,2017-12-01,1.1,0.10436001532424286,NA,FALSE,13
GA,2018-01-01,1.2,0.1906203596086497,NA,FALSE,13
GA,2018-02-01,1.2,0.1906203596086497,NA,FALSE,13
GA,2018-03-01,1,0.00995033085316809,NA,FALSE,13
GA,2018-04-01,1,0.00995033085316809,NA,FALSE,13
GA,2018-05-01,0.9,-0.09431067947124128,NA,FALSE,13
GA,2018-06-01,1,0.00995033085316809,NA,FALSE,13
GA,2018-07-01,1,0.00995033085316809,NA,FALSE,13
GA,2018-08-01,1,0.00995033085316809,NA,FALSE,13
GA,2018-09-01,1,0.00995033085316809,NA,FALSE,13
GA,2018-10-01,1,0.00995033085316809,NA,FALSE,13
GA,2018-11-01,1,0.00995033085316809,NA,FALSE,13
GA,2018-12-01,1,0.00995033085316809,NA,FALSE,13
GA,2019-01-01,1,0.00995033085316809,NA,FALSE,13
GA,2019-02-01,1,0.00995033085316809,NA,FALSE,13
GA,2019-03-01,0.9,-0.09431067947124128,NA,FALSE,13
GA,2019-04-01,0.8,-0.2107210313156525,NA,FALSE,13
GA,2019-05-01,0.9,-0.09431067947124128,NA,FALSE,13
GA,2019-06-01,0.8,-0.2107210313156525,NA,FALSE,13
GA,2019-07-01,0.8,-0.2107210313156525,NA,FALSE,13
GA,2019-08-01,0.9,-0.09431067947124128,NA,FALSE,13
GA,2019-09-01,0.9,-0.09431067947124128,NA,FALSE,13
GA,2019-10-01,0.9,-0.09431067947124128,NA,FALSE,13
GA,2019-11-01,1,0.00995033085316809,NA,FALSE,13
GA,2019-12-01,1,0.00995033085316809,NA,FALSE,13
GA,2020-01-01,1,0.00995033085316809,NA,FALSE,13
GA,2020-02-01,1,0.00995033085316809,NA,FALSE,13
GA,2020-03-01,0.9,-0.09431067947124128,NA,FALSE,13
GA,2020-04-01,0.8,-0.2107210313156525,NA,FALSE,13
GA,2020-05-01,0.8,-0.2107210313156525,NA,FALSE,13
GA,2020-06-01,0.7,-0.342490308946776,NA,FALSE,13
GA,2020-07-01,0.7,-0.342490308946776,NA,FALSE,13
GA,2020-08-01,0.7,-0.342490308946776,NA,FALSE,13
GA,2020-09-01,0.7,-0.342490308946776,NA,FALSE,13
GA,2020-10-01,0.6,-0.4942963218147801,NA,FALSE,13
GA,2020-11-01,0.6,-0.4942963218147801,NA,FALSE,13
GA,2020-12-01,0.6,-0.4942963218147801,NA,FALSE,13
GA,2021-01-01,0.6,-0.4942963218147801,NA,FALSE,13
GA,2021-02-01,0.6,-0.4942963218147801,NA,FALSE,13
GA,2021-03-01,0.6,-0.4942963218147801,NA,FALSE,13
GA,2021-04-01,0.5,-0.6733445532637656,NA,FALSE,13
GA,2021-05-01,0.5,-0.6733445532637656,NA,FALSE,13
GA,2021-06-01,0.5,-0.6733445532637656,NA,FALSE,13
GA,2021-07-01,0.5,-0.6733445532637656,NA,FALSE,13
GA,2021-08-01,0.5,-0.6733445532637656,NA,FALSE,13
GA,2021-09-01,0.5,-0.6733445532637656,NA,FALSE,13
GA,2021-10-01,0.6,-0.4942963218147801,NA,FALSE,13
GA,2021-11-01,0.6,-0.4942963218147801,NA,FALSE,13
GA,2021-12-01,0.6,-0.4942963218147801,NA,FALSE,13
GA,2022-01-01,0.6,-0.4942963218147801,NA,FALSE,13
GA,2022-02-01,0.6,-0.4942963218147801,NA,FALSE,13
GA,2022-03-01,0.5,-0.6733445532637656,NA,FALSE,13
GA,2022-04-01,0.7,-0.342490308946776,NA,FALSE,13
GA,2022-05-01,0.5,-0.6733445532637656,NA,FALSE,13
GA,2022-06-01,0.5,-0.6733445532637656,NA,FALSE,13
GA,2022-07-01,0.4,-0.8915981192837835,NA,FALSE,13
GA,2022-08-01,0.5,-0.6733445532637656,NA,FALSE,13
GA,2022-09-01,0.5,-0.6733445532637656,NA,FALSE,13
GA,2022-10-01,0.5,-0.6733445532637656,NA,FALSE,13
GA,2022-11-01,0.6,-0.4942963218147801,NA,FALSE,13
GA,2022-12-01,0.6,-0.4942963218147801,NA,FALSE,13
GA,2023-01-01,0.7,-0.342490308946776,NA,FALSE,13
GA,2023-02-01,0.6,-0.4942963218147801,NA,FALSE,13
GA,2023-03-01,0.6,-0.4942963218147801,NA,FALSE,13
GA,2023-04-01,0.6,-0.4942963218147801,NA,FALSE,13
GA,2023-05-01,0.6,-0.4942963218147801,NA,FALSE,13
GA,2023-06-01,0.6,-0.4942963218147801,NA,FALSE,13
GA,2023-07-01,0.6,-0.4942963218147801,NA,FALSE,13
GA,2023-08-01,0.7,-0.342490308946776,NA,FALSE,13
GA,2023-09-01,0.7,-0.342490308946776,NA,FALSE,13
GA,2023-10-01,0.7,-0.342490308946776,NA,FALSE,13
GA,2023-11-01,0.7,-0.342490308946776,NA,FALSE,13
GA,2023-12-01,0.8,-0.2107210313156525,NA,FALSE,13
GA,2024-01-01,0.8,-0.2107210313156525,NA,FALSE,13
GA,2024-02-01,0.8,-0.2107210313156525,NA,FALSE,13
GA,2024-03-01,0.8,-0.2107210313156525,NA,FALSE,13
GA,2024-04-01,0.8,-0.2107210313156525,NA,FALSE,13
GA,2024-05-01,0.8,-0.2107210313156525,NA,FALSE,13
GA,2024-06-01,0.8,-0.2107210313156525,NA,FALSE,13
GA,2024-07-01,0.9,-0.09431067947124128,NA,FALSE,13
GA,2024-08-01,0.9,-0.09431067947124128,NA,FALSE,13
GA,2024-09-01,0.9,-0.09431067947124128,NA,FALSE,13
GA,2024-10-01,0.9,-0.09431067947124128,NA,FALSE,13
GA,2024-11-01,0.9,-0.09431067947124128,NA,FALSE,13
GA,2024-12-01,1,0.00995033085316809,NA,FALSE,13
GA,2025-01-01,1.1,0.10436001532424286,NA,FALSE,13
GA,2025-02-01,1.1,0.10436001532424286,NA,FALSE,13
GA,2025-03-01,1,0.00995033085316809,NA,FALSE,13
HI,2008-01-01,0.8,-0.2107210313156525,NA,FALSE,15
HI,2008-02-01,0.9,-0.09431067947124128,NA,FALSE,15
HI,2008-03-01,1,0.00995033085316809,NA,FALSE,15
HI,2008-04-01,1.1,0.10436001532424286,NA,FALSE,15
HI,2008-05-01,1.1,0.10436001532424286,NA,FALSE,15
HI,2008-06-01,1.1,0.10436001532424286,NA,FALSE,15
HI,2008-07-01,1.3,0.2700271372130602,NA,FALSE,15
HI,2008-08-01,1.4,0.34358970439007686,NA,FALSE,15
HI,2008-09-01,1.5,0.412109650826833,NA,FALSE,15
HI,2008-10-01,1.6,0.4762341789963717,NA,FALSE,15
HI,2008-11-01,1.6,0.4762341789963717,NA,FALSE,15
HI,2008-12-01,1.9,0.6471032420585384,NA,FALSE,15
HI,2009-01-01,2.3,0.837247524533702,NA,FALSE,15
HI,2009-02-01,2.6,0.959350221334602,NA,FALSE,15
HI,2009-03-01,2.8,1.0331844833456545,NA,FALSE,15
HI,2009-04-01,3,1.1019400787607845,NA,FALSE,15
HI,2009-05-01,3.3,1.1969481893889715,NA,FALSE,15
HI,2009-06-01,3.5,1.2556160374777745,NA,FALSE,15
HI,2009-07-01,3.6,1.2837077723447896,NA,FALSE,15
HI,2009-08-01,3.8,1.3376291891386094,NA,FALSE,15
HI,2009-09-01,3.9,1.3635373739972745,NA,FALSE,15
HI,2009-10-01,4,1.3887912413184778,NA,FALSE,15
HI,2009-11-01,4.1,1.413423028508143,NA,FALSE,15
HI,2009-12-01,4.1,1.413423028508143,NA,FALSE,15
HI,2010-01-01,4.2,1.43746264769429,NA,FALSE,15
HI,2010-02-01,4.2,1.43746264769429,NA,FALSE,15
HI,2010-03-01,4.2,1.43746264769429,NA,FALSE,15
HI,2010-04-01,4.2,1.43746264769429,NA,FALSE,15
HI,2010-05-01,4.1,1.413423028508143,NA,FALSE,15
HI,2010-06-01,4.1,1.413423028508143,NA,FALSE,15
HI,2010-07-01,4,1.3887912413184778,NA,FALSE,15
HI,2010-08-01,3.9,1.3635373739972745,NA,FALSE,15
HI,2010-09-01,3.8,1.3376291891386094,NA,FALSE,15
HI,2010-10-01,3.7,1.3110318766193438,NA,FALSE,15
HI,2010-11-01,3.7,1.3110318766193438,NA,FALSE,15
HI,2010-12-01,3.7,1.3110318766193438,NA,FALSE,15
HI,2011-01-01,3.6,1.2837077723447896,NA,FALSE,15
HI,2011-02-01,3.4,1.2267122912954254,NA,FALSE,15
HI,2011-03-01,3.4,1.2267122912954254,NA,FALSE,15
HI,2011-04-01,3.4,1.2267122912954254,NA,FALSE,15
HI,2011-05-01,3.4,1.2267122912954254,NA,FALSE,15
HI,2011-06-01,3.5,1.2556160374777745,NA,FALSE,15
HI,2011-07-01,3.5,1.2556160374777745,NA,FALSE,15
HI,2011-08-01,3.7,1.3110318766193438,NA,FALSE,15
HI,2011-09-01,3.8,1.3376291891386094,NA,FALSE,15
HI,2011-10-01,3.8,1.3376291891386094,NA,FALSE,15
HI,2011-11-01,3.8,1.3376291891386094,NA,FALSE,15
HI,2011-12-01,3.6,1.2837077723447896,NA,FALSE,15
HI,2012-01-01,3.7,1.3110318766193438,NA,FALSE,15
HI,2012-02-01,3.7,1.3110318766193438,NA,FALSE,15
HI,2012-03-01,3.9,1.3635373739972745,NA,FALSE,15
HI,2012-04-01,3.8,1.3376291891386094,NA,FALSE,15
HI,2012-05-01,3.8,1.3376291891386094,NA,FALSE,15
HI,2012-06-01,3.7,1.3110318766193438,NA,FALSE,15
HI,2012-07-01,3.5,1.2556160374777745,NA,FALSE,15
HI,2012-08-01,3.5,1.2556160374777745,NA,FALSE,15
HI,2012-09-01,3.4,1.2267122912954254,NA,FALSE,15
HI,2012-10-01,3.4,1.2267122912954254,NA,FALSE,15
HI,2012-11-01,3.3,1.1969481893889715,NA,FALSE,15
HI,2012-12-01,3.2,1.1662709371419244,NA,FALSE,15
HI,2013-01-01,3.1,1.1346227261911428,NA,FALSE,15
HI,2013-02-01,3,1.1019400787607845,NA,FALSE,15
HI,2013-03-01,3.1,1.1346227261911428,NA,FALSE,15
HI,2013-04-01,3.2,1.1662709371419244,NA,FALSE,15
HI,2013-05-01,3,1.1019400787607845,NA,FALSE,15
HI,2013-06-01,2.9,1.068153081183401,NA,FALSE,15
HI,2013-07-01,2.5,0.9202827531436923,NA,FALSE,15
HI,2013-08-01,2.3,0.837247524533702,NA,FALSE,15
HI,2013-09-01,2.4,0.8796267475025635,NA,FALSE,15
HI,2013-10-01,2.3,0.837247524533702,NA,FALSE,15
HI,2013-11-01,2.3,0.837247524533702,NA,FALSE,15
HI,2013-12-01,2.4,0.8796267475025635,NA,FALSE,15
HI,2014-01-01,2.4,0.8796267475025635,NA,FALSE,15
HI,2014-02-01,2.3,0.837247524533702,NA,FALSE,15
HI,2014-03-01,2.2,0.7929925155296614,NA,FALSE,15
HI,2014-04-01,2.1,0.7466879474879751,NA,FALSE,15
HI,2014-05-01,2.2,0.7929925155296614,NA,FALSE,15
HI,2014-06-01,2.3,0.837247524533702,NA,FALSE,15
HI,2014-07-01,2.2,0.7929925155296614,NA,FALSE,15
HI,2014-08-01,2.3,0.837247524533702,NA,FALSE,15
HI,2014-09-01,2.3,0.837247524533702,NA,FALSE,15
HI,2014-10-01,2.2,0.7929925155296614,NA,FALSE,15
HI,2014-11-01,2.2,0.7929925155296614,NA,FALSE,15
HI,2014-12-01,2.1,0.7466879474879751,NA,FALSE,15
HI,2015-01-01,2,0.6981347220709843,NA,FALSE,15
HI,2015-02-01,2,0.6981347220709843,NA,FALSE,15
HI,2015-03-01,2,0.6981347220709843,NA,FALSE,15
HI,2015-04-01,1.9,0.6471032420585384,NA,FALSE,15
HI,2015-05-01,1.8,0.5933268452777344,NA,FALSE,15
HI,2015-06-01,1.7,0.5364933705145685,NA,FALSE,15
HI,2015-07-01,1.6,0.4762341789963717,NA,FALSE,15
HI,2015-08-01,1.5,0.412109650826833,NA,FALSE,15
HI,2015-09-01,1.5,0.412109650826833,NA,FALSE,15
HI,2015-10-01,1.5,0.412109650826833,NA,FALSE,15
HI,2015-11-01,1.5,0.412109650826833,NA,FALSE,15
HI,2015-12-01,1.4,0.34358970439007686,NA,FALSE,15
HI,2016-01-01,1.3,0.2700271372130602,NA,FALSE,15
HI,2016-02-01,1.4,0.34358970439007686,NA,FALSE,15
HI,2016-03-01,1.3,0.2700271372130602,NA,FALSE,15
HI,2016-04-01,1.2,0.1906203596086497,NA,FALSE,15
HI,2016-05-01,1.2,0.1906203596086497,NA,FALSE,15
HI,2016-06-01,1.1,0.10436001532424286,NA,FALSE,15
HI,2016-07-01,1.1,0.10436001532424286,NA,FALSE,15
HI,2016-08-01,1.2,0.1906203596086497,NA,FALSE,15
HI,2016-09-01,1.2,0.1906203596086497,NA,FALSE,15
HI,2016-10-01,1.2,0.1906203596086497,NA,FALSE,15
HI,2016-11-01,1.3,0.2700271372130602,NA,FALSE,15
HI,2016-12-01,1.2,0.1906203596086497,NA,FALSE,15
HI,2017-01-01,1.1,0.10436001532424286,NA,FALSE,15
HI,2017-02-01,1.2,0.1906203596086497,NA,FALSE,15
HI,2017-03-01,1,0.00995033085316809,NA,FALSE,15
HI,2017-04-01,1,0.00995033085316809,NA,FALSE,15
HI,2017-05-01,0.9,-0.09431067947124128,NA,FALSE,15
HI,2017-06-01,1.1,0.10436001532424286,NA,FALSE,15
HI,2017-07-01,1,0.00995033085316809,NA,FALSE,15
HI,2017-08-01,1,0.00995033085316809,NA,FALSE,15
HI,2017-09-01,1,0.00995033085316809,NA,FALSE,15
HI,2017-10-01,1,0.00995033085316809,NA,FALSE,15
HI,2017-11-01,1,0.00995033085316809,NA,FALSE,15
HI,2017-12-01,1,0.00995033085316809,NA,FALSE,15
HI,2018-01-01,1.1,0.10436001532424286,NA,FALSE,15
HI,2018-02-01,1,0.00995033085316809,NA,FALSE,15
HI,2018-03-01,1.1,0.10436001532424286,NA,FALSE,15
HI,2018-04-01,1,0.00995033085316809,NA,FALSE,15
HI,2018-05-01,0.9,-0.09431067947124128,NA,FALSE,15
HI,2018-06-01,0.9,-0.09431067947124128,NA,FALSE,15
HI,2018-07-01,0.9,-0.09431067947124128,NA,FALSE,15
HI,2018-08-01,1,0.00995033085316809,NA,FALSE,15
HI,2018-09-01,0.9,-0.09431067947124128,NA,FALSE,15
HI,2018-10-01,0.9,-0.09431067947124128,NA,FALSE,15
HI,2018-11-01,0.9,-0.09431067947124128,NA,FALSE,15
HI,2018-12-01,0.8,-0.2107210313156525,NA,FALSE,15
HI,2019-01-01,0.8,-0.2107210313156525,NA,FALSE,15
HI,2019-02-01,0.8,-0.2107210313156525,NA,FALSE,15
HI,2019-03-01,0.8,-0.2107210313156525,NA,FALSE,15
HI,2019-04-01,0.8,-0.2107210313156525,NA,FALSE,15
HI,2019-05-01,0.7,-0.342490308946776,NA,FALSE,15
HI,2019-06-01,0.8,-0.2107210313156525,NA,FALSE,15
HI,2019-07-01,0.7,-0.342490308946776,NA,FALSE,15
HI,2019-08-01,0.6,-0.4942963218147801,NA,FALSE,15
HI,2019-09-01,0.7,-0.342490308946776,NA,FALSE,15
HI,2019-10-01,0.7,-0.342490308946776,NA,FALSE,15
HI,2019-11-01,0.8,-0.2107210313156525,NA,FALSE,15
HI,2019-12-01,0.7,-0.342490308946776,NA,FALSE,15
HI,2020-01-01,0.8,-0.2107210313156525,NA,FALSE,15
HI,2020-02-01,0.7,-0.342490308946776,NA,FALSE,15
HI,2020-03-01,0.6,-0.4942963218147801,NA,FALSE,15
HI,2020-04-01,0.7,-0.342490308946776,NA,FALSE,15
HI,2020-05-01,0.6,-0.4942963218147801,NA,FALSE,15
HI,2020-06-01,0.6,-0.4942963218147801,NA,FALSE,15
HI,2020-07-01,0.6,-0.4942963218147801,NA,FALSE,15
HI,2020-08-01,0.6,-0.4942963218147801,NA,FALSE,15
HI,2020-09-01,0.6,-0.4942963218147801,NA,FALSE,15
HI,2020-10-01,0.6,-0.4942963218147801,NA,FALSE,15
HI,2020-11-01,0.6,-0.4942963218147801,NA,FALSE,15
HI,2020-12-01,0.6,-0.4942963218147801,NA,FALSE,15
HI,2021-01-01,0.5,-0.6733445532637656,NA,FALSE,15
HI,2021-02-01,0.5,-0.6733445532637656,NA,FALSE,15
HI,2021-03-01,0.5,-0.6733445532637656,NA,FALSE,15
HI,2021-04-01,0.5,-0.6733445532637656,NA,FALSE,15
HI,2021-05-01,0.5,-0.6733445532637656,NA,FALSE,15
HI,2021-06-01,0.5,-0.6733445532637656,NA,FALSE,15
HI,2021-07-01,0.5,-0.6733445532637656,NA,FALSE,15
HI,2021-08-01,0.5,-0.6733445532637656,NA,FALSE,15
HI,2021-09-01,0.5,-0.6733445532637656,NA,FALSE,15
HI,2021-10-01,0.4,-0.8915981192837835,NA,FALSE,15
HI,2021-11-01,0.4,-0.8915981192837835,NA,FALSE,15
HI,2021-12-01,0.4,-0.8915981192837835,NA,FALSE,15
HI,2022-01-01,0.4,-0.8915981192837835,NA,FALSE,15
HI,2022-02-01,0.5,-0.6733445532637656,NA,FALSE,15
HI,2022-03-01,0.5,-0.6733445532637656,NA,FALSE,15
HI,2022-04-01,0.5,-0.6733445532637656,NA,FALSE,15
HI,2022-05-01,0.5,-0.6733445532637656,NA,FALSE,15
HI,2022-06-01,0.5,-0.6733445532637656,NA,FALSE,15
HI,2022-07-01,0.5,-0.6733445532637656,NA,FALSE,15
HI,2022-08-01,0.5,-0.6733445532637656,NA,FALSE,15
HI,2022-09-01,0.5,-0.6733445532637656,NA,FALSE,15
HI,2022-10-01,0.5,-0.6733445532637656,NA,FALSE,15
HI,2022-11-01,0.4,-0.8915981192837835,NA,FALSE,15
HI,2022-12-01,0.4,-0.8915981192837835,NA,FALSE,15
HI,2023-01-01,0.5,-0.6733445532637656,NA,FALSE,15
HI,2023-02-01,0.5,-0.6733445532637656,NA,FALSE,15
HI,2023-03-01,0.5,-0.6733445532637656,NA,FALSE,15
HI,2023-04-01,0.5,-0.6733445532637656,NA,FALSE,15
HI,2023-05-01,0.5,-0.6733445532637656,NA,FALSE,15
HI,2023-06-01,0.6,-0.4942963218147801,NA,FALSE,15
HI,2023-07-01,0.6,-0.4942963218147801,NA,FALSE,15
HI,2023-08-01,0.6,-0.4942963218147801,NA,FALSE,15
HI,2023-09-01,0.6,-0.4942963218147801,NA,FALSE,15
HI,2023-10-01,0.6,-0.4942963218147801,NA,FALSE,15
HI,2023-11-01,0.7,-0.342490308946776,NA,FALSE,15
HI,2023-12-01,0.7,-0.342490308946776,NA,FALSE,15
HI,2024-01-01,0.6,-0.4942963218147801,NA,FALSE,15
HI,2024-02-01,0.6,-0.4942963218147801,NA,FALSE,15
HI,2024-03-01,0.6,-0.4942963218147801,NA,FALSE,15
HI,2024-04-01,0.5,-0.6733445532637656,NA,FALSE,15
HI,2024-05-01,0.5,-0.6733445532637656,NA,FALSE,15
HI,2024-06-01,0.6,-0.4942963218147801,NA,FALSE,15
HI,2024-07-01,0.7,-0.342490308946776,NA,FALSE,15
HI,2024-08-01,0.6,-0.4942963218147801,NA,FALSE,15
HI,2024-09-01,0.7,-0.342490308946776,NA,FALSE,15
HI,2024-10-01,0.7,-0.342490308946776,NA,FALSE,15
HI,2024-11-01,0.6,-0.4942963218147801,NA,FALSE,15
HI,2024-12-01,0.7,-0.342490308946776,NA,FALSE,15
HI,2025-01-01,0.8,-0.2107210313156525,NA,FALSE,15
HI,2025-02-01,0.8,-0.2107210313156525,NA,FALSE,15
HI,2025-03-01,0.7,-0.342490308946776,NA,FALSE,15
ID,2008-01-01,0.7,-0.342490308946776,NA,FALSE,16
ID,2008-02-01,0.8,-0.2107210313156525,NA,FALSE,16
ID,2008-03-01,0.9,-0.09431067947124128,NA,FALSE,16
ID,2008-04-01,0.8,-0.2107210313156525,NA,FALSE,16
ID,2008-05-01,0.9,-0.09431067947124128,NA,FALSE,16
ID,2008-06-01,0.9,-0.09431067947124128,NA,FALSE,16
ID,2008-07-01,1.1,0.10436001532424286,NA,FALSE,16
ID,2008-08-01,1,0.00995033085316809,NA,FALSE,16
ID,2008-09-01,1.1,0.10436001532424286,NA,FALSE,16
ID,2008-10-01,1.3,0.2700271372130602,NA,FALSE,16
ID,2008-11-01,1.4,0.34358970439007686,NA,FALSE,16
ID,2008-12-01,1.6,0.4762341789963717,NA,FALSE,16
ID,2009-01-01,1.8,0.5933268452777344,NA,FALSE,16
ID,2009-02-01,1.9,0.6471032420585384,NA,FALSE,16
ID,2009-03-01,2.1,0.7466879474879751,NA,FALSE,16
ID,2009-04-01,2.3,0.837247524533702,NA,FALSE,16
ID,2009-05-01,2.4,0.8796267475025635,NA,FALSE,16
ID,2009-06-01,2.7,0.9969486348916096,NA,FALSE,16
ID,2009-07-01,2.9,1.068153081183401,NA,FALSE,16
ID,2009-08-01,3,1.1019400787607845,NA,FALSE,16
ID,2009-09-01,3.2,1.1662709371419244,NA,FALSE,16
ID,2009-10-01,3.5,1.2556160374777745,NA,FALSE,16
ID,2009-11-01,3.5,1.2556160374777745,NA,FALSE,16
ID,2009-12-01,3.5,1.2556160374777745,NA,FALSE,16
ID,2010-01-01,3.5,1.2556160374777745,NA,FALSE,16
ID,2010-02-01,3.7,1.3110318766193438,NA,FALSE,16
ID,2010-03-01,3.5,1.2556160374777745,NA,FALSE,16
ID,2010-04-01,3.4,1.2267122912954254,NA,FALSE,16
ID,2010-05-01,3.3,1.1969481893889715,NA,FALSE,16
ID,2010-06-01,3,1.1019400787607845,NA,FALSE,16
ID,2010-07-01,3,1.1019400787607845,NA,FALSE,16
ID,2010-08-01,3.1,1.1346227261911428,NA,FALSE,16
ID,2010-09-01,3,1.1019400787607845,NA,FALSE,16
ID,2010-10-01,2.9,1.068153081183401,NA,FALSE,16
ID,2010-11-01,2.8,1.0331844833456545,NA,FALSE,16
ID,2010-12-01,2.8,1.0331844833456545,NA,FALSE,16
ID,2011-01-01,2.9,1.068153081183401,NA,FALSE,16
ID,2011-02-01,2.8,1.0331844833456545,NA,FALSE,16
ID,2011-03-01,2.7,0.9969486348916096,NA,FALSE,16
ID,2011-04-01,2.6,0.959350221334602,NA,FALSE,16
ID,2011-05-01,2.6,0.959350221334602,NA,FALSE,16
ID,2011-06-01,2.6,0.959350221334602,NA,FALSE,16
ID,2011-07-01,2.6,0.959350221334602,NA,FALSE,16
ID,2011-08-01,2.6,0.959350221334602,NA,FALSE,16
ID,2011-09-01,2.6,0.959350221334602,NA,FALSE,16
ID,2011-10-01,2.4,0.8796267475025635,NA,FALSE,16
ID,2011-11-01,2.4,0.8796267475025635,NA,FALSE,16
ID,2011-12-01,2.5,0.9202827531436923,NA,FALSE,16
ID,2012-01-01,2.5,0.9202827531436923,NA,FALSE,16
ID,2012-02-01,2.5,0.9202827531436923,NA,FALSE,16
ID,2012-03-01,2.3,0.837247524533702,NA,FALSE,16
ID,2012-04-01,2.2,0.7929925155296614,NA,FALSE,16
ID,2012-05-01,2.2,0.7929925155296614,NA,FALSE,16
ID,2012-06-01,2.3,0.837247524533702,NA,FALSE,16
ID,2012-07-01,2.3,0.837247524533702,NA,FALSE,16
ID,2012-08-01,2.2,0.7929925155296614,NA,FALSE,16
ID,2012-09-01,2.1,0.7466879474879751,NA,FALSE,16
ID,2012-10-01,2.3,0.837247524533702,NA,FALSE,16
ID,2012-11-01,2.2,0.7929925155296614,NA,FALSE,16
ID,2012-12-01,2.1,0.7466879474879751,NA,FALSE,16
ID,2013-01-01,2.1,0.7466879474879751,NA,FALSE,16
ID,2013-02-01,2,0.6981347220709843,NA,FALSE,16
ID,2013-03-01,1.9,0.6471032420585384,NA,FALSE,16
ID,2013-04-01,1.8,0.5933268452777344,NA,FALSE,16
ID,2013-05-01,1.7,0.5364933705145685,NA,FALSE,16
ID,2013-06-01,1.7,0.5364933705145685,NA,FALSE,16
ID,2013-07-01,1.6,0.4762341789963717,NA,FALSE,16
ID,2013-08-01,1.6,0.4762341789963717,NA,FALSE,16
ID,2013-09-01,1.6,0.4762341789963717,NA,FALSE,16
ID,2013-10-01,1.4,0.34358970439007686,NA,FALSE,16
ID,2013-11-01,1.4,0.34358970439007686,NA,FALSE,16
ID,2013-12-01,1.4,0.34358970439007686,NA,FALSE,16
ID,2014-01-01,1.5,0.412109650826833,NA,FALSE,16
ID,2014-02-01,1.5,0.412109650826833,NA,FALSE,16
ID,2014-03-01,1.4,0.34358970439007686,NA,FALSE,16
ID,2014-04-01,1.3,0.2700271372130602,NA,FALSE,16
ID,2014-05-01,1.3,0.2700271372130602,NA,FALSE,16
ID,2014-06-01,1.2,0.1906203596086497,NA,FALSE,16
ID,2014-07-01,1.2,0.1906203596086497,NA,FALSE,16
ID,2014-08-01,1.2,0.1906203596086497,NA,FALSE,16
ID,2014-09-01,1.2,0.1906203596086497,NA,FALSE,16
ID,2014-10-01,1.1,0.10436001532424286,NA,FALSE,16
ID,2014-11-01,1.1,0.10436001532424286,NA,FALSE,16
ID,2014-12-01,1.1,0.10436001532424286,NA,FALSE,16
ID,2015-01-01,1.2,0.1906203596086497,NA,FALSE,16
ID,2015-02-01,1.1,0.10436001532424286,NA,FALSE,16
ID,2015-03-01,1,0.00995033085316809,NA,FALSE,16
ID,2015-04-01,0.9,-0.09431067947124128,NA,FALSE,16
ID,2015-05-01,1,0.00995033085316809,NA,FALSE,16
ID,2015-06-01,1,0.00995033085316809,NA,FALSE,16
ID,2015-07-01,1,0.00995033085316809,NA,FALSE,16
ID,2015-08-01,1,0.00995033085316809,NA,FALSE,16
ID,2015-09-01,1,0.00995033085316809,NA,FALSE,16
ID,2015-10-01,1,0.00995033085316809,NA,FALSE,16
ID,2015-11-01,0.8,-0.2107210313156525,NA,FALSE,16
ID,2015-12-01,0.9,-0.09431067947124128,NA,FALSE,16
ID,2016-01-01,0.8,-0.2107210313156525,NA,FALSE,16
ID,2016-02-01,0.8,-0.2107210313156525,NA,FALSE,16
ID,2016-03-01,0.7,-0.342490308946776,NA,FALSE,16
ID,2016-04-01,0.7,-0.342490308946776,NA,FALSE,16
ID,2016-05-01,0.7,-0.342490308946776,NA,FALSE,16
ID,2016-06-01,0.6,-0.4942963218147801,NA,FALSE,16
ID,2016-07-01,0.6,-0.4942963218147801,NA,FALSE,16
ID,2016-08-01,0.7,-0.342490308946776,NA,FALSE,16
ID,2016-09-01,0.8,-0.2107210313156525,NA,FALSE,16
ID,2016-10-01,0.8,-0.2107210313156525,NA,FALSE,16
ID,2016-11-01,0.8,-0.2107210313156525,NA,FALSE,16
ID,2016-12-01,0.8,-0.2107210313156525,NA,FALSE,16
ID,2017-01-01,0.7,-0.342490308946776,NA,FALSE,16
ID,2017-02-01,0.7,-0.342490308946776,NA,FALSE,16
ID,2017-03-01,0.6,-0.4942963218147801,NA,FALSE,16
ID,2017-04-01,0.5,-0.6733445532637656,NA,FALSE,16
ID,2017-05-01,0.5,-0.6733445532637656,NA,FALSE,16
ID,2017-06-01,0.6,-0.4942963218147801,NA,FALSE,16
ID,2017-07-01,0.6,-0.4942963218147801,NA,FALSE,16
ID,2017-08-01,0.5,-0.6733445532637656,NA,FALSE,16
ID,2017-09-01,0.5,-0.6733445532637656,NA,FALSE,16
ID,2017-10-01,0.5,-0.6733445532637656,NA,FALSE,16
ID,2017-11-01,0.6,-0.4942963218147801,NA,FALSE,16
ID,2017-12-01,0.6,-0.4942963218147801,NA,FALSE,16
ID,2018-01-01,0.6,-0.4942963218147801,NA,FALSE,16
ID,2018-02-01,0.5,-0.6733445532637656,NA,FALSE,16
ID,2018-03-01,0.5,-0.6733445532637656,NA,FALSE,16
ID,2018-04-01,0.4,-0.8915981192837835,NA,FALSE,16
ID,2018-05-01,0.5,-0.6733445532637656,NA,FALSE,16
ID,2018-06-01,0.6,-0.4942963218147801,NA,FALSE,16
ID,2018-07-01,0.6,-0.4942963218147801,NA,FALSE,16
ID,2018-08-01,0.5,-0.6733445532637656,NA,FALSE,16
ID,2018-09-01,0.5,-0.6733445532637656,NA,FALSE,16
ID,2018-10-01,0.5,-0.6733445532637656,NA,FALSE,16
ID,2018-11-01,0.5,-0.6733445532637656,NA,FALSE,16
ID,2018-12-01,0.5,-0.6733445532637656,NA,FALSE,16
ID,2019-01-01,0.6,-0.4942963218147801,NA,FALSE,16
ID,2019-02-01,0.5,-0.6733445532637656,NA,FALSE,16
ID,2019-03-01,0.5,-0.6733445532637656,NA,FALSE,16
ID,2019-04-01,0.5,-0.6733445532637656,NA,FALSE,16
ID,2019-05-01,0.5,-0.6733445532637656,NA,FALSE,16
ID,2019-06-01,0.6,-0.4942963218147801,NA,FALSE,16
ID,2019-07-01,0.5,-0.6733445532637656,NA,FALSE,16
ID,2019-08-01,0.5,-0.6733445532637656,NA,FALSE,16
ID,2019-09-01,0.5,-0.6733445532637656,NA,FALSE,16
ID,2019-10-01,0.5,-0.6733445532637656,NA,FALSE,16
ID,2019-11-01,0.5,-0.6733445532637656,NA,FALSE,16
ID,2019-12-01,0.5,-0.6733445532637656,NA,FALSE,16
ID,2020-01-01,0.6,-0.4942963218147801,NA,FALSE,16
ID,2020-02-01,0.5,-0.6733445532637656,NA,FALSE,16
ID,2020-03-01,0.5,-0.6733445532637656,NA,FALSE,16
ID,2020-04-01,0.5,-0.6733445532637656,NA,FALSE,16
ID,2020-05-01,0.4,-0.8915981192837835,NA,FALSE,16
ID,2020-06-01,0.4,-0.8915981192837835,NA,FALSE,16
ID,2020-07-01,0.4,-0.8915981192837835,NA,FALSE,16
ID,2020-08-01,0.4,-0.8915981192837835,NA,FALSE,16
ID,2020-09-01,0.4,-0.8915981192837835,NA,FALSE,16
ID,2020-10-01,0.4,-0.8915981192837835,NA,FALSE,16
ID,2020-11-01,0.4,-0.8915981192837835,NA,FALSE,16
ID,2020-12-01,0.4,-0.8915981192837835,NA,FALSE,16
ID,2021-01-01,0.4,-0.8915981192837835,NA,FALSE,16
ID,2021-02-01,0.3,-1.171182981502945,NA,FALSE,16
ID,2021-03-01,0.3,-1.171182981502945,NA,FALSE,16
ID,2021-04-01,0.3,-1.171182981502945,NA,FALSE,16
ID,2021-05-01,0.3,-1.171182981502945,NA,FALSE,16
ID,2021-06-01,0.3,-1.171182981502945,NA,FALSE,16
ID,2021-07-01,0.3,-1.171182981502945,NA,FALSE,16
ID,2021-08-01,0.3,-1.171182981502945,NA,FALSE,16
ID,2021-09-01,0.3,-1.171182981502945,NA,FALSE,16
ID,2021-10-01,0.3,-1.171182981502945,NA,FALSE,16
ID,2021-11-01,0.3,-1.171182981502945,NA,FALSE,16
ID,2021-12-01,0.3,-1.171182981502945,NA,FALSE,16
ID,2022-01-01,0.3,-1.171182981502945,NA,FALSE,16
ID,2022-02-01,0.3,-1.171182981502945,NA,FALSE,16
ID,2022-03-01,0.2,-1.5606477482646683,NA,FALSE,16
ID,2022-04-01,0.2,-1.5606477482646683,NA,FALSE,16
ID,2022-05-01,0.2,-1.5606477482646683,NA,FALSE,16
ID,2022-06-01,0.2,-1.5606477482646683,NA,FALSE,16
ID,2022-07-01,0.3,-1.171182981502945,NA,FALSE,16
ID,2022-08-01,0.3,-1.171182981502945,NA,FALSE,16
ID,2022-09-01,0.3,-1.171182981502945,NA,FALSE,16
ID,2022-10-01,0.3,-1.171182981502945,NA,FALSE,16
ID,2022-11-01,0.3,-1.171182981502945,NA,FALSE,16
ID,2022-12-01,0.3,-1.171182981502945,NA,FALSE,16
ID,2023-01-01,0.3,-1.171182981502945,NA,FALSE,16
ID,2023-02-01,0.3,-1.171182981502945,NA,FALSE,16
ID,2023-03-01,0.3,-1.171182981502945,NA,FALSE,16
ID,2023-04-01,0.3,-1.171182981502945,NA,FALSE,16
ID,2023-05-01,0.3,-1.171182981502945,NA,FALSE,16
ID,2023-06-01,0.3,-1.171182981502945,NA,FALSE,16
ID,2023-07-01,0.4,-0.8915981192837835,NA,FALSE,16
ID,2023-08-01,0.4,-0.8915981192837835,NA,FALSE,16
ID,2023-09-01,0.4,-0.8915981192837835,NA,FALSE,16
ID,2023-10-01,0.3,-1.171182981502945,NA,FALSE,16
ID,2023-11-01,0.4,-0.8915981192837835,NA,FALSE,16
ID,2023-12-01,0.4,-0.8915981192837835,NA,FALSE,16
ID,2024-01-01,0.4,-0.8915981192837835,NA,FALSE,16
ID,2024-02-01,0.4,-0.8915981192837835,NA,FALSE,16
ID,2024-03-01,0.3,-1.171182981502945,NA,FALSE,16
ID,2024-04-01,0.3,-1.171182981502945,NA,FALSE,16
ID,2024-05-01,0.3,-1.171182981502945,NA,FALSE,16
ID,2024-06-01,0.4,-0.8915981192837835,NA,FALSE,16
ID,2024-07-01,0.4,-0.8915981192837835,NA,FALSE,16
ID,2024-08-01,0.5,-0.6733445532637656,NA,FALSE,16
ID,2024-09-01,0.5,-0.6733445532637656,NA,FALSE,16
ID,2024-10-01,0.5,-0.6733445532637656,NA,FALSE,16
ID,2024-11-01,0.5,-0.6733445532637656,NA,FALSE,16
ID,2024-12-01,0.5,-0.6733445532637656,NA,FALSE,16
ID,2025-01-01,0.5,-0.6733445532637656,NA,FALSE,16
ID,2025-02-01,0.5,-0.6733445532637656,NA,FALSE,16
ID,2025-03-01,0.4,-0.8915981192837835,NA,FALSE,16
IL,2008-01-01,1.4,0.34358970439007686,2020-06-01,TRUE,17
IL,2008-02-01,1.4,0.34358970439007686,2020-06-01,TRUE,17
IL,2008-03-01,1.4,0.34358970439007686,2020-06-01,TRUE,17
IL,2008-04-01,1.4,0.34358970439007686,2020-06-01,TRUE,17
IL,2008-05-01,1.4,0.34358970439007686,2020-06-01,TRUE,17
IL,2008-06-01,1.4,0.34358970439007686,2020-06-01,TRUE,17
IL,2008-07-01,1.7,0.5364933705145685,2020-06-01,TRUE,17
IL,2008-08-01,1.7,0.5364933705145685,2020-06-01,TRUE,17
IL,2008-09-01,1.8,0.5933268452777344,2020-06-01,TRUE,17
IL,2008-10-01,2,0.6981347220709843,2020-06-01,TRUE,17
IL,2008-11-01,2.1,0.7466879474879751,2020-06-01,TRUE,17
IL,2008-12-01,2.3,0.837247524533702,2020-06-01,TRUE,17
IL,2009-01-01,2.6,0.959350221334602,2020-06-01,TRUE,17
IL,2009-02-01,2.7,0.9969486348916096,2020-06-01,TRUE,17
IL,2009-03-01,2.9,1.068153081183401,2020-06-01,TRUE,17
IL,2009-04-01,3.1,1.1346227261911428,2020-06-01,TRUE,17
IL,2009-05-01,3.5,1.2556160374777745,2020-06-01,TRUE,17
IL,2009-06-01,3.7,1.3110318766193438,2020-06-01,TRUE,17
IL,2009-07-01,4,1.3887912413184778,2020-06-01,TRUE,17
IL,2009-08-01,4.2,1.43746264769429,2020-06-01,TRUE,17
IL,2009-09-01,4.5,1.506297153514587,2020-06-01,TRUE,17
IL,2009-10-01,4.8,1.5706970841176695,2020-06-01,TRUE,17
IL,2009-11-01,4.9,1.5912739418064292,2020-06-01,TRUE,17
IL,2009-12-01,5,1.6114359150967734,2020-06-01,TRUE,17
IL,2010-01-01,5.1,1.631199404215613,2020-06-01,TRUE,17
IL,2010-02-01,5.1,1.631199404215613,2020-06-01,TRUE,17
IL,2010-03-01,5,1.6114359150967734,2020-06-01,TRUE,17
IL,2010-04-01,4.9,1.5912739418064292,2020-06-01,TRUE,17
IL,2010-05-01,4.8,1.5706970841176695,2020-06-01,TRUE,17
IL,2010-06-01,4.7,1.5496879080283263,2020-06-01,TRUE,17
IL,2010-07-01,4.6,1.528227857008557,2020-06-01,TRUE,17
IL,2010-08-01,4.6,1.528227857008557,2020-06-01,TRUE,17
IL,2010-09-01,4.4,1.483874689458755,2020-06-01,TRUE,17
IL,2010-10-01,4.4,1.483874689458755,2020-06-01,TRUE,17
IL,2010-11-01,4.3,1.4609379041156565,2020-06-01,TRUE,17
IL,2010-12-01,4.4,1.483874689458755,2020-06-01,TRUE,17
IL,2011-01-01,4.4,1.483874689458755,2020-06-01,TRUE,17
IL,2011-02-01,4.3,1.4609379041156565,2020-06-01,TRUE,17
IL,2011-03-01,4.2,1.43746264769429,2020-06-01,TRUE,17
IL,2011-04-01,4.1,1.413423028508143,2020-06-01,TRUE,17
IL,2011-05-01,4.1,1.413423028508143,2020-06-01,TRUE,17
IL,2011-06-01,4.1,1.413423028508143,2020-06-01,TRUE,17
IL,2011-07-01,4.1,1.413423028508143,2020-06-01,TRUE,17
IL,2011-08-01,4.2,1.43746264769429,2020-06-01,TRUE,17
IL,2011-09-01,4.3,1.4609379041156565,2020-06-01,TRUE,17
IL,2011-10-01,4.4,1.483874689458755,2020-06-01,TRUE,17
IL,2011-11-01,4.4,1.483874689458755,2020-06-01,TRUE,17
IL,2011-12-01,4.5,1.506297153514587,2020-06-01,TRUE,17
IL,2012-01-01,4.4,1.483874689458755,2020-06-01,TRUE,17
IL,2012-02-01,4.4,1.483874689458755,2020-06-01,TRUE,17
IL,2012-03-01,4.3,1.4609379041156565,2020-06-01,TRUE,17
IL,2012-04-01,4.2,1.43746264769429,2020-06-01,TRUE,17
IL,2012-05-01,4.2,1.43746264769429,2020-06-01,TRUE,17
IL,2012-06-01,4.1,1.413423028508143,2020-06-01,TRUE,17
IL,2012-07-01,4.1,1.413423028508143,2020-06-01,TRUE,17
IL,2012-08-01,4,1.3887912413184778,2020-06-01,TRUE,17
IL,2012-09-01,4,1.3887912413184778,2020-06-01,TRUE,17
IL,2012-10-01,4,1.3887912413184778,2020-06-01,TRUE,17
IL,2012-11-01,4,1.3887912413184778,2020-06-01,TRUE,17
IL,2012-12-01,3.9,1.3635373739972745,2020-06-01,TRUE,17
IL,2013-01-01,3.8,1.3376291891386094,2020-06-01,TRUE,17
IL,2013-02-01,3.7,1.3110318766193438,2020-06-01,TRUE,17
IL,2013-03-01,3.6,1.2837077723447896,2020-06-01,TRUE,17
IL,2013-04-01,3.5,1.2556160374777745,2020-06-01,TRUE,17
IL,2013-05-01,3.4,1.2267122912954254,2020-06-01,TRUE,17
IL,2013-06-01,3.3,1.1969481893889715,2020-06-01,TRUE,17
IL,2013-07-01,3.1,1.1346227261911428,2020-06-01,TRUE,17
IL,2013-08-01,3,1.1019400787607845,2020-06-01,TRUE,17
IL,2013-09-01,2.9,1.068153081183401,2020-06-01,TRUE,17
IL,2013-10-01,2.8,1.0331844833456545,2020-06-01,TRUE,17
IL,2013-11-01,2.8,1.0331844833456545,2020-06-01,TRUE,17
IL,2013-12-01,2.8,1.0331844833456545,2020-06-01,TRUE,17
IL,2014-01-01,2.8,1.0331844833456545,2020-06-01,TRUE,17
IL,2014-02-01,2.7,0.9969486348916096,2020-06-01,TRUE,17
IL,2014-03-01,2.6,0.959350221334602,2020-06-01,TRUE,17
IL,2014-04-01,2.5,0.9202827531436923,2020-06-01,TRUE,17
IL,2014-05-01,2.5,0.9202827531436923,2020-06-01,TRUE,17
IL,2014-06-01,2.5,0.9202827531436923,2020-06-01,TRUE,17
IL,2014-07-01,2.4,0.8796267475025635,2020-06-01,TRUE,17
IL,2014-08-01,2.4,0.8796267475025635,2020-06-01,TRUE,17
IL,2014-09-01,2.4,0.8796267475025635,2020-06-01,TRUE,17
IL,2014-10-01,2.3,0.837247524533702,2020-06-01,TRUE,17
IL,2014-11-01,2.3,0.837247524533702,2020-06-01,TRUE,17
IL,2014-12-01,2.3,0.837247524533702,2020-06-01,TRUE,17
IL,2015-01-01,2.3,0.837247524533702,2020-06-01,TRUE,17
IL,2015-02-01,2.2,0.7929925155296614,2020-06-01,TRUE,17
IL,2015-03-01,2.1,0.7466879474879751,2020-06-01,TRUE,17
IL,2015-04-01,2,0.6981347220709843,2020-06-01,TRUE,17
IL,2015-05-01,2,0.6981347220709843,2020-06-01,TRUE,17
IL,2015-06-01,2,0.6981347220709843,2020-06-01,TRUE,17
IL,2015-07-01,2,0.6981347220709843,2020-06-01,TRUE,17
IL,2015-08-01,2,0.6981347220709843,2020-06-01,TRUE,17
IL,2015-09-01,1.9,0.6471032420585384,2020-06-01,TRUE,17
IL,2015-10-01,1.9,0.6471032420585384,2020-06-01,TRUE,17
IL,2015-11-01,1.9,0.6471032420585384,2020-06-01,TRUE,17
IL,2015-12-01,1.9,0.6471032420585384,2020-06-01,TRUE,17
IL,2016-01-01,1.9,0.6471032420585384,2020-06-01,TRUE,17
IL,2016-02-01,1.9,0.6471032420585384,2020-06-01,TRUE,17
IL,2016-03-01,1.7,0.5364933705145685,2020-06-01,TRUE,17
IL,2016-04-01,1.6,0.4762341789963717,2020-06-01,TRUE,17
IL,2016-05-01,1.6,0.4762341789963717,2020-06-01,TRUE,17
IL,2016-06-01,1.5,0.412109650826833,2020-06-01,TRUE,17
IL,2016-07-01,1.5,0.412109650826833,2020-06-01,TRUE,17
IL,2016-08-01,1.6,0.4762341789963717,2020-06-01,TRUE,17
IL,2016-09-01,1.5,0.412109650826833,2020-06-01,TRUE,17
IL,2016-10-01,1.5,0.412109650826833,2020-06-01,TRUE,17
IL,2016-11-01,1.5,0.412109650826833,2020-06-01,TRUE,17
IL,2016-12-01,1.5,0.412109650826833,2020-06-01,TRUE,17
IL,2017-01-01,1.5,0.412109650826833,2020-06-01,TRUE,17
IL,2017-02-01,1.5,0.412109650826833,2020-06-01,TRUE,17
IL,2017-03-01,1.4,0.34358970439007686,2020-06-01,TRUE,17
IL,2017-04-01,1.3,0.2700271372130602,2020-06-01,TRUE,17
IL,2017-05-01,1.3,0.2700271372130602,2020-06-01,TRUE,17
IL,2017-06-01,1.3,0.2700271372130602,2020-06-01,TRUE,17
IL,2017-07-01,1.3,0.2700271372130602,2020-06-01,TRUE,17
IL,2017-08-01,1.3,0.2700271372130602,2020-06-01,TRUE,17
IL,2017-09-01,1.3,0.2700271372130602,2020-06-01,TRUE,17
IL,2017-10-01,1.3,0.2700271372130602,2020-06-01,TRUE,17
IL,2017-11-01,1.3,0.2700271372130602,2020-06-01,TRUE,17
IL,2017-12-01,1.3,0.2700271372130602,2020-06-01,TRUE,17
IL,2018-01-01,1.3,0.2700271372130602,2020-06-01,TRUE,17
IL,2018-02-01,1.3,0.2700271372130602,2020-06-01,TRUE,17
IL,2018-03-01,1.2,0.1906203596086497,2020-06-01,TRUE,17
IL,2018-04-01,1.1,0.10436001532424286,2020-06-01,TRUE,17
IL,2018-05-01,1.1,0.10436001532424286,2020-06-01,TRUE,17
IL,2018-06-01,1,0.00995033085316809,2020-06-01,TRUE,17
IL,2018-07-01,1.1,0.10436001532424286,2020-06-01,TRUE,17
IL,2018-08-01,1,0.00995033085316809,2020-06-01,TRUE,17
IL,2018-09-01,1.1,0.10436001532424286,2020-06-01,TRUE,17
IL,2018-10-01,1.1,0.10436001532424286,2020-06-01,TRUE,17
IL,2018-11-01,1,0.00995033085316809,2020-06-01,TRUE,17
IL,2018-12-01,1.1,0.10436001532424286,2020-06-01,TRUE,17
IL,2019-01-01,1.1,0.10436001532424286,2020-06-01,TRUE,17
IL,2019-02-01,1,0.00995033085316809,2020-06-01,TRUE,17
IL,2019-03-01,1,0.00995033085316809,2020-06-01,TRUE,17
IL,2019-04-01,0.9,-0.09431067947124128,2020-06-01,TRUE,17
IL,2019-05-01,0.9,-0.09431067947124128,2020-06-01,TRUE,17
IL,2019-06-01,0.9,-0.09431067947124128,2020-06-01,TRUE,17
IL,2019-07-01,1,0.00995033085316809,2020-06-01,TRUE,17
IL,2019-08-01,1,0.00995033085316809,2020-06-01,TRUE,17
IL,2019-09-01,1,0.00995033085316809,2020-06-01,TRUE,17
IL,2019-10-01,1.1,0.10436001532424286,2020-06-01,TRUE,17
IL,2019-11-01,1.1,0.10436001532424286,2020-06-01,TRUE,17
IL,2019-12-01,1.1,0.10436001532424286,2020-06-01,TRUE,17
IL,2020-01-01,1.2,0.1906203596086497,2020-06-01,TRUE,17
IL,2020-02-01,1.1,0.10436001532424286,2020-06-01,TRUE,17
IL,2020-03-01,1,0.00995033085316809,2020-06-01,TRUE,17
IL,2020-04-01,0.9,-0.09431067947124128,2020-06-01,TRUE,17
IL,2020-05-01,0.9,-0.09431067947124128,2020-06-01,TRUE,17
IL,2020-06-01,0.9,-0.09431067947124128,2020-06-01,TRUE,17
IL,2020-07-01,0.9,-0.09431067947124128,2020-06-01,TRUE,17
IL,2020-08-01,0.9,-0.09431067947124128,2020-06-01,TRUE,17
IL,2020-09-01,0.9,-0.09431067947124128,2020-06-01,TRUE,17
IL,2020-10-01,0.8,-0.2107210313156525,2020-06-01,TRUE,17
IL,2020-11-01,0.8,-0.2107210313156525,2020-06-01,TRUE,17
IL,2020-12-01,0.8,-0.2107210313156525,2020-06-01,TRUE,17
IL,2021-01-01,0.8,-0.2107210313156525,2020-06-01,TRUE,17
IL,2021-02-01,0.7,-0.342490308946776,2020-06-01,TRUE,17
IL,2021-03-01,0.7,-0.342490308946776,2020-06-01,TRUE,17
IL,2021-04-01,0.7,-0.342490308946776,2020-06-01,TRUE,17
IL,2021-05-01,0.7,-0.342490308946776,2020-06-01,TRUE,17
IL,2021-06-01,0.7,-0.342490308946776,2020-06-01,TRUE,17
IL,2021-07-01,0.6,-0.4942963218147801,2020-06-01,TRUE,17
IL,2021-08-01,0.7,-0.342490308946776,2020-06-01,TRUE,17
IL,2021-09-01,0.7,-0.342490308946776,2020-06-01,TRUE,17
IL,2021-10-01,0.7,-0.342490308946776,2020-06-01,TRUE,17
IL,2021-11-01,0.6,-0.4942963218147801,2020-06-01,TRUE,17
IL,2021-12-01,0.7,-0.342490308946776,2020-06-01,TRUE,17
IL,2022-01-01,0.7,-0.342490308946776,2020-06-01,TRUE,17
IL,2022-02-01,0.6,-0.4942963218147801,2020-06-01,TRUE,17
IL,2022-03-01,0.6,-0.4942963218147801,2020-06-01,TRUE,17
IL,2022-04-01,0.6,-0.4942963218147801,2020-06-01,TRUE,17
IL,2022-05-01,0.6,-0.4942963218147801,2020-06-01,TRUE,17
IL,2022-06-01,0.6,-0.4942963218147801,2020-06-01,TRUE,17
IL,2022-07-01,0.6,-0.4942963218147801,2020-06-01,TRUE,17
IL,2022-08-01,0.6,-0.4942963218147801,2020-06-01,TRUE,17
IL,2022-09-01,0.6,-0.4942963218147801,2020-06-01,TRUE,17
IL,2022-10-01,0.7,-0.342490308946776,2020-06-01,TRUE,17
IL,2022-11-01,0.7,-0.342490308946776,2020-06-01,TRUE,17
IL,2022-12-01,0.7,-0.342490308946776,2020-06-01,TRUE,17
IL,2023-01-01,0.7,-0.342490308946776,2020-06-01,TRUE,17
IL,2023-02-01,0.7,-0.342490308946776,2020-06-01,TRUE,17
IL,2023-03-01,0.7,-0.342490308946776,2020-06-01,TRUE,17
IL,2023-04-01,0.7,-0.342490308946776,2020-06-01,TRUE,17
IL,2023-05-01,0.7,-0.342490308946776,2020-06-01,TRUE,17
IL,2023-06-01,0.7,-0.342490308946776,2020-06-01,TRUE,17
IL,2023-07-01,0.7,-0.342490308946776,2020-06-01,TRUE,17
IL,2023-08-01,0.6,-0.4942963218147801,2020-06-01,TRUE,17
IL,2023-09-01,0.7,-0.342490308946776,2020-06-01,TRUE,17
IL,2023-10-01,0.6,-0.4942963218147801,2020-06-01,TRUE,17
IL,2023-11-01,0.6,-0.4942963218147801,2020-06-01,TRUE,17
IL,2023-12-01,0.7,-0.342490308946776,2020-06-01,TRUE,17
IL,2024-01-01,0.7,-0.342490308946776,2020-06-01,TRUE,17
IL,2024-02-01,0.7,-0.342490308946776,2020-06-01,TRUE,17
IL,2024-03-01,0.8,-0.2107210313156525,2020-06-01,TRUE,17
IL,2024-04-01,0.8,-0.2107210313156525,2020-06-01,TRUE,17
IL,2024-05-01,0.8,-0.2107210313156525,2020-06-01,TRUE,17
IL,2024-06-01,0.8,-0.2107210313156525,2020-06-01,TRUE,17
IL,2024-07-01,0.8,-0.2107210313156525,2020-06-01,TRUE,17
IL,2024-08-01,0.9,-0.09431067947124128,2020-06-01,TRUE,17
IL,2024-09-01,0.9,-0.09431067947124128,2020-06-01,TRUE,17
IL,2024-10-01,0.9,-0.09431067947124128,2020-06-01,TRUE,17
IL,2024-11-01,0.8,-0.2107210313156525,2020-06-01,TRUE,17
IL,2024-12-01,0.9,-0.09431067947124128,2020-06-01,TRUE,17
IL,2025-01-01,1,0.00995033085316809,2020-06-01,TRUE,17
IL,2025-02-01,1,0.00995033085316809,2020-06-01,TRUE,17
IL,2025-03-01,1,0.00995033085316809,2020-06-01,TRUE,17
IN,2008-01-01,1.7,0.5364933705145685,2019-10-01,TRUE,18
IN,2008-02-01,1.7,0.5364933705145685,2019-10-01,TRUE,18
IN,2008-03-01,1.7,0.5364933705145685,2019-10-01,TRUE,18
IN,2008-04-01,1.7,0.5364933705145685,2019-10-01,TRUE,18
IN,2008-05-01,1.8,0.5933268452777344,2019-10-01,TRUE,18
IN,2008-06-01,1.8,0.5933268452777344,2019-10-01,TRUE,18
IN,2008-07-01,1.9,0.6471032420585384,2019-10-01,TRUE,18
IN,2008-08-01,2,0.6981347220709843,2019-10-01,TRUE,18
IN,2008-09-01,2,0.6981347220709843,2019-10-01,TRUE,18
IN,2008-10-01,2.2,0.7929925155296614,2019-10-01,TRUE,18
IN,2008-11-01,2.4,0.8796267475025635,2019-10-01,TRUE,18
IN,2008-12-01,2.6,0.959350221334602,2019-10-01,TRUE,18
IN,2009-01-01,2.8,1.0331844833456545,2019-10-01,TRUE,18
IN,2009-02-01,2.8,1.0331844833456545,2019-10-01,TRUE,18
IN,2009-03-01,2.8,1.0331844833456545,2019-10-01,TRUE,18
IN,2009-04-01,2.8,1.0331844833456545,2019-10-01,TRUE,18
IN,2009-05-01,3,1.1019400787607845,2019-10-01,TRUE,18
IN,2009-06-01,3.2,1.1662709371419244,2019-10-01,TRUE,18
IN,2009-07-01,3.4,1.2267122912954254,2019-10-01,TRUE,18
IN,2009-08-01,3.6,1.2837077723447896,2019-10-01,TRUE,18
IN,2009-09-01,3.9,1.3635373739972745,2019-10-01,TRUE,18
IN,2009-10-01,4.1,1.413423028508143,2019-10-01,TRUE,18
IN,2009-11-01,4.2,1.43746264769429,2019-10-01,TRUE,18
IN,2009-12-01,4.2,1.43746264769429,2019-10-01,TRUE,18
IN,2010-01-01,4.3,1.4609379041156565,2019-10-01,TRUE,18
IN,2010-02-01,4.2,1.43746264769429,2019-10-01,TRUE,18
IN,2010-03-01,3.9,1.3635373739972745,2019-10-01,TRUE,18
IN,2010-04-01,3.7,1.3110318766193438,2019-10-01,TRUE,18
IN,2010-05-01,3.6,1.2837077723447896,2019-10-01,TRUE,18
IN,2010-06-01,3.5,1.2556160374777745,2019-10-01,TRUE,18
IN,2010-07-01,3.3,1.1969481893889715,2019-10-01,TRUE,18
IN,2010-08-01,3.4,1.2267122912954254,2019-10-01,TRUE,18
IN,2010-09-01,3.4,1.2267122912954254,2019-10-01,TRUE,18
IN,2010-10-01,3.3,1.1969481893889715,2019-10-01,TRUE,18
IN,2010-11-01,3.3,1.1969481893889715,2019-10-01,TRUE,18
IN,2010-12-01,3.3,1.1969481893889715,2019-10-01,TRUE,18
IN,2011-01-01,3.4,1.2267122912954254,2019-10-01,TRUE,18
IN,2011-02-01,3.4,1.2267122912954254,2019-10-01,TRUE,18
IN,2011-03-01,3.2,1.1662709371419244,2019-10-01,TRUE,18
IN,2011-04-01,3.2,1.1662709371419244,2019-10-01,TRUE,18
IN,2011-05-01,3.1,1.1346227261911428,2019-10-01,TRUE,18
IN,2011-06-01,3.1,1.1346227261911428,2019-10-01,TRUE,18
IN,2011-07-01,3.1,1.1346227261911428,2019-10-01,TRUE,18
IN,2011-08-01,3.1,1.1346227261911428,2019-10-01,TRUE,18
IN,2011-09-01,3.2,1.1662709371419244,2019-10-01,TRUE,18
IN,2011-10-01,3.1,1.1346227261911428,2019-10-01,TRUE,18
IN,2011-11-01,3.2,1.1662709371419244,2019-10-01,TRUE,18
IN,2011-12-01,3.2,1.1662709371419244,2019-10-01,TRUE,18
IN,2012-01-01,3.3,1.1969481893889715,2019-10-01,TRUE,18
IN,2012-02-01,3.2,1.1662709371419244,2019-10-01,TRUE,18
IN,2012-03-01,3.2,1.1662709371419244,2019-10-01,TRUE,18
IN,2012-04-01,3,1.1019400787607845,2019-10-01,TRUE,18
IN,2012-05-01,3,1.1019400787607845,2019-10-01,TRUE,18
IN,2012-06-01,3,1.1019400787607845,2019-10-01,TRUE,18
IN,2012-07-01,3,1.1019400787607845,2019-10-01,TRUE,18
IN,2012-08-01,2.9,1.068153081183401,2019-10-01,TRUE,18
IN,2012-09-01,2.9,1.068153081183401,2019-10-01,TRUE,18
IN,2012-10-01,2.9,1.068153081183401,2019-10-01,TRUE,18
IN,2012-11-01,3,1.1019400787607845,2019-10-01,TRUE,18
IN,2012-12-01,3,1.1019400787607845,2019-10-01,TRUE,18
IN,2013-01-01,2.9,1.068153081183401,2019-10-01,TRUE,18
IN,2013-02-01,2.8,1.0331844833456545,2019-10-01,TRUE,18
IN,2013-03-01,2.7,0.9969486348916096,2019-10-01,TRUE,18
IN,2013-04-01,2.6,0.959350221334602,2019-10-01,TRUE,18
IN,2013-05-01,2.5,0.9202827531436923,2019-10-01,TRUE,18
IN,2013-06-01,2.5,0.9202827531436923,2019-10-01,TRUE,18
IN,2013-07-01,2.4,0.8796267475025635,2019-10-01,TRUE,18
IN,2013-08-01,2.3,0.837247524533702,2019-10-01,TRUE,18
IN,2013-09-01,2.3,0.837247524533702,2019-10-01,TRUE,18
IN,2013-10-01,2.3,0.837247524533702,2019-10-01,TRUE,18
IN,2013-11-01,2.3,0.837247524533702,2019-10-01,TRUE,18
IN,2013-12-01,2.3,0.837247524533702,2019-10-01,TRUE,18
IN,2014-01-01,2.3,0.837247524533702,2019-10-01,TRUE,18
IN,2014-02-01,2.2,0.7929925155296614,2019-10-01,TRUE,18
IN,2014-03-01,2.1,0.7466879474879751,2019-10-01,TRUE,18
IN,2014-04-01,2,0.6981347220709843,2019-10-01,TRUE,18
IN,2014-05-01,2.1,0.7466879474879751,2019-10-01,TRUE,18
IN,2014-06-01,2,0.6981347220709843,2019-10-01,TRUE,18
IN,2014-07-01,2,0.6981347220709843,2019-10-01,TRUE,18
IN,2014-08-01,2,0.6981347220709843,2019-10-01,TRUE,18
IN,2014-09-01,2,0.6981347220709843,2019-10-01,TRUE,18
IN,2014-10-01,2,0.6981347220709843,2019-10-01,TRUE,18
IN,2014-11-01,2,0.6981347220709843,2019-10-01,TRUE,18
IN,2014-12-01,2.1,0.7466879474879751,2019-10-01,TRUE,18
IN,2015-01-01,2.1,0.7466879474879751,2019-10-01,TRUE,18
IN,2015-02-01,2,0.6981347220709843,2019-10-01,TRUE,18
IN,2015-03-01,1.8,0.5933268452777344,2019-10-01,TRUE,18
IN,2015-04-01,1.7,0.5364933705145685,2019-10-01,TRUE,18
IN,2015-05-01,1.7,0.5364933705145685,2019-10-01,TRUE,18
IN,2015-06-01,1.7,0.5364933705145685,2019-10-01,TRUE,18
IN,2015-07-01,1.7,0.5364933705145685,2019-10-01,TRUE,18
IN,2015-08-01,1.7,0.5364933705145685,2019-10-01,TRUE,18
IN,2015-09-01,1.6,0.4762341789963717,2019-10-01,TRUE,18
IN,2015-10-01,1.6,0.4762341789963717,2019-10-01,TRUE,18
IN,2015-11-01,1.6,0.4762341789963717,2019-10-01,TRUE,18
IN,2015-12-01,1.6,0.4762341789963717,2019-10-01,TRUE,18
IN,2016-01-01,1.6,0.4762341789963717,2019-10-01,TRUE,18
IN,2016-02-01,1.7,0.5364933705145685,2019-10-01,TRUE,18
IN,2016-03-01,1.5,0.412109650826833,2019-10-01,TRUE,18
IN,2016-04-01,1.4,0.34358970439007686,2019-10-01,TRUE,18
IN,2016-05-01,1.4,0.34358970439007686,2019-10-01,TRUE,18
IN,2016-06-01,1.4,0.34358970439007686,2019-10-01,TRUE,18
IN,2016-07-01,1.4,0.34358970439007686,2019-10-01,TRUE,18
IN,2016-08-01,1.3,0.2700271372130602,2019-10-01,TRUE,18
IN,2016-09-01,1.3,0.2700271372130602,2019-10-01,TRUE,18
IN,2016-10-01,1.3,0.2700271372130602,2019-10-01,TRUE,18
IN,2016-11-01,1.3,0.2700271372130602,2019-10-01,TRUE,18
IN,2016-12-01,1.3,0.2700271372130602,2019-10-01,TRUE,18
IN,2017-01-01,1.4,0.34358970439007686,2019-10-01,TRUE,18
IN,2017-02-01,1.3,0.2700271372130602,2019-10-01,TRUE,18
IN,2017-03-01,1.2,0.1906203596086497,2019-10-01,TRUE,18
IN,2017-04-01,1.1,0.10436001532424286,2019-10-01,TRUE,18
IN,2017-05-01,1.1,0.10436001532424286,2019-10-01,TRUE,18
IN,2017-06-01,1.1,0.10436001532424286,2019-10-01,TRUE,18
IN,2017-07-01,1.1,0.10436001532424286,2019-10-01,TRUE,18
IN,2017-08-01,1.1,0.10436001532424286,2019-10-01,TRUE,18
IN,2017-09-01,1.1,0.10436001532424286,2019-10-01,TRUE,18
IN,2017-10-01,1.1,0.10436001532424286,2019-10-01,TRUE,18
IN,2017-11-01,1.1,0.10436001532424286,2019-10-01,TRUE,18
IN,2017-12-01,1.1,0.10436001532424286,2019-10-01,TRUE,18
IN,2018-01-01,1.2,0.1906203596086497,2019-10-01,TRUE,18
IN,2018-02-01,1.1,0.10436001532424286,2019-10-01,TRUE,18
IN,2018-03-01,1,0.00995033085316809,2019-10-01,TRUE,18
IN,2018-04-01,1,0.00995033085316809,2019-10-01,TRUE,18
IN,2018-05-01,1,0.00995033085316809,2019-10-01,TRUE,18
IN,2018-06-01,0.9,-0.09431067947124128,2019-10-01,TRUE,18
IN,2018-07-01,0.9,-0.09431067947124128,2019-10-01,TRUE,18
IN,2018-08-01,0.9,-0.09431067947124128,2019-10-01,TRUE,18
IN,2018-09-01,1,0.00995033085316809,2019-10-01,TRUE,18
IN,2018-10-01,1,0.00995033085316809,2019-10-01,TRUE,18
IN,2018-11-01,1,0.00995033085316809,2019-10-01,TRUE,18
IN,2018-12-01,1,0.00995033085316809,2019-10-01,TRUE,18
IN,2019-01-01,1,0.00995033085316809,2019-10-01,TRUE,18
IN,2019-02-01,1,0.00995033085316809,2019-10-01,TRUE,18
IN,2019-03-01,1,0.00995033085316809,2019-10-01,TRUE,18
IN,2019-04-01,0.8,-0.2107210313156525,2019-10-01,TRUE,18
IN,2019-05-01,0.8,-0.2107210313156525,2019-10-01,TRUE,18
IN,2019-06-01,0.8,-0.2107210313156525,2019-10-01,TRUE,18
IN,2019-07-01,0.8,-0.2107210313156525,2019-10-01,TRUE,18
IN,2019-08-01,0.9,-0.09431067947124128,2019-10-01,TRUE,18
IN,2019-09-01,0.9,-0.09431067947124128,2019-10-01,TRUE,18
IN,2019-10-01,1,0.00995033085316809,2019-10-01,TRUE,18
IN,2019-11-01,1,0.00995033085316809,2019-10-01,TRUE,18
IN,2019-12-01,1,0.00995033085316809,2019-10-01,TRUE,18
IN,2020-01-01,1,0.00995033085316809,2019-10-01,TRUE,18
IN,2020-02-01,1,0.00995033085316809,2019-10-01,TRUE,18
IN,2020-03-01,1,0.00995033085316809,2019-10-01,TRUE,18
IN,2020-04-01,0.9,-0.09431067947124128,2019-10-01,TRUE,18
IN,2020-05-01,0.8,-0.2107210313156525,2019-10-01,TRUE,18
IN,2020-06-01,0.8,-0.2107210313156525,2019-10-01,TRUE,18
IN,2020-07-01,0.8,-0.2107210313156525,2019-10-01,TRUE,18
IN,2020-08-01,0.8,-0.2107210313156525,2019-10-01,TRUE,18
IN,2020-09-01,0.8,-0.2107210313156525,2019-10-01,TRUE,18
IN,2020-10-01,0.7,-0.342490308946776,2019-10-01,TRUE,18
IN,2020-11-01,0.7,-0.342490308946776,2019-10-01,TRUE,18
IN,2020-12-01,0.7,-0.342490308946776,2019-10-01,TRUE,18
IN,2021-01-01,0.7,-0.342490308946776,2019-10-01,TRUE,18
IN,2021-02-01,0.7,-0.342490308946776,2019-10-01,TRUE,18
IN,2021-03-01,0.7,-0.342490308946776,2019-10-01,TRUE,18
IN,2021-04-01,0.6,-0.4942963218147801,2019-10-01,TRUE,18
IN,2021-05-01,0.6,-0.4942963218147801,2019-10-01,TRUE,18
IN,2021-06-01,0.5,-0.6733445532637656,2019-10-01,TRUE,18
IN,2021-07-01,0.6,-0.4942963218147801,2019-10-01,TRUE,18
IN,2021-08-01,0.6,-0.4942963218147801,2019-10-01,TRUE,18
IN,2021-09-01,0.5,-0.6733445532637656,2019-10-01,TRUE,18
IN,2021-10-01,0.6,-0.4942963218147801,2019-10-01,TRUE,18
IN,2021-11-01,0.6,-0.4942963218147801,2019-10-01,TRUE,18
IN,2021-12-01,0.6,-0.4942963218147801,2019-10-01,TRUE,18
IN,2022-01-01,0.6,-0.4942963218147801,2019-10-01,TRUE,18
IN,2022-02-01,0.6,-0.4942963218147801,2019-10-01,TRUE,18
IN,2022-03-01,0.5,-0.6733445532637656,2019-10-01,TRUE,18
IN,2022-04-01,0.6,-0.4942963218147801,2019-10-01,TRUE,18
IN,2022-05-01,0.6,-0.4942963218147801,2019-10-01,TRUE,18
IN,2022-06-01,0.6,-0.4942963218147801,2019-10-01,TRUE,18
IN,2022-07-01,0.6,-0.4942963218147801,2019-10-01,TRUE,18
IN,2022-08-01,0.6,-0.4942963218147801,2019-10-01,TRUE,18
IN,2022-09-01,0.6,-0.4942963218147801,2019-10-01,TRUE,18
IN,2022-10-01,0.6,-0.4942963218147801,2019-10-01,TRUE,18
IN,2022-11-01,0.7,-0.342490308946776,2019-10-01,TRUE,18
IN,2022-12-01,0.7,-0.342490308946776,2019-10-01,TRUE,18
IN,2023-01-01,0.7,-0.342490308946776,2019-10-01,TRUE,18
IN,2023-02-01,0.7,-0.342490308946776,2019-10-01,TRUE,18
IN,2023-03-01,0.7,-0.342490308946776,2019-10-01,TRUE,18
IN,2023-04-01,0.6,-0.4942963218147801,2019-10-01,TRUE,18
IN,2023-05-01,0.6,-0.4942963218147801,2019-10-01,TRUE,18
IN,2023-06-01,0.6,-0.4942963218147801,2019-10-01,TRUE,18
IN,2023-07-01,0.6,-0.4942963218147801,2019-10-01,TRUE,18
IN,2023-08-01,0.6,-0.4942963218147801,2019-10-01,TRUE,18
IN,2023-09-01,0.7,-0.342490308946776,2019-10-01,TRUE,18
IN,2023-10-01,0.7,-0.342490308946776,2019-10-01,TRUE,18
IN,2023-11-01,0.7,-0.342490308946776,2019-10-01,TRUE,18
IN,2023-12-01,0.7,-0.342490308946776,2019-10-01,TRUE,18
IN,2024-01-01,0.8,-0.2107210313156525,2019-10-01,TRUE,18
IN,2024-02-01,0.7,-0.342490308946776,2019-10-01,TRUE,18
IN,2024-03-01,0.7,-0.342490308946776,2019-10-01,TRUE,18
IN,2024-04-01,0.7,-0.342490308946776,2019-10-01,TRUE,18
IN,2024-05-01,0.7,-0.342490308946776,2019-10-01,TRUE,18
IN,2024-06-01,0.7,-0.342490308946776,2019-10-01,TRUE,18
IN,2024-07-01,0.7,-0.342490308946776,2019-10-01,TRUE,18
IN,2024-08-01,0.7,-0.342490308946776,2019-10-01,TRUE,18
IN,2024-09-01,0.8,-0.2107210313156525,2019-10-01,TRUE,18
IN,2024-10-01,0.8,-0.2107210313156525,2019-10-01,TRUE,18
IN,2024-11-01,0.8,-0.2107210313156525,2019-10-01,TRUE,18
IN,2024-12-01,1,0.00995033085316809,2019-10-01,TRUE,18
IN,2025-01-01,1,0.00995033085316809,2019-10-01,TRUE,18
IN,2025-02-01,0.9,-0.09431067947124128,2019-10-01,TRUE,18
IN,2025-03-01,0.9,-0.09431067947124128,2019-10-01,TRUE,18
IA,2008-01-01,1.1,0.10436001532424286,2019-08-01,TRUE,19
IA,2008-02-01,1.1,0.10436001532424286,2019-08-01,TRUE,19
IA,2008-03-01,1.1,0.10436001532424286,2019-08-01,TRUE,19
IA,2008-04-01,1,0.00995033085316809,2019-08-01,TRUE,19
IA,2008-05-01,1.1,0.10436001532424286,2019-08-01,TRUE,19
IA,2008-06-01,1.1,0.10436001532424286,2019-08-01,TRUE,19
IA,2008-07-01,1.2,0.1906203596086497,2019-08-01,TRUE,19
IA,2008-08-01,1.3,0.2700271372130602,2019-08-01,TRUE,19
IA,2008-09-01,1.3,0.2700271372130602,2019-08-01,TRUE,19
IA,2008-10-01,1.4,0.34358970439007686,2019-08-01,TRUE,19
IA,2008-11-01,1.5,0.412109650826833,2019-08-01,TRUE,19
IA,2008-12-01,1.5,0.412109650826833,2019-08-01,TRUE,19
IA,2009-01-01,1.7,0.5364933705145685,2019-08-01,TRUE,19
IA,2009-02-01,1.6,0.4762341789963717,2019-08-01,TRUE,19
IA,2009-03-01,1.6,0.4762341789963717,2019-08-01,TRUE,19
IA,2009-04-01,1.7,0.5364933705145685,2019-08-01,TRUE,19
IA,2009-05-01,1.8,0.5933268452777344,2019-08-01,TRUE,19
IA,2009-06-01,1.9,0.6471032420585384,2019-08-01,TRUE,19
IA,2009-07-01,2,0.6981347220709843,2019-08-01,TRUE,19
IA,2009-08-01,2,0.6981347220709843,2019-08-01,TRUE,19
IA,2009-09-01,2.2,0.7929925155296614,2019-08-01,TRUE,19
IA,2009-10-01,2.3,0.837247524533702,2019-08-01,TRUE,19
IA,2009-11-01,2.3,0.837247524533702,2019-08-01,TRUE,19
IA,2009-12-01,2.3,0.837247524533702,2019-08-01,TRUE,19
IA,2010-01-01,2.4,0.8796267475025635,2019-08-01,TRUE,19
IA,2010-02-01,2.3,0.837247524533702,2019-08-01,TRUE,19
IA,2010-03-01,2.2,0.7929925155296614,2019-08-01,TRUE,19
IA,2010-04-01,2.2,0.7929925155296614,2019-08-01,TRUE,19
IA,2010-05-01,2.1,0.7466879474879751,2019-08-01,TRUE,19
IA,2010-06-01,2.2,0.7929925155296614,2019-08-01,TRUE,19
IA,2010-07-01,2.1,0.7466879474879751,2019-08-01,TRUE,19
IA,2010-08-01,2,0.6981347220709843,2019-08-01,TRUE,19
IA,2010-09-01,1.9,0.6471032420585384,2019-08-01,TRUE,19
IA,2010-10-01,1.9,0.6471032420585384,2019-08-01,TRUE,19
IA,2010-11-01,2,0.6981347220709843,2019-08-01,TRUE,19
IA,2010-12-01,2,0.6981347220709843,2019-08-01,TRUE,19
IA,2011-01-01,2,0.6981347220709843,2019-08-01,TRUE,19
IA,2011-02-01,1.8,0.5933268452777344,2019-08-01,TRUE,19
IA,2011-03-01,1.8,0.5933268452777344,2019-08-01,TRUE,19
IA,2011-04-01,1.8,0.5933268452777344,2019-08-01,TRUE,19
IA,2011-05-01,1.8,0.5933268452777344,2019-08-01,TRUE,19
IA,2011-06-01,1.8,0.5933268452777344,2019-08-01,TRUE,19
IA,2011-07-01,1.9,0.6471032420585384,2019-08-01,TRUE,19
IA,2011-08-01,1.8,0.5933268452777344,2019-08-01,TRUE,19
IA,2011-09-01,1.9,0.6471032420585384,2019-08-01,TRUE,19
IA,2011-10-01,1.9,0.6471032420585384,2019-08-01,TRUE,19
IA,2011-11-01,1.9,0.6471032420585384,2019-08-01,TRUE,19
IA,2011-12-01,1.9,0.6471032420585384,2019-08-01,TRUE,19
IA,2012-01-01,2,0.6981347220709843,2019-08-01,TRUE,19
IA,2012-02-01,1.9,0.6471032420585384,2019-08-01,TRUE,19
IA,2012-03-01,1.8,0.5933268452777344,2019-08-01,TRUE,19
IA,2012-04-01,1.7,0.5364933705145685,2019-08-01,TRUE,19
IA,2012-05-01,1.7,0.5364933705145685,2019-08-01,TRUE,19
IA,2012-06-01,1.8,0.5933268452777344,2019-08-01,TRUE,19
IA,2012-07-01,1.8,0.5933268452777344,2019-08-01,TRUE,19
IA,2012-08-01,1.8,0.5933268452777344,2019-08-01,TRUE,19
IA,2012-09-01,1.8,0.5933268452777344,2019-08-01,TRUE,19
IA,2012-10-01,1.8,0.5933268452777344,2019-08-01,TRUE,19
IA,2012-11-01,1.7,0.5364933705145685,2019-08-01,TRUE,19
IA,2012-12-01,1.8,0.5933268452777344,2019-08-01,TRUE,19
IA,2013-01-01,1.8,0.5933268452777344,2019-08-01,TRUE,19
IA,2013-02-01,1.7,0.5364933705145685,2019-08-01,TRUE,19
IA,2013-03-01,1.7,0.5364933705145685,2019-08-01,TRUE,19
IA,2013-04-01,1.6,0.4762341789963717,2019-08-01,TRUE,19
IA,2013-05-01,1.6,0.4762341789963717,2019-08-01,TRUE,19
IA,2013-06-01,1.5,0.412109650826833,2019-08-01,TRUE,19
IA,2013-07-01,1.4,0.34358970439007686,2019-08-01,TRUE,19
IA,2013-08-01,1.5,0.412109650826833,2019-08-01,TRUE,19
IA,2013-09-01,1.4,0.34358970439007686,2019-08-01,TRUE,19
IA,2013-10-01,1.4,0.34358970439007686,2019-08-01,TRUE,19
IA,2013-11-01,1.4,0.34358970439007686,2019-08-01,TRUE,19
IA,2013-12-01,1.5,0.412109650826833,2019-08-01,TRUE,19
IA,2014-01-01,1.5,0.412109650826833,2019-08-01,TRUE,19
IA,2014-02-01,1.4,0.34358970439007686,2019-08-01,TRUE,19
IA,2014-03-01,1.3,0.2700271372130602,2019-08-01,TRUE,19
IA,2014-04-01,1.2,0.1906203596086497,2019-08-01,TRUE,19
IA,2014-05-01,1.3,0.2700271372130602,2019-08-01,TRUE,19
IA,2014-06-01,1.3,0.2700271372130602,2019-08-01,TRUE,19
IA,2014-07-01,1.3,0.2700271372130602,2019-08-01,TRUE,19
IA,2014-08-01,1.3,0.2700271372130602,2019-08-01,TRUE,19
IA,2014-09-01,1.3,0.2700271372130602,2019-08-01,TRUE,19
IA,2014-10-01,1.3,0.2700271372130602,2019-08-01,TRUE,19
IA,2014-11-01,1.3,0.2700271372130602,2019-08-01,TRUE,19
IA,2014-12-01,1.3,0.2700271372130602,2019-08-01,TRUE,19
IA,2015-01-01,1.2,0.1906203596086497,2019-08-01,TRUE,19
IA,2015-02-01,1.2,0.1906203596086497,2019-08-01,TRUE,19
IA,2015-03-01,1.1,0.10436001532424286,2019-08-01,TRUE,19
IA,2015-04-01,1.1,0.10436001532424286,2019-08-01,TRUE,19
IA,2015-05-01,1.1,0.10436001532424286,2019-08-01,TRUE,19
IA,2015-06-01,1.1,0.10436001532424286,2019-08-01,TRUE,19
IA,2015-07-01,1.2,0.1906203596086497,2019-08-01,TRUE,19
IA,2015-08-01,1.1,0.10436001532424286,2019-08-01,TRUE,19
IA,2015-09-01,1.1,0.10436001532424286,2019-08-01,TRUE,19
IA,2015-10-01,1.1,0.10436001532424286,2019-08-01,TRUE,19
IA,2015-11-01,1.1,0.10436001532424286,2019-08-01,TRUE,19
IA,2015-12-01,1,0.00995033085316809,2019-08-01,TRUE,19
IA,2016-01-01,1.1,0.10436001532424286,2019-08-01,TRUE,19
IA,2016-02-01,1.1,0.10436001532424286,2019-08-01,TRUE,19
IA,2016-03-01,1,0.00995033085316809,2019-08-01,TRUE,19
IA,2016-04-01,0.9,-0.09431067947124128,2019-08-01,TRUE,19
IA,2016-05-01,0.9,-0.09431067947124128,2019-08-01,TRUE,19
IA,2016-06-01,0.9,-0.09431067947124128,2019-08-01,TRUE,19
IA,2016-07-01,0.9,-0.09431067947124128,2019-08-01,TRUE,19
IA,2016-08-01,0.9,-0.09431067947124128,2019-08-01,TRUE,19
IA,2016-09-01,0.9,-0.09431067947124128,2019-08-01,TRUE,19
IA,2016-10-01,0.9,-0.09431067947124128,2019-08-01,TRUE,19
IA,2016-11-01,0.9,-0.09431067947124128,2019-08-01,TRUE,19
IA,2016-12-01,0.9,-0.09431067947124128,2019-08-01,TRUE,19
IA,2017-01-01,1,0.00995033085316809,2019-08-01,TRUE,19
IA,2017-02-01,1,0.00995033085316809,2019-08-01,TRUE,19
IA,2017-03-01,0.9,-0.09431067947124128,2019-08-01,TRUE,19
IA,2017-04-01,0.9,-0.09431067947124128,2019-08-01,TRUE,19
IA,2017-05-01,0.8,-0.2107210313156525,2019-08-01,TRUE,19
IA,2017-06-01,0.8,-0.2107210313156525,2019-08-01,TRUE,19
IA,2017-07-01,0.9,-0.09431067947124128,2019-08-01,TRUE,19
IA,2017-08-01,0.8,-0.2107210313156525,2019-08-01,TRUE,19
IA,2017-09-01,0.8,-0.2107210313156525,2019-08-01,TRUE,19
IA,2017-10-01,0.9,-0.09431067947124128,2019-08-01,TRUE,19
IA,2017-11-01,0.8,-0.2107210313156525,2019-08-01,TRUE,19
IA,2017-12-01,0.9,-0.09431067947124128,2019-08-01,TRUE,19
IA,2018-01-01,0.9,-0.09431067947124128,2019-08-01,TRUE,19
IA,2018-02-01,0.8,-0.2107210313156525,2019-08-01,TRUE,19
IA,2018-03-01,0.8,-0.2107210313156525,2019-08-01,TRUE,19
IA,2018-04-01,0.7,-0.342490308946776,2019-08-01,TRUE,19
IA,2018-05-01,0.7,-0.342490308946776,2019-08-01,TRUE,19
IA,2018-06-01,0.7,-0.342490308946776,2019-08-01,TRUE,19
IA,2018-07-01,0.7,-0.342490308946776,2019-08-01,TRUE,19
IA,2018-08-01,0.7,-0.342490308946776,2019-08-01,TRUE,19
IA,2018-09-01,0.7,-0.342490308946776,2019-08-01,TRUE,19
IA,2018-10-01,0.7,-0.342490308946776,2019-08-01,TRUE,19
IA,2018-11-01,0.8,-0.2107210313156525,2019-08-01,TRUE,19
IA,2018-12-01,0.9,-0.09431067947124128,2019-08-01,TRUE,19
IA,2019-01-01,0.9,-0.09431067947124128,2019-08-01,TRUE,19
IA,2019-02-01,0.8,-0.2107210313156525,2019-08-01,TRUE,19
IA,2019-03-01,0.8,-0.2107210313156525,2019-08-01,TRUE,19
IA,2019-04-01,0.7,-0.342490308946776,2019-08-01,TRUE,19
IA,2019-05-01,0.7,-0.342490308946776,2019-08-01,TRUE,19
IA,2019-06-01,0.7,-0.342490308946776,2019-08-01,TRUE,19
IA,2019-07-01,0.8,-0.2107210313156525,2019-08-01,TRUE,19
IA,2019-08-01,0.8,-0.2107210313156525,2019-08-01,TRUE,19
IA,2019-09-01,0.8,-0.2107210313156525,2019-08-01,TRUE,19
IA,2019-10-01,0.8,-0.2107210313156525,2019-08-01,TRUE,19
IA,2019-11-01,0.8,-0.2107210313156525,2019-08-01,TRUE,19
IA,2019-12-01,0.8,-0.2107210313156525,2019-08-01,TRUE,19
IA,2020-01-01,0.8,-0.2107210313156525,2019-08-01,TRUE,19
IA,2020-02-01,0.8,-0.2107210313156525,2019-08-01,TRUE,19
IA,2020-03-01,0.7,-0.342490308946776,2019-08-01,TRUE,19
IA,2020-04-01,0.7,-0.342490308946776,2019-08-01,TRUE,19
IA,2020-05-01,0.7,-0.342490308946776,2019-08-01,TRUE,19
IA,2020-06-01,0.6,-0.4942963218147801,2019-08-01,TRUE,19
IA,2020-07-01,0.6,-0.4942963218147801,2019-08-01,TRUE,19
IA,2020-08-01,0.6,-0.4942963218147801,2019-08-01,TRUE,19
IA,2020-09-01,0.6,-0.4942963218147801,2019-08-01,TRUE,19
IA,2020-10-01,0.6,-0.4942963218147801,2019-08-01,TRUE,19
IA,2020-11-01,0.6,-0.4942963218147801,2019-08-01,TRUE,19
IA,2020-12-01,0.6,-0.4942963218147801,2019-08-01,TRUE,19
IA,2021-01-01,0.6,-0.4942963218147801,2019-08-01,TRUE,19
IA,2021-02-01,0.6,-0.4942963218147801,2019-08-01,TRUE,19
IA,2021-03-01,0.6,-0.4942963218147801,2019-08-01,TRUE,19
IA,2021-04-01,0.5,-0.6733445532637656,2019-08-01,TRUE,19
IA,2021-05-01,0.5,-0.6733445532637656,2019-08-01,TRUE,19
IA,2021-06-01,0.5,-0.6733445532637656,2019-08-01,TRUE,19
IA,2021-07-01,0.6,-0.4942963218147801,2019-08-01,TRUE,19
IA,2021-08-01,0.5,-0.6733445532637656,2019-08-01,TRUE,19
IA,2021-09-01,0.5,-0.6733445532637656,2019-08-01,TRUE,19
IA,2021-10-01,0.5,-0.6733445532637656,2019-08-01,TRUE,19
IA,2021-11-01,0.5,-0.6733445532637656,2019-08-01,TRUE,19
IA,2021-12-01,0.5,-0.6733445532637656,2019-08-01,TRUE,19
IA,2022-01-01,0.5,-0.6733445532637656,2019-08-01,TRUE,19
IA,2022-02-01,0.5,-0.6733445532637656,2019-08-01,TRUE,19
IA,2022-03-01,0.5,-0.6733445532637656,2019-08-01,TRUE,19
IA,2022-04-01,0.5,-0.6733445532637656,2019-08-01,TRUE,19
IA,2022-05-01,0.5,-0.6733445532637656,2019-08-01,TRUE,19
IA,2022-06-01,0.5,-0.6733445532637656,2019-08-01,TRUE,19
IA,2022-07-01,0.5,-0.6733445532637656,2019-08-01,TRUE,19
IA,2022-08-01,0.5,-0.6733445532637656,2019-08-01,TRUE,19
IA,2022-09-01,0.5,-0.6733445532637656,2019-08-01,TRUE,19
IA,2022-10-01,0.6,-0.4942963218147801,2019-08-01,TRUE,19
IA,2022-11-01,0.6,-0.4942963218147801,2019-08-01,TRUE,19
IA,2022-12-01,0.6,-0.4942963218147801,2019-08-01,TRUE,19
IA,2023-01-01,0.6,-0.4942963218147801,2019-08-01,TRUE,19
IA,2023-02-01,0.6,-0.4942963218147801,2019-08-01,TRUE,19
IA,2023-03-01,0.5,-0.6733445532637656,2019-08-01,TRUE,19
IA,2023-04-01,0.5,-0.6733445532637656,2019-08-01,TRUE,19
IA,2023-05-01,0.6,-0.4942963218147801,2019-08-01,TRUE,19
IA,2023-06-01,0.6,-0.4942963218147801,2019-08-01,TRUE,19
IA,2023-07-01,0.5,-0.6733445532637656,2019-08-01,TRUE,19
IA,2023-08-01,0.6,-0.4942963218147801,2019-08-01,TRUE,19
IA,2023-09-01,0.6,-0.4942963218147801,2019-08-01,TRUE,19
IA,2023-10-01,0.6,-0.4942963218147801,2019-08-01,TRUE,19
IA,2023-11-01,0.6,-0.4942963218147801,2019-08-01,TRUE,19
IA,2023-12-01,0.7,-0.342490308946776,2019-08-01,TRUE,19
IA,2024-01-01,0.7,-0.342490308946776,2019-08-01,TRUE,19
IA,2024-02-01,0.6,-0.4942963218147801,2019-08-01,TRUE,19
IA,2024-03-01,0.6,-0.4942963218147801,2019-08-01,TRUE,19
IA,2024-04-01,0.6,-0.4942963218147801,2019-08-01,TRUE,19
IA,2024-05-01,0.6,-0.4942963218147801,2019-08-01,TRUE,19
IA,2024-06-01,0.5,-0.6733445532637656,2019-08-01,TRUE,19
IA,2024-07-01,0.6,-0.4942963218147801,2019-08-01,TRUE,19
IA,2024-08-01,0.6,-0.4942963218147801,2019-08-01,TRUE,19
IA,2024-09-01,0.6,-0.4942963218147801,2019-08-01,TRUE,19
IA,2024-10-01,0.6,-0.4942963218147801,2019-08-01,TRUE,19
IA,2024-11-01,0.7,-0.342490308946776,2019-08-01,TRUE,19
IA,2024-12-01,0.7,-0.342490308946776,2019-08-01,TRUE,19
IA,2025-01-01,0.8,-0.2107210313156525,2019-08-01,TRUE,19
IA,2025-02-01,0.7,-0.342490308946776,2019-08-01,TRUE,19
IA,2025-03-01,0.7,-0.342490308946776,2019-08-01,TRUE,19
KS,2008-01-01,1,0.00995033085316809,2022-09-01,TRUE,20
KS,2008-02-01,1,0.00995033085316809,2022-09-01,TRUE,20
KS,2008-03-01,1,0.00995033085316809,2022-09-01,TRUE,20
KS,2008-04-01,1,0.00995033085316809,2022-09-01,TRUE,20
KS,2008-05-01,1,0.00995033085316809,2022-09-01,TRUE,20
KS,2008-06-01,0.9,-0.09431067947124128,2022-09-01,TRUE,20
KS,2008-07-01,1,0.00995033085316809,2022-09-01,TRUE,20
KS,2008-08-01,1,0.00995033085316809,2022-09-01,TRUE,20
KS,2008-09-01,1.1,0.10436001532424286,2022-09-01,TRUE,20
KS,2008-10-01,1.3,0.2700271372130602,2022-09-01,TRUE,20
KS,2008-11-01,1.4,0.34358970439007686,2022-09-01,TRUE,20
KS,2008-12-01,1.5,0.412109650826833,2022-09-01,TRUE,20
KS,2009-01-01,1.6,0.4762341789963717,2022-09-01,TRUE,20
KS,2009-02-01,1.6,0.4762341789963717,2022-09-01,TRUE,20
KS,2009-03-01,1.7,0.5364933705145685,2022-09-01,TRUE,20
KS,2009-04-01,1.7,0.5364933705145685,2022-09-01,TRUE,20
KS,2009-05-01,1.8,0.5933268452777344,2022-09-01,TRUE,20
KS,2009-06-01,1.9,0.6471032420585384,2022-09-01,TRUE,20
KS,2009-07-01,2.1,0.7466879474879751,2022-09-01,TRUE,20
KS,2009-08-01,2.1,0.7466879474879751,2022-09-01,TRUE,20
KS,2009-09-01,2.2,0.7929925155296614,2022-09-01,TRUE,20
KS,2009-10-01,2.2,0.7929925155296614,2022-09-01,TRUE,20
KS,2009-11-01,2.4,0.8796267475025635,2022-09-01,TRUE,20
KS,2009-12-01,2.4,0.8796267475025635,2022-09-01,TRUE,20
KS,2010-01-01,2.5,0.9202827531436923,2022-09-01,TRUE,20
KS,2010-02-01,2.4,0.8796267475025635,2022-09-01,TRUE,20
KS,2010-03-01,2.3,0.837247524533702,2022-09-01,TRUE,20
KS,2010-04-01,2.2,0.7929925155296614,2022-09-01,TRUE,20
KS,2010-05-01,2.3,0.837247524533702,2022-09-01,TRUE,20
KS,2010-06-01,2.2,0.7929925155296614,2022-09-01,TRUE,20
KS,2010-07-01,2.2,0.7929925155296614,2022-09-01,TRUE,20
KS,2010-08-01,2.2,0.7929925155296614,2022-09-01,TRUE,20
KS,2010-09-01,2.3,0.837247524533702,2022-09-01,TRUE,20
KS,2010-10-01,2.3,0.837247524533702,2022-09-01,TRUE,20
KS,2010-11-01,2.3,0.837247524533702,2022-09-01,TRUE,20
KS,2010-12-01,2.4,0.8796267475025635,2022-09-01,TRUE,20
KS,2011-01-01,2.4,0.8796267475025635,2022-09-01,TRUE,20
KS,2011-02-01,2.2,0.7929925155296614,2022-09-01,TRUE,20
KS,2011-03-01,2.1,0.7466879474879751,2022-09-01,TRUE,20
KS,2011-04-01,2,0.6981347220709843,2022-09-01,TRUE,20
KS,2011-05-01,2,0.6981347220709843,2022-09-01,TRUE,20
KS,2011-06-01,2,0.6981347220709843,2022-09-01,TRUE,20
KS,2011-07-01,2,0.6981347220709843,2022-09-01,TRUE,20
KS,2011-08-01,2,0.6981347220709843,2022-09-01,TRUE,20
KS,2011-09-01,2.2,0.7929925155296614,2022-09-01,TRUE,20
KS,2011-10-01,2.3,0.837247524533702,2022-09-01,TRUE,20
KS,2011-11-01,2.3,0.837247524533702,2022-09-01,TRUE,20
KS,2011-12-01,2.2,0.7929925155296614,2022-09-01,TRUE,20
KS,2012-01-01,2.2,0.7929925155296614,2022-09-01,TRUE,20
KS,2012-02-01,2.3,0.837247524533702,2022-09-01,TRUE,20
KS,2012-03-01,2.2,0.7929925155296614,2022-09-01,TRUE,20
KS,2012-04-01,2,0.6981347220709843,2022-09-01,TRUE,20
KS,2012-05-01,2,0.6981347220709843,2022-09-01,TRUE,20
KS,2012-06-01,2.1,0.7466879474879751,2022-09-01,TRUE,20
KS,2012-07-01,2.1,0.7466879474879751,2022-09-01,TRUE,20
KS,2012-08-01,2,0.6981347220709843,2022-09-01,TRUE,20
KS,2012-09-01,2.1,0.7466879474879751,2022-09-01,TRUE,20
KS,2012-10-01,2.1,0.7466879474879751,2022-09-01,TRUE,20
KS,2012-11-01,2,0.6981347220709843,2022-09-01,TRUE,20
KS,2012-12-01,2,0.6981347220709843,2022-09-01,TRUE,20
KS,2013-01-01,2,0.6981347220709843,2022-09-01,TRUE,20
KS,2013-02-01,1.9,0.6471032420585384,2022-09-01,TRUE,20
KS,2013-03-01,1.9,0.6471032420585384,2022-09-01,TRUE,20
KS,2013-04-01,1.7,0.5364933705145685,2022-09-01,TRUE,20
KS,2013-05-01,1.7,0.5364933705145685,2022-09-01,TRUE,20
KS,2013-06-01,1.7,0.5364933705145685,2022-09-01,TRUE,20
KS,2013-07-01,1.7,0.5364933705145685,2022-09-01,TRUE,20
KS,2013-08-01,1.7,0.5364933705145685,2022-09-01,TRUE,20
KS,2013-09-01,1.6,0.4762341789963717,2022-09-01,TRUE,20
KS,2013-10-01,1.6,0.4762341789963717,2022-09-01,TRUE,20
KS,2013-11-01,1.6,0.4762341789963717,2022-09-01,TRUE,20
KS,2013-12-01,1.7,0.5364933705145685,2022-09-01,TRUE,20
KS,2014-01-01,1.7,0.5364933705145685,2022-09-01,TRUE,20
KS,2014-02-01,1.6,0.4762341789963717,2022-09-01,TRUE,20
KS,2014-03-01,1.6,0.4762341789963717,2022-09-01,TRUE,20
KS,2014-04-01,1.5,0.412109650826833,2022-09-01,TRUE,20
KS,2014-05-01,1.5,0.412109650826833,2022-09-01,TRUE,20
KS,2014-06-01,1.5,0.412109650826833,2022-09-01,TRUE,20
KS,2014-07-01,1.5,0.412109650826833,2022-09-01,TRUE,20
KS,2014-08-01,1.5,0.412109650826833,2022-09-01,TRUE,20
KS,2014-09-01,1.6,0.4762341789963717,2022-09-01,TRUE,20
KS,2014-10-01,1.6,0.4762341789963717,2022-09-01,TRUE,20
KS,2014-11-01,1.5,0.412109650826833,2022-09-01,TRUE,20
KS,2014-12-01,1.6,0.4762341789963717,2022-09-01,TRUE,20
KS,2015-01-01,1.5,0.412109650826833,2022-09-01,TRUE,20
KS,2015-02-01,1.5,0.412109650826833,2022-09-01,TRUE,20
KS,2015-03-01,1.4,0.34358970439007686,2022-09-01,TRUE,20
KS,2015-04-01,1.3,0.2700271372130602,2022-09-01,TRUE,20
KS,2015-05-01,1.2,0.1906203596086497,2022-09-01,TRUE,20
KS,2015-06-01,1.2,0.1906203596086497,2022-09-01,TRUE,20
KS,2015-07-01,1.2,0.1906203596086497,2022-09-01,TRUE,20
KS,2015-08-01,1.2,0.1906203596086497,2022-09-01,TRUE,20
KS,2015-09-01,1.2,0.1906203596086497,2022-09-01,TRUE,20
KS,2015-10-01,1.2,0.1906203596086497,2022-09-01,TRUE,20
KS,2015-11-01,1.2,0.1906203596086497,2022-09-01,TRUE,20
KS,2015-12-01,1.2,0.1906203596086497,2022-09-01,TRUE,20
KS,2016-01-01,1.3,0.2700271372130602,2022-09-01,TRUE,20
KS,2016-02-01,1.3,0.2700271372130602,2022-09-01,TRUE,20
KS,2016-03-01,1.1,0.10436001532424286,2022-09-01,TRUE,20
KS,2016-04-01,1.1,0.10436001532424286,2022-09-01,TRUE,20
KS,2016-05-01,1.2,0.1906203596086497,2022-09-01,TRUE,20
KS,2016-06-01,1.1,0.10436001532424286,2022-09-01,TRUE,20
KS,2016-07-01,1.1,0.10436001532424286,2022-09-01,TRUE,20
KS,2016-08-01,1.1,0.10436001532424286,2022-09-01,TRUE,20
KS,2016-09-01,1.1,0.10436001532424286,2022-09-01,TRUE,20
KS,2016-10-01,1.1,0.10436001532424286,2022-09-01,TRUE,20
KS,2016-11-01,1.1,0.10436001532424286,2022-09-01,TRUE,20
KS,2016-12-01,1,0.00995033085316809,2022-09-01,TRUE,20
KS,2017-01-01,1,0.00995033085316809,2022-09-01,TRUE,20
KS,2017-02-01,1,0.00995033085316809,2022-09-01,TRUE,20
KS,2017-03-01,0.9,-0.09431067947124128,2022-09-01,TRUE,20
KS,2017-04-01,0.9,-0.09431067947124128,2022-09-01,TRUE,20
KS,2017-05-01,0.8,-0.2107210313156525,2022-09-01,TRUE,20
KS,2017-06-01,0.8,-0.2107210313156525,2022-09-01,TRUE,20
KS,2017-07-01,0.8,-0.2107210313156525,2022-09-01,TRUE,20
KS,2017-08-01,0.9,-0.09431067947124128,2022-09-01,TRUE,20
KS,2017-09-01,0.9,-0.09431067947124128,2022-09-01,TRUE,20
KS,2017-10-01,0.8,-0.2107210313156525,2022-09-01,TRUE,20
KS,2017-11-01,0.9,-0.09431067947124128,2022-09-01,TRUE,20
KS,2017-12-01,0.9,-0.09431067947124128,2022-09-01,TRUE,20
KS,2018-01-01,1,0.00995033085316809,2022-09-01,TRUE,20
KS,2018-02-01,0.9,-0.09431067947124128,2022-09-01,TRUE,20
KS,2018-03-01,0.8,-0.2107210313156525,2022-09-01,TRUE,20
KS,2018-04-01,0.7,-0.342490308946776,2022-09-01,TRUE,20
KS,2018-05-01,0.7,-0.342490308946776,2022-09-01,TRUE,20
KS,2018-06-01,0.7,-0.342490308946776,2022-09-01,TRUE,20
KS,2018-07-01,0.7,-0.342490308946776,2022-09-01,TRUE,20
KS,2018-08-01,0.7,-0.342490308946776,2022-09-01,TRUE,20
KS,2018-09-01,0.8,-0.2107210313156525,2022-09-01,TRUE,20
KS,2018-10-01,0.8,-0.2107210313156525,2022-09-01,TRUE,20
KS,2018-11-01,0.8,-0.2107210313156525,2022-09-01,TRUE,20
KS,2018-12-01,0.9,-0.09431067947124128,2022-09-01,TRUE,20
KS,2019-01-01,0.9,-0.09431067947124128,2022-09-01,TRUE,20
KS,2019-02-01,0.9,-0.09431067947124128,2022-09-01,TRUE,20
KS,2019-03-01,0.8,-0.2107210313156525,2022-09-01,TRUE,20
KS,2019-04-01,0.7,-0.342490308946776,2022-09-01,TRUE,20
KS,2019-05-01,0.7,-0.342490308946776,2022-09-01,TRUE,20
KS,2019-06-01,0.6,-0.4942963218147801,2022-09-01,TRUE,20
KS,2019-07-01,0.6,-0.4942963218147801,2022-09-01,TRUE,20
KS,2019-08-01,0.7,-0.342490308946776,2022-09-01,TRUE,20
KS,2019-09-01,0.7,-0.342490308946776,2022-09-01,TRUE,20
KS,2019-10-01,0.8,-0.2107210313156525,2022-09-01,TRUE,20
KS,2019-11-01,0.7,-0.342490308946776,2022-09-01,TRUE,20
KS,2019-12-01,0.8,-0.2107210313156525,2022-09-01,TRUE,20
KS,2020-01-01,0.9,-0.09431067947124128,2022-09-01,TRUE,20
KS,2020-02-01,0.9,-0.09431067947124128,2022-09-01,TRUE,20
KS,2020-03-01,0.8,-0.2107210313156525,2022-09-01,TRUE,20
KS,2020-04-01,0.8,-0.2107210313156525,2022-09-01,TRUE,20
KS,2020-05-01,0.6,-0.4942963218147801,2022-09-01,TRUE,20
KS,2020-06-01,0.6,-0.4942963218147801,2022-09-01,TRUE,20
KS,2020-07-01,0.6,-0.4942963218147801,2022-09-01,TRUE,20
KS,2020-08-01,0.7,-0.342490308946776,2022-09-01,TRUE,20
KS,2020-09-01,0.7,-0.342490308946776,2022-09-01,TRUE,20
KS,2020-10-01,0.7,-0.342490308946776,2022-09-01,TRUE,20
KS,2020-11-01,0.7,-0.342490308946776,2022-09-01,TRUE,20
KS,2020-12-01,0.7,-0.342490308946776,2022-09-01,TRUE,20
KS,2021-01-01,0.7,-0.342490308946776,2022-09-01,TRUE,20
KS,2021-02-01,0.6,-0.4942963218147801,2022-09-01,TRUE,20
KS,2021-03-01,0.6,-0.4942963218147801,2022-09-01,TRUE,20
KS,2021-04-01,0.6,-0.4942963218147801,2022-09-01,TRUE,20
KS,2021-05-01,0.5,-0.6733445532637656,2022-09-01,TRUE,20
KS,2021-06-01,0.5,-0.6733445532637656,2022-09-01,TRUE,20
KS,2021-07-01,0.6,-0.4942963218147801,2022-09-01,TRUE,20
KS,2021-08-01,0.6,-0.4942963218147801,2022-09-01,TRUE,20
KS,2021-09-01,0.6,-0.4942963218147801,2022-09-01,TRUE,20
KS,2021-10-01,0.6,-0.4942963218147801,2022-09-01,TRUE,20
KS,2021-11-01,0.6,-0.4942963218147801,2022-09-01,TRUE,20
KS,2021-12-01,0.6,-0.4942963218147801,2022-09-01,TRUE,20
KS,2022-01-01,0.6,-0.4942963218147801,2022-09-01,TRUE,20
KS,2022-02-01,0.6,-0.4942963218147801,2022-09-01,TRUE,20
KS,2022-03-01,0.5,-0.6733445532637656,2022-09-01,TRUE,20
KS,2022-04-01,0.5,-0.6733445532637656,2022-09-01,TRUE,20
KS,2022-05-01,0.5,-0.6733445532637656,2022-09-01,TRUE,20
KS,2022-06-01,0.4,-0.8915981192837835,2022-09-01,TRUE,20
KS,2022-07-01,0.5,-0.6733445532637656,2022-09-01,TRUE,20
KS,2022-08-01,0.4,-0.8915981192837835,2022-09-01,TRUE,20
KS,2022-09-01,0.4,-0.8915981192837835,2022-09-01,TRUE,20
KS,2022-10-01,0.4,-0.8915981192837835,2022-09-01,TRUE,20
KS,2022-11-01,0.4,-0.8915981192837835,2022-09-01,TRUE,20
KS,2022-12-01,0.4,-0.8915981192837835,2022-09-01,TRUE,20
KS,2023-01-01,0.4,-0.8915981192837835,2022-09-01,TRUE,20
KS,2023-02-01,0.4,-0.8915981192837835,2022-09-01,TRUE,20
KS,2023-03-01,0.4,-0.8915981192837835,2022-09-01,TRUE,20
KS,2023-04-01,0.4,-0.8915981192837835,2022-09-01,TRUE,20
KS,2023-05-01,0.4,-0.8915981192837835,2022-09-01,TRUE,20
KS,2023-06-01,0.4,-0.8915981192837835,2022-09-01,TRUE,20
KS,2023-07-01,0.4,-0.8915981192837835,2022-09-01,TRUE,20
KS,2023-08-01,0.5,-0.6733445532637656,2022-09-01,TRUE,20
KS,2023-09-01,0.5,-0.6733445532637656,2022-09-01,TRUE,20
KS,2023-10-01,0.6,-0.4942963218147801,2022-09-01,TRUE,20
KS,2023-11-01,0.6,-0.4942963218147801,2022-09-01,TRUE,20
KS,2023-12-01,0.6,-0.4942963218147801,2022-09-01,TRUE,20
KS,2024-01-01,0.7,-0.342490308946776,2022-09-01,TRUE,20
KS,2024-02-01,0.7,-0.342490308946776,2022-09-01,TRUE,20
KS,2024-03-01,0.6,-0.4942963218147801,2022-09-01,TRUE,20
KS,2024-04-01,0.5,-0.6733445532637656,2022-09-01,TRUE,20
KS,2024-05-01,0.6,-0.4942963218147801,2022-09-01,TRUE,20
KS,2024-06-01,0.6,-0.4942963218147801,2022-09-01,TRUE,20
KS,2024-07-01,0.6,-0.4942963218147801,2022-09-01,TRUE,20
KS,2024-08-01,0.6,-0.4942963218147801,2022-09-01,TRUE,20
KS,2024-09-01,0.7,-0.342490308946776,2022-09-01,TRUE,20
KS,2024-10-01,0.7,-0.342490308946776,2022-09-01,TRUE,20
KS,2024-11-01,0.6,-0.4942963218147801,2022-09-01,TRUE,20
KS,2024-12-01,0.7,-0.342490308946776,2022-09-01,TRUE,20
KS,2025-01-01,0.7,-0.342490308946776,2022-09-01,TRUE,20
KS,2025-02-01,0.8,-0.2107210313156525,2022-09-01,TRUE,20
KS,2025-03-01,0.7,-0.342490308946776,2022-09-01,TRUE,20
KY,2008-01-01,1.2,0.1906203596086497,NA,FALSE,21
KY,2008-02-01,1.2,0.1906203596086497,NA,FALSE,21
KY,2008-03-01,1.2,0.1906203596086497,NA,FALSE,21
KY,2008-04-01,1.2,0.1906203596086497,NA,FALSE,21
KY,2008-05-01,1.3,0.2700271372130602,NA,FALSE,21
KY,2008-06-01,1.3,0.2700271372130602,NA,FALSE,21
KY,2008-07-01,1.4,0.34358970439007686,NA,FALSE,21
KY,2008-08-01,1.4,0.34358970439007686,NA,FALSE,21
KY,2008-09-01,1.5,0.412109650826833,NA,FALSE,21
KY,2008-10-01,1.6,0.4762341789963717,NA,FALSE,21
KY,2008-11-01,1.7,0.5364933705145685,NA,FALSE,21
KY,2008-12-01,1.8,0.5933268452777344,NA,FALSE,21
KY,2009-01-01,2,0.6981347220709843,NA,FALSE,21
KY,2009-02-01,2.1,0.7466879474879751,NA,FALSE,21
KY,2009-03-01,2.1,0.7466879474879751,NA,FALSE,21
KY,2009-04-01,2.2,0.7929925155296614,NA,FALSE,21
KY,2009-05-01,2.2,0.7929925155296614,NA,FALSE,21
KY,2009-06-01,2.3,0.837247524533702,NA,FALSE,21
KY,2009-07-01,2.4,0.8796267475025635,NA,FALSE,21
KY,2009-08-01,2.6,0.959350221334602,NA,FALSE,21
KY,2009-09-01,2.7,0.9969486348916096,NA,FALSE,21
KY,2009-10-01,2.8,1.0331844833456545,NA,FALSE,21
KY,2009-11-01,2.9,1.068153081183401,NA,FALSE,21
KY,2009-12-01,2.9,1.068153081183401,NA,FALSE,21
KY,2010-01-01,2.9,1.068153081183401,NA,FALSE,21
KY,2010-02-01,2.9,1.068153081183401,NA,FALSE,21
KY,2010-03-01,2.7,0.9969486348916096,NA,FALSE,21
KY,2010-04-01,2.6,0.959350221334602,NA,FALSE,21
KY,2010-05-01,2.6,0.959350221334602,NA,FALSE,21
KY,2010-06-01,2.7,0.9969486348916096,NA,FALSE,21
KY,2010-07-01,2.7,0.9969486348916096,NA,FALSE,21
KY,2010-08-01,2.6,0.959350221334602,NA,FALSE,21
KY,2010-09-01,2.7,0.9969486348916096,NA,FALSE,21
KY,2010-10-01,2.7,0.9969486348916096,NA,FALSE,21
KY,2010-11-01,2.7,0.9969486348916096,NA,FALSE,21
KY,2010-12-01,2.7,0.9969486348916096,NA,FALSE,21
KY,2011-01-01,2.7,0.9969486348916096,NA,FALSE,21
KY,2011-02-01,2.7,0.9969486348916096,NA,FALSE,21
KY,2011-03-01,2.6,0.959350221334602,NA,FALSE,21
KY,2011-04-01,2.5,0.9202827531436923,NA,FALSE,21
KY,2011-05-01,2.5,0.9202827531436923,NA,FALSE,21
KY,2011-06-01,2.5,0.9202827531436923,NA,FALSE,21
KY,2011-07-01,2.5,0.9202827531436923,NA,FALSE,21
KY,2011-08-01,2.6,0.959350221334602,NA,FALSE,21
KY,2011-09-01,2.6,0.959350221334602,NA,FALSE,21
KY,2011-10-01,2.7,0.9969486348916096,NA,FALSE,21
KY,2011-11-01,2.8,1.0331844833456545,NA,FALSE,21
KY,2011-12-01,2.7,0.9969486348916096,NA,FALSE,21
KY,2012-01-01,2.8,1.0331844833456545,NA,FALSE,21
KY,2012-02-01,2.6,0.959350221334602,NA,FALSE,21
KY,2012-03-01,2.6,0.959350221334602,NA,FALSE,21
KY,2012-04-01,2.5,0.9202827531436923,NA,FALSE,21
KY,2012-05-01,2.6,0.959350221334602,NA,FALSE,21
KY,2012-06-01,2.6,0.959350221334602,NA,FALSE,21
KY,2012-07-01,2.5,0.9202827531436923,NA,FALSE,21
KY,2012-08-01,2.4,0.8796267475025635,NA,FALSE,21
KY,2012-09-01,2.4,0.8796267475025635,NA,FALSE,21
KY,2012-10-01,2.5,0.9202827531436923,NA,FALSE,21
KY,2012-11-01,2.5,0.9202827531436923,NA,FALSE,21
KY,2012-12-01,2.5,0.9202827531436923,NA,FALSE,21
KY,2013-01-01,2.5,0.9202827531436923,NA,FALSE,21
KY,2013-02-01,2.5,0.9202827531436923,NA,FALSE,21
KY,2013-03-01,2.3,0.837247524533702,NA,FALSE,21
KY,2013-04-01,2.2,0.7929925155296614,NA,FALSE,21
KY,2013-05-01,2.1,0.7466879474879751,NA,FALSE,21
KY,2013-06-01,2.1,0.7466879474879751,NA,FALSE,21
KY,2013-07-01,2.1,0.7466879474879751,NA,FALSE,21
KY,2013-08-01,2,0.6981347220709843,NA,FALSE,21
KY,2013-09-01,2,0.6981347220709843,NA,FALSE,21
KY,2013-10-01,2,0.6981347220709843,NA,FALSE,21
KY,2013-11-01,2,0.6981347220709843,NA,FALSE,21
KY,2013-12-01,2.1,0.7466879474879751,NA,FALSE,21
KY,2014-01-01,2.1,0.7466879474879751,NA,FALSE,21
KY,2014-02-01,2,0.6981347220709843,NA,FALSE,21
KY,2014-03-01,1.9,0.6471032420585384,NA,FALSE,21
KY,2014-04-01,1.8,0.5933268452777344,NA,FALSE,21
KY,2014-05-01,1.9,0.6471032420585384,NA,FALSE,21
KY,2014-06-01,1.9,0.6471032420585384,NA,FALSE,21
KY,2014-07-01,1.9,0.6471032420585384,NA,FALSE,21
KY,2014-08-01,2,0.6981347220709843,NA,FALSE,21
KY,2014-09-01,1.9,0.6471032420585384,NA,FALSE,21
KY,2014-10-01,1.9,0.6471032420585384,NA,FALSE,21
KY,2014-11-01,2,0.6981347220709843,NA,FALSE,21
KY,2014-12-01,2,0.6981347220709843,NA,FALSE,21
KY,2015-01-01,2,0.6981347220709843,NA,FALSE,21
KY,2015-02-01,1.9,0.6471032420585384,NA,FALSE,21
KY,2015-03-01,1.8,0.5933268452777344,NA,FALSE,21
KY,2015-04-01,1.7,0.5364933705145685,NA,FALSE,21
KY,2015-05-01,1.6,0.4762341789963717,NA,FALSE,21
KY,2015-06-01,1.6,0.4762341789963717,NA,FALSE,21
KY,2015-07-01,1.5,0.412109650826833,NA,FALSE,21
KY,2015-08-01,1.7,0.5364933705145685,NA,FALSE,21
KY,2015-09-01,1.7,0.5364933705145685,NA,FALSE,21
KY,2015-10-01,1.7,0.5364933705145685,NA,FALSE,21
KY,2015-11-01,1.6,0.4762341789963717,NA,FALSE,21
KY,2015-12-01,1.7,0.5364933705145685,NA,FALSE,21
KY,2016-01-01,1.7,0.5364933705145685,NA,FALSE,21
KY,2016-02-01,1.9,0.6471032420585384,NA,FALSE,21
KY,2016-03-01,1.6,0.4762341789963717,NA,FALSE,21
KY,2016-04-01,1.5,0.412109650826833,NA,FALSE,21
KY,2016-05-01,1.4,0.34358970439007686,NA,FALSE,21
KY,2016-06-01,1.4,0.34358970439007686,NA,FALSE,21
KY,2016-07-01,1.5,0.412109650826833,NA,FALSE,21
KY,2016-08-01,1.4,0.34358970439007686,NA,FALSE,21
KY,2016-09-01,1.4,0.34358970439007686,NA,FALSE,21
KY,2016-10-01,1.4,0.34358970439007686,NA,FALSE,21
KY,2016-11-01,1.4,0.34358970439007686,NA,FALSE,21
KY,2016-12-01,1.4,0.34358970439007686,NA,FALSE,21
KY,2017-01-01,1.3,0.2700271372130602,NA,FALSE,21
KY,2017-02-01,1.3,0.2700271372130602,NA,FALSE,21
KY,2017-03-01,1.2,0.1906203596086497,NA,FALSE,21
KY,2017-04-01,1.2,0.1906203596086497,NA,FALSE,21
KY,2017-05-01,1.2,0.1906203596086497,NA,FALSE,21
KY,2017-06-01,1.2,0.1906203596086497,NA,FALSE,21
KY,2017-07-01,1.2,0.1906203596086497,NA,FALSE,21
KY,2017-08-01,1.2,0.1906203596086497,NA,FALSE,21
KY,2017-09-01,1.2,0.1906203596086497,NA,FALSE,21
KY,2017-10-01,1.2,0.1906203596086497,NA,FALSE,21
KY,2017-11-01,1.3,0.2700271372130602,NA,FALSE,21
KY,2017-12-01,1.2,0.1906203596086497,NA,FALSE,21
KY,2018-01-01,1.3,0.2700271372130602,NA,FALSE,21
KY,2018-02-01,1.3,0.2700271372130602,NA,FALSE,21
KY,2018-03-01,1.2,0.1906203596086497,NA,FALSE,21
KY,2018-04-01,1.1,0.10436001532424286,NA,FALSE,21
KY,2018-05-01,1.1,0.10436001532424286,NA,FALSE,21
KY,2018-06-01,1.2,0.1906203596086497,NA,FALSE,21
KY,2018-07-01,1.1,0.10436001532424286,NA,FALSE,21
KY,2018-08-01,1.1,0.10436001532424286,NA,FALSE,21
KY,2018-09-01,1.1,0.10436001532424286,NA,FALSE,21
KY,2018-10-01,1.1,0.10436001532424286,NA,FALSE,21
KY,2018-11-01,1.1,0.10436001532424286,NA,FALSE,21
KY,2018-12-01,1.1,0.10436001532424286,NA,FALSE,21
KY,2019-01-01,1.1,0.10436001532424286,NA,FALSE,21
KY,2019-02-01,1.1,0.10436001532424286,NA,FALSE,21
KY,2019-03-01,1,0.00995033085316809,NA,FALSE,21
KY,2019-04-01,0.9,-0.09431067947124128,NA,FALSE,21
KY,2019-05-01,0.9,-0.09431067947124128,NA,FALSE,21
KY,2019-06-01,0.9,-0.09431067947124128,NA,FALSE,21
KY,2019-07-01,0.9,-0.09431067947124128,NA,FALSE,21
KY,2019-08-01,1,0.00995033085316809,NA,FALSE,21
KY,2019-09-01,1,0.00995033085316809,NA,FALSE,21
KY,2019-10-01,1,0.00995033085316809,NA,FALSE,21
KY,2019-11-01,1,0.00995033085316809,NA,FALSE,21
KY,2019-12-01,1.1,0.10436001532424286,NA,FALSE,21
KY,2020-01-01,1.1,0.10436001532424286,NA,FALSE,21
KY,2020-02-01,1.1,0.10436001532424286,NA,FALSE,21
KY,2020-03-01,1,0.00995033085316809,NA,FALSE,21
KY,2020-04-01,0.9,-0.09431067947124128,NA,FALSE,21
KY,2020-05-01,0.9,-0.09431067947124128,NA,FALSE,21
KY,2020-06-01,0.8,-0.2107210313156525,NA,FALSE,21
KY,2020-07-01,0.8,-0.2107210313156525,NA,FALSE,21
KY,2020-08-01,0.8,-0.2107210313156525,NA,FALSE,21
KY,2020-09-01,0.8,-0.2107210313156525,NA,FALSE,21
KY,2020-10-01,0.8,-0.2107210313156525,NA,FALSE,21
KY,2020-11-01,0.7,-0.342490308946776,NA,FALSE,21
KY,2020-12-01,0.8,-0.2107210313156525,NA,FALSE,21
KY,2021-01-01,0.8,-0.2107210313156525,NA,FALSE,21
KY,2021-02-01,0.8,-0.2107210313156525,NA,FALSE,21
KY,2021-03-01,0.7,-0.342490308946776,NA,FALSE,21
KY,2021-04-01,0.7,-0.342490308946776,NA,FALSE,21
KY,2021-05-01,0.7,-0.342490308946776,NA,FALSE,21
KY,2021-06-01,0.6,-0.4942963218147801,NA,FALSE,21
KY,2021-07-01,0.7,-0.342490308946776,NA,FALSE,21
KY,2021-08-01,0.6,-0.4942963218147801,NA,FALSE,21
KY,2021-09-01,0.6,-0.4942963218147801,NA,FALSE,21
KY,2021-10-01,0.6,-0.4942963218147801,NA,FALSE,21
KY,2021-11-01,0.6,-0.4942963218147801,NA,FALSE,21
KY,2021-12-01,0.7,-0.342490308946776,NA,FALSE,21
KY,2022-01-01,0.7,-0.342490308946776,NA,FALSE,21
KY,2022-02-01,0.7,-0.342490308946776,NA,FALSE,21
KY,2022-03-01,0.6,-0.4942963218147801,NA,FALSE,21
KY,2022-04-01,0.8,-0.2107210313156525,NA,FALSE,21
KY,2022-05-01,0.7,-0.342490308946776,NA,FALSE,21
KY,2022-06-01,0.6,-0.4942963218147801,NA,FALSE,21
KY,2022-07-01,0.6,-0.4942963218147801,NA,FALSE,21
KY,2022-08-01,0.6,-0.4942963218147801,NA,FALSE,21
KY,2022-09-01,0.7,-0.342490308946776,NA,FALSE,21
KY,2022-10-01,0.7,-0.342490308946776,NA,FALSE,21
KY,2022-11-01,0.8,-0.2107210313156525,NA,FALSE,21
KY,2022-12-01,0.7,-0.342490308946776,NA,FALSE,21
KY,2023-01-01,0.7,-0.342490308946776,NA,FALSE,21
KY,2023-02-01,0.7,-0.342490308946776,NA,FALSE,21
KY,2023-03-01,0.7,-0.342490308946776,NA,FALSE,21
KY,2023-04-01,0.7,-0.342490308946776,NA,FALSE,21
KY,2023-05-01,0.7,-0.342490308946776,NA,FALSE,21
KY,2023-06-01,0.6,-0.4942963218147801,NA,FALSE,21
KY,2023-07-01,0.7,-0.342490308946776,NA,FALSE,21
KY,2023-08-01,0.7,-0.342490308946776,NA,FALSE,21
KY,2023-09-01,0.8,-0.2107210313156525,NA,FALSE,21
KY,2023-10-01,0.8,-0.2107210313156525,NA,FALSE,21
KY,2023-11-01,0.9,-0.09431067947124128,NA,FALSE,21
KY,2023-12-01,0.9,-0.09431067947124128,NA,FALSE,21
KY,2024-01-01,0.9,-0.09431067947124128,NA,FALSE,21
KY,2024-02-01,0.9,-0.09431067947124128,NA,FALSE,21
KY,2024-03-01,0.8,-0.2107210313156525,NA,FALSE,21
KY,2024-04-01,0.8,-0.2107210313156525,NA,FALSE,21
KY,2024-05-01,0.8,-0.2107210313156525,NA,FALSE,21
KY,2024-06-01,0.8,-0.2107210313156525,NA,FALSE,21
KY,2024-07-01,0.8,-0.2107210313156525,NA,FALSE,21
KY,2024-08-01,0.8,-0.2107210313156525,NA,FALSE,21
KY,2024-09-01,0.9,-0.09431067947124128,NA,FALSE,21
KY,2024-10-01,0.9,-0.09431067947124128,NA,FALSE,21
KY,2024-11-01,0.9,-0.09431067947124128,NA,FALSE,21
KY,2024-12-01,1,0.00995033085316809,NA,FALSE,21
KY,2025-01-01,1.1,0.10436001532424286,NA,FALSE,21
KY,2025-02-01,1,0.00995033085316809,NA,FALSE,21
KY,2025-03-01,0.9,-0.09431067947124128,NA,FALSE,21
LA,2008-01-01,1.4,0.34358970439007686,2022-01-01,TRUE,22
LA,2008-02-01,1.4,0.34358970439007686,2022-01-01,TRUE,22
LA,2008-03-01,1.3,0.2700271372130602,2022-01-01,TRUE,22
LA,2008-04-01,1.3,0.2700271372130602,2022-01-01,TRUE,22
LA,2008-05-01,1.4,0.34358970439007686,2022-01-01,TRUE,22
LA,2008-06-01,1.4,0.34358970439007686,2022-01-01,TRUE,22
LA,2008-07-01,1.5,0.412109650826833,2022-01-01,TRUE,22
LA,2008-08-01,1.6,0.4762341789963717,2022-01-01,TRUE,22
LA,2008-09-01,1.7,0.5364933705145685,2022-01-01,TRUE,22
LA,2008-10-01,1.8,0.5933268452777344,2022-01-01,TRUE,22
LA,2008-11-01,1.9,0.6471032420585384,2022-01-01,TRUE,22
LA,2008-12-01,2.1,0.7466879474879751,2022-01-01,TRUE,22
LA,2009-01-01,2.2,0.7929925155296614,2022-01-01,TRUE,22
LA,2009-02-01,2.2,0.7929925155296614,2022-01-01,TRUE,22
LA,2009-03-01,2.2,0.7929925155296614,2022-01-01,TRUE,22
LA,2009-04-01,2.2,0.7929925155296614,2022-01-01,TRUE,22
LA,2009-05-01,2.3,0.837247524533702,2022-01-01,TRUE,22
LA,2009-06-01,2.4,0.8796267475025635,2022-01-01,TRUE,22
LA,2009-07-01,2.7,0.9969486348916096,2022-01-01,TRUE,22
LA,2009-08-01,2.8,1.0331844833456545,2022-01-01,TRUE,22
LA,2009-09-01,3.1,1.1346227261911428,2022-01-01,TRUE,22
LA,2009-10-01,3.3,1.1969481893889715,2022-01-01,TRUE,22
LA,2009-11-01,3.4,1.2267122912954254,2022-01-01,TRUE,22
LA,2009-12-01,3.6,1.2837077723447896,2022-01-01,TRUE,22
LA,2010-01-01,3.7,1.3110318766193438,2022-01-01,TRUE,22
LA,2010-02-01,3.6,1.2837077723447896,2022-01-01,TRUE,22
LA,2010-03-01,3.5,1.2556160374777745,2022-01-01,TRUE,22
LA,2010-04-01,3.4,1.2267122912954254,2022-01-01,TRUE,22
LA,2010-05-01,3.4,1.2267122912954254,2022-01-01,TRUE,22
LA,2010-06-01,3.4,1.2267122912954254,2022-01-01,TRUE,22
LA,2010-07-01,3.3,1.1969481893889715,2022-01-01,TRUE,22
LA,2010-08-01,3.3,1.1969481893889715,2022-01-01,TRUE,22
LA,2010-09-01,3.4,1.2267122912954254,2022-01-01,TRUE,22
LA,2010-10-01,3.4,1.2267122912954254,2022-01-01,TRUE,22
LA,2010-11-01,3.5,1.2556160374777745,2022-01-01,TRUE,22
LA,2010-12-01,3.5,1.2556160374777745,2022-01-01,TRUE,22
LA,2011-01-01,3.5,1.2556160374777745,2022-01-01,TRUE,22
LA,2011-02-01,3.4,1.2267122912954254,2022-01-01,TRUE,22
LA,2011-03-01,3.2,1.1662709371419244,2022-01-01,TRUE,22
LA,2011-04-01,3.1,1.1346227261911428,2022-01-01,TRUE,22
LA,2011-05-01,3.1,1.1346227261911428,2022-01-01,TRUE,22
LA,2011-06-01,3.1,1.1346227261911428,2022-01-01,TRUE,22
LA,2011-07-01,3.1,1.1346227261911428,2022-01-01,TRUE,22
LA,2011-08-01,3.1,1.1346227261911428,2022-01-01,TRUE,22
LA,2011-09-01,3.1,1.1346227261911428,2022-01-01,TRUE,22
LA,2011-10-01,3.1,1.1346227261911428,2022-01-01,TRUE,22
LA,2011-11-01,3.2,1.1662709371419244,2022-01-01,TRUE,22
LA,2011-12-01,3.1,1.1346227261911428,2022-01-01,TRUE,22
LA,2012-01-01,3.2,1.1662709371419244,2022-01-01,TRUE,22
LA,2012-02-01,3.2,1.1662709371419244,2022-01-01,TRUE,22
LA,2012-03-01,3.2,1.1662709371419244,2022-01-01,TRUE,22
LA,2012-04-01,3,1.1019400787607845,2022-01-01,TRUE,22
LA,2012-05-01,3,1.1019400787607845,2022-01-01,TRUE,22
LA,2012-06-01,2.9,1.068153081183401,2022-01-01,TRUE,22
LA,2012-07-01,2.9,1.068153081183401,2022-01-01,TRUE,22
LA,2012-08-01,3,1.1019400787607845,2022-01-01,TRUE,22
LA,2012-09-01,2.9,1.068153081183401,2022-01-01,TRUE,22
LA,2012-10-01,2.9,1.068153081183401,2022-01-01,TRUE,22
LA,2012-11-01,2.9,1.068153081183401,2022-01-01,TRUE,22
LA,2012-12-01,2.9,1.068153081183401,2022-01-01,TRUE,22
LA,2013-01-01,2.9,1.068153081183401,2022-01-01,TRUE,22
LA,2013-02-01,2.9,1.068153081183401,2022-01-01,TRUE,22
LA,2013-03-01,2.9,1.068153081183401,2022-01-01,TRUE,22
LA,2013-04-01,2.7,0.9969486348916096,2022-01-01,TRUE,22
LA,2013-05-01,2.6,0.959350221334602,2022-01-01,TRUE,22
LA,2013-06-01,2.6,0.959350221334602,2022-01-01,TRUE,22
LA,2013-07-01,2.5,0.9202827531436923,2022-01-01,TRUE,22
LA,2013-08-01,2.5,0.9202827531436923,2022-01-01,TRUE,22
LA,2013-09-01,2.5,0.9202827531436923,2022-01-01,TRUE,22
LA,2013-10-01,2.5,0.9202827531436923,2022-01-01,TRUE,22
LA,2013-11-01,2.5,0.9202827531436923,2022-01-01,TRUE,22
LA,2013-12-01,2.7,0.9969486348916096,2022-01-01,TRUE,22
LA,2014-01-01,2.6,0.959350221334602,2022-01-01,TRUE,22
LA,2014-02-01,2.5,0.9202827531436923,2022-01-01,TRUE,22
LA,2014-03-01,2.4,0.8796267475025635,2022-01-01,TRUE,22
LA,2014-04-01,2.2,0.7929925155296614,2022-01-01,TRUE,22
LA,2014-05-01,2.3,0.837247524533702,2022-01-01,TRUE,22
LA,2014-06-01,2.2,0.7929925155296614,2022-01-01,TRUE,22
LA,2014-07-01,2.3,0.837247524533702,2022-01-01,TRUE,22
LA,2014-08-01,2.2,0.7929925155296614,2022-01-01,TRUE,22
LA,2014-09-01,2.3,0.837247524533702,2022-01-01,TRUE,22
LA,2014-10-01,2.3,0.837247524533702,2022-01-01,TRUE,22
LA,2014-11-01,2.4,0.8796267475025635,2022-01-01,TRUE,22
LA,2014-12-01,2.5,0.9202827531436923,2022-01-01,TRUE,22
LA,2015-01-01,2.4,0.8796267475025635,2022-01-01,TRUE,22
LA,2015-02-01,2.3,0.837247524533702,2022-01-01,TRUE,22
LA,2015-03-01,2.1,0.7466879474879751,2022-01-01,TRUE,22
LA,2015-04-01,2,0.6981347220709843,2022-01-01,TRUE,22
LA,2015-05-01,1.9,0.6471032420585384,2022-01-01,TRUE,22
LA,2015-06-01,1.9,0.6471032420585384,2022-01-01,TRUE,22
LA,2015-07-01,2,0.6981347220709843,2022-01-01,TRUE,22
LA,2015-08-01,1.9,0.6471032420585384,2022-01-01,TRUE,22
LA,2015-09-01,1.9,0.6471032420585384,2022-01-01,TRUE,22
LA,2015-10-01,1.9,0.6471032420585384,2022-01-01,TRUE,22
LA,2015-11-01,1.9,0.6471032420585384,2022-01-01,TRUE,22
LA,2015-12-01,2,0.6981347220709843,2022-01-01,TRUE,22
LA,2016-01-01,2.2,0.7929925155296614,2022-01-01,TRUE,22
LA,2016-02-01,2.3,0.837247524533702,2022-01-01,TRUE,22
LA,2016-03-01,2.1,0.7466879474879751,2022-01-01,TRUE,22
LA,2016-04-01,2,0.6981347220709843,2022-01-01,TRUE,22
LA,2016-05-01,1.9,0.6471032420585384,2022-01-01,TRUE,22
LA,2016-06-01,1.9,0.6471032420585384,2022-01-01,TRUE,22
LA,2016-07-01,2,0.6981347220709843,2022-01-01,TRUE,22
LA,2016-08-01,2,0.6981347220709843,2022-01-01,TRUE,22
LA,2016-09-01,1.9,0.6471032420585384,2022-01-01,TRUE,22
LA,2016-10-01,1.9,0.6471032420585384,2022-01-01,TRUE,22
LA,2016-11-01,2,0.6981347220709843,2022-01-01,TRUE,22
LA,2016-12-01,2.1,0.7466879474879751,2022-01-01,TRUE,22
LA,2017-01-01,2.3,0.837247524533702,2022-01-01,TRUE,22
LA,2017-02-01,2.1,0.7466879474879751,2022-01-01,TRUE,22
LA,2017-03-01,1.9,0.6471032420585384,2022-01-01,TRUE,22
LA,2017-04-01,1.8,0.5933268452777344,2022-01-01,TRUE,22
LA,2017-05-01,1.8,0.5933268452777344,2022-01-01,TRUE,22
LA,2017-06-01,1.8,0.5933268452777344,2022-01-01,TRUE,22
LA,2017-07-01,1.8,0.5933268452777344,2022-01-01,TRUE,22
LA,2017-08-01,1.8,0.5933268452777344,2022-01-01,TRUE,22
LA,2017-09-01,1.8,0.5933268452777344,2022-01-01,TRUE,22
LA,2017-10-01,1.8,0.5933268452777344,2022-01-01,TRUE,22
LA,2017-11-01,1.8,0.5933268452777344,2022-01-01,TRUE,22
LA,2017-12-01,1.8,0.5933268452777344,2022-01-01,TRUE,22
LA,2018-01-01,1.8,0.5933268452777344,2022-01-01,TRUE,22
LA,2018-02-01,1.8,0.5933268452777344,2022-01-01,TRUE,22
LA,2018-03-01,1.7,0.5364933705145685,2022-01-01,TRUE,22
LA,2018-04-01,1.6,0.4762341789963717,2022-01-01,TRUE,22
LA,2018-05-01,1.7,0.5364933705145685,2022-01-01,TRUE,22
LA,2018-06-01,1.7,0.5364933705145685,2022-01-01,TRUE,22
LA,2018-07-01,1.7,0.5364933705145685,2022-01-01,TRUE,22
LA,2018-08-01,1.6,0.4762341789963717,2022-01-01,TRUE,22
LA,2018-09-01,1.7,0.5364933705145685,2022-01-01,TRUE,22
LA,2018-10-01,1.7,0.5364933705145685,2022-01-01,TRUE,22
LA,2018-11-01,1.7,0.5364933705145685,2022-01-01,TRUE,22
LA,2018-12-01,1.8,0.5933268452777344,2022-01-01,TRUE,22
LA,2019-01-01,1.8,0.5933268452777344,2022-01-01,TRUE,22
LA,2019-02-01,1.7,0.5364933705145685,2022-01-01,TRUE,22
LA,2019-03-01,1.5,0.412109650826833,2022-01-01,TRUE,22
LA,2019-04-01,1.4,0.34358970439007686,2022-01-01,TRUE,22
LA,2019-05-01,1.4,0.34358970439007686,2022-01-01,TRUE,22
LA,2019-06-01,1.3,0.2700271372130602,2022-01-01,TRUE,22
LA,2019-07-01,1.4,0.34358970439007686,2022-01-01,TRUE,22
LA,2019-08-01,1.3,0.2700271372130602,2022-01-01,TRUE,22
LA,2019-09-01,1.4,0.34358970439007686,2022-01-01,TRUE,22
LA,2019-10-01,1.5,0.412109650826833,2022-01-01,TRUE,22
LA,2019-11-01,1.4,0.34358970439007686,2022-01-01,TRUE,22
LA,2019-12-01,1.6,0.4762341789963717,2022-01-01,TRUE,22
LA,2020-01-01,1.5,0.412109650826833,2022-01-01,TRUE,22
LA,2020-02-01,1.4,0.34358970439007686,2022-01-01,TRUE,22
LA,2020-03-01,1.3,0.2700271372130602,2022-01-01,TRUE,22
LA,2020-04-01,1.2,0.1906203596086497,2022-01-01,TRUE,22
LA,2020-05-01,1.2,0.1906203596086497,2022-01-01,TRUE,22
LA,2020-06-01,1.1,0.10436001532424286,2022-01-01,TRUE,22
LA,2020-07-01,1.1,0.10436001532424286,2022-01-01,TRUE,22
LA,2020-08-01,1,0.00995033085316809,2022-01-01,TRUE,22
LA,2020-09-01,1,0.00995033085316809,2022-01-01,TRUE,22
LA,2020-10-01,0.9,-0.09431067947124128,2022-01-01,TRUE,22
LA,2020-11-01,0.9,-0.09431067947124128,2022-01-01,TRUE,22
LA,2020-12-01,0.9,-0.09431067947124128,2022-01-01,TRUE,22
LA,2021-01-01,0.9,-0.09431067947124128,2022-01-01,TRUE,22
LA,2021-02-01,0.9,-0.09431067947124128,2022-01-01,TRUE,22
LA,2021-03-01,0.9,-0.09431067947124128,2022-01-01,TRUE,22
LA,2021-04-01,0.8,-0.2107210313156525,2022-01-01,TRUE,22
LA,2021-05-01,0.8,-0.2107210313156525,2022-01-01,TRUE,22
LA,2021-06-01,0.8,-0.2107210313156525,2022-01-01,TRUE,22
LA,2021-07-01,0.9,-0.09431067947124128,2022-01-01,TRUE,22
LA,2021-08-01,0.9,-0.09431067947124128,2022-01-01,TRUE,22
LA,2021-09-01,0.9,-0.09431067947124128,2022-01-01,TRUE,22
LA,2021-10-01,0.9,-0.09431067947124128,2022-01-01,TRUE,22
LA,2021-11-01,0.9,-0.09431067947124128,2022-01-01,TRUE,22
LA,2021-12-01,0.9,-0.09431067947124128,2022-01-01,TRUE,22
LA,2022-01-01,1,0.00995033085316809,2022-01-01,TRUE,22
LA,2022-02-01,1,0.00995033085316809,2022-01-01,TRUE,22
LA,2022-03-01,1,0.00995033085316809,2022-01-01,TRUE,22
LA,2022-04-01,0.9,-0.09431067947124128,2022-01-01,TRUE,22
LA,2022-05-01,1,0.00995033085316809,2022-01-01,TRUE,22
LA,2022-06-01,1,0.00995033085316809,2022-01-01,TRUE,22
LA,2022-07-01,0.9,-0.09431067947124128,2022-01-01,TRUE,22
LA,2022-08-01,1,0.00995033085316809,2022-01-01,TRUE,22
LA,2022-09-01,1,0.00995033085316809,2022-01-01,TRUE,22
LA,2022-10-01,1,0.00995033085316809,2022-01-01,TRUE,22
LA,2022-11-01,1,0.00995033085316809,2022-01-01,TRUE,22
LA,2022-12-01,1,0.00995033085316809,2022-01-01,TRUE,22
LA,2023-01-01,1.1,0.10436001532424286,2022-01-01,TRUE,22
LA,2023-02-01,1.1,0.10436001532424286,2022-01-01,TRUE,22
LA,2023-03-01,1,0.00995033085316809,2022-01-01,TRUE,22
LA,2023-04-01,0.9,-0.09431067947124128,2022-01-01,TRUE,22
LA,2023-05-01,0.9,-0.09431067947124128,2022-01-01,TRUE,22
LA,2023-06-01,0.8,-0.2107210313156525,2022-01-01,TRUE,22
LA,2023-07-01,1,0.00995033085316809,2022-01-01,TRUE,22
LA,2023-08-01,1,0.00995033085316809,2022-01-01,TRUE,22
LA,2023-09-01,1.1,0.10436001532424286,2022-01-01,TRUE,22
LA,2023-10-01,1.1,0.10436001532424286,2022-01-01,TRUE,22
LA,2023-11-01,1.2,0.1906203596086497,2022-01-01,TRUE,22
LA,2023-12-01,1.3,0.2700271372130602,2022-01-01,TRUE,22
LA,2024-01-01,1.4,0.34358970439007686,2022-01-01,TRUE,22
LA,2024-02-01,1.5,0.412109650826833,2022-01-01,TRUE,22
LA,2024-03-01,1.4,0.34358970439007686,2022-01-01,TRUE,22
LA,2024-04-01,1.4,0.34358970439007686,2022-01-01,TRUE,22
LA,2024-05-01,1.3,0.2700271372130602,2022-01-01,TRUE,22
LA,2024-06-01,1.4,0.34358970439007686,2022-01-01,TRUE,22
LA,2024-07-01,1.5,0.412109650826833,2022-01-01,TRUE,22
LA,2024-08-01,1.5,0.412109650826833,2022-01-01,TRUE,22
LA,2024-09-01,1.5,0.412109650826833,2022-01-01,TRUE,22
LA,2024-10-01,1.5,0.412109650826833,2022-01-01,TRUE,22
LA,2024-11-01,1.5,0.412109650826833,2022-01-01,TRUE,22
LA,2024-12-01,1.7,0.5364933705145685,2022-01-01,TRUE,22
LA,2025-01-01,1.9,0.6471032420585384,2022-01-01,TRUE,22
LA,2025-02-01,1.9,0.6471032420585384,2022-01-01,TRUE,22
LA,2025-03-01,1.7,0.5364933705145685,2022-01-01,TRUE,22
ME,2008-01-01,1.2,0.1906203596086497,NA,FALSE,23
ME,2008-02-01,1.2,0.1906203596086497,NA,FALSE,23
ME,2008-03-01,1.1,0.10436001532424286,NA,FALSE,23
ME,2008-04-01,1.2,0.1906203596086497,NA,FALSE,23
ME,2008-05-01,1.2,0.1906203596086497,NA,FALSE,23
ME,2008-06-01,1.2,0.1906203596086497,NA,FALSE,23
ME,2008-07-01,1.3,0.2700271372130602,NA,FALSE,23
ME,2008-08-01,1.3,0.2700271372130602,NA,FALSE,23
ME,2008-09-01,1.4,0.34358970439007686,NA,FALSE,23
ME,2008-10-01,1.5,0.412109650826833,NA,FALSE,23
ME,2008-11-01,1.6,0.4762341789963717,NA,FALSE,23
ME,2008-12-01,1.7,0.5364933705145685,NA,FALSE,23
ME,2009-01-01,2.2,0.7929925155296614,NA,FALSE,23
ME,2009-02-01,2.4,0.8796267475025635,NA,FALSE,23
ME,2009-03-01,2.3,0.837247524533702,NA,FALSE,23
ME,2009-04-01,2.3,0.837247524533702,NA,FALSE,23
ME,2009-05-01,2.4,0.8796267475025635,NA,FALSE,23
ME,2009-06-01,2.5,0.9202827531436923,NA,FALSE,23
ME,2009-07-01,2.8,1.0331844833456545,NA,FALSE,23
ME,2009-08-01,3,1.1019400787607845,NA,FALSE,23
ME,2009-09-01,3.1,1.1346227261911428,NA,FALSE,23
ME,2009-10-01,3.1,1.1346227261911428,NA,FALSE,23
ME,2009-11-01,3.3,1.1969481893889715,NA,FALSE,23
ME,2009-12-01,3.3,1.1969481893889715,NA,FALSE,23
ME,2010-01-01,3.6,1.2837077723447896,NA,FALSE,23
ME,2010-02-01,3.5,1.2556160374777745,NA,FALSE,23
ME,2010-03-01,3.4,1.2267122912954254,NA,FALSE,23
ME,2010-04-01,3.2,1.1662709371419244,NA,FALSE,23
ME,2010-05-01,3,1.1019400787607845,NA,FALSE,23
ME,2010-06-01,3,1.1019400787607845,NA,FALSE,23
ME,2010-07-01,3,1.1019400787607845,NA,FALSE,23
ME,2010-08-01,3,1.1019400787607845,NA,FALSE,23
ME,2010-09-01,3,1.1019400787607845,NA,FALSE,23
ME,2010-10-01,3,1.1019400787607845,NA,FALSE,23
ME,2010-11-01,3,1.1019400787607845,NA,FALSE,23
ME,2010-12-01,3,1.1019400787607845,NA,FALSE,23
ME,2011-01-01,3.2,1.1662709371419244,NA,FALSE,23
ME,2011-02-01,3.2,1.1662709371419244,NA,FALSE,23
ME,2011-03-01,3.1,1.1346227261911428,NA,FALSE,23
ME,2011-04-01,3.1,1.1346227261911428,NA,FALSE,23
ME,2011-05-01,3,1.1019400787607845,NA,FALSE,23
ME,2011-06-01,3,1.1019400787607845,NA,FALSE,23
ME,2011-07-01,3,1.1019400787607845,NA,FALSE,23
ME,2011-08-01,3,1.1019400787607845,NA,FALSE,23
ME,2011-09-01,3,1.1019400787607845,NA,FALSE,23
ME,2011-10-01,3,1.1019400787607845,NA,FALSE,23
ME,2011-11-01,3.2,1.1662709371419244,NA,FALSE,23
ME,2011-12-01,3.2,1.1662709371419244,NA,FALSE,23
ME,2012-01-01,3.3,1.1969481893889715,NA,FALSE,23
ME,2012-02-01,3.3,1.1969481893889715,NA,FALSE,23
ME,2012-03-01,3.3,1.1969481893889715,NA,FALSE,23
ME,2012-04-01,3.2,1.1662709371419244,NA,FALSE,23
ME,2012-05-01,3.3,1.1969481893889715,NA,FALSE,23
ME,2012-06-01,3.5,1.2556160374777745,NA,FALSE,23
ME,2012-07-01,3.4,1.2267122912954254,NA,FALSE,23
ME,2012-08-01,3.3,1.1969481893889715,NA,FALSE,23
ME,2012-09-01,3.4,1.2267122912954254,NA,FALSE,23
ME,2012-10-01,3.3,1.1969481893889715,NA,FALSE,23
ME,2012-11-01,3.3,1.1969481893889715,NA,FALSE,23
ME,2012-12-01,3.3,1.1969481893889715,NA,FALSE,23
ME,2013-01-01,3.3,1.1969481893889715,NA,FALSE,23
ME,2013-02-01,3.2,1.1662709371419244,NA,FALSE,23
ME,2013-03-01,3.2,1.1662709371419244,NA,FALSE,23
ME,2013-04-01,3.3,1.1969481893889715,NA,FALSE,23
ME,2013-05-01,3.2,1.1662709371419244,NA,FALSE,23
ME,2013-06-01,3,1.1019400787607845,NA,FALSE,23
ME,2013-07-01,2.9,1.068153081183401,NA,FALSE,23
ME,2013-08-01,2.8,1.0331844833456545,NA,FALSE,23
ME,2013-09-01,2.6,0.959350221334602,NA,FALSE,23
ME,2013-10-01,2.5,0.9202827531436923,NA,FALSE,23
ME,2013-11-01,2.5,0.9202827531436923,NA,FALSE,23
ME,2013-12-01,2.6,0.959350221334602,NA,FALSE,23
ME,2014-01-01,2.8,1.0331844833456545,NA,FALSE,23
ME,2014-02-01,2.8,1.0331844833456545,NA,FALSE,23
ME,2014-03-01,2.7,0.9969486348916096,NA,FALSE,23
ME,2014-04-01,2.7,0.9969486348916096,NA,FALSE,23
ME,2014-05-01,2.7,0.9969486348916096,NA,FALSE,23
ME,2014-06-01,2.6,0.959350221334602,NA,FALSE,23
ME,2014-07-01,2.6,0.959350221334602,NA,FALSE,23
ME,2014-08-01,2.6,0.959350221334602,NA,FALSE,23
ME,2014-09-01,2.5,0.9202827531436923,NA,FALSE,23
ME,2014-10-01,2.5,0.9202827531436923,NA,FALSE,23
ME,2014-11-01,2.6,0.959350221334602,NA,FALSE,23
ME,2014-12-01,2.7,0.9969486348916096,NA,FALSE,23
ME,2015-01-01,2.7,0.9969486348916096,NA,FALSE,23
ME,2015-02-01,2.7,0.9969486348916096,NA,FALSE,23
ME,2015-03-01,2.6,0.959350221334602,NA,FALSE,23
ME,2015-04-01,2.6,0.959350221334602,NA,FALSE,23
ME,2015-05-01,2.6,0.959350221334602,NA,FALSE,23
ME,2015-06-01,2.6,0.959350221334602,NA,FALSE,23
ME,2015-07-01,2.6,0.959350221334602,NA,FALSE,23
ME,2015-08-01,2.4,0.8796267475025635,NA,FALSE,23
ME,2015-09-01,2.5,0.9202827531436923,NA,FALSE,23
ME,2015-10-01,2.5,0.9202827531436923,NA,FALSE,23
ME,2015-11-01,2.2,0.7929925155296614,NA,FALSE,23
ME,2015-12-01,2.2,0.7929925155296614,NA,FALSE,23
ME,2016-01-01,2.3,0.837247524533702,NA,FALSE,23
ME,2016-02-01,2.3,0.837247524533702,NA,FALSE,23
ME,2016-03-01,2.1,0.7466879474879751,NA,FALSE,23
ME,2016-04-01,1.9,0.6471032420585384,NA,FALSE,23
ME,2016-05-01,1.9,0.6471032420585384,NA,FALSE,23
ME,2016-06-01,1.8,0.5933268452777344,NA,FALSE,23
ME,2016-07-01,1.7,0.5364933705145685,NA,FALSE,23
ME,2016-08-01,1.8,0.5933268452777344,NA,FALSE,23
ME,2016-09-01,1.7,0.5364933705145685,NA,FALSE,23
ME,2016-10-01,1.7,0.5364933705145685,NA,FALSE,23
ME,2016-11-01,1.7,0.5364933705145685,NA,FALSE,23
ME,2016-12-01,1.7,0.5364933705145685,NA,FALSE,23
ME,2017-01-01,1.8,0.5933268452777344,NA,FALSE,23
ME,2017-02-01,1.8,0.5933268452777344,NA,FALSE,23
ME,2017-03-01,1.7,0.5364933705145685,NA,FALSE,23
ME,2017-04-01,1.6,0.4762341789963717,NA,FALSE,23
ME,2017-05-01,1.5,0.412109650826833,NA,FALSE,23
ME,2017-06-01,1.5,0.412109650826833,NA,FALSE,23
ME,2017-07-01,1.5,0.412109650826833,NA,FALSE,23
ME,2017-08-01,1.5,0.412109650826833,NA,FALSE,23
ME,2017-09-01,1.4,0.34358970439007686,NA,FALSE,23
ME,2017-10-01,1.5,0.412109650826833,NA,FALSE,23
ME,2017-11-01,1.4,0.34358970439007686,NA,FALSE,23
ME,2017-12-01,1.5,0.412109650826833,NA,FALSE,23
ME,2018-01-01,1.4,0.34358970439007686,NA,FALSE,23
ME,2018-02-01,1.4,0.34358970439007686,NA,FALSE,23
ME,2018-03-01,1.3,0.2700271372130602,NA,FALSE,23
ME,2018-04-01,1.3,0.2700271372130602,NA,FALSE,23
ME,2018-05-01,1.3,0.2700271372130602,NA,FALSE,23
ME,2018-06-01,1.3,0.2700271372130602,NA,FALSE,23
ME,2018-07-01,1.2,0.1906203596086497,NA,FALSE,23
ME,2018-08-01,1.2,0.1906203596086497,NA,FALSE,23
ME,2018-09-01,1.2,0.1906203596086497,NA,FALSE,23
ME,2018-10-01,1.2,0.1906203596086497,NA,FALSE,23
ME,2018-11-01,1.1,0.10436001532424286,NA,FALSE,23
ME,2018-12-01,1.1,0.10436001532424286,NA,FALSE,23
ME,2019-01-01,1.1,0.10436001532424286,NA,FALSE,23
ME,2019-02-01,1,0.00995033085316809,NA,FALSE,23
ME,2019-03-01,1,0.00995033085316809,NA,FALSE,23
ME,2019-04-01,0.9,-0.09431067947124128,NA,FALSE,23
ME,2019-05-01,1,0.00995033085316809,NA,FALSE,23
ME,2019-06-01,1,0.00995033085316809,NA,FALSE,23
ME,2019-07-01,1,0.00995033085316809,NA,FALSE,23
ME,2019-08-01,1.1,0.10436001532424286,NA,FALSE,23
ME,2019-09-01,1,0.00995033085316809,NA,FALSE,23
ME,2019-10-01,1,0.00995033085316809,NA,FALSE,23
ME,2019-11-01,1,0.00995033085316809,NA,FALSE,23
ME,2019-12-01,1.1,0.10436001532424286,NA,FALSE,23
ME,2020-01-01,1.1,0.10436001532424286,NA,FALSE,23
ME,2020-02-01,1.1,0.10436001532424286,NA,FALSE,23
ME,2020-03-01,1.1,0.10436001532424286,NA,FALSE,23
ME,2020-04-01,0.9,-0.09431067947124128,NA,FALSE,23
ME,2020-05-01,0.9,-0.09431067947124128,NA,FALSE,23
ME,2020-06-01,0.9,-0.09431067947124128,NA,FALSE,23
ME,2020-07-01,0.9,-0.09431067947124128,NA,FALSE,23
ME,2020-08-01,0.9,-0.09431067947124128,NA,FALSE,23
ME,2020-09-01,0.8,-0.2107210313156525,NA,FALSE,23
ME,2020-10-01,0.8,-0.2107210313156525,NA,FALSE,23
ME,2020-11-01,0.8,-0.2107210313156525,NA,FALSE,23
ME,2020-12-01,0.7,-0.342490308946776,NA,FALSE,23
ME,2021-01-01,0.7,-0.342490308946776,NA,FALSE,23
ME,2021-02-01,0.7,-0.342490308946776,NA,FALSE,23
ME,2021-03-01,0.7,-0.342490308946776,NA,FALSE,23
ME,2021-04-01,0.7,-0.342490308946776,NA,FALSE,23
ME,2021-05-01,0.6,-0.4942963218147801,NA,FALSE,23
ME,2021-06-01,0.6,-0.4942963218147801,NA,FALSE,23
ME,2021-07-01,0.7,-0.342490308946776,NA,FALSE,23
ME,2021-08-01,0.7,-0.342490308946776,NA,FALSE,23
ME,2021-09-01,0.7,-0.342490308946776,NA,FALSE,23
ME,2021-10-01,0.7,-0.342490308946776,NA,FALSE,23
ME,2021-11-01,0.7,-0.342490308946776,NA,FALSE,23
ME,2021-12-01,0.7,-0.342490308946776,NA,FALSE,23
ME,2022-01-01,0.7,-0.342490308946776,NA,FALSE,23
ME,2022-02-01,0.7,-0.342490308946776,NA,FALSE,23
ME,2022-03-01,0.6,-0.4942963218147801,NA,FALSE,23
ME,2022-04-01,0.6,-0.4942963218147801,NA,FALSE,23
ME,2022-05-01,0.5,-0.6733445532637656,NA,FALSE,23
ME,2022-06-01,0.6,-0.4942963218147801,NA,FALSE,23
ME,2022-07-01,0.6,-0.4942963218147801,NA,FALSE,23
ME,2022-08-01,0.7,-0.342490308946776,NA,FALSE,23
ME,2022-09-01,0.7,-0.342490308946776,NA,FALSE,23
ME,2022-10-01,0.6,-0.4942963218147801,NA,FALSE,23
ME,2022-11-01,0.6,-0.4942963218147801,NA,FALSE,23
ME,2022-12-01,0.7,-0.342490308946776,NA,FALSE,23
ME,2023-01-01,0.8,-0.2107210313156525,NA,FALSE,23
ME,2023-02-01,0.7,-0.342490308946776,NA,FALSE,23
ME,2023-03-01,0.7,-0.342490308946776,NA,FALSE,23
ME,2023-04-01,0.7,-0.342490308946776,NA,FALSE,23
ME,2023-05-01,0.6,-0.4942963218147801,NA,FALSE,23
ME,2023-06-01,0.6,-0.4942963218147801,NA,FALSE,23
ME,2023-07-01,0.6,-0.4942963218147801,NA,FALSE,23
ME,2023-08-01,0.7,-0.342490308946776,NA,FALSE,23
ME,2023-09-01,0.7,-0.342490308946776,NA,FALSE,23
ME,2023-10-01,0.6,-0.4942963218147801,NA,FALSE,23
ME,2023-11-01,0.6,-0.4942963218147801,NA,FALSE,23
ME,2023-12-01,0.7,-0.342490308946776,NA,FALSE,23
ME,2024-01-01,0.8,-0.2107210313156525,NA,FALSE,23
ME,2024-02-01,0.7,-0.342490308946776,NA,FALSE,23
ME,2024-03-01,0.7,-0.342490308946776,NA,FALSE,23
ME,2024-04-01,0.7,-0.342490308946776,NA,FALSE,23
ME,2024-05-01,0.7,-0.342490308946776,NA,FALSE,23
ME,2024-06-01,0.7,-0.342490308946776,NA,FALSE,23
ME,2024-07-01,0.8,-0.2107210313156525,NA,FALSE,23
ME,2024-08-01,0.8,-0.2107210313156525,NA,FALSE,23
ME,2024-09-01,0.8,-0.2107210313156525,NA,FALSE,23
ME,2024-10-01,0.8,-0.2107210313156525,NA,FALSE,23
ME,2024-11-01,0.8,-0.2107210313156525,NA,FALSE,23
ME,2024-12-01,0.9,-0.09431067947124128,NA,FALSE,23
ME,2025-01-01,1,0.00995033085316809,NA,FALSE,23
ME,2025-02-01,0.9,-0.09431067947124128,NA,FALSE,23
ME,2025-03-01,0.8,-0.2107210313156525,NA,FALSE,23
MD,2008-01-01,1.4,0.34358970439007686,2022-11-01,TRUE,24
MD,2008-02-01,1.5,0.412109650826833,2022-11-01,TRUE,24
MD,2008-03-01,1.6,0.4762341789963717,2022-11-01,TRUE,24
MD,2008-04-01,1.5,0.412109650826833,2022-11-01,TRUE,24
MD,2008-05-01,1.7,0.5364933705145685,2022-11-01,TRUE,24
MD,2008-06-01,1.8,0.5933268452777344,2022-11-01,TRUE,24
MD,2008-07-01,2.1,0.7466879474879751,2022-11-01,TRUE,24
MD,2008-08-01,2.2,0.7929925155296614,2022-11-01,TRUE,24
MD,2008-09-01,2.4,0.8796267475025635,2022-11-01,TRUE,24
MD,2008-10-01,2.6,0.959350221334602,2022-11-01,TRUE,24
MD,2008-11-01,2.8,1.0331844833456545,2022-11-01,TRUE,24
MD,2008-12-01,3.1,1.1346227261911428,2022-11-01,TRUE,24
MD,2009-01-01,3.4,1.2267122912954254,2022-11-01,TRUE,24
MD,2009-02-01,3.6,1.2837077723447896,2022-11-01,TRUE,24
MD,2009-03-01,3.8,1.3376291891386094,2022-11-01,TRUE,24
MD,2009-04-01,3.9,1.3635373739972745,2022-11-01,TRUE,24
MD,2009-05-01,4.2,1.43746264769429,2022-11-01,TRUE,24
MD,2009-06-01,4.4,1.483874689458755,2022-11-01,TRUE,24
MD,2009-07-01,4.5,1.506297153514587,2022-11-01,TRUE,24
MD,2009-08-01,4.6,1.528227857008557,2022-11-01,TRUE,24
MD,2009-09-01,4.9,1.5912739418064292,2022-11-01,TRUE,24
MD,2009-10-01,5.2,1.6505798557652755,2022-11-01,TRUE,24
MD,2009-11-01,5.4,1.6882490928583902,2022-11-01,TRUE,24
MD,2009-12-01,5.5,1.706564623164823,2022-11-01,TRUE,24
MD,2010-01-01,5.6,1.7245507195346048,2022-11-01,TRUE,24
MD,2010-02-01,5.7,1.742219023667919,2022-11-01,TRUE,24
MD,2010-03-01,5.5,1.706564623164823,2022-11-01,TRUE,24
MD,2010-04-01,5.2,1.6505798557652755,2022-11-01,TRUE,24
MD,2010-05-01,5.1,1.631199404215613,2022-11-01,TRUE,24
MD,2010-06-01,5,1.6114359150967734,2022-11-01,TRUE,24
MD,2010-07-01,4.8,1.5706970841176695,2022-11-01,TRUE,24
MD,2010-08-01,4.9,1.5912739418064292,2022-11-01,TRUE,24
MD,2010-09-01,5,1.6114359150967734,2022-11-01,TRUE,24
MD,2010-10-01,5.1,1.631199404215613,2022-11-01,TRUE,24
MD,2010-11-01,5.2,1.6505798557652755,2022-11-01,TRUE,24
MD,2010-12-01,5.2,1.6505798557652755,2022-11-01,TRUE,24
MD,2011-01-01,5.4,1.6882490928583902,2022-11-01,TRUE,24
MD,2011-02-01,5.4,1.6882490928583902,2022-11-01,TRUE,24
MD,2011-03-01,5.3,1.6695918352538477,2022-11-01,TRUE,24
MD,2011-04-01,5.2,1.6505798557652755,2022-11-01,TRUE,24
MD,2011-05-01,5.2,1.6505798557652755,2022-11-01,TRUE,24
MD,2011-06-01,5.1,1.631199404215613,2022-11-01,TRUE,24
MD,2011-07-01,5.1,1.631199404215613,2022-11-01,TRUE,24
MD,2011-08-01,5.1,1.631199404215613,2022-11-01,TRUE,24
MD,2011-09-01,5.2,1.6505798557652755,2022-11-01,TRUE,24
MD,2011-10-01,5.2,1.6505798557652755,2022-11-01,TRUE,24
MD,2011-11-01,5.3,1.6695918352538477,2022-11-01,TRUE,24
MD,2011-12-01,5.3,1.6695918352538477,2022-11-01,TRUE,24
MD,2012-01-01,5.4,1.6882490928583902,2022-11-01,TRUE,24
MD,2012-02-01,5.3,1.6695918352538477,2022-11-01,TRUE,24
MD,2012-03-01,5.3,1.6695918352538477,2022-11-01,TRUE,24
MD,2012-04-01,5.2,1.6505798557652755,2022-11-01,TRUE,24
MD,2012-05-01,5.3,1.6695918352538477,2022-11-01,TRUE,24
MD,2012-06-01,5.3,1.6695918352538477,2022-11-01,TRUE,24
MD,2012-07-01,5.3,1.6695918352538477,2022-11-01,TRUE,24
MD,2012-08-01,5.2,1.6505798557652755,2022-11-01,TRUE,24
MD,2012-09-01,5.2,1.6505798557652755,2022-11-01,TRUE,24
MD,2012-10-01,5.1,1.631199404215613,2022-11-01,TRUE,24
MD,2012-11-01,5,1.6114359150967734,2022-11-01,TRUE,24
MD,2012-12-01,5.1,1.631199404215613,2022-11-01,TRUE,24
MD,2013-01-01,5,1.6114359150967734,2022-11-01,TRUE,24
MD,2013-02-01,4.9,1.5912739418064292,2022-11-01,TRUE,24
MD,2013-03-01,4.8,1.5706970841176695,2022-11-01,TRUE,24
MD,2013-04-01,4.7,1.5496879080283263,2022-11-01,TRUE,24
MD,2013-05-01,4.4,1.483874689458755,2022-11-01,TRUE,24
MD,2013-06-01,4.3,1.4609379041156565,2022-11-01,TRUE,24
MD,2013-07-01,4.2,1.43746264769429,2022-11-01,TRUE,24
MD,2013-08-01,4,1.3887912413184778,2022-11-01,TRUE,24
MD,2013-09-01,4,1.3887912413184778,2022-11-01,TRUE,24
MD,2013-10-01,3.8,1.3376291891386094,2022-11-01,TRUE,24
MD,2013-11-01,3.8,1.3376291891386094,2022-11-01,TRUE,24
MD,2013-12-01,3.9,1.3635373739972745,2022-11-01,TRUE,24
MD,2014-01-01,3.8,1.3376291891386094,2022-11-01,TRUE,24
MD,2014-02-01,3.7,1.3110318766193438,2022-11-01,TRUE,24
MD,2014-03-01,3.5,1.2556160374777745,2022-11-01,TRUE,24
MD,2014-04-01,3.4,1.2267122912954254,2022-11-01,TRUE,24
MD,2014-05-01,3.5,1.2556160374777745,2022-11-01,TRUE,24
MD,2014-06-01,3.3,1.1969481893889715,2022-11-01,TRUE,24
MD,2014-07-01,3.2,1.1662709371419244,2022-11-01,TRUE,24
MD,2014-08-01,3.2,1.1662709371419244,2022-11-01,TRUE,24
MD,2014-09-01,3.1,1.1346227261911428,2022-11-01,TRUE,24
MD,2014-10-01,3,1.1019400787607845,2022-11-01,TRUE,24
MD,2014-11-01,3,1.1019400787607845,2022-11-01,TRUE,24
MD,2014-12-01,3.1,1.1346227261911428,2022-11-01,TRUE,24
MD,2015-01-01,3,1.1019400787607845,2022-11-01,TRUE,24
MD,2015-02-01,2.9,1.068153081183401,2022-11-01,TRUE,24
MD,2015-03-01,2.8,1.0331844833456545,2022-11-01,TRUE,24
MD,2015-04-01,2.6,0.959350221334602,2022-11-01,TRUE,24
MD,2015-05-01,2.6,0.959350221334602,2022-11-01,TRUE,24
MD,2015-06-01,2.5,0.9202827531436923,2022-11-01,TRUE,24
MD,2015-07-01,2.5,0.9202827531436923,2022-11-01,TRUE,24
MD,2015-08-01,2.5,0.9202827531436923,2022-11-01,TRUE,24
MD,2015-09-01,2.4,0.8796267475025635,2022-11-01,TRUE,24
MD,2015-10-01,2.4,0.8796267475025635,2022-11-01,TRUE,24
MD,2015-11-01,2.3,0.837247524533702,2022-11-01,TRUE,24
MD,2015-12-01,2.2,0.7929925155296614,2022-11-01,TRUE,24
MD,2016-01-01,2.2,0.7929925155296614,2022-11-01,TRUE,24
MD,2016-02-01,2.4,0.8796267475025635,2022-11-01,TRUE,24
MD,2016-03-01,2.2,0.7929925155296614,2022-11-01,TRUE,24
MD,2016-04-01,2,0.6981347220709843,2022-11-01,TRUE,24
MD,2016-05-01,2,0.6981347220709843,2022-11-01,TRUE,24
MD,2016-06-01,1.9,0.6471032420585384,2022-11-01,TRUE,24
MD,2016-07-01,1.9,0.6471032420585384,2022-11-01,TRUE,24
MD,2016-08-01,1.9,0.6471032420585384,2022-11-01,TRUE,24
MD,2016-09-01,1.8,0.5933268452777344,2022-11-01,TRUE,24
MD,2016-10-01,1.9,0.6471032420585384,2022-11-01,TRUE,24
MD,2016-11-01,1.9,0.6471032420585384,2022-11-01,TRUE,24
MD,2016-12-01,1.9,0.6471032420585384,2022-11-01,TRUE,24
MD,2017-01-01,1.9,0.6471032420585384,2022-11-01,TRUE,24
MD,2017-02-01,1.8,0.5933268452777344,2022-11-01,TRUE,24
MD,2017-03-01,1.7,0.5364933705145685,2022-11-01,TRUE,24
MD,2017-04-01,1.7,0.5364933705145685,2022-11-01,TRUE,24
MD,2017-05-01,1.7,0.5364933705145685,2022-11-01,TRUE,24
MD,2017-06-01,1.6,0.4762341789963717,2022-11-01,TRUE,24
MD,2017-07-01,1.6,0.4762341789963717,2022-11-01,TRUE,24
MD,2017-08-01,1.6,0.4762341789963717,2022-11-01,TRUE,24
MD,2017-09-01,1.6,0.4762341789963717,2022-11-01,TRUE,24
MD,2017-10-01,1.6,0.4762341789963717,2022-11-01,TRUE,24
MD,2017-11-01,1.6,0.4762341789963717,2022-11-01,TRUE,24
MD,2017-12-01,1.6,0.4762341789963717,2022-11-01,TRUE,24
MD,2018-01-01,1.6,0.4762341789963717,2022-11-01,TRUE,24
MD,2018-02-01,1.6,0.4762341789963717,2022-11-01,TRUE,24
MD,2018-03-01,1.5,0.412109650826833,2022-11-01,TRUE,24
MD,2018-04-01,1.4,0.34358970439007686,2022-11-01,TRUE,24
MD,2018-05-01,1.4,0.34358970439007686,2022-11-01,TRUE,24
MD,2018-06-01,1.3,0.2700271372130602,2022-11-01,TRUE,24
MD,2018-07-01,1.3,0.2700271372130602,2022-11-01,TRUE,24
MD,2018-08-01,1.3,0.2700271372130602,2022-11-01,TRUE,24
MD,2018-09-01,1.4,0.34358970439007686,2022-11-01,TRUE,24
MD,2018-10-01,1.3,0.2700271372130602,2022-11-01,TRUE,24
MD,2018-11-01,1.3,0.2700271372130602,2022-11-01,TRUE,24
MD,2018-12-01,1.3,0.2700271372130602,2022-11-01,TRUE,24
MD,2019-01-01,1.3,0.2700271372130602,2022-11-01,TRUE,24
MD,2019-02-01,1.3,0.2700271372130602,2022-11-01,TRUE,24
MD,2019-03-01,1.2,0.1906203596086497,2022-11-01,TRUE,24
MD,2019-04-01,1.1,0.10436001532424286,2022-11-01,TRUE,24
MD,2019-05-01,1.1,0.10436001532424286,2022-11-01,TRUE,24
MD,2019-06-01,1.2,0.1906203596086497,2022-11-01,TRUE,24
MD,2019-07-01,1.1,0.10436001532424286,2022-11-01,TRUE,24
MD,2019-08-01,1.1,0.10436001532424286,2022-11-01,TRUE,24
MD,2019-09-01,1.2,0.1906203596086497,2022-11-01,TRUE,24
MD,2019-10-01,1.2,0.1906203596086497,2022-11-01,TRUE,24
MD,2019-11-01,1.2,0.1906203596086497,2022-11-01,TRUE,24
MD,2019-12-01,1.2,0.1906203596086497,2022-11-01,TRUE,24
MD,2020-01-01,1.2,0.1906203596086497,2022-11-01,TRUE,24
MD,2020-02-01,1.1,0.10436001532424286,2022-11-01,TRUE,24
MD,2020-03-01,1.1,0.10436001532424286,2022-11-01,TRUE,24
MD,2020-04-01,1,0.00995033085316809,2022-11-01,TRUE,24
MD,2020-05-01,0.9,-0.09431067947124128,2022-11-01,TRUE,24
MD,2020-06-01,0.9,-0.09431067947124128,2022-11-01,TRUE,24
MD,2020-07-01,0.8,-0.2107210313156525,2022-11-01,TRUE,24
MD,2020-08-01,0.8,-0.2107210313156525,2022-11-01,TRUE,24
MD,2020-09-01,0.8,-0.2107210313156525,2022-11-01,TRUE,24
MD,2020-10-01,0.7,-0.342490308946776,2022-11-01,TRUE,24
MD,2020-11-01,0.7,-0.342490308946776,2022-11-01,TRUE,24
MD,2020-12-01,0.7,-0.342490308946776,2022-11-01,TRUE,24
MD,2021-01-01,0.7,-0.342490308946776,2022-11-01,TRUE,24
MD,2021-02-01,0.7,-0.342490308946776,2022-11-01,TRUE,24
MD,2021-03-01,0.7,-0.342490308946776,2022-11-01,TRUE,24
MD,2021-04-01,0.7,-0.342490308946776,2022-11-01,TRUE,24
MD,2021-05-01,0.6,-0.4942963218147801,2022-11-01,TRUE,24
MD,2021-06-01,0.6,-0.4942963218147801,2022-11-01,TRUE,24
MD,2021-07-01,0.7,-0.342490308946776,2022-11-01,TRUE,24
MD,2021-08-01,0.6,-0.4942963218147801,2022-11-01,TRUE,24
MD,2021-09-01,0.7,-0.342490308946776,2022-11-01,TRUE,24
MD,2021-10-01,0.6,-0.4942963218147801,2022-11-01,TRUE,24
MD,2021-11-01,0.6,-0.4942963218147801,2022-11-01,TRUE,24
MD,2021-12-01,0.7,-0.342490308946776,2022-11-01,TRUE,24
MD,2022-01-01,0.7,-0.342490308946776,2022-11-01,TRUE,24
MD,2022-02-01,0.6,-0.4942963218147801,2022-11-01,TRUE,24
MD,2022-03-01,0.6,-0.4942963218147801,2022-11-01,TRUE,24
MD,2022-04-01,0.8,-0.2107210313156525,2022-11-01,TRUE,24
MD,2022-05-01,0.6,-0.4942963218147801,2022-11-01,TRUE,24
MD,2022-06-01,0.6,-0.4942963218147801,2022-11-01,TRUE,24
MD,2022-07-01,0.6,-0.4942963218147801,2022-11-01,TRUE,24
MD,2022-08-01,0.6,-0.4942963218147801,2022-11-01,TRUE,24
MD,2022-09-01,0.6,-0.4942963218147801,2022-11-01,TRUE,24
MD,2022-10-01,0.6,-0.4942963218147801,2022-11-01,TRUE,24
MD,2022-11-01,0.7,-0.342490308946776,2022-11-01,TRUE,24
MD,2022-12-01,0.7,-0.342490308946776,2022-11-01,TRUE,24
MD,2023-01-01,0.7,-0.342490308946776,2022-11-01,TRUE,24
MD,2023-02-01,0.7,-0.342490308946776,2022-11-01,TRUE,24
MD,2023-03-01,0.6,-0.4942963218147801,2022-11-01,TRUE,24
MD,2023-04-01,0.7,-0.342490308946776,2022-11-01,TRUE,24
MD,2023-05-01,0.6,-0.4942963218147801,2022-11-01,TRUE,24
MD,2023-06-01,0.6,-0.4942963218147801,2022-11-01,TRUE,24
MD,2023-07-01,0.7,-0.342490308946776,2022-11-01,TRUE,24
MD,2023-08-01,0.6,-0.4942963218147801,2022-11-01,TRUE,24
MD,2023-09-01,0.7,-0.342490308946776,2022-11-01,TRUE,24
MD,2023-10-01,0.8,-0.2107210313156525,2022-11-01,TRUE,24
MD,2023-11-01,0.8,-0.2107210313156525,2022-11-01,TRUE,24
MD,2023-12-01,0.8,-0.2107210313156525,2022-11-01,TRUE,24
MD,2024-01-01,0.9,-0.09431067947124128,2022-11-01,TRUE,24
MD,2024-02-01,0.9,-0.09431067947124128,2022-11-01,TRUE,24
MD,2024-03-01,0.9,-0.09431067947124128,2022-11-01,TRUE,24
MD,2024-04-01,0.8,-0.2107210313156525,2022-11-01,TRUE,24
MD,2024-05-01,0.8,-0.2107210313156525,2022-11-01,TRUE,24
MD,2024-06-01,0.8,-0.2107210313156525,2022-11-01,TRUE,24
MD,2024-07-01,0.8,-0.2107210313156525,2022-11-01,TRUE,24
MD,2024-08-01,0.9,-0.09431067947124128,2022-11-01,TRUE,24
MD,2024-09-01,0.9,-0.09431067947124128,2022-11-01,TRUE,24
MD,2024-10-01,0.9,-0.09431067947124128,2022-11-01,TRUE,24
MD,2024-11-01,1,0.00995033085316809,2022-11-01,TRUE,24
MD,2024-12-01,1,0.00995033085316809,2022-11-01,TRUE,24
MD,2025-01-01,1.1,0.10436001532424286,2022-11-01,TRUE,24
MD,2025-02-01,1,0.00995033085316809,2022-11-01,TRUE,24
MD,2025-03-01,0.9,-0.09431067947124128,2022-11-01,TRUE,24
MA,2008-01-01,1.2,0.1906203596086497,2023-03-01,TRUE,25
MA,2008-02-01,1.2,0.1906203596086497,2023-03-01,TRUE,25
MA,2008-03-01,1.2,0.1906203596086497,2023-03-01,TRUE,25
MA,2008-04-01,1.3,0.2700271372130602,2023-03-01,TRUE,25
MA,2008-05-01,1.3,0.2700271372130602,2023-03-01,TRUE,25
MA,2008-06-01,1.5,0.412109650826833,2023-03-01,TRUE,25
MA,2008-07-01,1.6,0.4762341789963717,2023-03-01,TRUE,25
MA,2008-08-01,1.8,0.5933268452777344,2023-03-01,TRUE,25
MA,2008-09-01,1.9,0.6471032420585384,2023-03-01,TRUE,25
MA,2008-10-01,2.1,0.7466879474879751,2023-03-01,TRUE,25
MA,2008-11-01,2.2,0.7929925155296614,2023-03-01,TRUE,25
MA,2008-12-01,2.4,0.8796267475025635,2023-03-01,TRUE,25
MA,2009-01-01,2.5,0.9202827531436923,2023-03-01,TRUE,25
MA,2009-02-01,2.6,0.959350221334602,2023-03-01,TRUE,25
MA,2009-03-01,2.7,0.9969486348916096,2023-03-01,TRUE,25
MA,2009-04-01,2.8,1.0331844833456545,2023-03-01,TRUE,25
MA,2009-05-01,2.9,1.068153081183401,2023-03-01,TRUE,25
MA,2009-06-01,3.1,1.1346227261911428,2023-03-01,TRUE,25
MA,2009-07-01,3.2,1.1662709371419244,2023-03-01,TRUE,25
MA,2009-08-01,3.2,1.1662709371419244,2023-03-01,TRUE,25
MA,2009-09-01,3.6,1.2837077723447896,2023-03-01,TRUE,25
MA,2009-10-01,3.7,1.3110318766193438,2023-03-01,TRUE,25
MA,2009-11-01,3.7,1.3110318766193438,2023-03-01,TRUE,25
MA,2009-12-01,3.8,1.3376291891386094,2023-03-01,TRUE,25
MA,2010-01-01,3.9,1.3635373739972745,2023-03-01,TRUE,25
MA,2010-02-01,3.9,1.3635373739972745,2023-03-01,TRUE,25
MA,2010-03-01,3.8,1.3376291891386094,2023-03-01,TRUE,25
MA,2010-04-01,3.6,1.2837077723447896,2023-03-01,TRUE,25
MA,2010-05-01,3.6,1.2837077723447896,2023-03-01,TRUE,25
MA,2010-06-01,3.5,1.2556160374777745,2023-03-01,TRUE,25
MA,2010-07-01,3.5,1.2556160374777745,2023-03-01,TRUE,25
MA,2010-08-01,3.4,1.2267122912954254,2023-03-01,TRUE,25
MA,2010-09-01,3.4,1.2267122912954254,2023-03-01,TRUE,25
MA,2010-10-01,3.4,1.2267122912954254,2023-03-01,TRUE,25
MA,2010-11-01,3.5,1.2556160374777745,2023-03-01,TRUE,25
MA,2010-12-01,3.5,1.2556160374777745,2023-03-01,TRUE,25
MA,2011-01-01,3.5,1.2556160374777745,2023-03-01,TRUE,25
MA,2011-02-01,3.5,1.2556160374777745,2023-03-01,TRUE,25
MA,2011-03-01,3.4,1.2267122912954254,2023-03-01,TRUE,25
MA,2011-04-01,3.4,1.2267122912954254,2023-03-01,TRUE,25
MA,2011-05-01,3.4,1.2267122912954254,2023-03-01,TRUE,25
MA,2011-06-01,3.3,1.1969481893889715,2023-03-01,TRUE,25
MA,2011-07-01,3.3,1.1969481893889715,2023-03-01,TRUE,25
MA,2011-08-01,3.2,1.1662709371419244,2023-03-01,TRUE,25
MA,2011-09-01,3.3,1.1969481893889715,2023-03-01,TRUE,25
MA,2011-10-01,3.3,1.1969481893889715,2023-03-01,TRUE,25
MA,2011-11-01,3.4,1.2267122912954254,2023-03-01,TRUE,25
MA,2011-12-01,3.4,1.2267122912954254,2023-03-01,TRUE,25
MA,2012-01-01,3.4,1.2267122912954254,2023-03-01,TRUE,25
MA,2012-02-01,3.4,1.2267122912954254,2023-03-01,TRUE,25
MA,2012-03-01,3.3,1.1969481893889715,2023-03-01,TRUE,25
MA,2012-04-01,3.2,1.1662709371419244,2023-03-01,TRUE,25
MA,2012-05-01,3.2,1.1662709371419244,2023-03-01,TRUE,25
MA,2012-06-01,3.1,1.1346227261911428,2023-03-01,TRUE,25
MA,2012-07-01,3.1,1.1346227261911428,2023-03-01,TRUE,25
MA,2012-08-01,3,1.1019400787607845,2023-03-01,TRUE,25
MA,2012-09-01,3,1.1019400787607845,2023-03-01,TRUE,25
MA,2012-10-01,2.9,1.068153081183401,2023-03-01,TRUE,25
MA,2012-11-01,2.8,1.0331844833456545,2023-03-01,TRUE,25
MA,2012-12-01,2.8,1.0331844833456545,2023-03-01,TRUE,25
MA,2013-01-01,2.8,1.0331844833456545,2023-03-01,TRUE,25
MA,2013-02-01,2.8,1.0331844833456545,2023-03-01,TRUE,25
MA,2013-03-01,2.8,1.0331844833456545,2023-03-01,TRUE,25
MA,2013-04-01,2.8,1.0331844833456545,2023-03-01,TRUE,25
MA,2013-05-01,2.7,0.9969486348916096,2023-03-01,TRUE,25
MA,2013-06-01,2.7,0.9969486348916096,2023-03-01,TRUE,25
MA,2013-07-01,2.6,0.959350221334602,2023-03-01,TRUE,25
MA,2013-08-01,2.6,0.959350221334602,2023-03-01,TRUE,25
MA,2013-09-01,2.6,0.959350221334602,2023-03-01,TRUE,25
MA,2013-10-01,2.5,0.9202827531436923,2023-03-01,TRUE,25
MA,2013-11-01,2.5,0.9202827531436923,2023-03-01,TRUE,25
MA,2013-12-01,2.6,0.959350221334602,2023-03-01,TRUE,25
MA,2014-01-01,2.6,0.959350221334602,2023-03-01,TRUE,25
MA,2014-02-01,2.6,0.959350221334602,2023-03-01,TRUE,25
MA,2014-03-01,2.4,0.8796267475025635,2023-03-01,TRUE,25
MA,2014-04-01,2.3,0.837247524533702,2023-03-01,TRUE,25
MA,2014-05-01,2.4,0.8796267475025635,2023-03-01,TRUE,25
MA,2014-06-01,2.3,0.837247524533702,2023-03-01,TRUE,25
MA,2014-07-01,2.3,0.837247524533702,2023-03-01,TRUE,25
MA,2014-08-01,2.3,0.837247524533702,2023-03-01,TRUE,25
MA,2014-09-01,2.3,0.837247524533702,2023-03-01,TRUE,25
MA,2014-10-01,2.3,0.837247524533702,2023-03-01,TRUE,25
MA,2014-11-01,2.3,0.837247524533702,2023-03-01,TRUE,25
MA,2014-12-01,2.3,0.837247524533702,2023-03-01,TRUE,25
MA,2015-01-01,2.3,0.837247524533702,2023-03-01,TRUE,25
MA,2015-02-01,2.2,0.7929925155296614,2023-03-01,TRUE,25
MA,2015-03-01,2.2,0.7929925155296614,2023-03-01,TRUE,25
MA,2015-04-01,2.1,0.7466879474879751,2023-03-01,TRUE,25
MA,2015-05-01,2.1,0.7466879474879751,2023-03-01,TRUE,25
MA,2015-06-01,2,0.6981347220709843,2023-03-01,TRUE,25
MA,2015-07-01,2,0.6981347220709843,2023-03-01,TRUE,25
MA,2015-08-01,1.9,0.6471032420585384,2023-03-01,TRUE,25
MA,2015-09-01,1.9,0.6471032420585384,2023-03-01,TRUE,25
MA,2015-10-01,1.9,0.6471032420585384,2023-03-01,TRUE,25
MA,2015-11-01,1.8,0.5933268452777344,2023-03-01,TRUE,25
MA,2015-12-01,1.8,0.5933268452777344,2023-03-01,TRUE,25
MA,2016-01-01,1.7,0.5364933705145685,2023-03-01,TRUE,25
MA,2016-02-01,1.8,0.5933268452777344,2023-03-01,TRUE,25
MA,2016-03-01,1.6,0.4762341789963717,2023-03-01,TRUE,25
MA,2016-04-01,1.5,0.412109650826833,2023-03-01,TRUE,25
MA,2016-05-01,1.5,0.412109650826833,2023-03-01,TRUE,25
MA,2016-06-01,1.4,0.34358970439007686,2023-03-01,TRUE,25
MA,2016-07-01,1.4,0.34358970439007686,2023-03-01,TRUE,25
MA,2016-08-01,1.4,0.34358970439007686,2023-03-01,TRUE,25
MA,2016-09-01,1.4,0.34358970439007686,2023-03-01,TRUE,25
MA,2016-10-01,1.4,0.34358970439007686,2023-03-01,TRUE,25
MA,2016-11-01,1.3,0.2700271372130602,2023-03-01,TRUE,25
MA,2016-12-01,1.3,0.2700271372130602,2023-03-01,TRUE,25
MA,2017-01-01,1.3,0.2700271372130602,2023-03-01,TRUE,25
MA,2017-02-01,1.3,0.2700271372130602,2023-03-01,TRUE,25
MA,2017-03-01,1.2,0.1906203596086497,2023-03-01,TRUE,25
MA,2017-04-01,1.2,0.1906203596086497,2023-03-01,TRUE,25
MA,2017-05-01,1.2,0.1906203596086497,2023-03-01,TRUE,25
MA,2017-06-01,1.2,0.1906203596086497,2023-03-01,TRUE,25
MA,2017-07-01,1.1,0.10436001532424286,2023-03-01,TRUE,25
MA,2017-08-01,1.1,0.10436001532424286,2023-03-01,TRUE,25
MA,2017-09-01,1.1,0.10436001532424286,2023-03-01,TRUE,25
MA,2017-10-01,1.1,0.10436001532424286,2023-03-01,TRUE,25
MA,2017-11-01,1.1,0.10436001532424286,2023-03-01,TRUE,25
MA,2017-12-01,1.1,0.10436001532424286,2023-03-01,TRUE,25
MA,2018-01-01,1.1,0.10436001532424286,2023-03-01,TRUE,25
MA,2018-02-01,1.1,0.10436001532424286,2023-03-01,TRUE,25
MA,2018-03-01,1,0.00995033085316809,2023-03-01,TRUE,25
MA,2018-04-01,1,0.00995033085316809,2023-03-01,TRUE,25
MA,2018-05-01,1,0.00995033085316809,2023-03-01,TRUE,25
MA,2018-06-01,0.9,-0.09431067947124128,2023-03-01,TRUE,25
MA,2018-07-01,0.9,-0.09431067947124128,2023-03-01,TRUE,25
MA,2018-08-01,0.8,-0.2107210313156525,2023-03-01,TRUE,25
MA,2018-09-01,0.8,-0.2107210313156525,2023-03-01,TRUE,25
MA,2018-10-01,0.8,-0.2107210313156525,2023-03-01,TRUE,25
MA,2018-11-01,0.8,-0.2107210313156525,2023-03-01,TRUE,25
MA,2018-12-01,0.9,-0.09431067947124128,2023-03-01,TRUE,25
MA,2019-01-01,0.9,-0.09431067947124128,2023-03-01,TRUE,25
MA,2019-02-01,0.9,-0.09431067947124128,2023-03-01,TRUE,25
MA,2019-03-01,0.8,-0.2107210313156525,2023-03-01,TRUE,25
MA,2019-04-01,0.7,-0.342490308946776,2023-03-01,TRUE,25
MA,2019-05-01,0.7,-0.342490308946776,2023-03-01,TRUE,25
MA,2019-06-01,0.7,-0.342490308946776,2023-03-01,TRUE,25
MA,2019-07-01,0.7,-0.342490308946776,2023-03-01,TRUE,25
MA,2019-08-01,0.7,-0.342490308946776,2023-03-01,TRUE,25
MA,2019-09-01,0.8,-0.2107210313156525,2023-03-01,TRUE,25
MA,2019-10-01,0.8,-0.2107210313156525,2023-03-01,TRUE,25
MA,2019-11-01,0.8,-0.2107210313156525,2023-03-01,TRUE,25
MA,2019-12-01,0.8,-0.2107210313156525,2023-03-01,TRUE,25
MA,2020-01-01,0.8,-0.2107210313156525,2023-03-01,TRUE,25
MA,2020-02-01,0.8,-0.2107210313156525,2023-03-01,TRUE,25
MA,2020-03-01,0.7,-0.342490308946776,2023-03-01,TRUE,25
MA,2020-04-01,0.7,-0.342490308946776,2023-03-01,TRUE,25
MA,2020-05-01,0.7,-0.342490308946776,2023-03-01,TRUE,25
MA,2020-06-01,0.6,-0.4942963218147801,2023-03-01,TRUE,25
MA,2020-07-01,0.6,-0.4942963218147801,2023-03-01,TRUE,25
MA,2020-08-01,0.6,-0.4942963218147801,2023-03-01,TRUE,25
MA,2020-09-01,0.6,-0.4942963218147801,2023-03-01,TRUE,25
MA,2020-10-01,0.5,-0.6733445532637656,2023-03-01,TRUE,25
MA,2020-11-01,0.5,-0.6733445532637656,2023-03-01,TRUE,25
MA,2020-12-01,0.5,-0.6733445532637656,2023-03-01,TRUE,25
MA,2021-01-01,0.5,-0.6733445532637656,2023-03-01,TRUE,25
MA,2021-02-01,0.5,-0.6733445532637656,2023-03-01,TRUE,25
MA,2021-03-01,0.5,-0.6733445532637656,2023-03-01,TRUE,25
MA,2021-04-01,0.5,-0.6733445532637656,2023-03-01,TRUE,25
MA,2021-05-01,0.4,-0.8915981192837835,2023-03-01,TRUE,25
MA,2021-06-01,0.4,-0.8915981192837835,2023-03-01,TRUE,25
MA,2021-07-01,0.4,-0.8915981192837835,2023-03-01,TRUE,25
MA,2021-08-01,0.4,-0.8915981192837835,2023-03-01,TRUE,25
MA,2021-09-01,0.4,-0.8915981192837835,2023-03-01,TRUE,25
MA,2021-10-01,0.4,-0.8915981192837835,2023-03-01,TRUE,25
MA,2021-11-01,0.4,-0.8915981192837835,2023-03-01,TRUE,25
MA,2021-12-01,0.4,-0.8915981192837835,2023-03-01,TRUE,25
MA,2022-01-01,0.4,-0.8915981192837835,2023-03-01,TRUE,25
MA,2022-02-01,0.4,-0.8915981192837835,2023-03-01,TRUE,25
MA,2022-03-01,0.4,-0.8915981192837835,2023-03-01,TRUE,25
MA,2022-04-01,0.4,-0.8915981192837835,2023-03-01,TRUE,25
MA,2022-05-01,0.4,-0.8915981192837835,2023-03-01,TRUE,25
MA,2022-06-01,0.4,-0.8915981192837835,2023-03-01,TRUE,25
MA,2022-07-01,0.4,-0.8915981192837835,2023-03-01,TRUE,25
MA,2022-08-01,0.4,-0.8915981192837835,2023-03-01,TRUE,25
MA,2022-09-01,0.4,-0.8915981192837835,2023-03-01,TRUE,25
MA,2022-10-01,0.4,-0.8915981192837835,2023-03-01,TRUE,25
MA,2022-11-01,0.4,-0.8915981192837835,2023-03-01,TRUE,25
MA,2022-12-01,0.4,-0.8915981192837835,2023-03-01,TRUE,25
MA,2023-01-01,0.4,-0.8915981192837835,2023-03-01,TRUE,25
MA,2023-02-01,0.4,-0.8915981192837835,2023-03-01,TRUE,25
MA,2023-03-01,0.4,-0.8915981192837835,2023-03-01,TRUE,25
MA,2023-04-01,0.4,-0.8915981192837835,2023-03-01,TRUE,25
MA,2023-05-01,0.4,-0.8915981192837835,2023-03-01,TRUE,25
MA,2023-06-01,0.4,-0.8915981192837835,2023-03-01,TRUE,25
MA,2023-07-01,0.4,-0.8915981192837835,2023-03-01,TRUE,25
MA,2023-08-01,0.4,-0.8915981192837835,2023-03-01,TRUE,25
MA,2023-09-01,0.5,-0.6733445532637656,2023-03-01,TRUE,25
MA,2023-10-01,0.4,-0.8915981192837835,2023-03-01,TRUE,25
MA,2023-11-01,0.4,-0.8915981192837835,2023-03-01,TRUE,25
MA,2023-12-01,0.4,-0.8915981192837835,2023-03-01,TRUE,25
MA,2024-01-01,0.5,-0.6733445532637656,2023-03-01,TRUE,25
MA,2024-02-01,0.5,-0.6733445532637656,2023-03-01,TRUE,25
MA,2024-03-01,0.4,-0.8915981192837835,2023-03-01,TRUE,25
MA,2024-04-01,0.4,-0.8915981192837835,2023-03-01,TRUE,25
MA,2024-05-01,0.4,-0.8915981192837835,2023-03-01,TRUE,25
MA,2024-06-01,0.4,-0.8915981192837835,2023-03-01,TRUE,25
MA,2024-07-01,0.5,-0.6733445532637656,2023-03-01,TRUE,25
MA,2024-08-01,0.5,-0.6733445532637656,2023-03-01,TRUE,25
MA,2024-09-01,0.5,-0.6733445532637656,2023-03-01,TRUE,25
MA,2024-10-01,0.5,-0.6733445532637656,2023-03-01,TRUE,25
MA,2024-11-01,0.5,-0.6733445532637656,2023-03-01,TRUE,25
MA,2024-12-01,0.5,-0.6733445532637656,2023-03-01,TRUE,25
MA,2025-01-01,0.6,-0.4942963218147801,2023-03-01,TRUE,25
MA,2025-02-01,0.5,-0.6733445532637656,2023-03-01,TRUE,25
MA,2025-03-01,0.5,-0.6733445532637656,2023-03-01,TRUE,25
MI,2008-01-01,2,0.6981347220709843,2021-01-01,TRUE,26
MI,2008-02-01,2,0.6981347220709843,2021-01-01,TRUE,26
MI,2008-03-01,2,0.6981347220709843,2021-01-01,TRUE,26
MI,2008-04-01,1.9,0.6471032420585384,2021-01-01,TRUE,26
MI,2008-05-01,1.9,0.6471032420585384,2021-01-01,TRUE,26
MI,2008-06-01,2,0.6981347220709843,2021-01-01,TRUE,26
MI,2008-07-01,2.2,0.7929925155296614,2021-01-01,TRUE,26
MI,2008-08-01,2.2,0.7929925155296614,2021-01-01,TRUE,26
MI,2008-09-01,2.3,0.837247524533702,2021-01-01,TRUE,26
MI,2008-10-01,2.5,0.9202827531436923,2021-01-01,TRUE,26
MI,2008-11-01,2.7,0.9969486348916096,2021-01-01,TRUE,26
MI,2008-12-01,2.9,1.068153081183401,2021-01-01,TRUE,26
MI,2009-01-01,3.1,1.1346227261911428,2021-01-01,TRUE,26
MI,2009-02-01,3.2,1.1662709371419244,2021-01-01,TRUE,26
MI,2009-03-01,3.3,1.1969481893889715,2021-01-01,TRUE,26
MI,2009-04-01,3.4,1.2267122912954254,2021-01-01,TRUE,26
MI,2009-05-01,3.6,1.2837077723447896,2021-01-01,TRUE,26
MI,2009-06-01,3.7,1.3110318766193438,2021-01-01,TRUE,26
MI,2009-07-01,4.1,1.413423028508143,2021-01-01,TRUE,26
MI,2009-08-01,4.3,1.4609379041156565,2021-01-01,TRUE,26
MI,2009-09-01,4.7,1.5496879080283263,2021-01-01,TRUE,26
MI,2009-10-01,5,1.6114359150967734,2021-01-01,TRUE,26
MI,2009-11-01,5.1,1.631199404215613,2021-01-01,TRUE,26
MI,2009-12-01,5.2,1.6505798557652755,2021-01-01,TRUE,26
MI,2010-01-01,5.1,1.631199404215613,2021-01-01,TRUE,26
MI,2010-02-01,5.1,1.631199404215613,2021-01-01,TRUE,26
MI,2010-03-01,4.9,1.5912739418064292,2021-01-01,TRUE,26
MI,2010-04-01,4.6,1.528227857008557,2021-01-01,TRUE,26
MI,2010-05-01,4.6,1.528227857008557,2021-01-01,TRUE,26
MI,2010-06-01,4.4,1.483874689458755,2021-01-01,TRUE,26
MI,2010-07-01,4.3,1.4609379041156565,2021-01-01,TRUE,26
MI,2010-08-01,4.2,1.43746264769429,2021-01-01,TRUE,26
MI,2010-09-01,4.1,1.413423028508143,2021-01-01,TRUE,26
MI,2010-10-01,3.9,1.3635373739972745,2021-01-01,TRUE,26
MI,2010-11-01,3.9,1.3635373739972745,2021-01-01,TRUE,26
MI,2010-12-01,3.8,1.3376291891386094,2021-01-01,TRUE,26
MI,2011-01-01,3.9,1.3635373739972745,2021-01-01,TRUE,26
MI,2011-02-01,3.8,1.3376291891386094,2021-01-01,TRUE,26
MI,2011-03-01,3.7,1.3110318766193438,2021-01-01,TRUE,26
MI,2011-04-01,3.5,1.2556160374777745,2021-01-01,TRUE,26
MI,2011-05-01,3.5,1.2556160374777745,2021-01-01,TRUE,26
MI,2011-06-01,3.5,1.2556160374777745,2021-01-01,TRUE,26
MI,2011-07-01,3.5,1.2556160374777745,2021-01-01,TRUE,26
MI,2011-08-01,3.5,1.2556160374777745,2021-01-01,TRUE,26
MI,2011-09-01,3.5,1.2556160374777745,2021-01-01,TRUE,26
MI,2011-10-01,3.5,1.2556160374777745,2021-01-01,TRUE,26
MI,2011-11-01,3.5,1.2556160374777745,2021-01-01,TRUE,26
MI,2011-12-01,3.5,1.2556160374777745,2021-01-01,TRUE,26
MI,2012-01-01,3.5,1.2556160374777745,2021-01-01,TRUE,26
MI,2012-02-01,3.4,1.2267122912954254,2021-01-01,TRUE,26
MI,2012-03-01,3.3,1.1969481893889715,2021-01-01,TRUE,26
MI,2012-04-01,3.1,1.1346227261911428,2021-01-01,TRUE,26
MI,2012-05-01,3.2,1.1662709371419244,2021-01-01,TRUE,26
MI,2012-06-01,3,1.1019400787607845,2021-01-01,TRUE,26
MI,2012-07-01,3,1.1019400787607845,2021-01-01,TRUE,26
MI,2012-08-01,2.9,1.068153081183401,2021-01-01,TRUE,26
MI,2012-09-01,3,1.1019400787607845,2021-01-01,TRUE,26
MI,2012-10-01,3,1.1019400787607845,2021-01-01,TRUE,26
MI,2012-11-01,3,1.1019400787607845,2021-01-01,TRUE,26
MI,2012-12-01,3,1.1019400787607845,2021-01-01,TRUE,26
MI,2013-01-01,2.9,1.068153081183401,2021-01-01,TRUE,26
MI,2013-02-01,2.8,1.0331844833456545,2021-01-01,TRUE,26
MI,2013-03-01,2.7,0.9969486348916096,2021-01-01,TRUE,26
MI,2013-04-01,2.5,0.9202827531436923,2021-01-01,TRUE,26
MI,2013-05-01,2.4,0.8796267475025635,2021-01-01,TRUE,26
MI,2013-06-01,2.3,0.837247524533702,2021-01-01,TRUE,26
MI,2013-07-01,2.2,0.7929925155296614,2021-01-01,TRUE,26
MI,2013-08-01,2.1,0.7466879474879751,2021-01-01,TRUE,26
MI,2013-09-01,2,0.6981347220709843,2021-01-01,TRUE,26
MI,2013-10-01,1.9,0.6471032420585384,2021-01-01,TRUE,26
MI,2013-11-01,1.9,0.6471032420585384,2021-01-01,TRUE,26
MI,2013-12-01,2,0.6981347220709843,2021-01-01,TRUE,26
MI,2014-01-01,2,0.6981347220709843,2021-01-01,TRUE,26
MI,2014-02-01,1.9,0.6471032420585384,2021-01-01,TRUE,26
MI,2014-03-01,1.8,0.5933268452777344,2021-01-01,TRUE,26
MI,2014-04-01,1.7,0.5364933705145685,2021-01-01,TRUE,26
MI,2014-05-01,1.7,0.5364933705145685,2021-01-01,TRUE,26
MI,2014-06-01,1.8,0.5933268452777344,2021-01-01,TRUE,26
MI,2014-07-01,1.7,0.5364933705145685,2021-01-01,TRUE,26
MI,2014-08-01,1.7,0.5364933705145685,2021-01-01,TRUE,26
MI,2014-09-01,1.7,0.5364933705145685,2021-01-01,TRUE,26
MI,2014-10-01,1.7,0.5364933705145685,2021-01-01,TRUE,26
MI,2014-11-01,1.6,0.4762341789963717,2021-01-01,TRUE,26
MI,2014-12-01,1.7,0.5364933705145685,2021-01-01,TRUE,26
MI,2015-01-01,1.6,0.4762341789963717,2021-01-01,TRUE,26
MI,2015-02-01,1.5,0.412109650826833,2021-01-01,TRUE,26
MI,2015-03-01,1.4,0.34358970439007686,2021-01-01,TRUE,26
MI,2015-04-01,1.3,0.2700271372130602,2021-01-01,TRUE,26
MI,2015-05-01,1.3,0.2700271372130602,2021-01-01,TRUE,26
MI,2015-06-01,1.3,0.2700271372130602,2021-01-01,TRUE,26
MI,2015-07-01,1.3,0.2700271372130602,2021-01-01,TRUE,26
MI,2015-08-01,1.2,0.1906203596086497,2021-01-01,TRUE,26
MI,2015-09-01,1.2,0.1906203596086497,2021-01-01,TRUE,26
MI,2015-10-01,1.2,0.1906203596086497,2021-01-01,TRUE,26
MI,2015-11-01,1.2,0.1906203596086497,2021-01-01,TRUE,26
MI,2015-12-01,1.2,0.1906203596086497,2021-01-01,TRUE,26
MI,2016-01-01,1.2,0.1906203596086497,2021-01-01,TRUE,26
MI,2016-02-01,1.2,0.1906203596086497,2021-01-01,TRUE,26
MI,2016-03-01,1.1,0.10436001532424286,2021-01-01,TRUE,26
MI,2016-04-01,0.9,-0.09431067947124128,2021-01-01,TRUE,26
MI,2016-05-01,1,0.00995033085316809,2021-01-01,TRUE,26
MI,2016-06-01,0.9,-0.09431067947124128,2021-01-01,TRUE,26
MI,2016-07-01,0.9,-0.09431067947124128,2021-01-01,TRUE,26
MI,2016-08-01,0.9,-0.09431067947124128,2021-01-01,TRUE,26
MI,2016-09-01,0.9,-0.09431067947124128,2021-01-01,TRUE,26
MI,2016-10-01,0.9,-0.09431067947124128,2021-01-01,TRUE,26
MI,2016-11-01,0.9,-0.09431067947124128,2021-01-01,TRUE,26
MI,2016-12-01,0.9,-0.09431067947124128,2021-01-01,TRUE,26
MI,2017-01-01,0.9,-0.09431067947124128,2021-01-01,TRUE,26
MI,2017-02-01,0.9,-0.09431067947124128,2021-01-01,TRUE,26
MI,2017-03-01,0.8,-0.2107210313156525,2021-01-01,TRUE,26
MI,2017-04-01,0.7,-0.342490308946776,2021-01-01,TRUE,26
MI,2017-05-01,0.7,-0.342490308946776,2021-01-01,TRUE,26
MI,2017-06-01,0.7,-0.342490308946776,2021-01-01,TRUE,26
MI,2017-07-01,0.7,-0.342490308946776,2021-01-01,TRUE,26
MI,2017-08-01,0.7,-0.342490308946776,2021-01-01,TRUE,26
MI,2017-09-01,0.7,-0.342490308946776,2021-01-01,TRUE,26
MI,2017-10-01,0.7,-0.342490308946776,2021-01-01,TRUE,26
MI,2017-11-01,0.7,-0.342490308946776,2021-01-01,TRUE,26
MI,2017-12-01,0.8,-0.2107210313156525,2021-01-01,TRUE,26
MI,2018-01-01,0.8,-0.2107210313156525,2021-01-01,TRUE,26
MI,2018-02-01,0.8,-0.2107210313156525,2021-01-01,TRUE,26
MI,2018-03-01,0.7,-0.342490308946776,2021-01-01,TRUE,26
MI,2018-04-01,0.6,-0.4942963218147801,2021-01-01,TRUE,26
MI,2018-05-01,0.6,-0.4942963218147801,2021-01-01,TRUE,26
MI,2018-06-01,0.6,-0.4942963218147801,2021-01-01,TRUE,26
MI,2018-07-01,0.6,-0.4942963218147801,2021-01-01,TRUE,26
MI,2018-08-01,0.6,-0.4942963218147801,2021-01-01,TRUE,26
MI,2018-09-01,0.7,-0.342490308946776,2021-01-01,TRUE,26
MI,2018-10-01,0.6,-0.4942963218147801,2021-01-01,TRUE,26
MI,2018-11-01,0.6,-0.4942963218147801,2021-01-01,TRUE,26
MI,2018-12-01,0.6,-0.4942963218147801,2021-01-01,TRUE,26
MI,2019-01-01,0.6,-0.4942963218147801,2021-01-01,TRUE,26
MI,2019-02-01,0.6,-0.4942963218147801,2021-01-01,TRUE,26
MI,2019-03-01,0.6,-0.4942963218147801,2021-01-01,TRUE,26
MI,2019-04-01,0.5,-0.6733445532637656,2021-01-01,TRUE,26
MI,2019-05-01,0.5,-0.6733445532637656,2021-01-01,TRUE,26
MI,2019-06-01,0.5,-0.6733445532637656,2021-01-01,TRUE,26
MI,2019-07-01,0.5,-0.6733445532637656,2021-01-01,TRUE,26
MI,2019-08-01,0.5,-0.6733445532637656,2021-01-01,TRUE,26
MI,2019-09-01,0.6,-0.4942963218147801,2021-01-01,TRUE,26
MI,2019-10-01,0.6,-0.4942963218147801,2021-01-01,TRUE,26
MI,2019-11-01,0.6,-0.4942963218147801,2021-01-01,TRUE,26
MI,2019-12-01,0.6,-0.4942963218147801,2021-01-01,TRUE,26
MI,2020-01-01,0.6,-0.4942963218147801,2021-01-01,TRUE,26
MI,2020-02-01,0.6,-0.4942963218147801,2021-01-01,TRUE,26
MI,2020-03-01,0.6,-0.4942963218147801,2021-01-01,TRUE,26
MI,2020-04-01,0.5,-0.6733445532637656,2021-01-01,TRUE,26
MI,2020-05-01,0.5,-0.6733445532637656,2021-01-01,TRUE,26
MI,2020-06-01,0.5,-0.6733445532637656,2021-01-01,TRUE,26
MI,2020-07-01,0.5,-0.6733445532637656,2021-01-01,TRUE,26
MI,2020-08-01,0.5,-0.6733445532637656,2021-01-01,TRUE,26
MI,2020-09-01,0.5,-0.6733445532637656,2021-01-01,TRUE,26
MI,2020-10-01,0.5,-0.6733445532637656,2021-01-01,TRUE,26
MI,2020-11-01,0.4,-0.8915981192837835,2021-01-01,TRUE,26
MI,2020-12-01,0.5,-0.6733445532637656,2021-01-01,TRUE,26
MI,2021-01-01,0.5,-0.6733445532637656,2021-01-01,TRUE,26
MI,2021-02-01,0.5,-0.6733445532637656,2021-01-01,TRUE,26
MI,2021-03-01,0.4,-0.8915981192837835,2021-01-01,TRUE,26
MI,2021-04-01,0.4,-0.8915981192837835,2021-01-01,TRUE,26
MI,2021-05-01,0.4,-0.8915981192837835,2021-01-01,TRUE,26
MI,2021-06-01,0.4,-0.8915981192837835,2021-01-01,TRUE,26
MI,2021-07-01,0.4,-0.8915981192837835,2021-01-01,TRUE,26
MI,2021-08-01,0.4,-0.8915981192837835,2021-01-01,TRUE,26
MI,2021-09-01,0.4,-0.8915981192837835,2021-01-01,TRUE,26
MI,2021-10-01,0.4,-0.8915981192837835,2021-01-01,TRUE,26
MI,2021-11-01,0.4,-0.8915981192837835,2021-01-01,TRUE,26
MI,2021-12-01,0.4,-0.8915981192837835,2021-01-01,TRUE,26
MI,2022-01-01,0.5,-0.6733445532637656,2021-01-01,TRUE,26
MI,2022-02-01,0.4,-0.8915981192837835,2021-01-01,TRUE,26
MI,2022-03-01,0.4,-0.8915981192837835,2021-01-01,TRUE,26
MI,2022-04-01,0.4,-0.8915981192837835,2021-01-01,TRUE,26
MI,2022-05-01,0.4,-0.8915981192837835,2021-01-01,TRUE,26
MI,2022-06-01,0.4,-0.8915981192837835,2021-01-01,TRUE,26
MI,2022-07-01,0.4,-0.8915981192837835,2021-01-01,TRUE,26
MI,2022-08-01,0.5,-0.6733445532637656,2021-01-01,TRUE,26
MI,2022-09-01,0.4,-0.8915981192837835,2021-01-01,TRUE,26
MI,2022-10-01,0.5,-0.6733445532637656,2021-01-01,TRUE,26
MI,2022-11-01,0.4,-0.8915981192837835,2021-01-01,TRUE,26
MI,2022-12-01,0.5,-0.6733445532637656,2021-01-01,TRUE,26
MI,2023-01-01,0.5,-0.6733445532637656,2021-01-01,TRUE,26
MI,2023-02-01,0.5,-0.6733445532637656,2021-01-01,TRUE,26
MI,2023-03-01,0.5,-0.6733445532637656,2021-01-01,TRUE,26
MI,2023-04-01,0.4,-0.8915981192837835,2021-01-01,TRUE,26
MI,2023-05-01,0.4,-0.8915981192837835,2021-01-01,TRUE,26
MI,2023-06-01,0.4,-0.8915981192837835,2021-01-01,TRUE,26
MI,2023-07-01,0.5,-0.6733445532637656,2021-01-01,TRUE,26
MI,2023-08-01,0.5,-0.6733445532637656,2021-01-01,TRUE,26
MI,2023-09-01,0.5,-0.6733445532637656,2021-01-01,TRUE,26
MI,2023-10-01,0.5,-0.6733445532637656,2021-01-01,TRUE,26
MI,2023-11-01,0.5,-0.6733445532637656,2021-01-01,TRUE,26
MI,2023-12-01,0.6,-0.4942963218147801,2021-01-01,TRUE,26
MI,2024-01-01,0.6,-0.4942963218147801,2021-01-01,TRUE,26
MI,2024-02-01,0.6,-0.4942963218147801,2021-01-01,TRUE,26
MI,2024-03-01,0.6,-0.4942963218147801,2021-01-01,TRUE,26
MI,2024-04-01,0.5,-0.6733445532637656,2021-01-01,TRUE,26
MI,2024-05-01,0.5,-0.6733445532637656,2021-01-01,TRUE,26
MI,2024-06-01,0.6,-0.4942963218147801,2021-01-01,TRUE,26
MI,2024-07-01,0.6,-0.4942963218147801,2021-01-01,TRUE,26
MI,2024-08-01,0.6,-0.4942963218147801,2021-01-01,TRUE,26
MI,2024-09-01,0.7,-0.342490308946776,2021-01-01,TRUE,26
MI,2024-10-01,0.7,-0.342490308946776,2021-01-01,TRUE,26
MI,2024-11-01,0.7,-0.342490308946776,2021-01-01,TRUE,26
MI,2024-12-01,0.8,-0.2107210313156525,2021-01-01,TRUE,26
MI,2025-01-01,0.8,-0.2107210313156525,2021-01-01,TRUE,26
MI,2025-02-01,0.7,-0.342490308946776,2021-01-01,TRUE,26
MI,2025-03-01,0.7,-0.342490308946776,2021-01-01,TRUE,26
MN,2008-01-01,1.3,0.2700271372130602,NA,FALSE,27
MN,2008-02-01,1.3,0.2700271372130602,NA,FALSE,27
MN,2008-03-01,1.3,0.2700271372130602,NA,FALSE,27
MN,2008-04-01,1.2,0.1906203596086497,NA,FALSE,27
MN,2008-05-01,1.2,0.1906203596086497,NA,FALSE,27
MN,2008-06-01,1.3,0.2700271372130602,NA,FALSE,27
MN,2008-07-01,1.4,0.34358970439007686,NA,FALSE,27
MN,2008-08-01,1.4,0.34358970439007686,NA,FALSE,27
MN,2008-09-01,1.5,0.412109650826833,NA,FALSE,27
MN,2008-10-01,1.6,0.4762341789963717,NA,FALSE,27
MN,2008-11-01,1.7,0.5364933705145685,NA,FALSE,27
MN,2008-12-01,1.8,0.5933268452777344,NA,FALSE,27
MN,2009-01-01,2,0.6981347220709843,NA,FALSE,27
MN,2009-02-01,2.1,0.7466879474879751,NA,FALSE,27
MN,2009-03-01,2.2,0.7929925155296614,NA,FALSE,27
MN,2009-04-01,2.4,0.8796267475025635,NA,FALSE,27
MN,2009-05-01,2.6,0.959350221334602,NA,FALSE,27
MN,2009-06-01,2.7,0.9969486348916096,NA,FALSE,27
MN,2009-07-01,2.9,1.068153081183401,NA,FALSE,27
MN,2009-08-01,2.9,1.068153081183401,NA,FALSE,27
MN,2009-09-01,3.1,1.1346227261911428,NA,FALSE,27
MN,2009-10-01,3.2,1.1662709371419244,NA,FALSE,27
MN,2009-11-01,3.3,1.1969481893889715,NA,FALSE,27
MN,2009-12-01,3.3,1.1969481893889715,NA,FALSE,27
MN,2010-01-01,3.4,1.2267122912954254,NA,FALSE,27
MN,2010-02-01,3.4,1.2267122912954254,NA,FALSE,27
MN,2010-03-01,3.3,1.1969481893889715,NA,FALSE,27
MN,2010-04-01,3.1,1.1346227261911428,NA,FALSE,27
MN,2010-05-01,3,1.1019400787607845,NA,FALSE,27
MN,2010-06-01,2.9,1.068153081183401,NA,FALSE,27
MN,2010-07-01,2.8,1.0331844833456545,NA,FALSE,27
MN,2010-08-01,2.7,0.9969486348916096,NA,FALSE,27
MN,2010-09-01,2.7,0.9969486348916096,NA,FALSE,27
MN,2010-10-01,2.6,0.959350221334602,NA,FALSE,27
MN,2010-11-01,2.6,0.959350221334602,NA,FALSE,27
MN,2010-12-01,2.6,0.959350221334602,NA,FALSE,27
MN,2011-01-01,2.6,0.959350221334602,NA,FALSE,27
MN,2011-02-01,2.6,0.959350221334602,NA,FALSE,27
MN,2011-03-01,2.4,0.8796267475025635,NA,FALSE,27
MN,2011-04-01,2.4,0.8796267475025635,NA,FALSE,27
MN,2011-05-01,2.4,0.8796267475025635,NA,FALSE,27
MN,2011-06-01,2.3,0.837247524533702,NA,FALSE,27
MN,2011-07-01,2.3,0.837247524533702,NA,FALSE,27
MN,2011-08-01,2.3,0.837247524533702,NA,FALSE,27
MN,2011-09-01,2.3,0.837247524533702,NA,FALSE,27
MN,2011-10-01,2.3,0.837247524533702,NA,FALSE,27
MN,2011-11-01,2.3,0.837247524533702,NA,FALSE,27
MN,2011-12-01,2.3,0.837247524533702,NA,FALSE,27
MN,2012-01-01,2.3,0.837247524533702,NA,FALSE,27
MN,2012-02-01,2.3,0.837247524533702,NA,FALSE,27
MN,2012-03-01,2.2,0.7929925155296614,NA,FALSE,27
MN,2012-04-01,2.2,0.7929925155296614,NA,FALSE,27
MN,2012-05-01,2.1,0.7466879474879751,NA,FALSE,27
MN,2012-06-01,2,0.6981347220709843,NA,FALSE,27
MN,2012-07-01,2,0.6981347220709843,NA,FALSE,27
MN,2012-08-01,2,0.6981347220709843,NA,FALSE,27
MN,2012-09-01,2,0.6981347220709843,NA,FALSE,27
MN,2012-10-01,2,0.6981347220709843,NA,FALSE,27
MN,2012-11-01,2,0.6981347220709843,NA,FALSE,27
MN,2012-12-01,1.8,0.5933268452777344,NA,FALSE,27
MN,2013-01-01,1.8,0.5933268452777344,NA,FALSE,27
MN,2013-02-01,1.8,0.5933268452777344,NA,FALSE,27
MN,2013-03-01,1.7,0.5364933705145685,NA,FALSE,27
MN,2013-04-01,1.6,0.4762341789963717,NA,FALSE,27
MN,2013-05-01,1.5,0.412109650826833,NA,FALSE,27
MN,2013-06-01,1.5,0.412109650826833,NA,FALSE,27
MN,2013-07-01,1.4,0.34358970439007686,NA,FALSE,27
MN,2013-08-01,1.4,0.34358970439007686,NA,FALSE,27
MN,2013-09-01,1.4,0.34358970439007686,NA,FALSE,27
MN,2013-10-01,1.4,0.34358970439007686,NA,FALSE,27
MN,2013-11-01,1.4,0.34358970439007686,NA,FALSE,27
MN,2013-12-01,1.4,0.34358970439007686,NA,FALSE,27
MN,2014-01-01,1.4,0.34358970439007686,NA,FALSE,27
MN,2014-02-01,1.3,0.2700271372130602,NA,FALSE,27
MN,2014-03-01,1.3,0.2700271372130602,NA,FALSE,27
MN,2014-04-01,1.3,0.2700271372130602,NA,FALSE,27
MN,2014-05-01,1.2,0.1906203596086497,NA,FALSE,27
MN,2014-06-01,1.2,0.1906203596086497,NA,FALSE,27
MN,2014-07-01,1.2,0.1906203596086497,NA,FALSE,27
MN,2014-08-01,1.2,0.1906203596086497,NA,FALSE,27
MN,2014-09-01,1.2,0.1906203596086497,NA,FALSE,27
MN,2014-10-01,1.2,0.1906203596086497,NA,FALSE,27
MN,2014-11-01,1.2,0.1906203596086497,NA,FALSE,27
MN,2014-12-01,1.2,0.1906203596086497,NA,FALSE,27
MN,2015-01-01,1.1,0.10436001532424286,NA,FALSE,27
MN,2015-02-01,1.1,0.10436001532424286,NA,FALSE,27
MN,2015-03-01,1,0.00995033085316809,NA,FALSE,27
MN,2015-04-01,1,0.00995033085316809,NA,FALSE,27
MN,2015-05-01,1,0.00995033085316809,NA,FALSE,27
MN,2015-06-01,1,0.00995033085316809,NA,FALSE,27
MN,2015-07-01,0.9,-0.09431067947124128,NA,FALSE,27
MN,2015-08-01,0.9,-0.09431067947124128,NA,FALSE,27
MN,2015-09-01,0.9,-0.09431067947124128,NA,FALSE,27
MN,2015-10-01,0.9,-0.09431067947124128,NA,FALSE,27
MN,2015-11-01,0.9,-0.09431067947124128,NA,FALSE,27
MN,2015-12-01,0.9,-0.09431067947124128,NA,FALSE,27
MN,2016-01-01,0.9,-0.09431067947124128,NA,FALSE,27
MN,2016-02-01,0.9,-0.09431067947124128,NA,FALSE,27
MN,2016-03-01,0.8,-0.2107210313156525,NA,FALSE,27
MN,2016-04-01,0.8,-0.2107210313156525,NA,FALSE,27
MN,2016-05-01,0.8,-0.2107210313156525,NA,FALSE,27
MN,2016-06-01,0.7,-0.342490308946776,NA,FALSE,27
MN,2016-07-01,0.7,-0.342490308946776,NA,FALSE,27
MN,2016-08-01,0.7,-0.342490308946776,NA,FALSE,27
MN,2016-09-01,0.7,-0.342490308946776,NA,FALSE,27
MN,2016-10-01,0.7,-0.342490308946776,NA,FALSE,27
MN,2016-11-01,0.7,-0.342490308946776,NA,FALSE,27
MN,2016-12-01,0.7,-0.342490308946776,NA,FALSE,27
MN,2017-01-01,0.7,-0.342490308946776,NA,FALSE,27
MN,2017-02-01,0.8,-0.2107210313156525,NA,FALSE,27
MN,2017-03-01,0.7,-0.342490308946776,NA,FALSE,27
MN,2017-04-01,0.7,-0.342490308946776,NA,FALSE,27
MN,2017-05-01,0.6,-0.4942963218147801,NA,FALSE,27
MN,2017-06-01,0.7,-0.342490308946776,NA,FALSE,27
MN,2017-07-01,0.6,-0.4942963218147801,NA,FALSE,27
MN,2017-08-01,0.6,-0.4942963218147801,NA,FALSE,27
MN,2017-09-01,0.6,-0.4942963218147801,NA,FALSE,27
MN,2017-10-01,0.6,-0.4942963218147801,NA,FALSE,27
MN,2017-11-01,0.6,-0.4942963218147801,NA,FALSE,27
MN,2017-12-01,0.6,-0.4942963218147801,NA,FALSE,27
MN,2018-01-01,0.6,-0.4942963218147801,NA,FALSE,27
MN,2018-02-01,0.6,-0.4942963218147801,NA,FALSE,27
MN,2018-03-01,0.5,-0.6733445532637656,NA,FALSE,27
MN,2018-04-01,0.5,-0.6733445532637656,NA,FALSE,27
MN,2018-05-01,0.5,-0.6733445532637656,NA,FALSE,27
MN,2018-06-01,0.5,-0.6733445532637656,NA,FALSE,27
MN,2018-07-01,0.5,-0.6733445532637656,NA,FALSE,27
MN,2018-08-01,0.5,-0.6733445532637656,NA,FALSE,27
MN,2018-09-01,0.5,-0.6733445532637656,NA,FALSE,27
MN,2018-10-01,0.5,-0.6733445532637656,NA,FALSE,27
MN,2018-11-01,0.5,-0.6733445532637656,NA,FALSE,27
MN,2018-12-01,0.5,-0.6733445532637656,NA,FALSE,27
MN,2019-01-01,0.5,-0.6733445532637656,NA,FALSE,27
MN,2019-02-01,0.5,-0.6733445532637656,NA,FALSE,27
MN,2019-03-01,0.5,-0.6733445532637656,NA,FALSE,27
MN,2019-04-01,0.4,-0.8915981192837835,NA,FALSE,27
MN,2019-05-01,0.4,-0.8915981192837835,NA,FALSE,27
MN,2019-06-01,0.5,-0.6733445532637656,NA,FALSE,27
MN,2019-07-01,0.5,-0.6733445532637656,NA,FALSE,27
MN,2019-08-01,0.5,-0.6733445532637656,NA,FALSE,27
MN,2019-09-01,0.5,-0.6733445532637656,NA,FALSE,27
MN,2019-10-01,0.6,-0.4942963218147801,NA,FALSE,27
MN,2019-11-01,0.6,-0.4942963218147801,NA,FALSE,27
MN,2019-12-01,0.6,-0.4942963218147801,NA,FALSE,27
MN,2020-01-01,0.6,-0.4942963218147801,NA,FALSE,27
MN,2020-02-01,0.6,-0.4942963218147801,NA,FALSE,27
MN,2020-03-01,0.6,-0.4942963218147801,NA,FALSE,27
MN,2020-04-01,0.5,-0.6733445532637656,NA,FALSE,27
MN,2020-05-01,0.5,-0.6733445532637656,NA,FALSE,27
MN,2020-06-01,0.4,-0.8915981192837835,NA,FALSE,27
MN,2020-07-01,0.4,-0.8915981192837835,NA,FALSE,27
MN,2020-08-01,0.4,-0.8915981192837835,NA,FALSE,27
MN,2020-09-01,0.4,-0.8915981192837835,NA,FALSE,27
MN,2020-10-01,0.4,-0.8915981192837835,NA,FALSE,27
MN,2020-11-01,0.4,-0.8915981192837835,NA,FALSE,27
MN,2020-12-01,0.4,-0.8915981192837835,NA,FALSE,27
MN,2021-01-01,0.4,-0.8915981192837835,NA,FALSE,27
MN,2021-02-01,0.4,-0.8915981192837835,NA,FALSE,27
MN,2021-03-01,0.4,-0.8915981192837835,NA,FALSE,27
MN,2021-04-01,0.4,-0.8915981192837835,NA,FALSE,27
MN,2021-05-01,0.3,-1.171182981502945,NA,FALSE,27
MN,2021-06-01,0.3,-1.171182981502945,NA,FALSE,27
MN,2021-07-01,0.4,-0.8915981192837835,NA,FALSE,27
MN,2021-08-01,0.4,-0.8915981192837835,NA,FALSE,27
MN,2021-09-01,0.4,-0.8915981192837835,NA,FALSE,27
MN,2021-10-01,0.3,-1.171182981502945,NA,FALSE,27
MN,2021-11-01,0.4,-0.8915981192837835,NA,FALSE,27
MN,2021-12-01,0.4,-0.8915981192837835,NA,FALSE,27
MN,2022-01-01,0.4,-0.8915981192837835,NA,FALSE,27
MN,2022-02-01,0.4,-0.8915981192837835,NA,FALSE,27
MN,2022-03-01,0.4,-0.8915981192837835,NA,FALSE,27
MN,2022-04-01,0.4,-0.8915981192837835,NA,FALSE,27
MN,2022-05-01,0.4,-0.8915981192837835,NA,FALSE,27
MN,2022-06-01,0.4,-0.8915981192837835,NA,FALSE,27
MN,2022-07-01,0.4,-0.8915981192837835,NA,FALSE,27
MN,2022-08-01,0.4,-0.8915981192837835,NA,FALSE,27
MN,2022-09-01,0.4,-0.8915981192837835,NA,FALSE,27
MN,2022-10-01,0.3,-1.171182981502945,NA,FALSE,27
MN,2022-11-01,0.4,-0.8915981192837835,NA,FALSE,27
MN,2022-12-01,0.4,-0.8915981192837835,NA,FALSE,27
MN,2023-01-01,0.4,-0.8915981192837835,NA,FALSE,27
MN,2023-02-01,0.4,-0.8915981192837835,NA,FALSE,27
MN,2023-03-01,0.4,-0.8915981192837835,NA,FALSE,27
MN,2023-04-01,0.4,-0.8915981192837835,NA,FALSE,27
MN,2023-05-01,0.3,-1.171182981502945,NA,FALSE,27
MN,2023-06-01,0.3,-1.171182981502945,NA,FALSE,27
MN,2023-07-01,0.4,-0.8915981192837835,NA,FALSE,27
MN,2023-08-01,0.4,-0.8915981192837835,NA,FALSE,27
MN,2023-09-01,0.4,-0.8915981192837835,NA,FALSE,27
MN,2023-10-01,0.4,-0.8915981192837835,NA,FALSE,27
MN,2023-11-01,0.4,-0.8915981192837835,NA,FALSE,27
MN,2023-12-01,0.4,-0.8915981192837835,NA,FALSE,27
MN,2024-01-01,0.5,-0.6733445532637656,NA,FALSE,27
MN,2024-02-01,0.5,-0.6733445532637656,NA,FALSE,27
MN,2024-03-01,0.5,-0.6733445532637656,NA,FALSE,27
MN,2024-04-01,0.4,-0.8915981192837835,NA,FALSE,27
MN,2024-05-01,0.5,-0.6733445532637656,NA,FALSE,27
MN,2024-06-01,0.5,-0.6733445532637656,NA,FALSE,27
MN,2024-07-01,0.5,-0.6733445532637656,NA,FALSE,27
MN,2024-08-01,0.5,-0.6733445532637656,NA,FALSE,27
MN,2024-09-01,0.5,-0.6733445532637656,NA,FALSE,27
MN,2024-10-01,0.6,-0.4942963218147801,NA,FALSE,27
MN,2024-11-01,0.5,-0.6733445532637656,NA,FALSE,27
MN,2024-12-01,0.6,-0.4942963218147801,NA,FALSE,27
MN,2025-01-01,0.6,-0.4942963218147801,NA,FALSE,27
MN,2025-02-01,0.5,-0.6733445532637656,NA,FALSE,27
MN,2025-03-01,0.5,-0.6733445532637656,NA,FALSE,27
MS,2008-01-01,2.1,0.7466879474879751,NA,FALSE,28
MS,2008-02-01,2.3,0.837247524533702,NA,FALSE,28
MS,2008-03-01,2.1,0.7466879474879751,NA,FALSE,28
MS,2008-04-01,2.1,0.7466879474879751,NA,FALSE,28
MS,2008-05-01,2.2,0.7929925155296614,NA,FALSE,28
MS,2008-06-01,2.1,0.7466879474879751,NA,FALSE,28
MS,2008-07-01,2.3,0.837247524533702,NA,FALSE,28
MS,2008-08-01,2.3,0.837247524533702,NA,FALSE,28
MS,2008-09-01,2.3,0.837247524533702,NA,FALSE,28
MS,2008-10-01,2.6,0.959350221334602,NA,FALSE,28
MS,2008-11-01,2.8,1.0331844833456545,NA,FALSE,28
MS,2008-12-01,3,1.1019400787607845,NA,FALSE,28
MS,2009-01-01,3.2,1.1662709371419244,NA,FALSE,28
MS,2009-02-01,3.1,1.1346227261911428,NA,FALSE,28
MS,2009-03-01,3.2,1.1662709371419244,NA,FALSE,28
MS,2009-04-01,3.2,1.1662709371419244,NA,FALSE,28
MS,2009-05-01,3.5,1.2556160374777745,NA,FALSE,28
MS,2009-06-01,3.7,1.3110318766193438,NA,FALSE,28
MS,2009-07-01,3.9,1.3635373739972745,NA,FALSE,28
MS,2009-08-01,4,1.3887912413184778,NA,FALSE,28
MS,2009-09-01,4.4,1.483874689458755,NA,FALSE,28
MS,2009-10-01,4.6,1.528227857008557,NA,FALSE,28
MS,2009-11-01,4.7,1.5496879080283263,NA,FALSE,28
MS,2009-12-01,4.9,1.5912739418064292,NA,FALSE,28
MS,2010-01-01,5.2,1.6505798557652755,NA,FALSE,28
MS,2010-02-01,5.2,1.6505798557652755,NA,FALSE,28
MS,2010-03-01,4.9,1.5912739418064292,NA,FALSE,28
MS,2010-04-01,4.7,1.5496879080283263,NA,FALSE,28
MS,2010-05-01,4.8,1.5706970841176695,NA,FALSE,28
MS,2010-06-01,4.7,1.5496879080283263,NA,FALSE,28
MS,2010-07-01,4.6,1.528227857008557,NA,FALSE,28
MS,2010-08-01,4.5,1.506297153514587,NA,FALSE,28
MS,2010-09-01,4.6,1.528227857008557,NA,FALSE,28
MS,2010-10-01,4.6,1.528227857008557,NA,FALSE,28
MS,2010-11-01,4.6,1.528227857008557,NA,FALSE,28
MS,2010-12-01,4.5,1.506297153514587,NA,FALSE,28
MS,2011-01-01,4.5,1.506297153514587,NA,FALSE,28
MS,2011-02-01,4.4,1.483874689458755,NA,FALSE,28
MS,2011-03-01,4.1,1.413423028508143,NA,FALSE,28
MS,2011-04-01,4,1.3887912413184778,NA,FALSE,28
MS,2011-05-01,3.9,1.3635373739972745,NA,FALSE,28
MS,2011-06-01,4,1.3887912413184778,NA,FALSE,28
MS,2011-07-01,4.1,1.413423028508143,NA,FALSE,28
MS,2011-08-01,4.1,1.413423028508143,NA,FALSE,28
MS,2011-09-01,4.1,1.413423028508143,NA,FALSE,28
MS,2011-10-01,4.1,1.413423028508143,NA,FALSE,28
MS,2011-11-01,4.2,1.43746264769429,NA,FALSE,28
MS,2011-12-01,4.3,1.4609379041156565,NA,FALSE,28
MS,2012-01-01,4.4,1.483874689458755,NA,FALSE,28
MS,2012-02-01,4.4,1.483874689458755,NA,FALSE,28
MS,2012-03-01,4.1,1.413423028508143,NA,FALSE,28
MS,2012-04-01,4,1.3887912413184778,NA,FALSE,28
MS,2012-05-01,4,1.3887912413184778,NA,FALSE,28
MS,2012-06-01,4,1.3887912413184778,NA,FALSE,28
MS,2012-07-01,4,1.3887912413184778,NA,FALSE,28
MS,2012-08-01,3.9,1.3635373739972745,NA,FALSE,28
MS,2012-09-01,4,1.3887912413184778,NA,FALSE,28
MS,2012-10-01,3.9,1.3635373739972745,NA,FALSE,28
MS,2012-11-01,3.9,1.3635373739972745,NA,FALSE,28
MS,2012-12-01,4,1.3887912413184778,NA,FALSE,28
MS,2013-01-01,3.9,1.3635373739972745,NA,FALSE,28
MS,2013-02-01,3.7,1.3110318766193438,NA,FALSE,28
MS,2013-03-01,3.5,1.2556160374777745,NA,FALSE,28
MS,2013-04-01,3.3,1.1969481893889715,NA,FALSE,28
MS,2013-05-01,3.1,1.1346227261911428,NA,FALSE,28
MS,2013-06-01,3.2,1.1662709371419244,NA,FALSE,28
MS,2013-07-01,3,1.1019400787607845,NA,FALSE,28
MS,2013-08-01,3.1,1.1346227261911428,NA,FALSE,28
MS,2013-09-01,3.1,1.1346227261911428,NA,FALSE,28
MS,2013-10-01,3.1,1.1346227261911428,NA,FALSE,28
MS,2013-11-01,3,1.1019400787607845,NA,FALSE,28
MS,2013-12-01,3.2,1.1662709371419244,NA,FALSE,28
MS,2014-01-01,3.3,1.1969481893889715,NA,FALSE,28
MS,2014-02-01,3,1.1019400787607845,NA,FALSE,28
MS,2014-03-01,2.9,1.068153081183401,NA,FALSE,28
MS,2014-04-01,2.7,0.9969486348916096,NA,FALSE,28
MS,2014-05-01,2.8,1.0331844833456545,NA,FALSE,28
MS,2014-06-01,2.9,1.068153081183401,NA,FALSE,28
MS,2014-07-01,2.7,0.9969486348916096,NA,FALSE,28
MS,2014-08-01,2.7,0.9969486348916096,NA,FALSE,28
MS,2014-09-01,2.8,1.0331844833456545,NA,FALSE,28
MS,2014-10-01,2.7,0.9969486348916096,NA,FALSE,28
MS,2014-11-01,2.7,0.9969486348916096,NA,FALSE,28
MS,2014-12-01,2.8,1.0331844833456545,NA,FALSE,28
MS,2015-01-01,2.8,1.0331844833456545,NA,FALSE,28
MS,2015-02-01,2.6,0.959350221334602,NA,FALSE,28
MS,2015-03-01,2.6,0.959350221334602,NA,FALSE,28
MS,2015-04-01,2.4,0.8796267475025635,NA,FALSE,28
MS,2015-05-01,2.4,0.8796267475025635,NA,FALSE,28
MS,2015-06-01,2.4,0.8796267475025635,NA,FALSE,28
MS,2015-07-01,2.3,0.837247524533702,NA,FALSE,28
MS,2015-08-01,2.3,0.837247524533702,NA,FALSE,28
MS,2015-09-01,2.4,0.8796267475025635,NA,FALSE,28
MS,2015-10-01,2.4,0.8796267475025635,NA,FALSE,28
MS,2015-11-01,2.3,0.837247524533702,NA,FALSE,28
MS,2015-12-01,2.5,0.9202827531436923,NA,FALSE,28
MS,2016-01-01,2.5,0.9202827531436923,NA,FALSE,28
MS,2016-02-01,2.5,0.9202827531436923,NA,FALSE,28
MS,2016-03-01,2.3,0.837247524533702,NA,FALSE,28
MS,2016-04-01,2,0.6981347220709843,NA,FALSE,28
MS,2016-05-01,2,0.6981347220709843,NA,FALSE,28
MS,2016-06-01,2,0.6981347220709843,NA,FALSE,28
MS,2016-07-01,1.9,0.6471032420585384,NA,FALSE,28
MS,2016-08-01,1.9,0.6471032420585384,NA,FALSE,28
MS,2016-09-01,1.9,0.6471032420585384,NA,FALSE,28
MS,2016-10-01,2,0.6981347220709843,NA,FALSE,28
MS,2016-11-01,1.9,0.6471032420585384,NA,FALSE,28
MS,2016-12-01,2,0.6981347220709843,NA,FALSE,28
MS,2017-01-01,2,0.6981347220709843,NA,FALSE,28
MS,2017-02-01,2,0.6981347220709843,NA,FALSE,28
MS,2017-03-01,1.8,0.5933268452777344,NA,FALSE,28
MS,2017-04-01,1.8,0.5933268452777344,NA,FALSE,28
MS,2017-05-01,1.8,0.5933268452777344,NA,FALSE,28
MS,2017-06-01,1.8,0.5933268452777344,NA,FALSE,28
MS,2017-07-01,1.8,0.5933268452777344,NA,FALSE,28
MS,2017-08-01,1.8,0.5933268452777344,NA,FALSE,28
MS,2017-09-01,1.8,0.5933268452777344,NA,FALSE,28
MS,2017-10-01,1.9,0.6471032420585384,NA,FALSE,28
MS,2017-11-01,1.9,0.6471032420585384,NA,FALSE,28
MS,2017-12-01,1.9,0.6471032420585384,NA,FALSE,28
MS,2018-01-01,1.9,0.6471032420585384,NA,FALSE,28
MS,2018-02-01,1.9,0.6471032420585384,NA,FALSE,28
MS,2018-03-01,1.6,0.4762341789963717,NA,FALSE,28
MS,2018-04-01,1.6,0.4762341789963717,NA,FALSE,28
MS,2018-05-01,1.6,0.4762341789963717,NA,FALSE,28
MS,2018-06-01,1.5,0.412109650826833,NA,FALSE,28
MS,2018-07-01,1.5,0.412109650826833,NA,FALSE,28
MS,2018-08-01,1.6,0.4762341789963717,NA,FALSE,28
MS,2018-09-01,1.7,0.5364933705145685,NA,FALSE,28
MS,2018-10-01,1.7,0.5364933705145685,NA,FALSE,28
MS,2018-11-01,1.7,0.5364933705145685,NA,FALSE,28
MS,2018-12-01,1.8,0.5933268452777344,NA,FALSE,28
MS,2019-01-01,1.8,0.5933268452777344,NA,FALSE,28
MS,2019-02-01,1.6,0.4762341789963717,NA,FALSE,28
MS,2019-03-01,1.5,0.412109650826833,NA,FALSE,28
MS,2019-04-01,1.3,0.2700271372130602,NA,FALSE,28
MS,2019-05-01,1.2,0.1906203596086497,NA,FALSE,28
MS,2019-06-01,1.2,0.1906203596086497,NA,FALSE,28
MS,2019-07-01,1.3,0.2700271372130602,NA,FALSE,28
MS,2019-08-01,1.3,0.2700271372130602,NA,FALSE,28
MS,2019-09-01,1.3,0.2700271372130602,NA,FALSE,28
MS,2019-10-01,1.4,0.34358970439007686,NA,FALSE,28
MS,2019-11-01,1.3,0.2700271372130602,NA,FALSE,28
MS,2019-12-01,1.4,0.34358970439007686,NA,FALSE,28
MS,2020-01-01,1.7,0.5364933705145685,NA,FALSE,28
MS,2020-02-01,1.6,0.4762341789963717,NA,FALSE,28
MS,2020-03-01,1.4,0.34358970439007686,NA,FALSE,28
MS,2020-04-01,1.2,0.1906203596086497,NA,FALSE,28
MS,2020-05-01,1.3,0.2700271372130602,NA,FALSE,28
MS,2020-06-01,1.1,0.10436001532424286,NA,FALSE,28
MS,2020-07-01,1.1,0.10436001532424286,NA,FALSE,28
MS,2020-08-01,1.2,0.1906203596086497,NA,FALSE,28
MS,2020-09-01,1.2,0.1906203596086497,NA,FALSE,28
MS,2020-10-01,1.1,0.10436001532424286,NA,FALSE,28
MS,2020-11-01,1.1,0.10436001532424286,NA,FALSE,28
MS,2020-12-01,1,0.00995033085316809,NA,FALSE,28
MS,2021-01-01,1.1,0.10436001532424286,NA,FALSE,28
MS,2021-02-01,1.1,0.10436001532424286,NA,FALSE,28
MS,2021-03-01,1.1,0.10436001532424286,NA,FALSE,28
MS,2021-04-01,1,0.00995033085316809,NA,FALSE,28
MS,2021-05-01,0.9,-0.09431067947124128,NA,FALSE,28
MS,2021-06-01,0.9,-0.09431067947124128,NA,FALSE,28
MS,2021-07-01,1,0.00995033085316809,NA,FALSE,28
MS,2021-08-01,1,0.00995033085316809,NA,FALSE,28
MS,2021-09-01,0.9,-0.09431067947124128,NA,FALSE,28
MS,2021-10-01,1,0.00995033085316809,NA,FALSE,28
MS,2021-11-01,1,0.00995033085316809,NA,FALSE,28
MS,2021-12-01,1.1,0.10436001532424286,NA,FALSE,28
MS,2022-01-01,1.1,0.10436001532424286,NA,FALSE,28
MS,2022-02-01,1.1,0.10436001532424286,NA,FALSE,28
MS,2022-03-01,1,0.00995033085316809,NA,FALSE,28
MS,2022-04-01,1,0.00995033085316809,NA,FALSE,28
MS,2022-05-01,0.9,-0.09431067947124128,NA,FALSE,28
MS,2022-06-01,0.9,-0.09431067947124128,NA,FALSE,28
MS,2022-07-01,1,0.00995033085316809,NA,FALSE,28
MS,2022-08-01,0.9,-0.09431067947124128,NA,FALSE,28
MS,2022-09-01,1,0.00995033085316809,NA,FALSE,28
MS,2022-10-01,1,0.00995033085316809,NA,FALSE,28
MS,2022-11-01,1,0.00995033085316809,NA,FALSE,28
MS,2022-12-01,1,0.00995033085316809,NA,FALSE,28
MS,2023-01-01,1.2,0.1906203596086497,NA,FALSE,28
MS,2023-02-01,1.1,0.10436001532424286,NA,FALSE,28
MS,2023-03-01,1,0.00995033085316809,NA,FALSE,28
MS,2023-04-01,0.9,-0.09431067947124128,NA,FALSE,28
MS,2023-05-01,0.9,-0.09431067947124128,NA,FALSE,28
MS,2023-06-01,0.9,-0.09431067947124128,NA,FALSE,28
MS,2023-07-01,1,0.00995033085316809,NA,FALSE,28
MS,2023-08-01,1.1,0.10436001532424286,NA,FALSE,28
MS,2023-09-01,1.1,0.10436001532424286,NA,FALSE,28
MS,2023-10-01,1.1,0.10436001532424286,NA,FALSE,28
MS,2023-11-01,1.2,0.1906203596086497,NA,FALSE,28
MS,2023-12-01,1.3,0.2700271372130602,NA,FALSE,28
MS,2024-01-01,1.3,0.2700271372130602,NA,FALSE,28
MS,2024-02-01,1.2,0.1906203596086497,NA,FALSE,28
MS,2024-03-01,1.1,0.10436001532424286,NA,FALSE,28
MS,2024-04-01,1.1,0.10436001532424286,NA,FALSE,28
MS,2024-05-01,1.1,0.10436001532424286,NA,FALSE,28
MS,2024-06-01,1.2,0.1906203596086497,NA,FALSE,28
MS,2024-07-01,1.3,0.2700271372130602,NA,FALSE,28
MS,2024-08-01,1.3,0.2700271372130602,NA,FALSE,28
MS,2024-09-01,1.3,0.2700271372130602,NA,FALSE,28
MS,2024-10-01,1.3,0.2700271372130602,NA,FALSE,28
MS,2024-11-01,1.4,0.34358970439007686,NA,FALSE,28
MS,2024-12-01,1.5,0.412109650826833,NA,FALSE,28
MS,2025-01-01,1.6,0.4762341789963717,NA,FALSE,28
MS,2025-02-01,1.6,0.4762341789963717,NA,FALSE,28
MS,2025-03-01,1.4,0.34358970439007686,NA,FALSE,28
MO,2008-01-01,1.4,0.34358970439007686,NA,FALSE,29
MO,2008-02-01,1.4,0.34358970439007686,NA,FALSE,29
MO,2008-03-01,1.4,0.34358970439007686,NA,FALSE,29
MO,2008-04-01,1.3,0.2700271372130602,NA,FALSE,29
MO,2008-05-01,1.4,0.34358970439007686,NA,FALSE,29
MO,2008-06-01,1.4,0.34358970439007686,NA,FALSE,29
MO,2008-07-01,1.5,0.412109650826833,NA,FALSE,29
MO,2008-08-01,1.6,0.4762341789963717,NA,FALSE,29
MO,2008-09-01,1.8,0.5933268452777344,NA,FALSE,29
MO,2008-10-01,1.9,0.6471032420585384,NA,FALSE,29
MO,2008-11-01,2,0.6981347220709843,NA,FALSE,29
MO,2008-12-01,2.1,0.7466879474879751,NA,FALSE,29
MO,2009-01-01,2.2,0.7929925155296614,NA,FALSE,29
MO,2009-02-01,2.3,0.837247524533702,NA,FALSE,29
MO,2009-03-01,2.3,0.837247524533702,NA,FALSE,29
MO,2009-04-01,2.4,0.8796267475025635,NA,FALSE,29
MO,2009-05-01,2.6,0.959350221334602,NA,FALSE,29
MO,2009-06-01,2.6,0.959350221334602,NA,FALSE,29
MO,2009-07-01,2.8,1.0331844833456545,NA,FALSE,29
MO,2009-08-01,2.9,1.068153081183401,NA,FALSE,29
MO,2009-09-01,3.1,1.1346227261911428,NA,FALSE,29
MO,2009-10-01,3.2,1.1662709371419244,NA,FALSE,29
MO,2009-11-01,3.3,1.1969481893889715,NA,FALSE,29
MO,2009-12-01,3.3,1.1969481893889715,NA,FALSE,29
MO,2010-01-01,3.4,1.2267122912954254,NA,FALSE,29
MO,2010-02-01,3.3,1.1969481893889715,NA,FALSE,29
MO,2010-03-01,3.1,1.1346227261911428,NA,FALSE,29
MO,2010-04-01,3,1.1019400787607845,NA,FALSE,29
MO,2010-05-01,3,1.1019400787607845,NA,FALSE,29
MO,2010-06-01,2.8,1.0331844833456545,NA,FALSE,29
MO,2010-07-01,2.8,1.0331844833456545,NA,FALSE,29
MO,2010-08-01,2.8,1.0331844833456545,NA,FALSE,29
MO,2010-09-01,2.8,1.0331844833456545,NA,FALSE,29
MO,2010-10-01,2.8,1.0331844833456545,NA,FALSE,29
MO,2010-11-01,2.8,1.0331844833456545,NA,FALSE,29
MO,2010-12-01,2.7,0.9969486348916096,NA,FALSE,29
MO,2011-01-01,2.8,1.0331844833456545,NA,FALSE,29
MO,2011-02-01,2.8,1.0331844833456545,NA,FALSE,29
MO,2011-03-01,2.7,0.9969486348916096,NA,FALSE,29
MO,2011-04-01,2.6,0.959350221334602,NA,FALSE,29
MO,2011-05-01,2.6,0.959350221334602,NA,FALSE,29
MO,2011-06-01,2.5,0.9202827531436923,NA,FALSE,29
MO,2011-07-01,2.6,0.959350221334602,NA,FALSE,29
MO,2011-08-01,2.6,0.959350221334602,NA,FALSE,29
MO,2011-09-01,2.7,0.9969486348916096,NA,FALSE,29
MO,2011-10-01,2.7,0.9969486348916096,NA,FALSE,29
MO,2011-11-01,2.8,1.0331844833456545,NA,FALSE,29
MO,2011-12-01,2.9,1.068153081183401,NA,FALSE,29
MO,2012-01-01,2.9,1.068153081183401,NA,FALSE,29
MO,2012-02-01,2.9,1.068153081183401,NA,FALSE,29
MO,2012-03-01,2.8,1.0331844833456545,NA,FALSE,29
MO,2012-04-01,2.6,0.959350221334602,NA,FALSE,29
MO,2012-05-01,2.6,0.959350221334602,NA,FALSE,29
MO,2012-06-01,2.6,0.959350221334602,NA,FALSE,29
MO,2012-07-01,2.6,0.959350221334602,NA,FALSE,29
MO,2012-08-01,2.5,0.9202827531436923,NA,FALSE,29
MO,2012-09-01,2.6,0.959350221334602,NA,FALSE,29
MO,2012-10-01,2.6,0.959350221334602,NA,FALSE,29
MO,2012-11-01,2.6,0.959350221334602,NA,FALSE,29
MO,2012-12-01,2.6,0.959350221334602,NA,FALSE,29
MO,2013-01-01,2.6,0.959350221334602,NA,FALSE,29
MO,2013-02-01,2.5,0.9202827531436923,NA,FALSE,29
MO,2013-03-01,2.4,0.8796267475025635,NA,FALSE,29
MO,2013-04-01,2.2,0.7929925155296614,NA,FALSE,29
MO,2013-05-01,2.2,0.7929925155296614,NA,FALSE,29
MO,2013-06-01,2.1,0.7466879474879751,NA,FALSE,29
MO,2013-07-01,2.1,0.7466879474879751,NA,FALSE,29
MO,2013-08-01,2,0.6981347220709843,NA,FALSE,29
MO,2013-09-01,2,0.6981347220709843,NA,FALSE,29
MO,2013-10-01,1.9,0.6471032420585384,NA,FALSE,29
MO,2013-11-01,2.1,0.7466879474879751,NA,FALSE,29
MO,2013-12-01,2.1,0.7466879474879751,NA,FALSE,29
MO,2014-01-01,2.1,0.7466879474879751,NA,FALSE,29
MO,2014-02-01,2,0.6981347220709843,NA,FALSE,29
MO,2014-03-01,1.9,0.6471032420585384,NA,FALSE,29
MO,2014-04-01,1.8,0.5933268452777344,NA,FALSE,29
MO,2014-05-01,1.8,0.5933268452777344,NA,FALSE,29
MO,2014-06-01,1.8,0.5933268452777344,NA,FALSE,29
MO,2014-07-01,1.7,0.5364933705145685,NA,FALSE,29
MO,2014-08-01,1.7,0.5364933705145685,NA,FALSE,29
MO,2014-09-01,1.7,0.5364933705145685,NA,FALSE,29
MO,2014-10-01,1.7,0.5364933705145685,NA,FALSE,29
MO,2014-11-01,1.8,0.5933268452777344,NA,FALSE,29
MO,2014-12-01,1.8,0.5933268452777344,NA,FALSE,29
MO,2015-01-01,1.8,0.5933268452777344,NA,FALSE,29
MO,2015-02-01,1.7,0.5364933705145685,NA,FALSE,29
MO,2015-03-01,1.6,0.4762341789963717,NA,FALSE,29
MO,2015-04-01,1.5,0.412109650826833,NA,FALSE,29
MO,2015-05-01,1.5,0.412109650826833,NA,FALSE,29
MO,2015-06-01,1.4,0.34358970439007686,NA,FALSE,29
MO,2015-07-01,1.3,0.2700271372130602,NA,FALSE,29
MO,2015-08-01,1.3,0.2700271372130602,NA,FALSE,29
MO,2015-09-01,1.3,0.2700271372130602,NA,FALSE,29
MO,2015-10-01,1.3,0.2700271372130602,NA,FALSE,29
MO,2015-11-01,1.3,0.2700271372130602,NA,FALSE,29
MO,2015-12-01,1.4,0.34358970439007686,NA,FALSE,29
MO,2016-01-01,1.4,0.34358970439007686,NA,FALSE,29
MO,2016-02-01,1.4,0.34358970439007686,NA,FALSE,29
MO,2016-03-01,1.3,0.2700271372130602,NA,FALSE,29
MO,2016-04-01,1.1,0.10436001532424286,NA,FALSE,29
MO,2016-05-01,1.1,0.10436001532424286,NA,FALSE,29
MO,2016-06-01,1.1,0.10436001532424286,NA,FALSE,29
MO,2016-07-01,1.1,0.10436001532424286,NA,FALSE,29
MO,2016-08-01,1.1,0.10436001532424286,NA,FALSE,29
MO,2016-09-01,1.1,0.10436001532424286,NA,FALSE,29
MO,2016-10-01,1.1,0.10436001532424286,NA,FALSE,29
MO,2016-11-01,1.1,0.10436001532424286,NA,FALSE,29
MO,2016-12-01,1.1,0.10436001532424286,NA,FALSE,29
MO,2017-01-01,1.1,0.10436001532424286,NA,FALSE,29
MO,2017-02-01,1,0.00995033085316809,NA,FALSE,29
MO,2017-03-01,0.9,-0.09431067947124128,NA,FALSE,29
MO,2017-04-01,0.9,-0.09431067947124128,NA,FALSE,29
MO,2017-05-01,0.9,-0.09431067947124128,NA,FALSE,29
MO,2017-06-01,0.9,-0.09431067947124128,NA,FALSE,29
MO,2017-07-01,0.8,-0.2107210313156525,NA,FALSE,29
MO,2017-08-01,0.8,-0.2107210313156525,NA,FALSE,29
MO,2017-09-01,0.9,-0.09431067947124128,NA,FALSE,29
MO,2017-10-01,0.9,-0.09431067947124128,NA,FALSE,29
MO,2017-11-01,1,0.00995033085316809,NA,FALSE,29
MO,2017-12-01,1,0.00995033085316809,NA,FALSE,29
MO,2018-01-01,0.9,-0.09431067947124128,NA,FALSE,29
MO,2018-02-01,0.9,-0.09431067947124128,NA,FALSE,29
MO,2018-03-01,0.8,-0.2107210313156525,NA,FALSE,29
MO,2018-04-01,0.7,-0.342490308946776,NA,FALSE,29
MO,2018-05-01,0.8,-0.2107210313156525,NA,FALSE,29
MO,2018-06-01,0.7,-0.342490308946776,NA,FALSE,29
MO,2018-07-01,0.7,-0.342490308946776,NA,FALSE,29
MO,2018-08-01,0.7,-0.342490308946776,NA,FALSE,29
MO,2018-09-01,0.8,-0.2107210313156525,NA,FALSE,29
MO,2018-10-01,0.7,-0.342490308946776,NA,FALSE,29
MO,2018-11-01,0.7,-0.342490308946776,NA,FALSE,29
MO,2018-12-01,0.8,-0.2107210313156525,NA,FALSE,29
MO,2019-01-01,0.8,-0.2107210313156525,NA,FALSE,29
MO,2019-02-01,0.8,-0.2107210313156525,NA,FALSE,29
MO,2019-03-01,0.7,-0.342490308946776,NA,FALSE,29
MO,2019-04-01,0.6,-0.4942963218147801,NA,FALSE,29
MO,2019-05-01,0.7,-0.342490308946776,NA,FALSE,29
MO,2019-06-01,0.7,-0.342490308946776,NA,FALSE,29
MO,2019-07-01,0.7,-0.342490308946776,NA,FALSE,29
MO,2019-08-01,0.7,-0.342490308946776,NA,FALSE,29
MO,2019-09-01,0.7,-0.342490308946776,NA,FALSE,29
MO,2019-10-01,0.7,-0.342490308946776,NA,FALSE,29
MO,2019-11-01,0.8,-0.2107210313156525,NA,FALSE,29
MO,2019-12-01,0.8,-0.2107210313156525,NA,FALSE,29
MO,2020-01-01,0.8,-0.2107210313156525,NA,FALSE,29
MO,2020-02-01,0.8,-0.2107210313156525,NA,FALSE,29
MO,2020-03-01,0.7,-0.342490308946776,NA,FALSE,29
MO,2020-04-01,0.7,-0.342490308946776,NA,FALSE,29
MO,2020-05-01,0.6,-0.4942963218147801,NA,FALSE,29
MO,2020-06-01,0.6,-0.4942963218147801,NA,FALSE,29
MO,2020-07-01,0.6,-0.4942963218147801,NA,FALSE,29
MO,2020-08-01,0.6,-0.4942963218147801,NA,FALSE,29
MO,2020-09-01,0.6,-0.4942963218147801,NA,FALSE,29
MO,2020-10-01,0.6,-0.4942963218147801,NA,FALSE,29
MO,2020-11-01,0.6,-0.4942963218147801,NA,FALSE,29
MO,2020-12-01,0.6,-0.4942963218147801,NA,FALSE,29
MO,2021-01-01,0.6,-0.4942963218147801,NA,FALSE,29
MO,2021-02-01,0.6,-0.4942963218147801,NA,FALSE,29
MO,2021-03-01,0.5,-0.6733445532637656,NA,FALSE,29
MO,2021-04-01,0.5,-0.6733445532637656,NA,FALSE,29
MO,2021-05-01,0.5,-0.6733445532637656,NA,FALSE,29
MO,2021-06-01,0.5,-0.6733445532637656,NA,FALSE,29
MO,2021-07-01,0.5,-0.6733445532637656,NA,FALSE,29
MO,2021-08-01,0.5,-0.6733445532637656,NA,FALSE,29
MO,2021-09-01,0.5,-0.6733445532637656,NA,FALSE,29
MO,2021-10-01,0.5,-0.6733445532637656,NA,FALSE,29
MO,2021-11-01,0.5,-0.6733445532637656,NA,FALSE,29
MO,2021-12-01,0.5,-0.6733445532637656,NA,FALSE,29
MO,2022-01-01,0.5,-0.6733445532637656,NA,FALSE,29
MO,2022-02-01,0.5,-0.6733445532637656,NA,FALSE,29
MO,2022-03-01,0.4,-0.8915981192837835,NA,FALSE,29
MO,2022-04-01,0.5,-0.6733445532637656,NA,FALSE,29
MO,2022-05-01,0.4,-0.8915981192837835,NA,FALSE,29
MO,2022-06-01,0.4,-0.8915981192837835,NA,FALSE,29
MO,2022-07-01,0.4,-0.8915981192837835,NA,FALSE,29
MO,2022-08-01,0.5,-0.6733445532637656,NA,FALSE,29
MO,2022-09-01,0.4,-0.8915981192837835,NA,FALSE,29
MO,2022-10-01,0.4,-0.8915981192837835,NA,FALSE,29
MO,2022-11-01,0.4,-0.8915981192837835,NA,FALSE,29
MO,2022-12-01,0.5,-0.6733445532637656,NA,FALSE,29
MO,2023-01-01,0.5,-0.6733445532637656,NA,FALSE,29
MO,2023-02-01,0.5,-0.6733445532637656,NA,FALSE,29
MO,2023-03-01,0.5,-0.6733445532637656,NA,FALSE,29
MO,2023-04-01,0.5,-0.6733445532637656,NA,FALSE,29
MO,2023-05-01,0.4,-0.8915981192837835,NA,FALSE,29
MO,2023-06-01,0.5,-0.6733445532637656,NA,FALSE,29
MO,2023-07-01,0.5,-0.6733445532637656,NA,FALSE,29
MO,2023-08-01,0.5,-0.6733445532637656,NA,FALSE,29
MO,2023-09-01,0.5,-0.6733445532637656,NA,FALSE,29
MO,2023-10-01,0.5,-0.6733445532637656,NA,FALSE,29
MO,2023-11-01,0.6,-0.4942963218147801,NA,FALSE,29
MO,2023-12-01,0.6,-0.4942963218147801,NA,FALSE,29
MO,2024-01-01,0.6,-0.4942963218147801,NA,FALSE,29
MO,2024-02-01,0.6,-0.4942963218147801,NA,FALSE,29
MO,2024-03-01,0.6,-0.4942963218147801,NA,FALSE,29
MO,2024-04-01,0.5,-0.6733445532637656,NA,FALSE,29
MO,2024-05-01,0.6,-0.4942963218147801,NA,FALSE,29
MO,2024-06-01,0.5,-0.6733445532637656,NA,FALSE,29
MO,2024-07-01,0.6,-0.4942963218147801,NA,FALSE,29
MO,2024-08-01,0.7,-0.342490308946776,NA,FALSE,29
MO,2024-09-01,0.7,-0.342490308946776,NA,FALSE,29
MO,2024-10-01,0.7,-0.342490308946776,NA,FALSE,29
MO,2024-11-01,0.7,-0.342490308946776,NA,FALSE,29
MO,2024-12-01,0.7,-0.342490308946776,NA,FALSE,29
MO,2025-01-01,0.8,-0.2107210313156525,NA,FALSE,29
MO,2025-02-01,0.8,-0.2107210313156525,NA,FALSE,29
MO,2025-03-01,0.8,-0.2107210313156525,NA,FALSE,29
MT,2008-01-01,0.6,-0.4942963218147801,NA,FALSE,30
MT,2008-02-01,0.5,-0.6733445532637656,NA,FALSE,30
MT,2008-03-01,0.5,-0.6733445532637656,NA,FALSE,30
MT,2008-04-01,0.5,-0.6733445532637656,NA,FALSE,30
MT,2008-05-01,0.5,-0.6733445532637656,NA,FALSE,30
MT,2008-06-01,0.6,-0.4942963218147801,NA,FALSE,30
MT,2008-07-01,0.6,-0.4942963218147801,NA,FALSE,30
MT,2008-08-01,0.6,-0.4942963218147801,NA,FALSE,30
MT,2008-09-01,0.7,-0.342490308946776,NA,FALSE,30
MT,2008-10-01,0.8,-0.2107210313156525,NA,FALSE,30
MT,2008-11-01,0.9,-0.09431067947124128,NA,FALSE,30
MT,2008-12-01,1,0.00995033085316809,NA,FALSE,30
MT,2009-01-01,1.1,0.10436001532424286,NA,FALSE,30
MT,2009-02-01,1.2,0.1906203596086497,NA,FALSE,30
MT,2009-03-01,1.3,0.2700271372130602,NA,FALSE,30
MT,2009-04-01,1.4,0.34358970439007686,NA,FALSE,30
MT,2009-05-01,1.6,0.4762341789963717,NA,FALSE,30
MT,2009-06-01,1.8,0.5933268452777344,NA,FALSE,30
MT,2009-07-01,1.9,0.6471032420585384,NA,FALSE,30
MT,2009-08-01,1.8,0.5933268452777344,NA,FALSE,30
MT,2009-09-01,2,0.6981347220709843,NA,FALSE,30
MT,2009-10-01,2.1,0.7466879474879751,NA,FALSE,30
MT,2009-11-01,2.1,0.7466879474879751,NA,FALSE,30
MT,2009-12-01,2.2,0.7929925155296614,NA,FALSE,30
MT,2010-01-01,2.2,0.7929925155296614,NA,FALSE,30
MT,2010-02-01,2.1,0.7466879474879751,NA,FALSE,30
MT,2010-03-01,2.1,0.7466879474879751,NA,FALSE,30
MT,2010-04-01,2.1,0.7466879474879751,NA,FALSE,30
MT,2010-05-01,2,0.6981347220709843,NA,FALSE,30
MT,2010-06-01,1.9,0.6471032420585384,NA,FALSE,30
MT,2010-07-01,1.9,0.6471032420585384,NA,FALSE,30
MT,2010-08-01,2,0.6981347220709843,NA,FALSE,30
MT,2010-09-01,2.1,0.7466879474879751,NA,FALSE,30
MT,2010-10-01,1.9,0.6471032420585384,NA,FALSE,30
MT,2010-11-01,1.8,0.5933268452777344,NA,FALSE,30
MT,2010-12-01,2,0.6981347220709843,NA,FALSE,30
MT,2011-01-01,1.9,0.6471032420585384,NA,FALSE,30
MT,2011-02-01,1.9,0.6471032420585384,NA,FALSE,30
MT,2011-03-01,1.9,0.6471032420585384,NA,FALSE,30
MT,2011-04-01,1.8,0.5933268452777344,NA,FALSE,30
MT,2011-05-01,1.7,0.5364933705145685,NA,FALSE,30
MT,2011-06-01,1.7,0.5364933705145685,NA,FALSE,30
MT,2011-07-01,1.7,0.5364933705145685,NA,FALSE,30
MT,2011-08-01,1.7,0.5364933705145685,NA,FALSE,30
MT,2011-09-01,1.6,0.4762341789963717,NA,FALSE,30
MT,2011-10-01,1.5,0.412109650826833,NA,FALSE,30
MT,2011-11-01,1.6,0.4762341789963717,NA,FALSE,30
MT,2011-12-01,1.7,0.5364933705145685,NA,FALSE,30
MT,2012-01-01,1.8,0.5933268452777344,NA,FALSE,30
MT,2012-02-01,1.8,0.5933268452777344,NA,FALSE,30
MT,2012-03-01,1.8,0.5933268452777344,NA,FALSE,30
MT,2012-04-01,1.5,0.412109650826833,NA,FALSE,30
MT,2012-05-01,1.5,0.412109650826833,NA,FALSE,30
MT,2012-06-01,1.6,0.4762341789963717,NA,FALSE,30
MT,2012-07-01,1.6,0.4762341789963717,NA,FALSE,30
MT,2012-08-01,1.5,0.412109650826833,NA,FALSE,30
MT,2012-09-01,1.6,0.4762341789963717,NA,FALSE,30
MT,2012-10-01,1.6,0.4762341789963717,NA,FALSE,30
MT,2012-11-01,1.6,0.4762341789963717,NA,FALSE,30
MT,2012-12-01,1.4,0.34358970439007686,NA,FALSE,30
MT,2013-01-01,1.4,0.34358970439007686,NA,FALSE,30
MT,2013-02-01,1.3,0.2700271372130602,NA,FALSE,30
MT,2013-03-01,1.3,0.2700271372130602,NA,FALSE,30
MT,2013-04-01,1.3,0.2700271372130602,NA,FALSE,30
MT,2013-05-01,1.2,0.1906203596086497,NA,FALSE,30
MT,2013-06-01,1.2,0.1906203596086497,NA,FALSE,30
MT,2013-07-01,1,0.00995033085316809,NA,FALSE,30
MT,2013-08-01,1.1,0.10436001532424286,NA,FALSE,30
MT,2013-09-01,1,0.00995033085316809,NA,FALSE,30
MT,2013-10-01,1,0.00995033085316809,NA,FALSE,30
MT,2013-11-01,0.9,-0.09431067947124128,NA,FALSE,30
MT,2013-12-01,1.1,0.10436001532424286,NA,FALSE,30
MT,2014-01-01,1.1,0.10436001532424286,NA,FALSE,30
MT,2014-02-01,1.1,0.10436001532424286,NA,FALSE,30
MT,2014-03-01,1.1,0.10436001532424286,NA,FALSE,30
MT,2014-04-01,1.2,0.1906203596086497,NA,FALSE,30
MT,2014-05-01,1.2,0.1906203596086497,NA,FALSE,30
MT,2014-06-01,1.1,0.10436001532424286,NA,FALSE,30
MT,2014-07-01,1.1,0.10436001532424286,NA,FALSE,30
MT,2014-08-01,1.1,0.10436001532424286,NA,FALSE,30
MT,2014-09-01,1.1,0.10436001532424286,NA,FALSE,30
MT,2014-10-01,1.1,0.10436001532424286,NA,FALSE,30
MT,2014-11-01,1.1,0.10436001532424286,NA,FALSE,30
MT,2014-12-01,1.1,0.10436001532424286,NA,FALSE,30
MT,2015-01-01,1.1,0.10436001532424286,NA,FALSE,30
MT,2015-02-01,1.1,0.10436001532424286,NA,FALSE,30
MT,2015-03-01,1,0.00995033085316809,NA,FALSE,30
MT,2015-04-01,0.8,-0.2107210313156525,NA,FALSE,30
MT,2015-05-01,0.7,-0.342490308946776,NA,FALSE,30
MT,2015-06-01,0.8,-0.2107210313156525,NA,FALSE,30
MT,2015-07-01,0.9,-0.09431067947124128,NA,FALSE,30
MT,2015-08-01,1,0.00995033085316809,NA,FALSE,30
MT,2015-09-01,0.9,-0.09431067947124128,NA,FALSE,30
MT,2015-10-01,0.9,-0.09431067947124128,NA,FALSE,30
MT,2015-11-01,0.9,-0.09431067947124128,NA,FALSE,30
MT,2015-12-01,0.9,-0.09431067947124128,NA,FALSE,30
MT,2016-01-01,0.9,-0.09431067947124128,NA,FALSE,30
MT,2016-02-01,0.9,-0.09431067947124128,NA,FALSE,30
MT,2016-03-01,0.8,-0.2107210313156525,NA,FALSE,30
MT,2016-04-01,0.8,-0.2107210313156525,NA,FALSE,30
MT,2016-05-01,0.8,-0.2107210313156525,NA,FALSE,30
MT,2016-06-01,0.8,-0.2107210313156525,NA,FALSE,30
MT,2016-07-01,0.9,-0.09431067947124128,NA,FALSE,30
MT,2016-08-01,0.8,-0.2107210313156525,NA,FALSE,30
MT,2016-09-01,0.8,-0.2107210313156525,NA,FALSE,30
MT,2016-10-01,0.8,-0.2107210313156525,NA,FALSE,30
MT,2016-11-01,0.8,-0.2107210313156525,NA,FALSE,30
MT,2016-12-01,0.9,-0.09431067947124128,NA,FALSE,30
MT,2017-01-01,1,0.00995033085316809,NA,FALSE,30
MT,2017-02-01,0.9,-0.09431067947124128,NA,FALSE,30
MT,2017-03-01,0.8,-0.2107210313156525,NA,FALSE,30
MT,2017-04-01,0.8,-0.2107210313156525,NA,FALSE,30
MT,2017-05-01,0.7,-0.342490308946776,NA,FALSE,30
MT,2017-06-01,0.8,-0.2107210313156525,NA,FALSE,30
MT,2017-07-01,0.8,-0.2107210313156525,NA,FALSE,30
MT,2017-08-01,0.7,-0.342490308946776,NA,FALSE,30
MT,2017-09-01,0.8,-0.2107210313156525,NA,FALSE,30
MT,2017-10-01,0.8,-0.2107210313156525,NA,FALSE,30
MT,2017-11-01,0.7,-0.342490308946776,NA,FALSE,30
MT,2017-12-01,0.7,-0.342490308946776,NA,FALSE,30
MT,2018-01-01,0.8,-0.2107210313156525,NA,FALSE,30
MT,2018-02-01,0.7,-0.342490308946776,NA,FALSE,30
MT,2018-03-01,0.8,-0.2107210313156525,NA,FALSE,30
MT,2018-04-01,0.7,-0.342490308946776,NA,FALSE,30
MT,2018-05-01,0.7,-0.342490308946776,NA,FALSE,30
MT,2018-06-01,0.7,-0.342490308946776,NA,FALSE,30
MT,2018-07-01,0.5,-0.6733445532637656,NA,FALSE,30
MT,2018-08-01,0.6,-0.4942963218147801,NA,FALSE,30
MT,2018-09-01,0.6,-0.4942963218147801,NA,FALSE,30
MT,2018-10-01,0.6,-0.4942963218147801,NA,FALSE,30
MT,2018-11-01,0.6,-0.4942963218147801,NA,FALSE,30
MT,2018-12-01,0.7,-0.342490308946776,NA,FALSE,30
MT,2019-01-01,0.7,-0.342490308946776,NA,FALSE,30
MT,2019-02-01,0.7,-0.342490308946776,NA,FALSE,30
MT,2019-03-01,0.7,-0.342490308946776,NA,FALSE,30
MT,2019-04-01,0.6,-0.4942963218147801,NA,FALSE,30
MT,2019-05-01,0.5,-0.6733445532637656,NA,FALSE,30
MT,2019-06-01,0.5,-0.6733445532637656,NA,FALSE,30
MT,2019-07-01,0.5,-0.6733445532637656,NA,FALSE,30
MT,2019-08-01,0.5,-0.6733445532637656,NA,FALSE,30
MT,2019-09-01,0.5,-0.6733445532637656,NA,FALSE,30
MT,2019-10-01,0.5,-0.6733445532637656,NA,FALSE,30
MT,2019-11-01,0.5,-0.6733445532637656,NA,FALSE,30
MT,2019-12-01,0.7,-0.342490308946776,NA,FALSE,30
MT,2020-01-01,0.6,-0.4942963218147801,NA,FALSE,30
MT,2020-02-01,0.6,-0.4942963218147801,NA,FALSE,30
MT,2020-03-01,0.5,-0.6733445532637656,NA,FALSE,30
MT,2020-04-01,0.5,-0.6733445532637656,NA,FALSE,30
MT,2020-05-01,0.5,-0.6733445532637656,NA,FALSE,30
MT,2020-06-01,0.5,-0.6733445532637656,NA,FALSE,30
MT,2020-07-01,0.4,-0.8915981192837835,NA,FALSE,30
MT,2020-08-01,0.4,-0.8915981192837835,NA,FALSE,30
MT,2020-09-01,0.5,-0.6733445532637656,NA,FALSE,30
MT,2020-10-01,0.4,-0.8915981192837835,NA,FALSE,30
MT,2020-11-01,0.4,-0.8915981192837835,NA,FALSE,30
MT,2020-12-01,0.4,-0.8915981192837835,NA,FALSE,30
MT,2021-01-01,0.4,-0.8915981192837835,NA,FALSE,30
MT,2021-02-01,0.4,-0.8915981192837835,NA,FALSE,30
MT,2021-03-01,0.3,-1.171182981502945,NA,FALSE,30
MT,2021-04-01,0.3,-1.171182981502945,NA,FALSE,30
MT,2021-05-01,0.3,-1.171182981502945,NA,FALSE,30
MT,2021-06-01,0.3,-1.171182981502945,NA,FALSE,30
MT,2021-07-01,0.4,-0.8915981192837835,NA,FALSE,30
MT,2021-08-01,0.3,-1.171182981502945,NA,FALSE,30
MT,2021-09-01,0.3,-1.171182981502945,NA,FALSE,30
MT,2021-10-01,0.3,-1.171182981502945,NA,FALSE,30
MT,2021-11-01,0.3,-1.171182981502945,NA,FALSE,30
MT,2021-12-01,0.4,-0.8915981192837835,NA,FALSE,30
MT,2022-01-01,0.4,-0.8915981192837835,NA,FALSE,30
MT,2022-02-01,0.4,-0.8915981192837835,NA,FALSE,30
MT,2022-03-01,0.3,-1.171182981502945,NA,FALSE,30
MT,2022-04-01,0.3,-1.171182981502945,NA,FALSE,30
MT,2022-05-01,0.3,-1.171182981502945,NA,FALSE,30
MT,2022-06-01,0.3,-1.171182981502945,NA,FALSE,30
MT,2022-07-01,0.3,-1.171182981502945,NA,FALSE,30
MT,2022-08-01,0.3,-1.171182981502945,NA,FALSE,30
MT,2022-09-01,0.3,-1.171182981502945,NA,FALSE,30
MT,2022-10-01,0.3,-1.171182981502945,NA,FALSE,30
MT,2022-11-01,0.3,-1.171182981502945,NA,FALSE,30
MT,2022-12-01,0.3,-1.171182981502945,NA,FALSE,30
MT,2023-01-01,0.4,-0.8915981192837835,NA,FALSE,30
MT,2023-02-01,0.3,-1.171182981502945,NA,FALSE,30
MT,2023-03-01,0.4,-0.8915981192837835,NA,FALSE,30
MT,2023-04-01,0.4,-0.8915981192837835,NA,FALSE,30
MT,2023-05-01,0.4,-0.8915981192837835,NA,FALSE,30
MT,2023-06-01,0.4,-0.8915981192837835,NA,FALSE,30
MT,2023-07-01,0.3,-1.171182981502945,NA,FALSE,30
MT,2023-08-01,0.3,-1.171182981502945,NA,FALSE,30
MT,2023-09-01,0.3,-1.171182981502945,NA,FALSE,30
MT,2023-10-01,0.3,-1.171182981502945,NA,FALSE,30
MT,2023-11-01,0.2,-1.5606477482646683,NA,FALSE,30
MT,2023-12-01,0.3,-1.171182981502945,NA,FALSE,30
MT,2024-01-01,0.4,-0.8915981192837835,NA,FALSE,30
MT,2024-02-01,0.4,-0.8915981192837835,NA,FALSE,30
MT,2024-03-01,0.4,-0.8915981192837835,NA,FALSE,30
MT,2024-04-01,0.4,-0.8915981192837835,NA,FALSE,30
MT,2024-05-01,0.5,-0.6733445532637656,NA,FALSE,30
MT,2024-06-01,0.5,-0.6733445532637656,NA,FALSE,30
MT,2024-07-01,0.5,-0.6733445532637656,NA,FALSE,30
MT,2024-08-01,0.5,-0.6733445532637656,NA,FALSE,30
MT,2024-09-01,0.6,-0.4942963218147801,NA,FALSE,30
MT,2024-10-01,0.6,-0.4942963218147801,NA,FALSE,30
MT,2024-11-01,0.6,-0.4942963218147801,NA,FALSE,30
MT,2024-12-01,0.5,-0.6733445532637656,NA,FALSE,30
MT,2025-01-01,0.5,-0.6733445532637656,NA,FALSE,30
MT,2025-02-01,0.5,-0.6733445532637656,NA,FALSE,30
MT,2025-03-01,0.5,-0.6733445532637656,NA,FALSE,30
NE,2008-01-01,1.1,0.10436001532424286,NA,FALSE,31
NE,2008-02-01,1,0.00995033085316809,NA,FALSE,31
NE,2008-03-01,0.9,-0.09431067947124128,NA,FALSE,31
NE,2008-04-01,0.9,-0.09431067947124128,NA,FALSE,31
NE,2008-05-01,0.9,-0.09431067947124128,NA,FALSE,31
NE,2008-06-01,0.9,-0.09431067947124128,NA,FALSE,31
NE,2008-07-01,0.9,-0.09431067947124128,NA,FALSE,31
NE,2008-08-01,0.9,-0.09431067947124128,NA,FALSE,31
NE,2008-09-01,1,0.00995033085316809,NA,FALSE,31
NE,2008-10-01,1.1,0.10436001532424286,NA,FALSE,31
NE,2008-11-01,1.2,0.1906203596086497,NA,FALSE,31
NE,2008-12-01,1.3,0.2700271372130602,NA,FALSE,31
NE,2009-01-01,1.4,0.34358970439007686,NA,FALSE,31
NE,2009-02-01,1.4,0.34358970439007686,NA,FALSE,31
NE,2009-03-01,1.3,0.2700271372130602,NA,FALSE,31
NE,2009-04-01,1.2,0.1906203596086497,NA,FALSE,31
NE,2009-05-01,1.4,0.34358970439007686,NA,FALSE,31
NE,2009-06-01,1.6,0.4762341789963717,NA,FALSE,31
NE,2009-07-01,1.7,0.5364933705145685,NA,FALSE,31
NE,2009-08-01,1.8,0.5933268452777344,NA,FALSE,31
NE,2009-09-01,1.9,0.6471032420585384,NA,FALSE,31
NE,2009-10-01,1.9,0.6471032420585384,NA,FALSE,31
NE,2009-11-01,1.9,0.6471032420585384,NA,FALSE,31
NE,2009-12-01,2,0.6981347220709843,NA,FALSE,31
NE,2010-01-01,2,0.6981347220709843,NA,FALSE,31
NE,2010-02-01,1.8,0.5933268452777344,NA,FALSE,31
NE,2010-03-01,1.7,0.5364933705145685,NA,FALSE,31
NE,2010-04-01,1.6,0.4762341789963717,NA,FALSE,31
NE,2010-05-01,1.6,0.4762341789963717,NA,FALSE,31
NE,2010-06-01,1.6,0.4762341789963717,NA,FALSE,31
NE,2010-07-01,1.5,0.412109650826833,NA,FALSE,31
NE,2010-08-01,1.6,0.4762341789963717,NA,FALSE,31
NE,2010-09-01,1.6,0.4762341789963717,NA,FALSE,31
NE,2010-10-01,1.5,0.412109650826833,NA,FALSE,31
NE,2010-11-01,1.6,0.4762341789963717,NA,FALSE,31
NE,2010-12-01,1.6,0.4762341789963717,NA,FALSE,31
NE,2011-01-01,1.7,0.5364933705145685,NA,FALSE,31
NE,2011-02-01,1.7,0.5364933705145685,NA,FALSE,31
NE,2011-03-01,1.5,0.412109650826833,NA,FALSE,31
NE,2011-04-01,1.6,0.4762341789963717,NA,FALSE,31
NE,2011-05-01,1.6,0.4762341789963717,NA,FALSE,31
NE,2011-06-01,1.6,0.4762341789963717,NA,FALSE,31
NE,2011-07-01,1.4,0.34358970439007686,NA,FALSE,31
NE,2011-08-01,1.4,0.34358970439007686,NA,FALSE,31
NE,2011-09-01,1.5,0.412109650826833,NA,FALSE,31
NE,2011-10-01,1.5,0.412109650826833,NA,FALSE,31
NE,2011-11-01,1.4,0.34358970439007686,NA,FALSE,31
NE,2011-12-01,1.5,0.412109650826833,NA,FALSE,31
NE,2012-01-01,1.6,0.4762341789963717,NA,FALSE,31
NE,2012-02-01,1.6,0.4762341789963717,NA,FALSE,31
NE,2012-03-01,1.5,0.412109650826833,NA,FALSE,31
NE,2012-04-01,1.5,0.412109650826833,NA,FALSE,31
NE,2012-05-01,1.5,0.412109650826833,NA,FALSE,31
NE,2012-06-01,1.5,0.412109650826833,NA,FALSE,31
NE,2012-07-01,1.6,0.4762341789963717,NA,FALSE,31
NE,2012-08-01,1.5,0.412109650826833,NA,FALSE,31
NE,2012-09-01,1.5,0.412109650826833,NA,FALSE,31
NE,2012-10-01,1.6,0.4762341789963717,NA,FALSE,31
NE,2012-11-01,1.6,0.4762341789963717,NA,FALSE,31
NE,2012-12-01,1.7,0.5364933705145685,NA,FALSE,31
NE,2013-01-01,1.5,0.412109650826833,NA,FALSE,31
NE,2013-02-01,1.6,0.4762341789963717,NA,FALSE,31
NE,2013-03-01,1.5,0.412109650826833,NA,FALSE,31
NE,2013-04-01,1.3,0.2700271372130602,NA,FALSE,31
NE,2013-05-01,1.3,0.2700271372130602,NA,FALSE,31
NE,2013-06-01,1.3,0.2700271372130602,NA,FALSE,31
NE,2013-07-01,1.2,0.1906203596086497,NA,FALSE,31
NE,2013-08-01,1.3,0.2700271372130602,NA,FALSE,31
NE,2013-09-01,1.2,0.1906203596086497,NA,FALSE,31
NE,2013-10-01,1.3,0.2700271372130602,NA,FALSE,31
NE,2013-11-01,1.3,0.2700271372130602,NA,FALSE,31
NE,2013-12-01,1.3,0.2700271372130602,NA,FALSE,31
NE,2014-01-01,1.3,0.2700271372130602,NA,FALSE,31
NE,2014-02-01,1.2,0.1906203596086497,NA,FALSE,31
NE,2014-03-01,1.1,0.10436001532424286,NA,FALSE,31
NE,2014-04-01,1,0.00995033085316809,NA,FALSE,31
NE,2014-05-01,1,0.00995033085316809,NA,FALSE,31
NE,2014-06-01,1.1,0.10436001532424286,NA,FALSE,31
NE,2014-07-01,1,0.00995033085316809,NA,FALSE,31
NE,2014-08-01,1.1,0.10436001532424286,NA,FALSE,31
NE,2014-09-01,1.1,0.10436001532424286,NA,FALSE,31
NE,2014-10-01,1.1,0.10436001532424286,NA,FALSE,31
NE,2014-11-01,1.1,0.10436001532424286,NA,FALSE,31
NE,2014-12-01,1.2,0.1906203596086497,NA,FALSE,31
NE,2015-01-01,1.1,0.10436001532424286,NA,FALSE,31
NE,2015-02-01,1,0.00995033085316809,NA,FALSE,31
NE,2015-03-01,0.9,-0.09431067947124128,NA,FALSE,31
NE,2015-04-01,0.9,-0.09431067947124128,NA,FALSE,31
NE,2015-05-01,0.8,-0.2107210313156525,NA,FALSE,31
NE,2015-06-01,0.9,-0.09431067947124128,NA,FALSE,31
NE,2015-07-01,0.8,-0.2107210313156525,NA,FALSE,31
NE,2015-08-01,0.9,-0.09431067947124128,NA,FALSE,31
NE,2015-09-01,0.9,-0.09431067947124128,NA,FALSE,31
NE,2015-10-01,0.9,-0.09431067947124128,NA,FALSE,31
NE,2015-11-01,0.8,-0.2107210313156525,NA,FALSE,31
NE,2015-12-01,0.9,-0.09431067947124128,NA,FALSE,31
NE,2016-01-01,0.9,-0.09431067947124128,NA,FALSE,31
NE,2016-02-01,0.9,-0.09431067947124128,NA,FALSE,31
NE,2016-03-01,0.8,-0.2107210313156525,NA,FALSE,31
NE,2016-04-01,0.7,-0.342490308946776,NA,FALSE,31
NE,2016-05-01,0.7,-0.342490308946776,NA,FALSE,31
NE,2016-06-01,0.7,-0.342490308946776,NA,FALSE,31
NE,2016-07-01,0.7,-0.342490308946776,NA,FALSE,31
NE,2016-08-01,0.8,-0.2107210313156525,NA,FALSE,31
NE,2016-09-01,0.8,-0.2107210313156525,NA,FALSE,31
NE,2016-10-01,0.8,-0.2107210313156525,NA,FALSE,31
NE,2016-11-01,0.8,-0.2107210313156525,NA,FALSE,31
NE,2016-12-01,0.8,-0.2107210313156525,NA,FALSE,31
NE,2017-01-01,0.7,-0.342490308946776,NA,FALSE,31
NE,2017-02-01,0.7,-0.342490308946776,NA,FALSE,31
NE,2017-03-01,0.6,-0.4942963218147801,NA,FALSE,31
NE,2017-04-01,0.6,-0.4942963218147801,NA,FALSE,31
NE,2017-05-01,0.6,-0.4942963218147801,NA,FALSE,31
NE,2017-06-01,0.6,-0.4942963218147801,NA,FALSE,31
NE,2017-07-01,0.6,-0.4942963218147801,NA,FALSE,31
NE,2017-08-01,0.5,-0.6733445532637656,NA,FALSE,31
NE,2017-09-01,0.6,-0.4942963218147801,NA,FALSE,31
NE,2017-10-01,0.6,-0.4942963218147801,NA,FALSE,31
NE,2017-11-01,0.6,-0.4942963218147801,NA,FALSE,31
NE,2017-12-01,0.7,-0.342490308946776,NA,FALSE,31
NE,2018-01-01,0.6,-0.4942963218147801,NA,FALSE,31
NE,2018-02-01,0.6,-0.4942963218147801,NA,FALSE,31
NE,2018-03-01,0.5,-0.6733445532637656,NA,FALSE,31
NE,2018-04-01,0.6,-0.4942963218147801,NA,FALSE,31
NE,2018-05-01,0.6,-0.4942963218147801,NA,FALSE,31
NE,2018-06-01,0.6,-0.4942963218147801,NA,FALSE,31
NE,2018-07-01,0.6,-0.4942963218147801,NA,FALSE,31
NE,2018-08-01,0.6,-0.4942963218147801,NA,FALSE,31
NE,2018-09-01,0.6,-0.4942963218147801,NA,FALSE,31
NE,2018-10-01,0.5,-0.6733445532637656,NA,FALSE,31
NE,2018-11-01,0.5,-0.6733445532637656,NA,FALSE,31
NE,2018-12-01,0.5,-0.6733445532637656,NA,FALSE,31
NE,2019-01-01,0.6,-0.4942963218147801,NA,FALSE,31
NE,2019-02-01,0.6,-0.4942963218147801,NA,FALSE,31
NE,2019-03-01,0.5,-0.6733445532637656,NA,FALSE,31
NE,2019-04-01,0.5,-0.6733445532637656,NA,FALSE,31
NE,2019-05-01,0.4,-0.8915981192837835,NA,FALSE,31
NE,2019-06-01,0.5,-0.6733445532637656,NA,FALSE,31
NE,2019-07-01,0.5,-0.6733445532637656,NA,FALSE,31
NE,2019-08-01,0.5,-0.6733445532637656,NA,FALSE,31
NE,2019-09-01,0.5,-0.6733445532637656,NA,FALSE,31
NE,2019-10-01,0.5,-0.6733445532637656,NA,FALSE,31
NE,2019-11-01,0.5,-0.6733445532637656,NA,FALSE,31
NE,2019-12-01,0.5,-0.6733445532637656,NA,FALSE,31
NE,2020-01-01,0.6,-0.4942963218147801,NA,FALSE,31
NE,2020-02-01,0.5,-0.6733445532637656,NA,FALSE,31
NE,2020-03-01,0.5,-0.6733445532637656,NA,FALSE,31
NE,2020-04-01,0.4,-0.8915981192837835,NA,FALSE,31
NE,2020-05-01,0.4,-0.8915981192837835,NA,FALSE,31
NE,2020-06-01,0.3,-1.171182981502945,NA,FALSE,31
NE,2020-07-01,0.3,-1.171182981502945,NA,FALSE,31
NE,2020-08-01,0.4,-0.8915981192837835,NA,FALSE,31
NE,2020-09-01,0.4,-0.8915981192837835,NA,FALSE,31
NE,2020-10-01,0.4,-0.8915981192837835,NA,FALSE,31
NE,2020-11-01,0.4,-0.8915981192837835,NA,FALSE,31
NE,2020-12-01,0.4,-0.8915981192837835,NA,FALSE,31
NE,2021-01-01,0.4,-0.8915981192837835,NA,FALSE,31
NE,2021-02-01,0.4,-0.8915981192837835,NA,FALSE,31
NE,2021-03-01,0.4,-0.8915981192837835,NA,FALSE,31
NE,2021-04-01,0.3,-1.171182981502945,NA,FALSE,31
NE,2021-05-01,0.3,-1.171182981502945,NA,FALSE,31
NE,2021-06-01,0.3,-1.171182981502945,NA,FALSE,31
NE,2021-07-01,0.3,-1.171182981502945,NA,FALSE,31
NE,2021-08-01,0.4,-0.8915981192837835,NA,FALSE,31
NE,2021-09-01,0.4,-0.8915981192837835,NA,FALSE,31
NE,2021-10-01,0.4,-0.8915981192837835,NA,FALSE,31
NE,2021-11-01,0.4,-0.8915981192837835,NA,FALSE,31
NE,2021-12-01,0.3,-1.171182981502945,NA,FALSE,31
NE,2022-01-01,0.3,-1.171182981502945,NA,FALSE,31
NE,2022-02-01,0.3,-1.171182981502945,NA,FALSE,31
NE,2022-03-01,0.2,-1.5606477482646683,NA,FALSE,31
NE,2022-04-01,0.3,-1.171182981502945,NA,FALSE,31
NE,2022-05-01,0.3,-1.171182981502945,NA,FALSE,31
NE,2022-06-01,0.3,-1.171182981502945,NA,FALSE,31
NE,2022-07-01,0.3,-1.171182981502945,NA,FALSE,31
NE,2022-08-01,0.3,-1.171182981502945,NA,FALSE,31
NE,2022-09-01,0.3,-1.171182981502945,NA,FALSE,31
NE,2022-10-01,0.4,-0.8915981192837835,NA,FALSE,31
NE,2022-11-01,0.3,-1.171182981502945,NA,FALSE,31
NE,2022-12-01,0.3,-1.171182981502945,NA,FALSE,31
NE,2023-01-01,0.3,-1.171182981502945,NA,FALSE,31
NE,2023-02-01,0.3,-1.171182981502945,NA,FALSE,31
NE,2023-03-01,0.3,-1.171182981502945,NA,FALSE,31
NE,2023-04-01,0.4,-0.8915981192837835,NA,FALSE,31
NE,2023-05-01,0.3,-1.171182981502945,NA,FALSE,31
NE,2023-06-01,0.3,-1.171182981502945,NA,FALSE,31
NE,2023-07-01,0.4,-0.8915981192837835,NA,FALSE,31
NE,2023-08-01,0.4,-0.8915981192837835,NA,FALSE,31
NE,2023-09-01,0.3,-1.171182981502945,NA,FALSE,31
NE,2023-10-01,0.4,-0.8915981192837835,NA,FALSE,31
NE,2023-11-01,0.4,-0.8915981192837835,NA,FALSE,31
NE,2023-12-01,0.5,-0.6733445532637656,NA,FALSE,31
NE,2024-01-01,0.5,-0.6733445532637656,NA,FALSE,31
NE,2024-02-01,0.5,-0.6733445532637656,NA,FALSE,31
NE,2024-03-01,0.6,-0.4942963218147801,NA,FALSE,31
NE,2024-04-01,0.4,-0.8915981192837835,NA,FALSE,31
NE,2024-05-01,0.5,-0.6733445532637656,NA,FALSE,31
NE,2024-06-01,0.5,-0.6733445532637656,NA,FALSE,31
NE,2024-07-01,0.5,-0.6733445532637656,NA,FALSE,31
NE,2024-08-01,0.5,-0.6733445532637656,NA,FALSE,31
NE,2024-09-01,0.5,-0.6733445532637656,NA,FALSE,31
NE,2024-10-01,0.5,-0.6733445532637656,NA,FALSE,31
NE,2024-11-01,0.5,-0.6733445532637656,NA,FALSE,31
NE,2024-12-01,0.5,-0.6733445532637656,NA,FALSE,31
NE,2025-01-01,0.6,-0.4942963218147801,NA,FALSE,31
NE,2025-02-01,0.7,-0.342490308946776,NA,FALSE,31
NE,2025-03-01,0.6,-0.4942963218147801,NA,FALSE,31
NV,2008-01-01,2.4,0.8796267475025635,NA,FALSE,32
NV,2008-02-01,2.5,0.9202827531436923,NA,FALSE,32
NV,2008-03-01,2.6,0.959350221334602,NA,FALSE,32
NV,2008-04-01,2.8,1.0331844833456545,NA,FALSE,32
NV,2008-05-01,2.8,1.0331844833456545,NA,FALSE,32
NV,2008-06-01,3,1.1019400787607845,NA,FALSE,32
NV,2008-07-01,3.3,1.1969481893889715,NA,FALSE,32
NV,2008-08-01,3.3,1.1969481893889715,NA,FALSE,32
NV,2008-09-01,3.5,1.2556160374777745,NA,FALSE,32
NV,2008-10-01,3.9,1.3635373739972745,NA,FALSE,32
NV,2008-11-01,4.2,1.43746264769429,NA,FALSE,32
NV,2008-12-01,4.8,1.5706970841176695,NA,FALSE,32
NV,2009-01-01,5.5,1.706564623164823,NA,FALSE,32
NV,2009-02-01,6.1,1.809926773183504,NA,FALSE,32
NV,2009-03-01,6.5,1.873339456220478,NA,FALSE,32
NV,2009-04-01,7,1.9473377010464987,NA,FALSE,32
NV,2009-05-01,7.5,2.0162354657760435,NA,FALSE,32
NV,2009-06-01,7.7,2.0425181875752383,NA,FALSE,32
NV,2009-07-01,8.3,2.1174596088673567,NA,FALSE,32
NV,2009-08-01,8.4,2.1294214739848565,NA,FALSE,32
NV,2009-09-01,9.2,2.2202898502672155,NA,FALSE,32
NV,2009-10-01,9.8,2.2834022735772717,NA,FALSE,32
NV,2009-11-01,10.1,2.31352503303238,NA,FALSE,32
NV,2009-12-01,10.3,2.333114298028869,NA,FALSE,32
NV,2010-01-01,10.7,2.3711778844596574,NA,FALSE,32
NV,2010-02-01,10.7,2.3711778844596574,NA,FALSE,32
NV,2010-03-01,10.3,2.333114298028869,NA,FALSE,32
NV,2010-04-01,10.1,2.31352503303238,NA,FALSE,32
NV,2010-05-01,10,2.303584593327129,NA,FALSE,32
NV,2010-06-01,9.2,2.2202898502672155,NA,FALSE,32
NV,2010-07-01,8.7,2.164471790864411,NA,FALSE,32
NV,2010-08-01,8.5,2.1412419425852827,NA,FALSE,32
NV,2010-09-01,8.3,2.1174596088673567,NA,FALSE,32
NV,2010-10-01,8,2.080690761080268,NA,FALSE,32
NV,2010-11-01,8.1,2.0930978681273213,NA,FALSE,32
NV,2010-12-01,7.9,2.0681277817795625,NA,FALSE,32
NV,2011-01-01,7.7,2.0425181875752383,NA,FALSE,32
NV,2011-02-01,7.6,2.0294631718735943,NA,FALSE,32
NV,2011-03-01,7.2,1.9754689512968575,NA,FALSE,32
NV,2011-04-01,7.2,1.9754689512968575,NA,FALSE,32
NV,2011-05-01,7.1,1.9615022438151497,NA,FALSE,32
NV,2011-06-01,7,1.9473377010464987,NA,FALSE,32
NV,2011-07-01,7,1.9473377010464987,NA,FALSE,32
NV,2011-08-01,6.9,1.9329696377795784,NA,FALSE,32
NV,2011-09-01,6.8,1.918392120161421,NA,FALSE,32
NV,2011-10-01,6.9,1.9329696377795784,NA,FALSE,32
NV,2011-11-01,7,1.9473377010464987,NA,FALSE,32
NV,2011-12-01,6.8,1.918392120161421,NA,FALSE,32
NV,2012-01-01,6.9,1.9329696377795784,NA,FALSE,32
NV,2012-02-01,7,1.9473377010464987,NA,FALSE,32
NV,2012-03-01,7.1,1.9615022438151497,NA,FALSE,32
NV,2012-04-01,7,1.9473377010464987,NA,FALSE,32
NV,2012-05-01,7.2,1.9754689512968575,NA,FALSE,32
NV,2012-06-01,7.3,1.9892432737616872,NA,FALSE,32
NV,2012-07-01,7.2,1.9754689512968575,NA,FALSE,32
NV,2012-08-01,7,1.9473377010464987,NA,FALSE,32
NV,2012-09-01,6.8,1.918392120161421,NA,FALSE,32
NV,2012-10-01,6.8,1.918392120161421,NA,FALSE,32
NV,2012-11-01,6.5,1.873339456220478,NA,FALSE,32
NV,2012-12-01,6.2,1.8261608959453872,NA,FALSE,32
NV,2013-01-01,6.1,1.809926773183504,NA,FALSE,32
NV,2013-02-01,6,1.7934247485471162,NA,FALSE,32
NV,2013-03-01,5.7,1.742219023667919,NA,FALSE,32
NV,2013-04-01,5.6,1.7245507195346048,NA,FALSE,32
NV,2013-05-01,5.2,1.6505798557652755,NA,FALSE,32
NV,2013-06-01,5,1.6114359150967734,NA,FALSE,32
NV,2013-07-01,4.8,1.5706970841176695,NA,FALSE,32
NV,2013-08-01,4.5,1.506297153514587,NA,FALSE,32
NV,2013-09-01,4.3,1.4609379041156565,NA,FALSE,32
NV,2013-10-01,3.8,1.3376291891386094,NA,FALSE,32
NV,2013-11-01,3.9,1.3635373739972745,NA,FALSE,32
NV,2013-12-01,4,1.3887912413184778,NA,FALSE,32
NV,2014-01-01,4,1.3887912413184778,NA,FALSE,32
NV,2014-02-01,3.9,1.3635373739972745,NA,FALSE,32
NV,2014-03-01,3.7,1.3110318766193438,NA,FALSE,32
NV,2014-04-01,3.5,1.2556160374777745,NA,FALSE,32
NV,2014-05-01,3.5,1.2556160374777745,NA,FALSE,32
NV,2014-06-01,3.4,1.2267122912954254,NA,FALSE,32
NV,2014-07-01,3.3,1.1969481893889715,NA,FALSE,32
NV,2014-08-01,3.2,1.1662709371419244,NA,FALSE,32
NV,2014-09-01,3.1,1.1346227261911428,NA,FALSE,32
NV,2014-10-01,3.1,1.1346227261911428,NA,FALSE,32
NV,2014-11-01,3,1.1019400787607845,NA,FALSE,32
NV,2014-12-01,3,1.1019400787607845,NA,FALSE,32
NV,2015-01-01,3,1.1019400787607845,NA,FALSE,32
NV,2015-02-01,2.8,1.0331844833456545,NA,FALSE,32
NV,2015-03-01,2.7,0.9969486348916096,NA,FALSE,32
NV,2015-04-01,2.7,0.9969486348916096,NA,FALSE,32
NV,2015-05-01,2.6,0.959350221334602,NA,FALSE,32
NV,2015-06-01,2.6,0.959350221334602,NA,FALSE,32
NV,2015-07-01,2.5,0.9202827531436923,NA,FALSE,32
NV,2015-08-01,2.4,0.8796267475025635,NA,FALSE,32
NV,2015-09-01,2.3,0.837247524533702,NA,FALSE,32
NV,2015-10-01,2.3,0.837247524533702,NA,FALSE,32
NV,2015-11-01,2.1,0.7466879474879751,NA,FALSE,32
NV,2015-12-01,2.1,0.7466879474879751,NA,FALSE,32
NV,2016-01-01,2.1,0.7466879474879751,NA,FALSE,32
NV,2016-02-01,2.1,0.7466879474879751,NA,FALSE,32
NV,2016-03-01,1.9,0.6471032420585384,NA,FALSE,32
NV,2016-04-01,1.7,0.5364933705145685,NA,FALSE,32
NV,2016-05-01,1.9,0.6471032420585384,NA,FALSE,32
NV,2016-06-01,1.6,0.4762341789963717,NA,FALSE,32
NV,2016-07-01,1.6,0.4762341789963717,NA,FALSE,32
NV,2016-08-01,1.6,0.4762341789963717,NA,FALSE,32
NV,2016-09-01,1.5,0.412109650826833,NA,FALSE,32
NV,2016-10-01,1.4,0.34358970439007686,NA,FALSE,32
NV,2016-11-01,1.3,0.2700271372130602,NA,FALSE,32
NV,2016-12-01,1.4,0.34358970439007686,NA,FALSE,32
NV,2017-01-01,1.4,0.34358970439007686,NA,FALSE,32
NV,2017-02-01,1.3,0.2700271372130602,NA,FALSE,32
NV,2017-03-01,1.2,0.1906203596086497,NA,FALSE,32
NV,2017-04-01,1.2,0.1906203596086497,NA,FALSE,32
NV,2017-05-01,1.2,0.1906203596086497,NA,FALSE,32
NV,2017-06-01,1.2,0.1906203596086497,NA,FALSE,32
NV,2017-07-01,1.2,0.1906203596086497,NA,FALSE,32
NV,2017-08-01,1.1,0.10436001532424286,NA,FALSE,32
NV,2017-09-01,1.1,0.10436001532424286,NA,FALSE,32
NV,2017-10-01,1.1,0.10436001532424286,NA,FALSE,32
NV,2017-11-01,1,0.00995033085316809,NA,FALSE,32
NV,2017-12-01,1.1,0.10436001532424286,NA,FALSE,32
NV,2018-01-01,1,0.00995033085316809,NA,FALSE,32
NV,2018-02-01,0.9,-0.09431067947124128,NA,FALSE,32
NV,2018-03-01,0.9,-0.09431067947124128,NA,FALSE,32
NV,2018-04-01,0.8,-0.2107210313156525,NA,FALSE,32
NV,2018-05-01,0.8,-0.2107210313156525,NA,FALSE,32
NV,2018-06-01,0.8,-0.2107210313156525,NA,FALSE,32
NV,2018-07-01,0.8,-0.2107210313156525,NA,FALSE,32
NV,2018-08-01,0.7,-0.342490308946776,NA,FALSE,32
NV,2018-09-01,0.7,-0.342490308946776,NA,FALSE,32
NV,2018-10-01,0.6,-0.4942963218147801,NA,FALSE,32
NV,2018-11-01,0.6,-0.4942963218147801,NA,FALSE,32
NV,2018-12-01,0.7,-0.342490308946776,NA,FALSE,32
NV,2019-01-01,0.7,-0.342490308946776,NA,FALSE,32
NV,2019-02-01,0.7,-0.342490308946776,NA,FALSE,32
NV,2019-03-01,0.6,-0.4942963218147801,NA,FALSE,32
NV,2019-04-01,0.5,-0.6733445532637656,NA,FALSE,32
NV,2019-05-01,0.5,-0.6733445532637656,NA,FALSE,32
NV,2019-06-01,0.5,-0.6733445532637656,NA,FALSE,32
NV,2019-07-01,0.6,-0.4942963218147801,NA,FALSE,32
NV,2019-08-01,0.6,-0.4942963218147801,NA,FALSE,32
NV,2019-09-01,0.6,-0.4942963218147801,NA,FALSE,32
NV,2019-10-01,0.6,-0.4942963218147801,NA,FALSE,32
NV,2019-11-01,0.6,-0.4942963218147801,NA,FALSE,32
NV,2019-12-01,0.6,-0.4942963218147801,NA,FALSE,32
NV,2020-01-01,0.7,-0.342490308946776,NA,FALSE,32
NV,2020-02-01,0.7,-0.342490308946776,NA,FALSE,32
NV,2020-03-01,0.7,-0.342490308946776,NA,FALSE,32
NV,2020-04-01,0.6,-0.4942963218147801,NA,FALSE,32
NV,2020-05-01,0.5,-0.6733445532637656,NA,FALSE,32
NV,2020-06-01,0.5,-0.6733445532637656,NA,FALSE,32
NV,2020-07-01,0.5,-0.6733445532637656,NA,FALSE,32
NV,2020-08-01,0.5,-0.6733445532637656,NA,FALSE,32
NV,2020-09-01,0.5,-0.6733445532637656,NA,FALSE,32
NV,2020-10-01,0.5,-0.6733445532637656,NA,FALSE,32
NV,2020-11-01,0.5,-0.6733445532637656,NA,FALSE,32
NV,2020-12-01,0.5,-0.6733445532637656,NA,FALSE,32
NV,2021-01-01,0.4,-0.8915981192837835,NA,FALSE,32
NV,2021-02-01,0.4,-0.8915981192837835,NA,FALSE,32
NV,2021-03-01,0.4,-0.8915981192837835,NA,FALSE,32
NV,2021-04-01,0.4,-0.8915981192837835,NA,FALSE,32
NV,2021-05-01,0.4,-0.8915981192837835,NA,FALSE,32
NV,2021-06-01,0.4,-0.8915981192837835,NA,FALSE,32
NV,2021-07-01,0.4,-0.8915981192837835,NA,FALSE,32
NV,2021-08-01,0.4,-0.8915981192837835,NA,FALSE,32
NV,2021-09-01,0.4,-0.8915981192837835,NA,FALSE,32
NV,2021-10-01,0.4,-0.8915981192837835,NA,FALSE,32
NV,2021-11-01,0.3,-1.171182981502945,NA,FALSE,32
NV,2021-12-01,0.4,-0.8915981192837835,NA,FALSE,32
NV,2022-01-01,0.3,-1.171182981502945,NA,FALSE,32
NV,2022-02-01,0.3,-1.171182981502945,NA,FALSE,32
NV,2022-03-01,0.3,-1.171182981502945,NA,FALSE,32
NV,2022-04-01,0.3,-1.171182981502945,NA,FALSE,32
NV,2022-05-01,0.3,-1.171182981502945,NA,FALSE,32
NV,2022-06-01,0.3,-1.171182981502945,NA,FALSE,32
NV,2022-07-01,0.3,-1.171182981502945,NA,FALSE,32
NV,2022-08-01,0.3,-1.171182981502945,NA,FALSE,32
NV,2022-09-01,0.3,-1.171182981502945,NA,FALSE,32
NV,2022-10-01,0.4,-0.8915981192837835,NA,FALSE,32
NV,2022-11-01,0.4,-0.8915981192837835,NA,FALSE,32
NV,2022-12-01,0.4,-0.8915981192837835,NA,FALSE,32
NV,2023-01-01,0.4,-0.8915981192837835,NA,FALSE,32
NV,2023-02-01,0.4,-0.8915981192837835,NA,FALSE,32
NV,2023-03-01,0.3,-1.171182981502945,NA,FALSE,32
NV,2023-04-01,0.4,-0.8915981192837835,NA,FALSE,32
NV,2023-05-01,0.4,-0.8915981192837835,NA,FALSE,32
NV,2023-06-01,0.4,-0.8915981192837835,NA,FALSE,32
NV,2023-07-01,0.4,-0.8915981192837835,NA,FALSE,32
NV,2023-08-01,0.4,-0.8915981192837835,NA,FALSE,32
NV,2023-09-01,0.4,-0.8915981192837835,NA,FALSE,32
NV,2023-10-01,0.5,-0.6733445532637656,NA,FALSE,32
NV,2023-11-01,0.5,-0.6733445532637656,NA,FALSE,32
NV,2023-12-01,0.6,-0.4942963218147801,NA,FALSE,32
NV,2024-01-01,0.6,-0.4942963218147801,NA,FALSE,32
NV,2024-02-01,0.5,-0.6733445532637656,NA,FALSE,32
NV,2024-03-01,0.5,-0.6733445532637656,NA,FALSE,32
NV,2024-04-01,0.5,-0.6733445532637656,NA,FALSE,32
NV,2024-05-01,0.5,-0.6733445532637656,NA,FALSE,32
NV,2024-06-01,0.6,-0.4942963218147801,NA,FALSE,32
NV,2024-07-01,0.6,-0.4942963218147801,NA,FALSE,32
NV,2024-08-01,0.7,-0.342490308946776,NA,FALSE,32
NV,2024-09-01,0.6,-0.4942963218147801,NA,FALSE,32
NV,2024-10-01,0.6,-0.4942963218147801,NA,FALSE,32
NV,2024-11-01,0.6,-0.4942963218147801,NA,FALSE,32
NV,2024-12-01,0.7,-0.342490308946776,NA,FALSE,32
NV,2025-01-01,0.7,-0.342490308946776,NA,FALSE,32
NV,2025-02-01,0.7,-0.342490308946776,NA,FALSE,32
NV,2025-03-01,0.7,-0.342490308946776,NA,FALSE,32
NH,2008-01-01,1,0.00995033085316809,2019-12-01,TRUE,33
NH,2008-02-01,1.2,0.1906203596086497,2019-12-01,TRUE,33
NH,2008-03-01,1.1,0.10436001532424286,2019-12-01,TRUE,33
NH,2008-04-01,1.1,0.10436001532424286,2019-12-01,TRUE,33
NH,2008-05-01,1.1,0.10436001532424286,2019-12-01,TRUE,33
NH,2008-06-01,1.1,0.10436001532424286,2019-12-01,TRUE,33
NH,2008-07-01,1.1,0.10436001532424286,2019-12-01,TRUE,33
NH,2008-08-01,1.2,0.1906203596086497,2019-12-01,TRUE,33
NH,2008-09-01,1.2,0.1906203596086497,2019-12-01,TRUE,33
NH,2008-10-01,1.3,0.2700271372130602,2019-12-01,TRUE,33
NH,2008-11-01,1.5,0.412109650826833,2019-12-01,TRUE,33
NH,2008-12-01,1.6,0.4762341789963717,2019-12-01,TRUE,33
NH,2009-01-01,1.8,0.5933268452777344,2019-12-01,TRUE,33
NH,2009-02-01,1.9,0.6471032420585384,2019-12-01,TRUE,33
NH,2009-03-01,2.1,0.7466879474879751,2019-12-01,TRUE,33
NH,2009-04-01,2,0.6981347220709843,2019-12-01,TRUE,33
NH,2009-05-01,2.3,0.837247524533702,2019-12-01,TRUE,33
NH,2009-06-01,2.4,0.8796267475025635,2019-12-01,TRUE,33
NH,2009-07-01,2.5,0.9202827531436923,2019-12-01,TRUE,33
NH,2009-08-01,2.8,1.0331844833456545,2019-12-01,TRUE,33
NH,2009-09-01,3,1.1019400787607845,2019-12-01,TRUE,33
NH,2009-10-01,3.1,1.1346227261911428,2019-12-01,TRUE,33
NH,2009-11-01,3.2,1.1662709371419244,2019-12-01,TRUE,33
NH,2009-12-01,3.3,1.1969481893889715,2019-12-01,TRUE,33
NH,2010-01-01,3.3,1.1969481893889715,2019-12-01,TRUE,33
NH,2010-02-01,3.3,1.1969481893889715,2019-12-01,TRUE,33
NH,2010-03-01,3.2,1.1662709371419244,2019-12-01,TRUE,33
NH,2010-04-01,3,1.1019400787607845,2019-12-01,TRUE,33
NH,2010-05-01,2.9,1.068153081183401,2019-12-01,TRUE,33
NH,2010-06-01,2.8,1.0331844833456545,2019-12-01,TRUE,33
NH,2010-07-01,2.8,1.0331844833456545,2019-12-01,TRUE,33
NH,2010-08-01,2.8,1.0331844833456545,2019-12-01,TRUE,33
NH,2010-09-01,2.7,0.9969486348916096,2019-12-01,TRUE,33
NH,2010-10-01,2.4,0.8796267475025635,2019-12-01,TRUE,33
NH,2010-11-01,2.5,0.9202827531436923,2019-12-01,TRUE,33
NH,2010-12-01,2.5,0.9202827531436923,2019-12-01,TRUE,33
NH,2011-01-01,2.5,0.9202827531436923,2019-12-01,TRUE,33
NH,2011-02-01,2.4,0.8796267475025635,2019-12-01,TRUE,33
NH,2011-03-01,2.3,0.837247524533702,2019-12-01,TRUE,33
NH,2011-04-01,2.5,0.9202827531436923,2019-12-01,TRUE,33
NH,2011-05-01,2.5,0.9202827531436923,2019-12-01,TRUE,33
NH,2011-06-01,2.3,0.837247524533702,2019-12-01,TRUE,33
NH,2011-07-01,2.2,0.7929925155296614,2019-12-01,TRUE,33
NH,2011-08-01,2.2,0.7929925155296614,2019-12-01,TRUE,33
NH,2011-09-01,2.3,0.837247524533702,2019-12-01,TRUE,33
NH,2011-10-01,2.5,0.9202827531436923,2019-12-01,TRUE,33
NH,2011-11-01,2.5,0.9202827531436923,2019-12-01,TRUE,33
NH,2011-12-01,2.4,0.8796267475025635,2019-12-01,TRUE,33
NH,2012-01-01,2.4,0.8796267475025635,2019-12-01,TRUE,33
NH,2012-02-01,2.3,0.837247524533702,2019-12-01,TRUE,33
NH,2012-03-01,2.2,0.7929925155296614,2019-12-01,TRUE,33
NH,2012-04-01,2.1,0.7466879474879751,2019-12-01,TRUE,33
NH,2012-05-01,2.1,0.7466879474879751,2019-12-01,TRUE,33
NH,2012-06-01,2,0.6981347220709843,2019-12-01,TRUE,33
NH,2012-07-01,2,0.6981347220709843,2019-12-01,TRUE,33
NH,2012-08-01,1.9,0.6471032420585384,2019-12-01,TRUE,33
NH,2012-09-01,1.9,0.6471032420585384,2019-12-01,TRUE,33
NH,2012-10-01,1.9,0.6471032420585384,2019-12-01,TRUE,33
NH,2012-11-01,1.9,0.6471032420585384,2019-12-01,TRUE,33
NH,2012-12-01,1.9,0.6471032420585384,2019-12-01,TRUE,33
NH,2013-01-01,1.9,0.6471032420585384,2019-12-01,TRUE,33
NH,2013-02-01,1.9,0.6471032420585384,2019-12-01,TRUE,33
NH,2013-03-01,1.9,0.6471032420585384,2019-12-01,TRUE,33
NH,2013-04-01,1.7,0.5364933705145685,2019-12-01,TRUE,33
NH,2013-05-01,1.7,0.5364933705145685,2019-12-01,TRUE,33
NH,2013-06-01,1.5,0.412109650826833,2019-12-01,TRUE,33
NH,2013-07-01,1.5,0.412109650826833,2019-12-01,TRUE,33
NH,2013-08-01,1.5,0.412109650826833,2019-12-01,TRUE,33
NH,2013-09-01,1.5,0.412109650826833,2019-12-01,TRUE,33
NH,2013-10-01,1.4,0.34358970439007686,2019-12-01,TRUE,33
NH,2013-11-01,1.4,0.34358970439007686,2019-12-01,TRUE,33
NH,2013-12-01,1.3,0.2700271372130602,2019-12-01,TRUE,33
NH,2014-01-01,1.4,0.34358970439007686,2019-12-01,TRUE,33
NH,2014-02-01,1.4,0.34358970439007686,2019-12-01,TRUE,33
NH,2014-03-01,1.3,0.2700271372130602,2019-12-01,TRUE,33
NH,2014-04-01,1.3,0.2700271372130602,2019-12-01,TRUE,33
NH,2014-05-01,1.4,0.34358970439007686,2019-12-01,TRUE,33
NH,2014-06-01,1.4,0.34358970439007686,2019-12-01,TRUE,33
NH,2014-07-01,1.4,0.34358970439007686,2019-12-01,TRUE,33
NH,2014-08-01,1.5,0.412109650826833,2019-12-01,TRUE,33
NH,2014-09-01,1.5,0.412109650826833,2019-12-01,TRUE,33
NH,2014-10-01,1.4,0.34358970439007686,2019-12-01,TRUE,33
NH,2014-11-01,1.4,0.34358970439007686,2019-12-01,TRUE,33
NH,2014-12-01,1.4,0.34358970439007686,2019-12-01,TRUE,33
NH,2015-01-01,1.4,0.34358970439007686,2019-12-01,TRUE,33
NH,2015-02-01,1.4,0.34358970439007686,2019-12-01,TRUE,33
NH,2015-03-01,1.3,0.2700271372130602,2019-12-01,TRUE,33
NH,2015-04-01,1.3,0.2700271372130602,2019-12-01,TRUE,33
NH,2015-05-01,1.2,0.1906203596086497,2019-12-01,TRUE,33
NH,2015-06-01,1.2,0.1906203596086497,2019-12-01,TRUE,33
NH,2015-07-01,1.2,0.1906203596086497,2019-12-01,TRUE,33
NH,2015-08-01,1.2,0.1906203596086497,2019-12-01,TRUE,33
NH,2015-09-01,1.1,0.10436001532424286,2019-12-01,TRUE,33
NH,2015-10-01,1.2,0.1906203596086497,2019-12-01,TRUE,33
NH,2015-11-01,1.1,0.10436001532424286,2019-12-01,TRUE,33
NH,2015-12-01,1.1,0.10436001532424286,2019-12-01,TRUE,33
NH,2016-01-01,1.2,0.1906203596086497,2019-12-01,TRUE,33
NH,2016-02-01,1.1,0.10436001532424286,2019-12-01,TRUE,33
NH,2016-03-01,1.1,0.10436001532424286,2019-12-01,TRUE,33
NH,2016-04-01,0.9,-0.09431067947124128,2019-12-01,TRUE,33
NH,2016-05-01,1,0.00995033085316809,2019-12-01,TRUE,33
NH,2016-06-01,1,0.00995033085316809,2019-12-01,TRUE,33
NH,2016-07-01,1.1,0.10436001532424286,2019-12-01,TRUE,33
NH,2016-08-01,0.9,-0.09431067947124128,2019-12-01,TRUE,33
NH,2016-09-01,0.8,-0.2107210313156525,2019-12-01,TRUE,33
NH,2016-10-01,0.9,-0.09431067947124128,2019-12-01,TRUE,33
NH,2016-11-01,1,0.00995033085316809,2019-12-01,TRUE,33
NH,2016-12-01,1,0.00995033085316809,2019-12-01,TRUE,33
NH,2017-01-01,1,0.00995033085316809,2019-12-01,TRUE,33
NH,2017-02-01,1,0.00995033085316809,2019-12-01,TRUE,33
NH,2017-03-01,0.9,-0.09431067947124128,2019-12-01,TRUE,33
NH,2017-04-01,0.9,-0.09431067947124128,2019-12-01,TRUE,33
NH,2017-05-01,0.7,-0.342490308946776,2019-12-01,TRUE,33
NH,2017-06-01,0.8,-0.2107210313156525,2019-12-01,TRUE,33
NH,2017-07-01,0.8,-0.2107210313156525,2019-12-01,TRUE,33
NH,2017-08-01,0.6,-0.4942963218147801,2019-12-01,TRUE,33
NH,2017-09-01,0.7,-0.342490308946776,2019-12-01,TRUE,33
NH,2017-10-01,0.6,-0.4942963218147801,2019-12-01,TRUE,33
NH,2017-11-01,0.7,-0.342490308946776,2019-12-01,TRUE,33
NH,2017-12-01,0.7,-0.342490308946776,2019-12-01,TRUE,33
NH,2018-01-01,0.7,-0.342490308946776,2019-12-01,TRUE,33
NH,2018-02-01,0.8,-0.2107210313156525,2019-12-01,TRUE,33
NH,2018-03-01,0.7,-0.342490308946776,2019-12-01,TRUE,33
NH,2018-04-01,0.6,-0.4942963218147801,2019-12-01,TRUE,33
NH,2018-05-01,0.6,-0.4942963218147801,2019-12-01,TRUE,33
NH,2018-06-01,0.6,-0.4942963218147801,2019-12-01,TRUE,33
NH,2018-07-01,0.6,-0.4942963218147801,2019-12-01,TRUE,33
NH,2018-08-01,0.5,-0.6733445532637656,2019-12-01,TRUE,33
NH,2018-09-01,0.5,-0.6733445532637656,2019-12-01,TRUE,33
NH,2018-10-01,0.6,-0.4942963218147801,2019-12-01,TRUE,33
NH,2018-11-01,0.5,-0.6733445532637656,2019-12-01,TRUE,33
NH,2018-12-01,0.6,-0.4942963218147801,2019-12-01,TRUE,33
NH,2019-01-01,0.6,-0.4942963218147801,2019-12-01,TRUE,33
NH,2019-02-01,0.5,-0.6733445532637656,2019-12-01,TRUE,33
NH,2019-03-01,0.5,-0.6733445532637656,2019-12-01,TRUE,33
NH,2019-04-01,0.4,-0.8915981192837835,2019-12-01,TRUE,33
NH,2019-05-01,0.4,-0.8915981192837835,2019-12-01,TRUE,33
NH,2019-06-01,0.5,-0.6733445532637656,2019-12-01,TRUE,33
NH,2019-07-01,0.5,-0.6733445532637656,2019-12-01,TRUE,33
NH,2019-08-01,0.6,-0.4942963218147801,2019-12-01,TRUE,33
NH,2019-09-01,0.5,-0.6733445532637656,2019-12-01,TRUE,33
NH,2019-10-01,0.6,-0.4942963218147801,2019-12-01,TRUE,33
NH,2019-11-01,0.6,-0.4942963218147801,2019-12-01,TRUE,33
NH,2019-12-01,0.6,-0.4942963218147801,2019-12-01,TRUE,33
NH,2020-01-01,0.6,-0.4942963218147801,2019-12-01,TRUE,33
NH,2020-02-01,0.5,-0.6733445532637656,2019-12-01,TRUE,33
NH,2020-03-01,0.5,-0.6733445532637656,2019-12-01,TRUE,33
NH,2020-04-01,0.5,-0.6733445532637656,2019-12-01,TRUE,33
NH,2020-05-01,0.5,-0.6733445532637656,2019-12-01,TRUE,33
NH,2020-06-01,0.5,-0.6733445532637656,2019-12-01,TRUE,33
NH,2020-07-01,0.6,-0.4942963218147801,2019-12-01,TRUE,33
NH,2020-08-01,0.5,-0.6733445532637656,2019-12-01,TRUE,33
NH,2020-09-01,0.4,-0.8915981192837835,2019-12-01,TRUE,33
NH,2020-10-01,0.4,-0.8915981192837835,2019-12-01,TRUE,33
NH,2020-11-01,0.4,-0.8915981192837835,2019-12-01,TRUE,33
NH,2020-12-01,0.4,-0.8915981192837835,2019-12-01,TRUE,33
NH,2021-01-01,0.4,-0.8915981192837835,2019-12-01,TRUE,33
NH,2021-02-01,0.4,-0.8915981192837835,2019-12-01,TRUE,33
NH,2021-03-01,0.4,-0.8915981192837835,2019-12-01,TRUE,33
NH,2021-04-01,0.3,-1.171182981502945,2019-12-01,TRUE,33
NH,2021-05-01,0.3,-1.171182981502945,2019-12-01,TRUE,33
NH,2021-06-01,0.3,-1.171182981502945,2019-12-01,TRUE,33
NH,2021-07-01,0.3,-1.171182981502945,2019-12-01,TRUE,33
NH,2021-08-01,0.3,-1.171182981502945,2019-12-01,TRUE,33
NH,2021-09-01,0.3,-1.171182981502945,2019-12-01,TRUE,33
NH,2021-10-01,0.3,-1.171182981502945,2019-12-01,TRUE,33
NH,2021-11-01,0.3,-1.171182981502945,2019-12-01,TRUE,33
NH,2021-12-01,0.3,-1.171182981502945,2019-12-01,TRUE,33
NH,2022-01-01,0.3,-1.171182981502945,2019-12-01,TRUE,33
NH,2022-02-01,0.4,-0.8915981192837835,2019-12-01,TRUE,33
NH,2022-03-01,0.4,-0.8915981192837835,2019-12-01,TRUE,33
NH,2022-04-01,0.4,-0.8915981192837835,2019-12-01,TRUE,33
NH,2022-05-01,0.3,-1.171182981502945,2019-12-01,TRUE,33
NH,2022-06-01,0.3,-1.171182981502945,2019-12-01,TRUE,33
NH,2022-07-01,0.4,-0.8915981192837835,2019-12-01,TRUE,33
NH,2022-08-01,0.4,-0.8915981192837835,2019-12-01,TRUE,33
NH,2022-09-01,0.3,-1.171182981502945,2019-12-01,TRUE,33
NH,2022-10-01,0.4,-0.8915981192837835,2019-12-01,TRUE,33
NH,2022-11-01,0.4,-0.8915981192837835,2019-12-01,TRUE,33
NH,2022-12-01,0.4,-0.8915981192837835,2019-12-01,TRUE,33
NH,2023-01-01,0.4,-0.8915981192837835,2019-12-01,TRUE,33
NH,2023-02-01,0.4,-0.8915981192837835,2019-12-01,TRUE,33
NH,2023-03-01,0.4,-0.8915981192837835,2019-12-01,TRUE,33
NH,2023-04-01,0.4,-0.8915981192837835,2019-12-01,TRUE,33
NH,2023-05-01,0.3,-1.171182981502945,2019-12-01,TRUE,33
NH,2023-06-01,0.3,-1.171182981502945,2019-12-01,TRUE,33
NH,2023-07-01,0.4,-0.8915981192837835,2019-12-01,TRUE,33
NH,2023-08-01,0.4,-0.8915981192837835,2019-12-01,TRUE,33
NH,2023-09-01,0.4,-0.8915981192837835,2019-12-01,TRUE,33
NH,2023-10-01,0.4,-0.8915981192837835,2019-12-01,TRUE,33
NH,2023-11-01,0.4,-0.8915981192837835,2019-12-01,TRUE,33
NH,2023-12-01,0.4,-0.8915981192837835,2019-12-01,TRUE,33
NH,2024-01-01,0.4,-0.8915981192837835,2019-12-01,TRUE,33
NH,2024-02-01,0.5,-0.6733445532637656,2019-12-01,TRUE,33
NH,2024-03-01,0.4,-0.8915981192837835,2019-12-01,TRUE,33
NH,2024-04-01,0.4,-0.8915981192837835,2019-12-01,TRUE,33
NH,2024-05-01,0.4,-0.8915981192837835,2019-12-01,TRUE,33
NH,2024-06-01,0.5,-0.6733445532637656,2019-12-01,TRUE,33
NH,2024-07-01,0.5,-0.6733445532637656,2019-12-01,TRUE,33
NH,2024-08-01,0.5,-0.6733445532637656,2019-12-01,TRUE,33
NH,2024-09-01,0.5,-0.6733445532637656,2019-12-01,TRUE,33
NH,2024-10-01,0.5,-0.6733445532637656,2019-12-01,TRUE,33
NH,2024-11-01,0.5,-0.6733445532637656,2019-12-01,TRUE,33
NH,2024-12-01,0.6,-0.4942963218147801,2019-12-01,TRUE,33
NH,2025-01-01,0.7,-0.342490308946776,2019-12-01,TRUE,33
NH,2025-02-01,0.7,-0.342490308946776,2019-12-01,TRUE,33
NH,2025-03-01,0.6,-0.4942963218147801,2019-12-01,TRUE,33
NJ,2008-01-01,1.4,0.34358970439007686,2018-08-01,TRUE,34
NJ,2008-02-01,1.5,0.412109650826833,2018-08-01,TRUE,34
NJ,2008-03-01,1.5,0.412109650826833,2018-08-01,TRUE,34
NJ,2008-04-01,1.5,0.412109650826833,2018-08-01,TRUE,34
NJ,2008-05-01,1.5,0.412109650826833,2018-08-01,TRUE,34
NJ,2008-06-01,1.6,0.4762341789963717,2018-08-01,TRUE,34
NJ,2008-07-01,1.8,0.5933268452777344,2018-08-01,TRUE,34
NJ,2008-08-01,1.8,0.5933268452777344,2018-08-01,TRUE,34
NJ,2008-09-01,1.8,0.5933268452777344,2018-08-01,TRUE,34
NJ,2008-10-01,2.1,0.7466879474879751,2018-08-01,TRUE,34
NJ,2008-11-01,2.2,0.7929925155296614,2018-08-01,TRUE,34
NJ,2008-12-01,2.4,0.8796267475025635,2018-08-01,TRUE,34
NJ,2009-01-01,2.6,0.959350221334602,2018-08-01,TRUE,34
NJ,2009-02-01,2.9,1.068153081183401,2018-08-01,TRUE,34
NJ,2009-03-01,3,1.1019400787607845,2018-08-01,TRUE,34
NJ,2009-04-01,3.3,1.1969481893889715,2018-08-01,TRUE,34
NJ,2009-05-01,3.5,1.2556160374777745,2018-08-01,TRUE,34
NJ,2009-06-01,3.7,1.3110318766193438,2018-08-01,TRUE,34
NJ,2009-07-01,3.8,1.3376291891386094,2018-08-01,TRUE,34
NJ,2009-08-01,3.9,1.3635373739972745,2018-08-01,TRUE,34
NJ,2009-09-01,4.4,1.483874689458755,2018-08-01,TRUE,34
NJ,2009-10-01,4.6,1.528227857008557,2018-08-01,TRUE,34
NJ,2009-11-01,4.7,1.5496879080283263,2018-08-01,TRUE,34
NJ,2009-12-01,4.7,1.5496879080283263,2018-08-01,TRUE,34
NJ,2010-01-01,4.8,1.5706970841176695,2018-08-01,TRUE,34
NJ,2010-02-01,5,1.6114359150967734,2018-08-01,TRUE,34
NJ,2010-03-01,4.9,1.5912739418064292,2018-08-01,TRUE,34
NJ,2010-04-01,4.7,1.5496879080283263,2018-08-01,TRUE,34
NJ,2010-05-01,4.6,1.528227857008557,2018-08-01,TRUE,34
NJ,2010-06-01,4.5,1.506297153514587,2018-08-01,TRUE,34
NJ,2010-07-01,4.4,1.483874689458755,2018-08-01,TRUE,34
NJ,2010-08-01,4.4,1.483874689458755,2018-08-01,TRUE,34
NJ,2010-09-01,4.4,1.483874689458755,2018-08-01,TRUE,34
NJ,2010-10-01,4.4,1.483874689458755,2018-08-01,TRUE,34
NJ,2010-11-01,4.4,1.483874689458755,2018-08-01,TRUE,34
NJ,2010-12-01,4.4,1.483874689458755,2018-08-01,TRUE,34
NJ,2011-01-01,4.7,1.5496879080283263,2018-08-01,TRUE,34
NJ,2011-02-01,5,1.6114359150967734,2018-08-01,TRUE,34
NJ,2011-03-01,5.1,1.631199404215613,2018-08-01,TRUE,34
NJ,2011-04-01,5.2,1.6505798557652755,2018-08-01,TRUE,34
NJ,2011-05-01,5.3,1.6695918352538477,2018-08-01,TRUE,34
NJ,2011-06-01,5.3,1.6695918352538477,2018-08-01,TRUE,34
NJ,2011-07-01,5.4,1.6882490928583902,2018-08-01,TRUE,34
NJ,2011-08-01,5.4,1.6882490928583902,2018-08-01,TRUE,34
NJ,2011-09-01,5.6,1.7245507195346048,2018-08-01,TRUE,34
NJ,2011-10-01,5.7,1.742219023667919,2018-08-01,TRUE,34
NJ,2011-11-01,5.9,1.776645831418007,2018-08-01,TRUE,34
NJ,2011-12-01,6,1.7934247485471162,2018-08-01,TRUE,34
NJ,2012-01-01,6.2,1.8261608959453872,2018-08-01,TRUE,34
NJ,2012-02-01,6.3,1.8421356765531216,2018-08-01,TRUE,34
NJ,2012-03-01,6.2,1.8261608959453872,2018-08-01,TRUE,34
NJ,2012-04-01,6.2,1.8261608959453872,2018-08-01,TRUE,34
NJ,2012-05-01,6.2,1.8261608959453872,2018-08-01,TRUE,34
NJ,2012-06-01,6.2,1.8261608959453872,2018-08-01,TRUE,34
NJ,2012-07-01,6.2,1.8261608959453872,2018-08-01,TRUE,34
NJ,2012-08-01,6.2,1.8261608959453872,2018-08-01,TRUE,34
NJ,2012-09-01,6.2,1.8261608959453872,2018-08-01,TRUE,34
NJ,2012-10-01,5.9,1.776645831418007,2018-08-01,TRUE,34
NJ,2012-11-01,5.5,1.706564623164823,2018-08-01,TRUE,34
NJ,2012-12-01,5.7,1.742219023667919,2018-08-01,TRUE,34
NJ,2013-01-01,5.7,1.742219023667919,2018-08-01,TRUE,34
NJ,2013-02-01,5.5,1.706564623164823,2018-08-01,TRUE,34
NJ,2013-03-01,5.6,1.7245507195346048,2018-08-01,TRUE,34
NJ,2013-04-01,5.5,1.706564623164823,2018-08-01,TRUE,34
NJ,2013-05-01,5.6,1.7245507195346048,2018-08-01,TRUE,34
NJ,2013-06-01,5.4,1.6882490928583902,2018-08-01,TRUE,34
NJ,2013-07-01,5.3,1.6695918352538477,2018-08-01,TRUE,34
NJ,2013-08-01,5.2,1.6505798557652755,2018-08-01,TRUE,34
NJ,2013-09-01,5.2,1.6505798557652755,2018-08-01,TRUE,34
NJ,2013-10-01,4.9,1.5912739418064292,2018-08-01,TRUE,34
NJ,2013-11-01,4.9,1.5912739418064292,2018-08-01,TRUE,34
NJ,2013-12-01,5,1.6114359150967734,2018-08-01,TRUE,34
NJ,2014-01-01,4.9,1.5912739418064292,2018-08-01,TRUE,34
NJ,2014-02-01,4.8,1.5706970841176695,2018-08-01,TRUE,34
NJ,2014-03-01,4.6,1.528227857008557,2018-08-01,TRUE,34
NJ,2014-04-01,4.4,1.483874689458755,2018-08-01,TRUE,34
NJ,2014-05-01,4.5,1.506297153514587,2018-08-01,TRUE,34
NJ,2014-06-01,4.4,1.483874689458755,2018-08-01,TRUE,34
NJ,2014-07-01,4.3,1.4609379041156565,2018-08-01,TRUE,34
NJ,2014-08-01,4.2,1.43746264769429,2018-08-01,TRUE,34
NJ,2014-09-01,4.1,1.413423028508143,2018-08-01,TRUE,34
NJ,2014-10-01,3.9,1.3635373739972745,2018-08-01,TRUE,34
NJ,2014-11-01,4,1.3887912413184778,2018-08-01,TRUE,34
NJ,2014-12-01,4,1.3887912413184778,2018-08-01,TRUE,34
NJ,2015-01-01,4,1.3887912413184778,2018-08-01,TRUE,34
NJ,2015-02-01,4,1.3887912413184778,2018-08-01,TRUE,34
NJ,2015-03-01,3.9,1.3635373739972745,2018-08-01,TRUE,34
NJ,2015-04-01,3.8,1.3376291891386094,2018-08-01,TRUE,34
NJ,2015-05-01,3.7,1.3110318766193438,2018-08-01,TRUE,34
NJ,2015-06-01,3.7,1.3110318766193438,2018-08-01,TRUE,34
NJ,2015-07-01,3.6,1.2837077723447896,2018-08-01,TRUE,34
NJ,2015-08-01,3.5,1.2556160374777745,2018-08-01,TRUE,34
NJ,2015-09-01,3.3,1.1969481893889715,2018-08-01,TRUE,34
NJ,2015-10-01,3.3,1.1969481893889715,2018-08-01,TRUE,34
NJ,2015-11-01,3.2,1.1662709371419244,2018-08-01,TRUE,34
NJ,2015-12-01,3.2,1.1662709371419244,2018-08-01,TRUE,34
NJ,2016-01-01,3.2,1.1662709371419244,2018-08-01,TRUE,34
NJ,2016-02-01,3.6,1.2837077723447896,2018-08-01,TRUE,34
NJ,2016-03-01,3.1,1.1346227261911428,2018-08-01,TRUE,34
NJ,2016-04-01,2.8,1.0331844833456545,2018-08-01,TRUE,34
NJ,2016-05-01,2.8,1.0331844833456545,2018-08-01,TRUE,34
NJ,2016-06-01,2.8,1.0331844833456545,2018-08-01,TRUE,34
NJ,2016-07-01,2.8,1.0331844833456545,2018-08-01,TRUE,34
NJ,2016-08-01,2.8,1.0331844833456545,2018-08-01,TRUE,34
NJ,2016-09-01,2.6,0.959350221334602,2018-08-01,TRUE,34
NJ,2016-10-01,2.6,0.959350221334602,2018-08-01,TRUE,34
NJ,2016-11-01,2.6,0.959350221334602,2018-08-01,TRUE,34
NJ,2016-12-01,2.6,0.959350221334602,2018-08-01,TRUE,34
NJ,2017-01-01,2.6,0.959350221334602,2018-08-01,TRUE,34
NJ,2017-02-01,2.5,0.9202827531436923,2018-08-01,TRUE,34
NJ,2017-03-01,2.4,0.8796267475025635,2018-08-01,TRUE,34
NJ,2017-04-01,2.3,0.837247524533702,2018-08-01,TRUE,34
NJ,2017-05-01,2.2,0.7929925155296614,2018-08-01,TRUE,34
NJ,2017-06-01,2.2,0.7929925155296614,2018-08-01,TRUE,34
NJ,2017-07-01,2,0.6981347220709843,2018-08-01,TRUE,34
NJ,2017-08-01,1.9,0.6471032420585384,2018-08-01,TRUE,34
NJ,2017-09-01,2,0.6981347220709843,2018-08-01,TRUE,34
NJ,2017-10-01,1.9,0.6471032420585384,2018-08-01,TRUE,34
NJ,2017-11-01,1.9,0.6471032420585384,2018-08-01,TRUE,34
NJ,2017-12-01,1.9,0.6471032420585384,2018-08-01,TRUE,34
NJ,2018-01-01,1.8,0.5933268452777344,2018-08-01,TRUE,34
NJ,2018-02-01,1.8,0.5933268452777344,2018-08-01,TRUE,34
NJ,2018-03-01,1.7,0.5364933705145685,2018-08-01,TRUE,34
NJ,2018-04-01,1.6,0.4762341789963717,2018-08-01,TRUE,34
NJ,2018-05-01,1.5,0.412109650826833,2018-08-01,TRUE,34
NJ,2018-06-01,1.5,0.412109650826833,2018-08-01,TRUE,34
NJ,2018-07-01,1.5,0.412109650826833,2018-08-01,TRUE,34
NJ,2018-08-01,1.5,0.412109650826833,2018-08-01,TRUE,34
NJ,2018-09-01,1.4,0.34358970439007686,2018-08-01,TRUE,34
NJ,2018-10-01,1.4,0.34358970439007686,2018-08-01,TRUE,34
NJ,2018-11-01,1.4,0.34358970439007686,2018-08-01,TRUE,34
NJ,2018-12-01,1.4,0.34358970439007686,2018-08-01,TRUE,34
NJ,2019-01-01,1.4,0.34358970439007686,2018-08-01,TRUE,34
NJ,2019-02-01,1.4,0.34358970439007686,2018-08-01,TRUE,34
NJ,2019-03-01,1.3,0.2700271372130602,2018-08-01,TRUE,34
NJ,2019-04-01,1.2,0.1906203596086497,2018-08-01,TRUE,34
NJ,2019-05-01,1.1,0.10436001532424286,2018-08-01,TRUE,34
NJ,2019-06-01,1.2,0.1906203596086497,2018-08-01,TRUE,34
NJ,2019-07-01,1.2,0.1906203596086497,2018-08-01,TRUE,34
NJ,2019-08-01,1.2,0.1906203596086497,2018-08-01,TRUE,34
NJ,2019-09-01,1.3,0.2700271372130602,2018-08-01,TRUE,34
NJ,2019-10-01,1.3,0.2700271372130602,2018-08-01,TRUE,34
NJ,2019-11-01,1.3,0.2700271372130602,2018-08-01,TRUE,34
NJ,2019-12-01,1.3,0.2700271372130602,2018-08-01,TRUE,34
NJ,2020-01-01,1.3,0.2700271372130602,2018-08-01,TRUE,34
NJ,2020-02-01,1.2,0.1906203596086497,2018-08-01,TRUE,34
NJ,2020-03-01,1.2,0.1906203596086497,2018-08-01,TRUE,34
NJ,2020-04-01,1.1,0.10436001532424286,2018-08-01,TRUE,34
NJ,2020-05-01,1,0.00995033085316809,2018-08-01,TRUE,34
NJ,2020-06-01,1,0.00995033085316809,2018-08-01,TRUE,34
NJ,2020-07-01,1,0.00995033085316809,2018-08-01,TRUE,34
NJ,2020-08-01,1,0.00995033085316809,2018-08-01,TRUE,34
NJ,2020-09-01,1,0.00995033085316809,2018-08-01,TRUE,34
NJ,2020-10-01,0.9,-0.09431067947124128,2018-08-01,TRUE,34
NJ,2020-11-01,0.9,-0.09431067947124128,2018-08-01,TRUE,34
NJ,2020-12-01,0.9,-0.09431067947124128,2018-08-01,TRUE,34
NJ,2021-01-01,0.9,-0.09431067947124128,2018-08-01,TRUE,34
NJ,2021-02-01,0.8,-0.2107210313156525,2018-08-01,TRUE,34
NJ,2021-03-01,0.8,-0.2107210313156525,2018-08-01,TRUE,34
NJ,2021-04-01,0.7,-0.342490308946776,2018-08-01,TRUE,34
NJ,2021-05-01,0.7,-0.342490308946776,2018-08-01,TRUE,34
NJ,2021-06-01,0.7,-0.342490308946776,2018-08-01,TRUE,34
NJ,2021-07-01,0.7,-0.342490308946776,2018-08-01,TRUE,34
NJ,2021-08-01,0.7,-0.342490308946776,2018-08-01,TRUE,34
NJ,2021-09-01,0.7,-0.342490308946776,2018-08-01,TRUE,34
NJ,2021-10-01,0.7,-0.342490308946776,2018-08-01,TRUE,34
NJ,2021-11-01,0.6,-0.4942963218147801,2018-08-01,TRUE,34
NJ,2021-12-01,0.7,-0.342490308946776,2018-08-01,TRUE,34
NJ,2022-01-01,0.7,-0.342490308946776,2018-08-01,TRUE,34
NJ,2022-02-01,0.7,-0.342490308946776,2018-08-01,TRUE,34
NJ,2022-03-01,0.6,-0.4942963218147801,2018-08-01,TRUE,34
NJ,2022-04-01,0.6,-0.4942963218147801,2018-08-01,TRUE,34
NJ,2022-05-01,0.7,-0.342490308946776,2018-08-01,TRUE,34
NJ,2022-06-01,0.6,-0.4942963218147801,2018-08-01,TRUE,34
NJ,2022-07-01,0.7,-0.342490308946776,2018-08-01,TRUE,34
NJ,2022-08-01,0.7,-0.342490308946776,2018-08-01,TRUE,34
NJ,2022-09-01,0.7,-0.342490308946776,2018-08-01,TRUE,34
NJ,2022-10-01,0.7,-0.342490308946776,2018-08-01,TRUE,34
NJ,2022-11-01,0.7,-0.342490308946776,2018-08-01,TRUE,34
NJ,2022-12-01,0.7,-0.342490308946776,2018-08-01,TRUE,34
NJ,2023-01-01,0.7,-0.342490308946776,2018-08-01,TRUE,34
NJ,2023-02-01,0.7,-0.342490308946776,2018-08-01,TRUE,34
NJ,2023-03-01,0.7,-0.342490308946776,2018-08-01,TRUE,34
NJ,2023-04-01,0.7,-0.342490308946776,2018-08-01,TRUE,34
NJ,2023-05-01,0.6,-0.4942963218147801,2018-08-01,TRUE,34
NJ,2023-06-01,0.6,-0.4942963218147801,2018-08-01,TRUE,34
NJ,2023-07-01,0.6,-0.4942963218147801,2018-08-01,TRUE,34
NJ,2023-08-01,0.6,-0.4942963218147801,2018-08-01,TRUE,34
NJ,2023-09-01,0.6,-0.4942963218147801,2018-08-01,TRUE,34
NJ,2023-10-01,0.6,-0.4942963218147801,2018-08-01,TRUE,34
NJ,2023-11-01,0.6,-0.4942963218147801,2018-08-01,TRUE,34
NJ,2023-12-01,0.7,-0.342490308946776,2018-08-01,TRUE,34
NJ,2024-01-01,0.7,-0.342490308946776,2018-08-01,TRUE,34
NJ,2024-02-01,0.7,-0.342490308946776,2018-08-01,TRUE,34
NJ,2024-03-01,0.7,-0.342490308946776,2018-08-01,TRUE,34
NJ,2024-04-01,0.7,-0.342490308946776,2018-08-01,TRUE,34
NJ,2024-05-01,0.6,-0.4942963218147801,2018-08-01,TRUE,34
NJ,2024-06-01,0.7,-0.342490308946776,2018-08-01,TRUE,34
NJ,2024-07-01,0.7,-0.342490308946776,2018-08-01,TRUE,34
NJ,2024-08-01,0.7,-0.342490308946776,2018-08-01,TRUE,34
NJ,2024-09-01,0.8,-0.2107210313156525,2018-08-01,TRUE,34
NJ,2024-10-01,0.8,-0.2107210313156525,2018-08-01,TRUE,34
NJ,2024-11-01,0.8,-0.2107210313156525,2018-08-01,TRUE,34
NJ,2024-12-01,0.8,-0.2107210313156525,2018-08-01,TRUE,34
NJ,2025-01-01,0.8,-0.2107210313156525,2018-08-01,TRUE,34
NJ,2025-02-01,0.8,-0.2107210313156525,2018-08-01,TRUE,34
NJ,2025-03-01,0.8,-0.2107210313156525,2018-08-01,TRUE,34
NM,2008-01-01,1,0.00995033085316809,NA,FALSE,35
NM,2008-02-01,0.9,-0.09431067947124128,NA,FALSE,35
NM,2008-03-01,0.9,-0.09431067947124128,NA,FALSE,35
NM,2008-04-01,0.9,-0.09431067947124128,NA,FALSE,35
NM,2008-05-01,1,0.00995033085316809,NA,FALSE,35
NM,2008-06-01,1.1,0.10436001532424286,NA,FALSE,35
NM,2008-07-01,1.1,0.10436001532424286,NA,FALSE,35
NM,2008-08-01,1.2,0.1906203596086497,NA,FALSE,35
NM,2008-09-01,1.3,0.2700271372130602,NA,FALSE,35
NM,2008-10-01,1.4,0.34358970439007686,NA,FALSE,35
NM,2008-11-01,1.5,0.412109650826833,NA,FALSE,35
NM,2008-12-01,1.6,0.4762341789963717,NA,FALSE,35
NM,2009-01-01,1.8,0.5933268452777344,NA,FALSE,35
NM,2009-02-01,1.9,0.6471032420585384,NA,FALSE,35
NM,2009-03-01,2,0.6981347220709843,NA,FALSE,35
NM,2009-04-01,2.2,0.7929925155296614,NA,FALSE,35
NM,2009-05-01,2.2,0.7929925155296614,NA,FALSE,35
NM,2009-06-01,2.3,0.837247524533702,NA,FALSE,35
NM,2009-07-01,2.5,0.9202827531436923,NA,FALSE,35
NM,2009-08-01,2.6,0.959350221334602,NA,FALSE,35
NM,2009-09-01,2.7,0.9969486348916096,NA,FALSE,35
NM,2009-10-01,3,1.1019400787607845,NA,FALSE,35
NM,2009-11-01,3,1.1019400787607845,NA,FALSE,35
NM,2009-12-01,3,1.1019400787607845,NA,FALSE,35
NM,2010-01-01,3.1,1.1346227261911428,NA,FALSE,35
NM,2010-02-01,3.2,1.1662709371419244,NA,FALSE,35
NM,2010-03-01,3.1,1.1346227261911428,NA,FALSE,35
NM,2010-04-01,3,1.1019400787607845,NA,FALSE,35
NM,2010-05-01,2.9,1.068153081183401,NA,FALSE,35
NM,2010-06-01,2.7,0.9969486348916096,NA,FALSE,35
NM,2010-07-01,2.8,1.0331844833456545,NA,FALSE,35
NM,2010-08-01,2.9,1.068153081183401,NA,FALSE,35
NM,2010-09-01,2.9,1.068153081183401,NA,FALSE,35
NM,2010-10-01,2.8,1.0331844833456545,NA,FALSE,35
NM,2010-11-01,2.9,1.068153081183401,NA,FALSE,35
NM,2010-12-01,2.9,1.068153081183401,NA,FALSE,35
NM,2011-01-01,2.9,1.068153081183401,NA,FALSE,35
NM,2011-02-01,3.1,1.1346227261911428,NA,FALSE,35
NM,2011-03-01,3,1.1019400787607845,NA,FALSE,35
NM,2011-04-01,2.9,1.068153081183401,NA,FALSE,35
NM,2011-05-01,2.9,1.068153081183401,NA,FALSE,35
NM,2011-06-01,3,1.1019400787607845,NA,FALSE,35
NM,2011-07-01,3,1.1019400787607845,NA,FALSE,35
NM,2011-08-01,3,1.1019400787607845,NA,FALSE,35
NM,2011-09-01,2.9,1.068153081183401,NA,FALSE,35
NM,2011-10-01,2.9,1.068153081183401,NA,FALSE,35
NM,2011-11-01,3,1.1019400787607845,NA,FALSE,35
NM,2011-12-01,3,1.1019400787607845,NA,FALSE,35
NM,2012-01-01,2.9,1.068153081183401,NA,FALSE,35
NM,2012-02-01,3,1.1019400787607845,NA,FALSE,35
NM,2012-03-01,3,1.1019400787607845,NA,FALSE,35
NM,2012-04-01,2.9,1.068153081183401,NA,FALSE,35
NM,2012-05-01,3.1,1.1346227261911428,NA,FALSE,35
NM,2012-06-01,3.1,1.1346227261911428,NA,FALSE,35
NM,2012-07-01,3.2,1.1662709371419244,NA,FALSE,35
NM,2012-08-01,3.1,1.1346227261911428,NA,FALSE,35
NM,2012-09-01,3,1.1019400787607845,NA,FALSE,35
NM,2012-10-01,3.1,1.1346227261911428,NA,FALSE,35
NM,2012-11-01,3,1.1019400787607845,NA,FALSE,35
NM,2012-12-01,2.9,1.068153081183401,NA,FALSE,35
NM,2013-01-01,2.9,1.068153081183401,NA,FALSE,35
NM,2013-02-01,2.7,0.9969486348916096,NA,FALSE,35
NM,2013-03-01,2.7,0.9969486348916096,NA,FALSE,35
NM,2013-04-01,2.8,1.0331844833456545,NA,FALSE,35
NM,2013-05-01,2.6,0.959350221334602,NA,FALSE,35
NM,2013-06-01,2.5,0.9202827531436923,NA,FALSE,35
NM,2013-07-01,2.3,0.837247524533702,NA,FALSE,35
NM,2013-08-01,2.3,0.837247524533702,NA,FALSE,35
NM,2013-09-01,2.3,0.837247524533702,NA,FALSE,35
NM,2013-10-01,2.2,0.7929925155296614,NA,FALSE,35
NM,2013-11-01,2.1,0.7466879474879751,NA,FALSE,35
NM,2013-12-01,2.1,0.7466879474879751,NA,FALSE,35
NM,2014-01-01,2.2,0.7929925155296614,NA,FALSE,35
NM,2014-02-01,2.1,0.7466879474879751,NA,FALSE,35
NM,2014-03-01,2,0.6981347220709843,NA,FALSE,35
NM,2014-04-01,1.9,0.6471032420585384,NA,FALSE,35
NM,2014-05-01,2,0.6981347220709843,NA,FALSE,35
NM,2014-06-01,2,0.6981347220709843,NA,FALSE,35
NM,2014-07-01,2,0.6981347220709843,NA,FALSE,35
NM,2014-08-01,2.1,0.7466879474879751,NA,FALSE,35
NM,2014-09-01,2,0.6981347220709843,NA,FALSE,35
NM,2014-10-01,2.1,0.7466879474879751,NA,FALSE,35
NM,2014-11-01,2.2,0.7929925155296614,NA,FALSE,35
NM,2014-12-01,2.2,0.7929925155296614,NA,FALSE,35
NM,2015-01-01,2.2,0.7929925155296614,NA,FALSE,35
NM,2015-02-01,2.2,0.7929925155296614,NA,FALSE,35
NM,2015-03-01,2,0.6981347220709843,NA,FALSE,35
NM,2015-04-01,1.9,0.6471032420585384,NA,FALSE,35
NM,2015-05-01,2,0.6981347220709843,NA,FALSE,35
NM,2015-06-01,1.9,0.6471032420585384,NA,FALSE,35
NM,2015-07-01,1.8,0.5933268452777344,NA,FALSE,35
NM,2015-08-01,1.8,0.5933268452777344,NA,FALSE,35
NM,2015-09-01,1.7,0.5364933705145685,NA,FALSE,35
NM,2015-10-01,1.6,0.4762341789963717,NA,FALSE,35
NM,2015-11-01,1.6,0.4762341789963717,NA,FALSE,35
NM,2015-12-01,1.7,0.5364933705145685,NA,FALSE,35
NM,2016-01-01,1.8,0.5933268452777344,NA,FALSE,35
NM,2016-02-01,2.1,0.7466879474879751,NA,FALSE,35
NM,2016-03-01,1.7,0.5364933705145685,NA,FALSE,35
NM,2016-04-01,1.6,0.4762341789963717,NA,FALSE,35
NM,2016-05-01,1.6,0.4762341789963717,NA,FALSE,35
NM,2016-06-01,1.6,0.4762341789963717,NA,FALSE,35
NM,2016-07-01,1.6,0.4762341789963717,NA,FALSE,35
NM,2016-08-01,1.6,0.4762341789963717,NA,FALSE,35
NM,2016-09-01,1.5,0.412109650826833,NA,FALSE,35
NM,2016-10-01,1.6,0.4762341789963717,NA,FALSE,35
NM,2016-11-01,1.5,0.412109650826833,NA,FALSE,35
NM,2016-12-01,1.5,0.412109650826833,NA,FALSE,35
NM,2017-01-01,1.6,0.4762341789963717,NA,FALSE,35
NM,2017-02-01,1.6,0.4762341789963717,NA,FALSE,35
NM,2017-03-01,1.5,0.412109650826833,NA,FALSE,35
NM,2017-04-01,1.5,0.412109650826833,NA,FALSE,35
NM,2017-05-01,1.4,0.34358970439007686,NA,FALSE,35
NM,2017-06-01,1.5,0.412109650826833,NA,FALSE,35
NM,2017-07-01,1.5,0.412109650826833,NA,FALSE,35
NM,2017-08-01,1.4,0.34358970439007686,NA,FALSE,35
NM,2017-09-01,1.5,0.412109650826833,NA,FALSE,35
NM,2017-10-01,1.5,0.412109650826833,NA,FALSE,35
NM,2017-11-01,1.4,0.34358970439007686,NA,FALSE,35
NM,2017-12-01,1.4,0.34358970439007686,NA,FALSE,35
NM,2018-01-01,1.3,0.2700271372130602,NA,FALSE,35
NM,2018-02-01,1.3,0.2700271372130602,NA,FALSE,35
NM,2018-03-01,1.2,0.1906203596086497,NA,FALSE,35
NM,2018-04-01,1.1,0.10436001532424286,NA,FALSE,35
NM,2018-05-01,1.1,0.10436001532424286,NA,FALSE,35
NM,2018-06-01,1.1,0.10436001532424286,NA,FALSE,35
NM,2018-07-01,1.1,0.10436001532424286,NA,FALSE,35
NM,2018-08-01,1.1,0.10436001532424286,NA,FALSE,35
NM,2018-09-01,1.1,0.10436001532424286,NA,FALSE,35
NM,2018-10-01,1,0.00995033085316809,NA,FALSE,35
NM,2018-11-01,1,0.00995033085316809,NA,FALSE,35
NM,2018-12-01,1.1,0.10436001532424286,NA,FALSE,35
NM,2019-01-01,1.1,0.10436001532424286,NA,FALSE,35
NM,2019-02-01,1.1,0.10436001532424286,NA,FALSE,35
NM,2019-03-01,1.1,0.10436001532424286,NA,FALSE,35
NM,2019-04-01,1,0.00995033085316809,NA,FALSE,35
NM,2019-05-01,0.9,-0.09431067947124128,NA,FALSE,35
NM,2019-06-01,0.9,-0.09431067947124128,NA,FALSE,35
NM,2019-07-01,0.9,-0.09431067947124128,NA,FALSE,35
NM,2019-08-01,0.9,-0.09431067947124128,NA,FALSE,35
NM,2019-09-01,0.9,-0.09431067947124128,NA,FALSE,35
NM,2019-10-01,0.9,-0.09431067947124128,NA,FALSE,35
NM,2019-11-01,0.9,-0.09431067947124128,NA,FALSE,35
NM,2019-12-01,0.8,-0.2107210313156525,NA,FALSE,35
NM,2020-01-01,1,0.00995033085316809,NA,FALSE,35
NM,2020-02-01,0.9,-0.09431067947124128,NA,FALSE,35
NM,2020-03-01,0.9,-0.09431067947124128,NA,FALSE,35
NM,2020-04-01,0.8,-0.2107210313156525,NA,FALSE,35
NM,2020-05-01,0.8,-0.2107210313156525,NA,FALSE,35
NM,2020-06-01,0.7,-0.342490308946776,NA,FALSE,35
NM,2020-07-01,0.8,-0.2107210313156525,NA,FALSE,35
NM,2020-08-01,0.8,-0.2107210313156525,NA,FALSE,35
NM,2020-09-01,0.8,-0.2107210313156525,NA,FALSE,35
NM,2020-10-01,0.7,-0.342490308946776,NA,FALSE,35
NM,2020-11-01,0.7,-0.342490308946776,NA,FALSE,35
NM,2020-12-01,0.8,-0.2107210313156525,NA,FALSE,35
NM,2021-01-01,0.8,-0.2107210313156525,NA,FALSE,35
NM,2021-02-01,0.7,-0.342490308946776,NA,FALSE,35
NM,2021-03-01,0.6,-0.4942963218147801,NA,FALSE,35
NM,2021-04-01,0.7,-0.342490308946776,NA,FALSE,35
NM,2021-05-01,0.6,-0.4942963218147801,NA,FALSE,35
NM,2021-06-01,0.5,-0.6733445532637656,NA,FALSE,35
NM,2021-07-01,0.5,-0.6733445532637656,NA,FALSE,35
NM,2021-08-01,0.6,-0.4942963218147801,NA,FALSE,35
NM,2021-09-01,0.5,-0.6733445532637656,NA,FALSE,35
NM,2021-10-01,0.6,-0.4942963218147801,NA,FALSE,35
NM,2021-11-01,0.6,-0.4942963218147801,NA,FALSE,35
NM,2021-12-01,0.7,-0.342490308946776,NA,FALSE,35
NM,2022-01-01,0.7,-0.342490308946776,NA,FALSE,35
NM,2022-02-01,0.6,-0.4942963218147801,NA,FALSE,35
NM,2022-03-01,0.6,-0.4942963218147801,NA,FALSE,35
NM,2022-04-01,0.6,-0.4942963218147801,NA,FALSE,35
NM,2022-05-01,0.6,-0.4942963218147801,NA,FALSE,35
NM,2022-06-01,0.6,-0.4942963218147801,NA,FALSE,35
NM,2022-07-01,0.6,-0.4942963218147801,NA,FALSE,35
NM,2022-08-01,0.7,-0.342490308946776,NA,FALSE,35
NM,2022-09-01,0.7,-0.342490308946776,NA,FALSE,35
NM,2022-10-01,0.7,-0.342490308946776,NA,FALSE,35
NM,2022-11-01,0.8,-0.2107210313156525,NA,FALSE,35
NM,2022-12-01,0.8,-0.2107210313156525,NA,FALSE,35
NM,2023-01-01,0.8,-0.2107210313156525,NA,FALSE,35
NM,2023-02-01,0.7,-0.342490308946776,NA,FALSE,35
NM,2023-03-01,0.7,-0.342490308946776,NA,FALSE,35
NM,2023-04-01,0.7,-0.342490308946776,NA,FALSE,35
NM,2023-05-01,0.6,-0.4942963218147801,NA,FALSE,35
NM,2023-06-01,0.6,-0.4942963218147801,NA,FALSE,35
NM,2023-07-01,0.6,-0.4942963218147801,NA,FALSE,35
NM,2023-08-01,0.6,-0.4942963218147801,NA,FALSE,35
NM,2023-09-01,0.6,-0.4942963218147801,NA,FALSE,35
NM,2023-10-01,0.6,-0.4942963218147801,NA,FALSE,35
NM,2023-11-01,0.6,-0.4942963218147801,NA,FALSE,35
NM,2023-12-01,0.8,-0.2107210313156525,NA,FALSE,35
NM,2024-01-01,0.8,-0.2107210313156525,NA,FALSE,35
NM,2024-02-01,0.7,-0.342490308946776,NA,FALSE,35
NM,2024-03-01,0.7,-0.342490308946776,NA,FALSE,35
NM,2024-04-01,0.6,-0.4942963218147801,NA,FALSE,35
NM,2024-05-01,0.7,-0.342490308946776,NA,FALSE,35
NM,2024-06-01,0.7,-0.342490308946776,NA,FALSE,35
NM,2024-07-01,0.7,-0.342490308946776,NA,FALSE,35
NM,2024-08-01,0.7,-0.342490308946776,NA,FALSE,35
NM,2024-09-01,0.9,-0.09431067947124128,NA,FALSE,35
NM,2024-10-01,0.8,-0.2107210313156525,NA,FALSE,35
NM,2024-11-01,0.8,-0.2107210313156525,NA,FALSE,35
NM,2024-12-01,0.8,-0.2107210313156525,NA,FALSE,35
NM,2025-01-01,1,0.00995033085316809,NA,FALSE,35
NM,2025-02-01,0.8,-0.2107210313156525,NA,FALSE,35
NM,2025-03-01,0.8,-0.2107210313156525,NA,FALSE,35
NY,2008-01-01,1.2,0.1906203596086497,2022-01-01,TRUE,36
NY,2008-02-01,1.2,0.1906203596086497,2022-01-01,TRUE,36
NY,2008-03-01,1.2,0.1906203596086497,2022-01-01,TRUE,36
NY,2008-04-01,1.2,0.1906203596086497,2022-01-01,TRUE,36
NY,2008-05-01,1.3,0.2700271372130602,2022-01-01,TRUE,36
NY,2008-06-01,1.4,0.34358970439007686,2022-01-01,TRUE,36
NY,2008-07-01,1.5,0.412109650826833,2022-01-01,TRUE,36
NY,2008-08-01,1.5,0.412109650826833,2022-01-01,TRUE,36
NY,2008-09-01,1.6,0.4762341789963717,2022-01-01,TRUE,36
NY,2008-10-01,1.9,0.6471032420585384,2022-01-01,TRUE,36
NY,2008-11-01,2.1,0.7466879474879751,2022-01-01,TRUE,36
NY,2008-12-01,2.3,0.837247524533702,2022-01-01,TRUE,36
NY,2009-01-01,2.5,0.9202827531436923,2022-01-01,TRUE,36
NY,2009-02-01,2.7,0.9969486348916096,2022-01-01,TRUE,36
NY,2009-03-01,2.9,1.068153081183401,2022-01-01,TRUE,36
NY,2009-04-01,3,1.1019400787607845,2022-01-01,TRUE,36
NY,2009-05-01,3.1,1.1346227261911428,2022-01-01,TRUE,36
NY,2009-06-01,3.2,1.1662709371419244,2022-01-01,TRUE,36
NY,2009-07-01,3.4,1.2267122912954254,2022-01-01,TRUE,36
NY,2009-08-01,3.6,1.2837077723447896,2022-01-01,TRUE,36
NY,2009-09-01,3.9,1.3635373739972745,2022-01-01,TRUE,36
NY,2009-10-01,4.1,1.413423028508143,2022-01-01,TRUE,36
NY,2009-11-01,4.2,1.43746264769429,2022-01-01,TRUE,36
NY,2009-12-01,4.2,1.43746264769429,2022-01-01,TRUE,36
NY,2010-01-01,4.4,1.483874689458755,2022-01-01,TRUE,36
NY,2010-02-01,4.5,1.506297153514587,2022-01-01,TRUE,36
NY,2010-03-01,4.5,1.506297153514587,2022-01-01,TRUE,36
NY,2010-04-01,4.4,1.483874689458755,2022-01-01,TRUE,36
NY,2010-05-01,4.4,1.483874689458755,2022-01-01,TRUE,36
NY,2010-06-01,4.4,1.483874689458755,2022-01-01,TRUE,36
NY,2010-07-01,4.3,1.4609379041156565,2022-01-01,TRUE,36
NY,2010-08-01,4.2,1.43746264769429,2022-01-01,TRUE,36
NY,2010-09-01,4.2,1.43746264769429,2022-01-01,TRUE,36
NY,2010-10-01,4.3,1.4609379041156565,2022-01-01,TRUE,36
NY,2010-11-01,4.3,1.4609379041156565,2022-01-01,TRUE,36
NY,2010-12-01,4.3,1.4609379041156565,2022-01-01,TRUE,36
NY,2011-01-01,4.5,1.506297153514587,2022-01-01,TRUE,36
NY,2011-02-01,4.6,1.528227857008557,2022-01-01,TRUE,36
NY,2011-03-01,4.5,1.506297153514587,2022-01-01,TRUE,36
NY,2011-04-01,4.4,1.483874689458755,2022-01-01,TRUE,36
NY,2011-05-01,4.4,1.483874689458755,2022-01-01,TRUE,36
NY,2011-06-01,4.4,1.483874689458755,2022-01-01,TRUE,36
NY,2011-07-01,4.4,1.483874689458755,2022-01-01,TRUE,36
NY,2011-08-01,4.4,1.483874689458755,2022-01-01,TRUE,36
NY,2011-09-01,4.5,1.506297153514587,2022-01-01,TRUE,36
NY,2011-10-01,4.5,1.506297153514587,2022-01-01,TRUE,36
NY,2011-11-01,4.6,1.528227857008557,2022-01-01,TRUE,36
NY,2011-12-01,4.7,1.5496879080283263,2022-01-01,TRUE,36
NY,2012-01-01,4.8,1.5706970841176695,2022-01-01,TRUE,36
NY,2012-02-01,4.8,1.5706970841176695,2022-01-01,TRUE,36
NY,2012-03-01,4.7,1.5496879080283263,2022-01-01,TRUE,36
NY,2012-04-01,4.6,1.528227857008557,2022-01-01,TRUE,36
NY,2012-05-01,4.6,1.528227857008557,2022-01-01,TRUE,36
NY,2012-06-01,4.6,1.528227857008557,2022-01-01,TRUE,36
NY,2012-07-01,4.6,1.528227857008557,2022-01-01,TRUE,36
NY,2012-08-01,4.5,1.506297153514587,2022-01-01,TRUE,36
NY,2012-09-01,4.5,1.506297153514587,2022-01-01,TRUE,36
NY,2012-10-01,4.4,1.483874689458755,2022-01-01,TRUE,36
NY,2012-11-01,4.2,1.43746264769429,2022-01-01,TRUE,36
NY,2012-12-01,4.2,1.43746264769429,2022-01-01,TRUE,36
NY,2013-01-01,4.2,1.43746264769429,2022-01-01,TRUE,36
NY,2013-02-01,4.1,1.413423028508143,2022-01-01,TRUE,36
NY,2013-03-01,4.2,1.43746264769429,2022-01-01,TRUE,36
NY,2013-04-01,4.1,1.413423028508143,2022-01-01,TRUE,36
NY,2013-05-01,4.2,1.43746264769429,2022-01-01,TRUE,36
NY,2013-06-01,4.2,1.43746264769429,2022-01-01,TRUE,36
NY,2013-07-01,3.9,1.3635373739972745,2022-01-01,TRUE,36
NY,2013-08-01,3.8,1.3376291891386094,2022-01-01,TRUE,36
NY,2013-09-01,3.8,1.3376291891386094,2022-01-01,TRUE,36
NY,2013-10-01,3.7,1.3110318766193438,2022-01-01,TRUE,36
NY,2013-11-01,3.9,1.3635373739972745,2022-01-01,TRUE,36
NY,2013-12-01,3.9,1.3635373739972745,2022-01-01,TRUE,36
NY,2014-01-01,3.8,1.3376291891386094,2022-01-01,TRUE,36
NY,2014-02-01,3.7,1.3110318766193438,2022-01-01,TRUE,36
NY,2014-03-01,3.5,1.2556160374777745,2022-01-01,TRUE,36
NY,2014-04-01,3.5,1.2556160374777745,2022-01-01,TRUE,36
NY,2014-05-01,3.6,1.2837077723447896,2022-01-01,TRUE,36
NY,2014-06-01,3.6,1.2837077723447896,2022-01-01,TRUE,36
NY,2014-07-01,3.5,1.2556160374777745,2022-01-01,TRUE,36
NY,2014-08-01,3.6,1.2837077723447896,2022-01-01,TRUE,36
NY,2014-09-01,3.6,1.2837077723447896,2022-01-01,TRUE,36
NY,2014-10-01,3.4,1.2267122912954254,2022-01-01,TRUE,36
NY,2014-11-01,3.4,1.2267122912954254,2022-01-01,TRUE,36
NY,2014-12-01,3.4,1.2267122912954254,2022-01-01,TRUE,36
NY,2015-01-01,3.4,1.2267122912954254,2022-01-01,TRUE,36
NY,2015-02-01,3.3,1.1969481893889715,2022-01-01,TRUE,36
NY,2015-03-01,3.2,1.1662709371419244,2022-01-01,TRUE,36
NY,2015-04-01,3.1,1.1346227261911428,2022-01-01,TRUE,36
NY,2015-05-01,3.1,1.1346227261911428,2022-01-01,TRUE,36
NY,2015-06-01,3.1,1.1346227261911428,2022-01-01,TRUE,36
NY,2015-07-01,3,1.1019400787607845,2022-01-01,TRUE,36
NY,2015-08-01,2.9,1.068153081183401,2022-01-01,TRUE,36
NY,2015-09-01,2.8,1.0331844833456545,2022-01-01,TRUE,36
NY,2015-10-01,2.8,1.0331844833456545,2022-01-01,TRUE,36
NY,2015-11-01,2.7,0.9969486348916096,2022-01-01,TRUE,36
NY,2015-12-01,2.6,0.959350221334602,2022-01-01,TRUE,36
NY,2016-01-01,2.6,0.959350221334602,2022-01-01,TRUE,36
NY,2016-02-01,2.9,1.068153081183401,2022-01-01,TRUE,36
NY,2016-03-01,2.6,0.959350221334602,2022-01-01,TRUE,36
NY,2016-04-01,2.4,0.8796267475025635,2022-01-01,TRUE,36
NY,2016-05-01,2.3,0.837247524533702,2022-01-01,TRUE,36
NY,2016-06-01,2.3,0.837247524533702,2022-01-01,TRUE,36
NY,2016-07-01,2.3,0.837247524533702,2022-01-01,TRUE,36
NY,2016-08-01,2.3,0.837247524533702,2022-01-01,TRUE,36
NY,2016-09-01,2.2,0.7929925155296614,2022-01-01,TRUE,36
NY,2016-10-01,2.2,0.7929925155296614,2022-01-01,TRUE,36
NY,2016-11-01,2.2,0.7929925155296614,2022-01-01,TRUE,36
NY,2016-12-01,2.2,0.7929925155296614,2022-01-01,TRUE,36
NY,2017-01-01,2.2,0.7929925155296614,2022-01-01,TRUE,36
NY,2017-02-01,2.1,0.7466879474879751,2022-01-01,TRUE,36
NY,2017-03-01,2.1,0.7466879474879751,2022-01-01,TRUE,36
NY,2017-04-01,1.9,0.6471032420585384,2022-01-01,TRUE,36
NY,2017-05-01,1.9,0.6471032420585384,2022-01-01,TRUE,36
NY,2017-06-01,1.9,0.6471032420585384,2022-01-01,TRUE,36
NY,2017-07-01,1.8,0.5933268452777344,2022-01-01,TRUE,36
NY,2017-08-01,1.8,0.5933268452777344,2022-01-01,TRUE,36
NY,2017-09-01,1.8,0.5933268452777344,2022-01-01,TRUE,36
NY,2017-10-01,1.8,0.5933268452777344,2022-01-01,TRUE,36
NY,2017-11-01,1.8,0.5933268452777344,2022-01-01,TRUE,36
NY,2017-12-01,1.8,0.5933268452777344,2022-01-01,TRUE,36
NY,2018-01-01,1.7,0.5364933705145685,2022-01-01,TRUE,36
NY,2018-02-01,1.7,0.5364933705145685,2022-01-01,TRUE,36
NY,2018-03-01,1.6,0.4762341789963717,2022-01-01,TRUE,36
NY,2018-04-01,1.5,0.412109650826833,2022-01-01,TRUE,36
NY,2018-05-01,1.5,0.412109650826833,2022-01-01,TRUE,36
NY,2018-06-01,1.5,0.412109650826833,2022-01-01,TRUE,36
NY,2018-07-01,1.4,0.34358970439007686,2022-01-01,TRUE,36
NY,2018-08-01,1.4,0.34358970439007686,2022-01-01,TRUE,36
NY,2018-09-01,1.4,0.34358970439007686,2022-01-01,TRUE,36
NY,2018-10-01,1.4,0.34358970439007686,2022-01-01,TRUE,36
NY,2018-11-01,1.4,0.34358970439007686,2022-01-01,TRUE,36
NY,2018-12-01,1.4,0.34358970439007686,2022-01-01,TRUE,36
NY,2019-01-01,1.4,0.34358970439007686,2022-01-01,TRUE,36
NY,2019-02-01,1.3,0.2700271372130602,2022-01-01,TRUE,36
NY,2019-03-01,1.3,0.2700271372130602,2022-01-01,TRUE,36
NY,2019-04-01,1.2,0.1906203596086497,2022-01-01,TRUE,36
NY,2019-05-01,1.2,0.1906203596086497,2022-01-01,TRUE,36
NY,2019-06-01,1.2,0.1906203596086497,2022-01-01,TRUE,36
NY,2019-07-01,1.1,0.10436001532424286,2022-01-01,TRUE,36
NY,2019-08-01,1.2,0.1906203596086497,2022-01-01,TRUE,36
NY,2019-09-01,1.2,0.1906203596086497,2022-01-01,TRUE,36
NY,2019-10-01,1.2,0.1906203596086497,2022-01-01,TRUE,36
NY,2019-11-01,1.2,0.1906203596086497,2022-01-01,TRUE,36
NY,2019-12-01,1.3,0.2700271372130602,2022-01-01,TRUE,36
NY,2020-01-01,1.3,0.2700271372130602,2022-01-01,TRUE,36
NY,2020-02-01,1.3,0.2700271372130602,2022-01-01,TRUE,36
NY,2020-03-01,1.2,0.1906203596086497,2022-01-01,TRUE,36
NY,2020-04-01,1.1,0.10436001532424286,2022-01-01,TRUE,36
NY,2020-05-01,1.1,0.10436001532424286,2022-01-01,TRUE,36
NY,2020-06-01,1,0.00995033085316809,2022-01-01,TRUE,36
NY,2020-07-01,1,0.00995033085316809,2022-01-01,TRUE,36
NY,2020-08-01,1.1,0.10436001532424286,2022-01-01,TRUE,36
NY,2020-09-01,1,0.00995033085316809,2022-01-01,TRUE,36
NY,2020-10-01,1,0.00995033085316809,2022-01-01,TRUE,36
NY,2020-11-01,0.9,-0.09431067947124128,2022-01-01,TRUE,36
NY,2020-12-01,0.9,-0.09431067947124128,2022-01-01,TRUE,36
NY,2021-01-01,0.9,-0.09431067947124128,2022-01-01,TRUE,36
NY,2021-02-01,0.9,-0.09431067947124128,2022-01-01,TRUE,36
NY,2021-03-01,0.9,-0.09431067947124128,2022-01-01,TRUE,36
NY,2021-04-01,0.9,-0.09431067947124128,2022-01-01,TRUE,36
NY,2021-05-01,0.8,-0.2107210313156525,2022-01-01,TRUE,36
NY,2021-06-01,0.8,-0.2107210313156525,2022-01-01,TRUE,36
NY,2021-07-01,0.8,-0.2107210313156525,2022-01-01,TRUE,36
NY,2021-08-01,0.8,-0.2107210313156525,2022-01-01,TRUE,36
NY,2021-09-01,0.8,-0.2107210313156525,2022-01-01,TRUE,36
NY,2021-10-01,0.8,-0.2107210313156525,2022-01-01,TRUE,36
NY,2021-11-01,0.7,-0.342490308946776,2022-01-01,TRUE,36
NY,2021-12-01,0.8,-0.2107210313156525,2022-01-01,TRUE,36
NY,2022-01-01,0.8,-0.2107210313156525,2022-01-01,TRUE,36
NY,2022-02-01,0.8,-0.2107210313156525,2022-01-01,TRUE,36
NY,2022-03-01,0.8,-0.2107210313156525,2022-01-01,TRUE,36
NY,2022-04-01,0.8,-0.2107210313156525,2022-01-01,TRUE,36
NY,2022-05-01,0.8,-0.2107210313156525,2022-01-01,TRUE,36
NY,2022-06-01,0.8,-0.2107210313156525,2022-01-01,TRUE,36
NY,2022-07-01,0.8,-0.2107210313156525,2022-01-01,TRUE,36
NY,2022-08-01,0.8,-0.2107210313156525,2022-01-01,TRUE,36
NY,2022-09-01,0.8,-0.2107210313156525,2022-01-01,TRUE,36
NY,2022-10-01,0.8,-0.2107210313156525,2022-01-01,TRUE,36
NY,2022-11-01,0.8,-0.2107210313156525,2022-01-01,TRUE,36
NY,2022-12-01,0.8,-0.2107210313156525,2022-01-01,TRUE,36
NY,2023-01-01,0.9,-0.09431067947124128,2022-01-01,TRUE,36
NY,2023-02-01,0.8,-0.2107210313156525,2022-01-01,TRUE,36
NY,2023-03-01,0.8,-0.2107210313156525,2022-01-01,TRUE,36
NY,2023-04-01,0.8,-0.2107210313156525,2022-01-01,TRUE,36
NY,2023-05-01,0.7,-0.342490308946776,2022-01-01,TRUE,36
NY,2023-06-01,0.7,-0.342490308946776,2022-01-01,TRUE,36
NY,2023-07-01,0.8,-0.2107210313156525,2022-01-01,TRUE,36
NY,2023-08-01,0.8,-0.2107210313156525,2022-01-01,TRUE,36
NY,2023-09-01,0.8,-0.2107210313156525,2022-01-01,TRUE,36
NY,2023-10-01,0.7,-0.342490308946776,2022-01-01,TRUE,36
NY,2023-11-01,0.7,-0.342490308946776,2022-01-01,TRUE,36
NY,2023-12-01,0.8,-0.2107210313156525,2022-01-01,TRUE,36
NY,2024-01-01,0.9,-0.09431067947124128,2022-01-01,TRUE,36
NY,2024-02-01,0.9,-0.09431067947124128,2022-01-01,TRUE,36
NY,2024-03-01,0.8,-0.2107210313156525,2022-01-01,TRUE,36
NY,2024-04-01,0.9,-0.09431067947124128,2022-01-01,TRUE,36
NY,2024-05-01,0.9,-0.09431067947124128,2022-01-01,TRUE,36
NY,2024-06-01,0.8,-0.2107210313156525,2022-01-01,TRUE,36
NY,2024-07-01,0.9,-0.09431067947124128,2022-01-01,TRUE,36
NY,2024-08-01,0.9,-0.09431067947124128,2022-01-01,TRUE,36
NY,2024-09-01,0.9,-0.09431067947124128,2022-01-01,TRUE,36
NY,2024-10-01,0.9,-0.09431067947124128,2022-01-01,TRUE,36
NY,2024-11-01,0.9,-0.09431067947124128,2022-01-01,TRUE,36
NY,2024-12-01,0.9,-0.09431067947124128,2022-01-01,TRUE,36
NY,2025-01-01,1,0.00995033085316809,2022-01-01,TRUE,36
NY,2025-02-01,1,0.00995033085316809,2022-01-01,TRUE,36
NY,2025-03-01,0.9,-0.09431067947124128,2022-01-01,TRUE,36
NC,2008-01-01,1.3,0.2700271372130602,NA,FALSE,37
NC,2008-02-01,1.3,0.2700271372130602,NA,FALSE,37
NC,2008-03-01,1.2,0.1906203596086497,NA,FALSE,37
NC,2008-04-01,1.2,0.1906203596086497,NA,FALSE,37
NC,2008-05-01,1.2,0.1906203596086497,NA,FALSE,37
NC,2008-06-01,1.3,0.2700271372130602,NA,FALSE,37
NC,2008-07-01,1.3,0.2700271372130602,NA,FALSE,37
NC,2008-08-01,1.4,0.34358970439007686,NA,FALSE,37
NC,2008-09-01,1.4,0.34358970439007686,NA,FALSE,37
NC,2008-10-01,1.6,0.4762341789963717,NA,FALSE,37
NC,2008-11-01,1.7,0.5364933705145685,NA,FALSE,37
NC,2008-12-01,1.9,0.6471032420585384,NA,FALSE,37
NC,2009-01-01,2.2,0.7929925155296614,NA,FALSE,37
NC,2009-02-01,2.3,0.837247524533702,NA,FALSE,37
NC,2009-03-01,2.4,0.8796267475025635,NA,FALSE,37
NC,2009-04-01,2.5,0.9202827531436923,NA,FALSE,37
NC,2009-05-01,2.7,0.9969486348916096,NA,FALSE,37
NC,2009-06-01,2.9,1.068153081183401,NA,FALSE,37
NC,2009-07-01,2.9,1.068153081183401,NA,FALSE,37
NC,2009-08-01,3.1,1.1346227261911428,NA,FALSE,37
NC,2009-09-01,3.3,1.1969481893889715,NA,FALSE,37
NC,2009-10-01,3.5,1.2556160374777745,NA,FALSE,37
NC,2009-11-01,3.7,1.3110318766193438,NA,FALSE,37
NC,2009-12-01,3.8,1.3376291891386094,NA,FALSE,37
NC,2010-01-01,3.9,1.3635373739972745,NA,FALSE,37
NC,2010-02-01,3.9,1.3635373739972745,NA,FALSE,37
NC,2010-03-01,3.8,1.3376291891386094,NA,FALSE,37
NC,2010-04-01,3.7,1.3110318766193438,NA,FALSE,37
NC,2010-05-01,3.6,1.2837077723447896,NA,FALSE,37
NC,2010-06-01,3.6,1.2837077723447896,NA,FALSE,37
NC,2010-07-01,3.5,1.2556160374777745,NA,FALSE,37
NC,2010-08-01,3.4,1.2267122912954254,NA,FALSE,37
NC,2010-09-01,3.4,1.2267122912954254,NA,FALSE,37
NC,2010-10-01,3.4,1.2267122912954254,NA,FALSE,37
NC,2010-11-01,3.3,1.1969481893889715,NA,FALSE,37
NC,2010-12-01,3.3,1.1969481893889715,NA,FALSE,37
NC,2011-01-01,3.4,1.2267122912954254,NA,FALSE,37
NC,2011-02-01,3.3,1.1969481893889715,NA,FALSE,37
NC,2011-03-01,3.2,1.1662709371419244,NA,FALSE,37
NC,2011-04-01,3.1,1.1346227261911428,NA,FALSE,37
NC,2011-05-01,3.2,1.1662709371419244,NA,FALSE,37
NC,2011-06-01,3.1,1.1346227261911428,NA,FALSE,37
NC,2011-07-01,3.2,1.1662709371419244,NA,FALSE,37
NC,2011-08-01,3.2,1.1662709371419244,NA,FALSE,37
NC,2011-09-01,3.3,1.1969481893889715,NA,FALSE,37
NC,2011-10-01,3.3,1.1969481893889715,NA,FALSE,37
NC,2011-11-01,3.4,1.2267122912954254,NA,FALSE,37
NC,2011-12-01,3.4,1.2267122912954254,NA,FALSE,37
NC,2012-01-01,3.5,1.2556160374777745,NA,FALSE,37
NC,2012-02-01,3.4,1.2267122912954254,NA,FALSE,37
NC,2012-03-01,3.2,1.1662709371419244,NA,FALSE,37
NC,2012-04-01,3.2,1.1662709371419244,NA,FALSE,37
NC,2012-05-01,3.3,1.1969481893889715,NA,FALSE,37
NC,2012-06-01,3.3,1.1969481893889715,NA,FALSE,37
NC,2012-07-01,3.3,1.1969481893889715,NA,FALSE,37
NC,2012-08-01,3.2,1.1662709371419244,NA,FALSE,37
NC,2012-09-01,3.2,1.1662709371419244,NA,FALSE,37
NC,2012-10-01,3.2,1.1662709371419244,NA,FALSE,37
NC,2012-11-01,3.2,1.1662709371419244,NA,FALSE,37
NC,2012-12-01,3.1,1.1346227261911428,NA,FALSE,37
NC,2013-01-01,3.1,1.1346227261911428,NA,FALSE,37
NC,2013-02-01,3,1.1019400787607845,NA,FALSE,37
NC,2013-03-01,2.9,1.068153081183401,NA,FALSE,37
NC,2013-04-01,2.8,1.0331844833456545,NA,FALSE,37
NC,2013-05-01,2.6,0.959350221334602,NA,FALSE,37
NC,2013-06-01,2.5,0.9202827531436923,NA,FALSE,37
NC,2013-07-01,2.4,0.8796267475025635,NA,FALSE,37
NC,2013-08-01,2.3,0.837247524533702,NA,FALSE,37
NC,2013-09-01,2.2,0.7929925155296614,NA,FALSE,37
NC,2013-10-01,2.3,0.837247524533702,NA,FALSE,37
NC,2013-11-01,2.3,0.837247524533702,NA,FALSE,37
NC,2013-12-01,2.4,0.8796267475025635,NA,FALSE,37
NC,2014-01-01,2.4,0.8796267475025635,NA,FALSE,37
NC,2014-02-01,2.3,0.837247524533702,NA,FALSE,37
NC,2014-03-01,2.2,0.7929925155296614,NA,FALSE,37
NC,2014-04-01,2.1,0.7466879474879751,NA,FALSE,37
NC,2014-05-01,2.2,0.7929925155296614,NA,FALSE,37
NC,2014-06-01,2.1,0.7466879474879751,NA,FALSE,37
NC,2014-07-01,2,0.6981347220709843,NA,FALSE,37
NC,2014-08-01,2,0.6981347220709843,NA,FALSE,37
NC,2014-09-01,2,0.6981347220709843,NA,FALSE,37
NC,2014-10-01,2,0.6981347220709843,NA,FALSE,37
NC,2014-11-01,2.1,0.7466879474879751,NA,FALSE,37
NC,2014-12-01,2.2,0.7929925155296614,NA,FALSE,37
NC,2015-01-01,2.2,0.7929925155296614,NA,FALSE,37
NC,2015-02-01,2,0.6981347220709843,NA,FALSE,37
NC,2015-03-01,1.9,0.6471032420585384,NA,FALSE,37
NC,2015-04-01,1.8,0.5933268452777344,NA,FALSE,37
NC,2015-05-01,1.8,0.5933268452777344,NA,FALSE,37
NC,2015-06-01,1.8,0.5933268452777344,NA,FALSE,37
NC,2015-07-01,1.8,0.5933268452777344,NA,FALSE,37
NC,2015-08-01,1.7,0.5364933705145685,NA,FALSE,37
NC,2015-09-01,1.7,0.5364933705145685,NA,FALSE,37
NC,2015-10-01,1.7,0.5364933705145685,NA,FALSE,37
NC,2015-11-01,1.7,0.5364933705145685,NA,FALSE,37
NC,2015-12-01,1.7,0.5364933705145685,NA,FALSE,37
NC,2016-01-01,1.7,0.5364933705145685,NA,FALSE,37
NC,2016-02-01,1.8,0.5933268452777344,NA,FALSE,37
NC,2016-03-01,1.6,0.4762341789963717,NA,FALSE,37
NC,2016-04-01,1.5,0.412109650826833,NA,FALSE,37
NC,2016-05-01,1.5,0.412109650826833,NA,FALSE,37
NC,2016-06-01,1.4,0.34358970439007686,NA,FALSE,37
NC,2016-07-01,1.4,0.34358970439007686,NA,FALSE,37
NC,2016-08-01,1.4,0.34358970439007686,NA,FALSE,37
NC,2016-09-01,1.4,0.34358970439007686,NA,FALSE,37
NC,2016-10-01,1.4,0.34358970439007686,NA,FALSE,37
NC,2016-11-01,1.3,0.2700271372130602,NA,FALSE,37
NC,2016-12-01,1.4,0.34358970439007686,NA,FALSE,37
NC,2017-01-01,1.5,0.412109650826833,NA,FALSE,37
NC,2017-02-01,1.5,0.412109650826833,NA,FALSE,37
NC,2017-03-01,1.4,0.34358970439007686,NA,FALSE,37
NC,2017-04-01,1.3,0.2700271372130602,NA,FALSE,37
NC,2017-05-01,1.2,0.1906203596086497,NA,FALSE,37
NC,2017-06-01,1.3,0.2700271372130602,NA,FALSE,37
NC,2017-07-01,1.3,0.2700271372130602,NA,FALSE,37
NC,2017-08-01,1.3,0.2700271372130602,NA,FALSE,37
NC,2017-09-01,1.3,0.2700271372130602,NA,FALSE,37
NC,2017-10-01,1.3,0.2700271372130602,NA,FALSE,37
NC,2017-11-01,1.3,0.2700271372130602,NA,FALSE,37
NC,2017-12-01,1.3,0.2700271372130602,NA,FALSE,37
NC,2018-01-01,1.3,0.2700271372130602,NA,FALSE,37
NC,2018-02-01,1.2,0.1906203596086497,NA,FALSE,37
NC,2018-03-01,1.2,0.1906203596086497,NA,FALSE,37
NC,2018-04-01,1.1,0.10436001532424286,NA,FALSE,37
NC,2018-05-01,1,0.00995033085316809,NA,FALSE,37
NC,2018-06-01,1,0.00995033085316809,NA,FALSE,37
NC,2018-07-01,1,0.00995033085316809,NA,FALSE,37
NC,2018-08-01,1,0.00995033085316809,NA,FALSE,37
NC,2018-09-01,1,0.00995033085316809,NA,FALSE,37
NC,2018-10-01,1,0.00995033085316809,NA,FALSE,37
NC,2018-11-01,1,0.00995033085316809,NA,FALSE,37
NC,2018-12-01,1,0.00995033085316809,NA,FALSE,37
NC,2019-01-01,1.1,0.10436001532424286,NA,FALSE,37
NC,2019-02-01,1.1,0.10436001532424286,NA,FALSE,37
NC,2019-03-01,1,0.00995033085316809,NA,FALSE,37
NC,2019-04-01,0.9,-0.09431067947124128,NA,FALSE,37
NC,2019-05-01,0.9,-0.09431067947124128,NA,FALSE,37
NC,2019-06-01,0.9,-0.09431067947124128,NA,FALSE,37
NC,2019-07-01,1,0.00995033085316809,NA,FALSE,37
NC,2019-08-01,1,0.00995033085316809,NA,FALSE,37
NC,2019-09-01,0.9,-0.09431067947124128,NA,FALSE,37
NC,2019-10-01,1,0.00995033085316809,NA,FALSE,37
NC,2019-11-01,0.9,-0.09431067947124128,NA,FALSE,37
NC,2019-12-01,1,0.00995033085316809,NA,FALSE,37
NC,2020-01-01,1,0.00995033085316809,NA,FALSE,37
NC,2020-02-01,1,0.00995033085316809,NA,FALSE,37
NC,2020-03-01,0.9,-0.09431067947124128,NA,FALSE,37
NC,2020-04-01,0.8,-0.2107210313156525,NA,FALSE,37
NC,2020-05-01,0.8,-0.2107210313156525,NA,FALSE,37
NC,2020-06-01,0.7,-0.342490308946776,NA,FALSE,37
NC,2020-07-01,0.7,-0.342490308946776,NA,FALSE,37
NC,2020-08-01,0.7,-0.342490308946776,NA,FALSE,37
NC,2020-09-01,0.7,-0.342490308946776,NA,FALSE,37
NC,2020-10-01,0.6,-0.4942963218147801,NA,FALSE,37
NC,2020-11-01,0.6,-0.4942963218147801,NA,FALSE,37
NC,2020-12-01,0.6,-0.4942963218147801,NA,FALSE,37
NC,2021-01-01,0.6,-0.4942963218147801,NA,FALSE,37
NC,2021-02-01,0.6,-0.4942963218147801,NA,FALSE,37
NC,2021-03-01,0.6,-0.4942963218147801,NA,FALSE,37
NC,2021-04-01,0.5,-0.6733445532637656,NA,FALSE,37
NC,2021-05-01,0.5,-0.6733445532637656,NA,FALSE,37
NC,2021-06-01,0.5,-0.6733445532637656,NA,FALSE,37
NC,2021-07-01,0.6,-0.4942963218147801,NA,FALSE,37
NC,2021-08-01,0.6,-0.4942963218147801,NA,FALSE,37
NC,2021-09-01,0.6,-0.4942963218147801,NA,FALSE,37
NC,2021-10-01,0.6,-0.4942963218147801,NA,FALSE,37
NC,2021-11-01,0.6,-0.4942963218147801,NA,FALSE,37
NC,2021-12-01,0.6,-0.4942963218147801,NA,FALSE,37
NC,2022-01-01,0.6,-0.4942963218147801,NA,FALSE,37
NC,2022-02-01,0.6,-0.4942963218147801,NA,FALSE,37
NC,2022-03-01,0.6,-0.4942963218147801,NA,FALSE,37
NC,2022-04-01,0.7,-0.342490308946776,NA,FALSE,37
NC,2022-05-01,0.5,-0.6733445532637656,NA,FALSE,37
NC,2022-06-01,0.5,-0.6733445532637656,NA,FALSE,37
NC,2022-07-01,0.5,-0.6733445532637656,NA,FALSE,37
NC,2022-08-01,0.5,-0.6733445532637656,NA,FALSE,37
NC,2022-09-01,0.5,-0.6733445532637656,NA,FALSE,37
NC,2022-10-01,0.5,-0.6733445532637656,NA,FALSE,37
NC,2022-11-01,0.5,-0.6733445532637656,NA,FALSE,37
NC,2022-12-01,0.5,-0.6733445532637656,NA,FALSE,37
NC,2023-01-01,0.5,-0.6733445532637656,NA,FALSE,37
NC,2023-02-01,0.5,-0.6733445532637656,NA,FALSE,37
NC,2023-03-01,0.4,-0.8915981192837835,NA,FALSE,37
NC,2023-04-01,0.4,-0.8915981192837835,NA,FALSE,37
NC,2023-05-01,0.4,-0.8915981192837835,NA,FALSE,37
NC,2023-06-01,0.4,-0.8915981192837835,NA,FALSE,37
NC,2023-07-01,0.4,-0.8915981192837835,NA,FALSE,37
NC,2023-08-01,0.5,-0.6733445532637656,NA,FALSE,37
NC,2023-09-01,0.5,-0.6733445532637656,NA,FALSE,37
NC,2023-10-01,0.5,-0.6733445532637656,NA,FALSE,37
NC,2023-11-01,0.5,-0.6733445532637656,NA,FALSE,37
NC,2023-12-01,0.6,-0.4942963218147801,NA,FALSE,37
NC,2024-01-01,0.6,-0.4942963218147801,NA,FALSE,37
NC,2024-02-01,0.6,-0.4942963218147801,NA,FALSE,37
NC,2024-03-01,0.6,-0.4942963218147801,NA,FALSE,37
NC,2024-04-01,0.5,-0.6733445532637656,NA,FALSE,37
NC,2024-05-01,0.5,-0.6733445532637656,NA,FALSE,37
NC,2024-06-01,0.5,-0.6733445532637656,NA,FALSE,37
NC,2024-07-01,0.6,-0.4942963218147801,NA,FALSE,37
NC,2024-08-01,0.6,-0.4942963218147801,NA,FALSE,37
NC,2024-09-01,0.7,-0.342490308946776,NA,FALSE,37
NC,2024-10-01,0.7,-0.342490308946776,NA,FALSE,37
NC,2024-11-01,0.7,-0.342490308946776,NA,FALSE,37
NC,2024-12-01,0.8,-0.2107210313156525,NA,FALSE,37
NC,2025-01-01,0.9,-0.09431067947124128,NA,FALSE,37
NC,2025-02-01,0.8,-0.2107210313156525,NA,FALSE,37
NC,2025-03-01,0.7,-0.342490308946776,NA,FALSE,37
ND,2008-01-01,0.5,-0.6733445532637656,NA,FALSE,38
ND,2008-02-01,0.4,-0.8915981192837835,NA,FALSE,38
ND,2008-03-01,0.3,-1.171182981502945,NA,FALSE,38
ND,2008-04-01,0.4,-0.8915981192837835,NA,FALSE,38
ND,2008-05-01,0.4,-0.8915981192837835,NA,FALSE,38
ND,2008-06-01,0.5,-0.6733445532637656,NA,FALSE,38
ND,2008-07-01,0.4,-0.8915981192837835,NA,FALSE,38
ND,2008-08-01,0.5,-0.6733445532637656,NA,FALSE,38
ND,2008-09-01,0.5,-0.6733445532637656,NA,FALSE,38
ND,2008-10-01,0.6,-0.4942963218147801,NA,FALSE,38
ND,2008-11-01,0.5,-0.6733445532637656,NA,FALSE,38
ND,2008-12-01,0.4,-0.8915981192837835,NA,FALSE,38
ND,2009-01-01,0.6,-0.4942963218147801,NA,FALSE,38
ND,2009-02-01,0.7,-0.342490308946776,NA,FALSE,38
ND,2009-03-01,0.8,-0.2107210313156525,NA,FALSE,38
ND,2009-04-01,0.8,-0.2107210313156525,NA,FALSE,38
ND,2009-05-01,0.7,-0.342490308946776,NA,FALSE,38
ND,2009-06-01,0.8,-0.2107210313156525,NA,FALSE,38
ND,2009-07-01,0.8,-0.2107210313156525,NA,FALSE,38
ND,2009-08-01,0.8,-0.2107210313156525,NA,FALSE,38
ND,2009-09-01,1,0.00995033085316809,NA,FALSE,38
ND,2009-10-01,1,0.00995033085316809,NA,FALSE,38
ND,2009-11-01,0.8,-0.2107210313156525,NA,FALSE,38
ND,2009-12-01,0.9,-0.09431067947124128,NA,FALSE,38
ND,2010-01-01,0.9,-0.09431067947124128,NA,FALSE,38
ND,2010-02-01,1,0.00995033085316809,NA,FALSE,38
ND,2010-03-01,1.1,0.10436001532424286,NA,FALSE,38
ND,2010-04-01,0.9,-0.09431067947124128,NA,FALSE,38
ND,2010-05-01,0.9,-0.09431067947124128,NA,FALSE,38
ND,2010-06-01,0.9,-0.09431067947124128,NA,FALSE,38
ND,2010-07-01,0.9,-0.09431067947124128,NA,FALSE,38
ND,2010-08-01,0.8,-0.2107210313156525,NA,FALSE,38
ND,2010-09-01,1,0.00995033085316809,NA,FALSE,38
ND,2010-10-01,0.9,-0.09431067947124128,NA,FALSE,38
ND,2010-11-01,0.9,-0.09431067947124128,NA,FALSE,38
ND,2010-12-01,1,0.00995033085316809,NA,FALSE,38
ND,2011-01-01,0.9,-0.09431067947124128,NA,FALSE,38
ND,2011-02-01,1,0.00995033085316809,NA,FALSE,38
ND,2011-03-01,0.8,-0.2107210313156525,NA,FALSE,38
ND,2011-04-01,0.8,-0.2107210313156525,NA,FALSE,38
ND,2011-05-01,0.8,-0.2107210313156525,NA,FALSE,38
ND,2011-06-01,0.8,-0.2107210313156525,NA,FALSE,38
ND,2011-07-01,0.8,-0.2107210313156525,NA,FALSE,38
ND,2011-08-01,0.8,-0.2107210313156525,NA,FALSE,38
ND,2011-09-01,0.9,-0.09431067947124128,NA,FALSE,38
ND,2011-10-01,1,0.00995033085316809,NA,FALSE,38
ND,2011-11-01,0.9,-0.09431067947124128,NA,FALSE,38
ND,2011-12-01,0.9,-0.09431067947124128,NA,FALSE,38
ND,2012-01-01,0.8,-0.2107210313156525,NA,FALSE,38
ND,2012-02-01,0.7,-0.342490308946776,NA,FALSE,38
ND,2012-03-01,0.8,-0.2107210313156525,NA,FALSE,38
ND,2012-04-01,0.8,-0.2107210313156525,NA,FALSE,38
ND,2012-05-01,0.7,-0.342490308946776,NA,FALSE,38
ND,2012-06-01,0.7,-0.342490308946776,NA,FALSE,38
ND,2012-07-01,0.7,-0.342490308946776,NA,FALSE,38
ND,2012-08-01,0.7,-0.342490308946776,NA,FALSE,38
ND,2012-09-01,0.9,-0.09431067947124128,NA,FALSE,38
ND,2012-10-01,0.9,-0.09431067947124128,NA,FALSE,38
ND,2012-11-01,0.9,-0.09431067947124128,NA,FALSE,38
ND,2012-12-01,0.7,-0.342490308946776,NA,FALSE,38
ND,2013-01-01,0.6,-0.4942963218147801,NA,FALSE,38
ND,2013-02-01,0.6,-0.4942963218147801,NA,FALSE,38
ND,2013-03-01,0.6,-0.4942963218147801,NA,FALSE,38
ND,2013-04-01,0.6,-0.4942963218147801,NA,FALSE,38
ND,2013-05-01,0.6,-0.4942963218147801,NA,FALSE,38
ND,2013-06-01,0.6,-0.4942963218147801,NA,FALSE,38
ND,2013-07-01,0.5,-0.6733445532637656,NA,FALSE,38
ND,2013-08-01,0.5,-0.6733445532637656,NA,FALSE,38
ND,2013-09-01,0.6,-0.4942963218147801,NA,FALSE,38
ND,2013-10-01,0.5,-0.6733445532637656,NA,FALSE,38
ND,2013-11-01,0.5,-0.6733445532637656,NA,FALSE,38
ND,2013-12-01,0.5,-0.6733445532637656,NA,FALSE,38
ND,2014-01-01,0.6,-0.4942963218147801,NA,FALSE,38
ND,2014-02-01,0.7,-0.342490308946776,NA,FALSE,38
ND,2014-03-01,0.6,-0.4942963218147801,NA,FALSE,38
ND,2014-04-01,0.6,-0.4942963218147801,NA,FALSE,38
ND,2014-05-01,0.6,-0.4942963218147801,NA,FALSE,38
ND,2014-06-01,0.6,-0.4942963218147801,NA,FALSE,38
ND,2014-07-01,0.6,-0.4942963218147801,NA,FALSE,38
ND,2014-08-01,0.6,-0.4942963218147801,NA,FALSE,38
ND,2014-09-01,0.6,-0.4942963218147801,NA,FALSE,38
ND,2014-10-01,0.6,-0.4942963218147801,NA,FALSE,38
ND,2014-11-01,0.6,-0.4942963218147801,NA,FALSE,38
ND,2014-12-01,0.6,-0.4942963218147801,NA,FALSE,38
ND,2015-01-01,0.6,-0.4942963218147801,NA,FALSE,38
ND,2015-02-01,0.5,-0.6733445532637656,NA,FALSE,38
ND,2015-03-01,0.4,-0.8915981192837835,NA,FALSE,38
ND,2015-04-01,0.4,-0.8915981192837835,NA,FALSE,38
ND,2015-05-01,0.4,-0.8915981192837835,NA,FALSE,38
ND,2015-06-01,0.5,-0.6733445532637656,NA,FALSE,38
ND,2015-07-01,0.5,-0.6733445532637656,NA,FALSE,38
ND,2015-08-01,0.5,-0.6733445532637656,NA,FALSE,38
ND,2015-09-01,0.5,-0.6733445532637656,NA,FALSE,38
ND,2015-10-01,0.5,-0.6733445532637656,NA,FALSE,38
ND,2015-11-01,0.5,-0.6733445532637656,NA,FALSE,38
ND,2015-12-01,0.5,-0.6733445532637656,NA,FALSE,38
ND,2016-01-01,0.5,-0.6733445532637656,NA,FALSE,38
ND,2016-02-01,0.5,-0.6733445532637656,NA,FALSE,38
ND,2016-03-01,0.4,-0.8915981192837835,NA,FALSE,38
ND,2016-04-01,0.4,-0.8915981192837835,NA,FALSE,38
ND,2016-05-01,0.5,-0.6733445532637656,NA,FALSE,38
ND,2016-06-01,0.5,-0.6733445532637656,NA,FALSE,38
ND,2016-07-01,0.5,-0.6733445532637656,NA,FALSE,38
ND,2016-08-01,0.6,-0.4942963218147801,NA,FALSE,38
ND,2016-09-01,0.5,-0.6733445532637656,NA,FALSE,38
ND,2016-10-01,0.5,-0.6733445532637656,NA,FALSE,38
ND,2016-11-01,0.6,-0.4942963218147801,NA,FALSE,38
ND,2016-12-01,0.7,-0.342490308946776,NA,FALSE,38
ND,2017-01-01,0.7,-0.342490308946776,NA,FALSE,38
ND,2017-02-01,0.8,-0.2107210313156525,NA,FALSE,38
ND,2017-03-01,0.8,-0.2107210313156525,NA,FALSE,38
ND,2017-04-01,0.7,-0.342490308946776,NA,FALSE,38
ND,2017-05-01,0.8,-0.2107210313156525,NA,FALSE,38
ND,2017-06-01,0.7,-0.342490308946776,NA,FALSE,38
ND,2017-07-01,0.8,-0.2107210313156525,NA,FALSE,38
ND,2017-08-01,0.7,-0.342490308946776,NA,FALSE,38
ND,2017-09-01,0.6,-0.4942963218147801,NA,FALSE,38
ND,2017-10-01,0.6,-0.4942963218147801,NA,FALSE,38
ND,2017-11-01,0.7,-0.342490308946776,NA,FALSE,38
ND,2017-12-01,0.8,-0.2107210313156525,NA,FALSE,38
ND,2018-01-01,0.8,-0.2107210313156525,NA,FALSE,38
ND,2018-02-01,0.7,-0.342490308946776,NA,FALSE,38
ND,2018-03-01,0.8,-0.2107210313156525,NA,FALSE,38
ND,2018-04-01,0.7,-0.342490308946776,NA,FALSE,38
ND,2018-05-01,0.6,-0.4942963218147801,NA,FALSE,38
ND,2018-06-01,0.6,-0.4942963218147801,NA,FALSE,38
ND,2018-07-01,0.6,-0.4942963218147801,NA,FALSE,38
ND,2018-08-01,0.6,-0.4942963218147801,NA,FALSE,38
ND,2018-09-01,0.6,-0.4942963218147801,NA,FALSE,38
ND,2018-10-01,0.6,-0.4942963218147801,NA,FALSE,38
ND,2018-11-01,0.5,-0.6733445532637656,NA,FALSE,38
ND,2018-12-01,0.5,-0.6733445532637656,NA,FALSE,38
ND,2019-01-01,0.6,-0.4942963218147801,NA,FALSE,38
ND,2019-02-01,0.5,-0.6733445532637656,NA,FALSE,38
ND,2019-03-01,0.5,-0.6733445532637656,NA,FALSE,38
ND,2019-04-01,0.5,-0.6733445532637656,NA,FALSE,38
ND,2019-05-01,0.5,-0.6733445532637656,NA,FALSE,38
ND,2019-06-01,0.6,-0.4942963218147801,NA,FALSE,38
ND,2019-07-01,0.4,-0.8915981192837835,NA,FALSE,38
ND,2019-08-01,0.4,-0.8915981192837835,NA,FALSE,38
ND,2019-09-01,0.4,-0.8915981192837835,NA,FALSE,38
ND,2019-10-01,0.5,-0.6733445532637656,NA,FALSE,38
ND,2019-11-01,0.5,-0.6733445532637656,NA,FALSE,38
ND,2019-12-01,0.6,-0.4942963218147801,NA,FALSE,38
ND,2020-01-01,0.7,-0.342490308946776,NA,FALSE,38
ND,2020-02-01,0.7,-0.342490308946776,NA,FALSE,38
ND,2020-03-01,0.7,-0.342490308946776,NA,FALSE,38
ND,2020-04-01,0.7,-0.342490308946776,NA,FALSE,38
ND,2020-05-01,0.7,-0.342490308946776,NA,FALSE,38
ND,2020-06-01,0.7,-0.342490308946776,NA,FALSE,38
ND,2020-07-01,0.6,-0.4942963218147801,NA,FALSE,38
ND,2020-08-01,0.5,-0.6733445532637656,NA,FALSE,38
ND,2020-09-01,0.4,-0.8915981192837835,NA,FALSE,38
ND,2020-10-01,0.4,-0.8915981192837835,NA,FALSE,38
ND,2020-11-01,0.4,-0.8915981192837835,NA,FALSE,38
ND,2020-12-01,0.4,-0.8915981192837835,NA,FALSE,38
ND,2021-01-01,0.4,-0.8915981192837835,NA,FALSE,38
ND,2021-02-01,0.3,-1.171182981502945,NA,FALSE,38
ND,2021-03-01,0.4,-0.8915981192837835,NA,FALSE,38
ND,2021-04-01,0.4,-0.8915981192837835,NA,FALSE,38
ND,2021-05-01,0.4,-0.8915981192837835,NA,FALSE,38
ND,2021-06-01,0.4,-0.8915981192837835,NA,FALSE,38
ND,2021-07-01,0.4,-0.8915981192837835,NA,FALSE,38
ND,2021-08-01,0.4,-0.8915981192837835,NA,FALSE,38
ND,2021-09-01,0.4,-0.8915981192837835,NA,FALSE,38
ND,2021-10-01,0.5,-0.6733445532637656,NA,FALSE,38
ND,2021-11-01,0.5,-0.6733445532637656,NA,FALSE,38
ND,2021-12-01,0.5,-0.6733445532637656,NA,FALSE,38
ND,2022-01-01,0.5,-0.6733445532637656,NA,FALSE,38
ND,2022-02-01,0.4,-0.8915981192837835,NA,FALSE,38
ND,2022-03-01,0.3,-1.171182981502945,NA,FALSE,38
ND,2022-04-01,0.4,-0.8915981192837835,NA,FALSE,38
ND,2022-05-01,0.4,-0.8915981192837835,NA,FALSE,38
ND,2022-06-01,0.5,-0.6733445532637656,NA,FALSE,38
ND,2022-07-01,0.5,-0.6733445532637656,NA,FALSE,38
ND,2022-08-01,0.4,-0.8915981192837835,NA,FALSE,38
ND,2022-09-01,0.3,-1.171182981502945,NA,FALSE,38
ND,2022-10-01,0.3,-1.171182981502945,NA,FALSE,38
ND,2022-11-01,0.3,-1.171182981502945,NA,FALSE,38
ND,2022-12-01,0.4,-0.8915981192837835,NA,FALSE,38
ND,2023-01-01,0.5,-0.6733445532637656,NA,FALSE,38
ND,2023-02-01,0.4,-0.8915981192837835,NA,FALSE,38
ND,2023-03-01,0.4,-0.8915981192837835,NA,FALSE,38
ND,2023-04-01,0.4,-0.8915981192837835,NA,FALSE,38
ND,2023-05-01,0.4,-0.8915981192837835,NA,FALSE,38
ND,2023-06-01,0.3,-1.171182981502945,NA,FALSE,38
ND,2023-07-01,0.4,-0.8915981192837835,NA,FALSE,38
ND,2023-08-01,0.5,-0.6733445532637656,NA,FALSE,38
ND,2023-09-01,0.4,-0.8915981192837835,NA,FALSE,38
ND,2023-10-01,0.4,-0.8915981192837835,NA,FALSE,38
ND,2023-11-01,0.4,-0.8915981192837835,NA,FALSE,38
ND,2023-12-01,0.4,-0.8915981192837835,NA,FALSE,38
ND,2024-01-01,0.5,-0.6733445532637656,NA,FALSE,38
ND,2024-02-01,0.5,-0.6733445532637656,NA,FALSE,38
ND,2024-03-01,0.5,-0.6733445532637656,NA,FALSE,38
ND,2024-04-01,0.4,-0.8915981192837835,NA,FALSE,38
ND,2024-05-01,0.6,-0.4942963218147801,NA,FALSE,38
ND,2024-06-01,0.6,-0.4942963218147801,NA,FALSE,38
ND,2024-07-01,0.7,-0.342490308946776,NA,FALSE,38
ND,2024-08-01,0.7,-0.342490308946776,NA,FALSE,38
ND,2024-09-01,0.7,-0.342490308946776,NA,FALSE,38
ND,2024-10-01,0.7,-0.342490308946776,NA,FALSE,38
ND,2024-11-01,0.6,-0.4942963218147801,NA,FALSE,38
ND,2024-12-01,0.8,-0.2107210313156525,NA,FALSE,38
ND,2025-01-01,0.9,-0.09431067947124128,NA,FALSE,38
ND,2025-02-01,0.9,-0.09431067947124128,NA,FALSE,38
ND,2025-03-01,0.7,-0.342490308946776,NA,FALSE,38
OH,2008-01-01,1.6,0.4762341789963717,2023-01-01,TRUE,39
OH,2008-02-01,1.6,0.4762341789963717,2023-01-01,TRUE,39
OH,2008-03-01,1.6,0.4762341789963717,2023-01-01,TRUE,39
OH,2008-04-01,1.5,0.412109650826833,2023-01-01,TRUE,39
OH,2008-05-01,1.6,0.4762341789963717,2023-01-01,TRUE,39
OH,2008-06-01,1.7,0.5364933705145685,2023-01-01,TRUE,39
OH,2008-07-01,1.8,0.5933268452777344,2023-01-01,TRUE,39
OH,2008-08-01,1.9,0.6471032420585384,2023-01-01,TRUE,39
OH,2008-09-01,1.9,0.6471032420585384,2023-01-01,TRUE,39
OH,2008-10-01,2.1,0.7466879474879751,2023-01-01,TRUE,39
OH,2008-11-01,2.2,0.7929925155296614,2023-01-01,TRUE,39
OH,2008-12-01,2.4,0.8796267475025635,2023-01-01,TRUE,39
OH,2009-01-01,2.5,0.9202827531436923,2023-01-01,TRUE,39
OH,2009-02-01,2.5,0.9202827531436923,2023-01-01,TRUE,39
OH,2009-03-01,2.6,0.959350221334602,2023-01-01,TRUE,39
OH,2009-04-01,2.7,0.9969486348916096,2023-01-01,TRUE,39
OH,2009-05-01,2.8,1.0331844833456545,2023-01-01,TRUE,39
OH,2009-06-01,2.9,1.068153081183401,2023-01-01,TRUE,39
OH,2009-07-01,3,1.1019400787607845,2023-01-01,TRUE,39
OH,2009-08-01,3.2,1.1662709371419244,2023-01-01,TRUE,39
OH,2009-09-01,3.4,1.2267122912954254,2023-01-01,TRUE,39
OH,2009-10-01,3.6,1.2837077723447896,2023-01-01,TRUE,39
OH,2009-11-01,3.7,1.3110318766193438,2023-01-01,TRUE,39
OH,2009-12-01,3.8,1.3376291891386094,2023-01-01,TRUE,39
OH,2010-01-01,3.8,1.3376291891386094,2023-01-01,TRUE,39
OH,2010-02-01,3.8,1.3376291891386094,2023-01-01,TRUE,39
OH,2010-03-01,3.6,1.2837077723447896,2023-01-01,TRUE,39
OH,2010-04-01,3.5,1.2556160374777745,2023-01-01,TRUE,39
OH,2010-05-01,3.4,1.2267122912954254,2023-01-01,TRUE,39
OH,2010-06-01,3.4,1.2267122912954254,2023-01-01,TRUE,39
OH,2010-07-01,3.4,1.2267122912954254,2023-01-01,TRUE,39
OH,2010-08-01,3.3,1.1969481893889715,2023-01-01,TRUE,39
OH,2010-09-01,3.3,1.1969481893889715,2023-01-01,TRUE,39
OH,2010-10-01,3.3,1.1969481893889715,2023-01-01,TRUE,39
OH,2010-11-01,3.3,1.1969481893889715,2023-01-01,TRUE,39
OH,2010-12-01,3.4,1.2267122912954254,2023-01-01,TRUE,39
OH,2011-01-01,3.4,1.2267122912954254,2023-01-01,TRUE,39
OH,2011-02-01,3.3,1.1969481893889715,2023-01-01,TRUE,39
OH,2011-03-01,3.2,1.1662709371419244,2023-01-01,TRUE,39
OH,2011-04-01,3.1,1.1346227261911428,2023-01-01,TRUE,39
OH,2011-05-01,3.1,1.1346227261911428,2023-01-01,TRUE,39
OH,2011-06-01,3.1,1.1346227261911428,2023-01-01,TRUE,39
OH,2011-07-01,3.1,1.1346227261911428,2023-01-01,TRUE,39
OH,2011-08-01,3.1,1.1346227261911428,2023-01-01,TRUE,39
OH,2011-09-01,3.2,1.1662709371419244,2023-01-01,TRUE,39
OH,2011-10-01,3.2,1.1662709371419244,2023-01-01,TRUE,39
OH,2011-11-01,3.3,1.1969481893889715,2023-01-01,TRUE,39
OH,2011-12-01,3.3,1.1969481893889715,2023-01-01,TRUE,39
OH,2012-01-01,3.3,1.1969481893889715,2023-01-01,TRUE,39
OH,2012-02-01,3.3,1.1969481893889715,2023-01-01,TRUE,39
OH,2012-03-01,3.2,1.1662709371419244,2023-01-01,TRUE,39
OH,2012-04-01,3.1,1.1346227261911428,2023-01-01,TRUE,39
OH,2012-05-01,3.1,1.1346227261911428,2023-01-01,TRUE,39
OH,2012-06-01,3.1,1.1346227261911428,2023-01-01,TRUE,39
OH,2012-07-01,3,1.1019400787607845,2023-01-01,TRUE,39
OH,2012-08-01,3,1.1019400787607845,2023-01-01,TRUE,39
OH,2012-09-01,3,1.1019400787607845,2023-01-01,TRUE,39
OH,2012-10-01,3,1.1019400787607845,2023-01-01,TRUE,39
OH,2012-11-01,3.1,1.1346227261911428,2023-01-01,TRUE,39
OH,2012-12-01,3,1.1019400787607845,2023-01-01,TRUE,39
OH,2013-01-01,3,1.1019400787607845,2023-01-01,TRUE,39
OH,2013-02-01,3,1.1019400787607845,2023-01-01,TRUE,39
OH,2013-03-01,2.9,1.068153081183401,2023-01-01,TRUE,39
OH,2013-04-01,2.8,1.0331844833456545,2023-01-01,TRUE,39
OH,2013-05-01,2.7,0.9969486348916096,2023-01-01,TRUE,39
OH,2013-06-01,2.7,0.9969486348916096,2023-01-01,TRUE,39
OH,2013-07-01,2.5,0.9202827531436923,2023-01-01,TRUE,39
OH,2013-08-01,2.5,0.9202827531436923,2023-01-01,TRUE,39
OH,2013-09-01,2.5,0.9202827531436923,2023-01-01,TRUE,39
OH,2013-10-01,2.4,0.8796267475025635,2023-01-01,TRUE,39
OH,2013-11-01,2.4,0.8796267475025635,2023-01-01,TRUE,39
OH,2013-12-01,2.4,0.8796267475025635,2023-01-01,TRUE,39
OH,2014-01-01,2.4,0.8796267475025635,2023-01-01,TRUE,39
OH,2014-02-01,2.3,0.837247524533702,2023-01-01,TRUE,39
OH,2014-03-01,2.2,0.7929925155296614,2023-01-01,TRUE,39
OH,2014-04-01,2.2,0.7929925155296614,2023-01-01,TRUE,39
OH,2014-05-01,2.2,0.7929925155296614,2023-01-01,TRUE,39
OH,2014-06-01,2.1,0.7466879474879751,2023-01-01,TRUE,39
OH,2014-07-01,2,0.6981347220709843,2023-01-01,TRUE,39
OH,2014-08-01,2,0.6981347220709843,2023-01-01,TRUE,39
OH,2014-09-01,2,0.6981347220709843,2023-01-01,TRUE,39
OH,2014-10-01,2,0.6981347220709843,2023-01-01,TRUE,39
OH,2014-11-01,2,0.6981347220709843,2023-01-01,TRUE,39
OH,2014-12-01,2.1,0.7466879474879751,2023-01-01,TRUE,39
OH,2015-01-01,2,0.6981347220709843,2023-01-01,TRUE,39
OH,2015-02-01,2,0.6981347220709843,2023-01-01,TRUE,39
OH,2015-03-01,1.8,0.5933268452777344,2023-01-01,TRUE,39
OH,2015-04-01,1.8,0.5933268452777344,2023-01-01,TRUE,39
OH,2015-05-01,1.7,0.5364933705145685,2023-01-01,TRUE,39
OH,2015-06-01,1.7,0.5364933705145685,2023-01-01,TRUE,39
OH,2015-07-01,1.7,0.5364933705145685,2023-01-01,TRUE,39
OH,2015-08-01,1.6,0.4762341789963717,2023-01-01,TRUE,39
OH,2015-09-01,1.7,0.5364933705145685,2023-01-01,TRUE,39
OH,2015-10-01,1.6,0.4762341789963717,2023-01-01,TRUE,39
OH,2015-11-01,1.6,0.4762341789963717,2023-01-01,TRUE,39
OH,2015-12-01,1.6,0.4762341789963717,2023-01-01,TRUE,39
OH,2016-01-01,1.6,0.4762341789963717,2023-01-01,TRUE,39
OH,2016-02-01,1.8,0.5933268452777344,2023-01-01,TRUE,39
OH,2016-03-01,1.6,0.4762341789963717,2023-01-01,TRUE,39
OH,2016-04-01,1.5,0.412109650826833,2023-01-01,TRUE,39
OH,2016-05-01,1.4,0.34358970439007686,2023-01-01,TRUE,39
OH,2016-06-01,1.4,0.34358970439007686,2023-01-01,TRUE,39
OH,2016-07-01,1.5,0.412109650826833,2023-01-01,TRUE,39
OH,2016-08-01,1.4,0.34358970439007686,2023-01-01,TRUE,39
OH,2016-09-01,1.4,0.34358970439007686,2023-01-01,TRUE,39
OH,2016-10-01,1.4,0.34358970439007686,2023-01-01,TRUE,39
OH,2016-11-01,1.3,0.2700271372130602,2023-01-01,TRUE,39
OH,2016-12-01,1.4,0.34358970439007686,2023-01-01,TRUE,39
OH,2017-01-01,1.4,0.34358970439007686,2023-01-01,TRUE,39
OH,2017-02-01,1.3,0.2700271372130602,2023-01-01,TRUE,39
OH,2017-03-01,1.3,0.2700271372130602,2023-01-01,TRUE,39
OH,2017-04-01,1.2,0.1906203596086497,2023-01-01,TRUE,39
OH,2017-05-01,1.2,0.1906203596086497,2023-01-01,TRUE,39
OH,2017-06-01,1.2,0.1906203596086497,2023-01-01,TRUE,39
OH,2017-07-01,1.2,0.1906203596086497,2023-01-01,TRUE,39
OH,2017-08-01,1.2,0.1906203596086497,2023-01-01,TRUE,39
OH,2017-09-01,1.2,0.1906203596086497,2023-01-01,TRUE,39
OH,2017-10-01,1.2,0.1906203596086497,2023-01-01,TRUE,39
OH,2017-11-01,1.1,0.10436001532424286,2023-01-01,TRUE,39
OH,2017-12-01,1.2,0.1906203596086497,2023-01-01,TRUE,39
OH,2018-01-01,1.1,0.10436001532424286,2023-01-01,TRUE,39
OH,2018-02-01,1.1,0.10436001532424286,2023-01-01,TRUE,39
OH,2018-03-01,1,0.00995033085316809,2023-01-01,TRUE,39
OH,2018-04-01,0.9,-0.09431067947124128,2023-01-01,TRUE,39
OH,2018-05-01,0.8,-0.2107210313156525,2023-01-01,TRUE,39
OH,2018-06-01,0.9,-0.09431067947124128,2023-01-01,TRUE,39
OH,2018-07-01,0.9,-0.09431067947124128,2023-01-01,TRUE,39
OH,2018-08-01,0.9,-0.09431067947124128,2023-01-01,TRUE,39
OH,2018-09-01,0.9,-0.09431067947124128,2023-01-01,TRUE,39
OH,2018-10-01,0.9,-0.09431067947124128,2023-01-01,TRUE,39
OH,2018-11-01,0.9,-0.09431067947124128,2023-01-01,TRUE,39
OH,2018-12-01,0.9,-0.09431067947124128,2023-01-01,TRUE,39
OH,2019-01-01,0.9,-0.09431067947124128,2023-01-01,TRUE,39
OH,2019-02-01,0.9,-0.09431067947124128,2023-01-01,TRUE,39
OH,2019-03-01,0.9,-0.09431067947124128,2023-01-01,TRUE,39
OH,2019-04-01,0.8,-0.2107210313156525,2023-01-01,TRUE,39
OH,2019-05-01,0.8,-0.2107210313156525,2023-01-01,TRUE,39
OH,2019-06-01,0.8,-0.2107210313156525,2023-01-01,TRUE,39
OH,2019-07-01,0.8,-0.2107210313156525,2023-01-01,TRUE,39
OH,2019-08-01,0.8,-0.2107210313156525,2023-01-01,TRUE,39
OH,2019-09-01,0.8,-0.2107210313156525,2023-01-01,TRUE,39
OH,2019-10-01,0.9,-0.09431067947124128,2023-01-01,TRUE,39
OH,2019-11-01,0.9,-0.09431067947124128,2023-01-01,TRUE,39
OH,2019-12-01,0.9,-0.09431067947124128,2023-01-01,TRUE,39
OH,2020-01-01,1,0.00995033085316809,2023-01-01,TRUE,39
OH,2020-02-01,0.9,-0.09431067947124128,2023-01-01,TRUE,39
OH,2020-03-01,0.9,-0.09431067947124128,2023-01-01,TRUE,39
OH,2020-04-01,0.7,-0.342490308946776,2023-01-01,TRUE,39
OH,2020-05-01,0.7,-0.342490308946776,2023-01-01,TRUE,39
OH,2020-06-01,0.7,-0.342490308946776,2023-01-01,TRUE,39
OH,2020-07-01,0.7,-0.342490308946776,2023-01-01,TRUE,39
OH,2020-08-01,0.7,-0.342490308946776,2023-01-01,TRUE,39
OH,2020-09-01,0.7,-0.342490308946776,2023-01-01,TRUE,39
OH,2020-10-01,0.7,-0.342490308946776,2023-01-01,TRUE,39
OH,2020-11-01,0.7,-0.342490308946776,2023-01-01,TRUE,39
OH,2020-12-01,0.7,-0.342490308946776,2023-01-01,TRUE,39
OH,2021-01-01,0.7,-0.342490308946776,2023-01-01,TRUE,39
OH,2021-02-01,0.7,-0.342490308946776,2023-01-01,TRUE,39
OH,2021-03-01,0.6,-0.4942963218147801,2023-01-01,TRUE,39
OH,2021-04-01,0.6,-0.4942963218147801,2023-01-01,TRUE,39
OH,2021-05-01,0.6,-0.4942963218147801,2023-01-01,TRUE,39
OH,2021-06-01,0.6,-0.4942963218147801,2023-01-01,TRUE,39
OH,2021-07-01,0.6,-0.4942963218147801,2023-01-01,TRUE,39
OH,2021-08-01,0.6,-0.4942963218147801,2023-01-01,TRUE,39
OH,2021-09-01,0.6,-0.4942963218147801,2023-01-01,TRUE,39
OH,2021-10-01,0.6,-0.4942963218147801,2023-01-01,TRUE,39
OH,2021-11-01,0.6,-0.4942963218147801,2023-01-01,TRUE,39
OH,2021-12-01,0.6,-0.4942963218147801,2023-01-01,TRUE,39
OH,2022-01-01,0.6,-0.4942963218147801,2023-01-01,TRUE,39
OH,2022-02-01,0.6,-0.4942963218147801,2023-01-01,TRUE,39
OH,2022-03-01,0.6,-0.4942963218147801,2023-01-01,TRUE,39
OH,2022-04-01,0.6,-0.4942963218147801,2023-01-01,TRUE,39
OH,2022-05-01,0.6,-0.4942963218147801,2023-01-01,TRUE,39
OH,2022-06-01,0.6,-0.4942963218147801,2023-01-01,TRUE,39
OH,2022-07-01,0.6,-0.4942963218147801,2023-01-01,TRUE,39
OH,2022-08-01,0.6,-0.4942963218147801,2023-01-01,TRUE,39
OH,2022-09-01,0.6,-0.4942963218147801,2023-01-01,TRUE,39
OH,2022-10-01,0.6,-0.4942963218147801,2023-01-01,TRUE,39
OH,2022-11-01,0.6,-0.4942963218147801,2023-01-01,TRUE,39
OH,2022-12-01,0.6,-0.4942963218147801,2023-01-01,TRUE,39
OH,2023-01-01,0.7,-0.342490308946776,2023-01-01,TRUE,39
OH,2023-02-01,0.6,-0.4942963218147801,2023-01-01,TRUE,39
OH,2023-03-01,0.6,-0.4942963218147801,2023-01-01,TRUE,39
OH,2023-04-01,0.6,-0.4942963218147801,2023-01-01,TRUE,39
OH,2023-05-01,0.6,-0.4942963218147801,2023-01-01,TRUE,39
OH,2023-06-01,0.6,-0.4942963218147801,2023-01-01,TRUE,39
OH,2023-07-01,0.6,-0.4942963218147801,2023-01-01,TRUE,39
OH,2023-08-01,0.6,-0.4942963218147801,2023-01-01,TRUE,39
OH,2023-09-01,0.6,-0.4942963218147801,2023-01-01,TRUE,39
OH,2023-10-01,0.7,-0.342490308946776,2023-01-01,TRUE,39
OH,2023-11-01,0.7,-0.342490308946776,2023-01-01,TRUE,39
OH,2023-12-01,0.7,-0.342490308946776,2023-01-01,TRUE,39
OH,2024-01-01,0.8,-0.2107210313156525,2023-01-01,TRUE,39
OH,2024-02-01,0.7,-0.342490308946776,2023-01-01,TRUE,39
OH,2024-03-01,0.7,-0.342490308946776,2023-01-01,TRUE,39
OH,2024-04-01,0.7,-0.342490308946776,2023-01-01,TRUE,39
OH,2024-05-01,0.7,-0.342490308946776,2023-01-01,TRUE,39
OH,2024-06-01,0.7,-0.342490308946776,2023-01-01,TRUE,39
OH,2024-07-01,0.8,-0.2107210313156525,2023-01-01,TRUE,39
OH,2024-08-01,0.8,-0.2107210313156525,2023-01-01,TRUE,39
OH,2024-09-01,0.8,-0.2107210313156525,2023-01-01,TRUE,39
OH,2024-10-01,0.8,-0.2107210313156525,2023-01-01,TRUE,39
OH,2024-11-01,0.8,-0.2107210313156525,2023-01-01,TRUE,39
OH,2024-12-01,0.9,-0.09431067947124128,2023-01-01,TRUE,39
OH,2025-01-01,1,0.00995033085316809,2023-01-01,TRUE,39
OH,2025-02-01,0.9,-0.09431067947124128,2023-01-01,TRUE,39
OH,2025-03-01,0.8,-0.2107210313156525,2023-01-01,TRUE,39
OK,2008-01-01,1.3,0.2700271372130602,NA,FALSE,40
OK,2008-02-01,1.3,0.2700271372130602,NA,FALSE,40
OK,2008-03-01,1.3,0.2700271372130602,NA,FALSE,40
OK,2008-04-01,1.2,0.1906203596086497,NA,FALSE,40
OK,2008-05-01,1.2,0.1906203596086497,NA,FALSE,40
OK,2008-06-01,1.1,0.10436001532424286,NA,FALSE,40
OK,2008-07-01,1.2,0.1906203596086497,NA,FALSE,40
OK,2008-08-01,1.3,0.2700271372130602,NA,FALSE,40
OK,2008-09-01,1.4,0.34358970439007686,NA,FALSE,40
OK,2008-10-01,1.4,0.34358970439007686,NA,FALSE,40
OK,2008-11-01,1.5,0.412109650826833,NA,FALSE,40
OK,2008-12-01,1.7,0.5364933705145685,NA,FALSE,40
OK,2009-01-01,1.8,0.5933268452777344,NA,FALSE,40
OK,2009-02-01,1.8,0.5933268452777344,NA,FALSE,40
OK,2009-03-01,1.9,0.6471032420585384,NA,FALSE,40
OK,2009-04-01,1.9,0.6471032420585384,NA,FALSE,40
OK,2009-05-01,2,0.6981347220709843,NA,FALSE,40
OK,2009-06-01,2.2,0.7929925155296614,NA,FALSE,40
OK,2009-07-01,2.2,0.7929925155296614,NA,FALSE,40
OK,2009-08-01,2.3,0.837247524533702,NA,FALSE,40
OK,2009-09-01,2.6,0.959350221334602,NA,FALSE,40
OK,2009-10-01,2.8,1.0331844833456545,NA,FALSE,40
OK,2009-11-01,2.8,1.0331844833456545,NA,FALSE,40
OK,2009-12-01,2.9,1.068153081183401,NA,FALSE,40
OK,2010-01-01,3,1.1019400787607845,NA,FALSE,40
OK,2010-02-01,3,1.1019400787607845,NA,FALSE,40
OK,2010-03-01,2.8,1.0331844833456545,NA,FALSE,40
OK,2010-04-01,2.7,0.9969486348916096,NA,FALSE,40
OK,2010-05-01,2.6,0.959350221334602,NA,FALSE,40
OK,2010-06-01,2.6,0.959350221334602,NA,FALSE,40
OK,2010-07-01,2.6,0.959350221334602,NA,FALSE,40
OK,2010-08-01,2.6,0.959350221334602,NA,FALSE,40
OK,2010-09-01,2.6,0.959350221334602,NA,FALSE,40
OK,2010-10-01,2.6,0.959350221334602,NA,FALSE,40
OK,2010-11-01,2.6,0.959350221334602,NA,FALSE,40
OK,2010-12-01,2.6,0.959350221334602,NA,FALSE,40
OK,2011-01-01,2.6,0.959350221334602,NA,FALSE,40
OK,2011-02-01,2.6,0.959350221334602,NA,FALSE,40
OK,2011-03-01,2.5,0.9202827531436923,NA,FALSE,40
OK,2011-04-01,2.5,0.9202827531436923,NA,FALSE,40
OK,2011-05-01,2.4,0.8796267475025635,NA,FALSE,40
OK,2011-06-01,2.4,0.8796267475025635,NA,FALSE,40
OK,2011-07-01,2.5,0.9202827531436923,NA,FALSE,40
OK,2011-08-01,2.5,0.9202827531436923,NA,FALSE,40
OK,2011-09-01,2.6,0.959350221334602,NA,FALSE,40
OK,2011-10-01,2.7,0.9969486348916096,NA,FALSE,40
OK,2011-11-01,2.7,0.9969486348916096,NA,FALSE,40
OK,2011-12-01,2.6,0.959350221334602,NA,FALSE,40
OK,2012-01-01,2.8,1.0331844833456545,NA,FALSE,40
OK,2012-02-01,2.8,1.0331844833456545,NA,FALSE,40
OK,2012-03-01,2.7,0.9969486348916096,NA,FALSE,40
OK,2012-04-01,2.6,0.959350221334602,NA,FALSE,40
OK,2012-05-01,2.7,0.9969486348916096,NA,FALSE,40
OK,2012-06-01,2.7,0.9969486348916096,NA,FALSE,40
OK,2012-07-01,2.7,0.9969486348916096,NA,FALSE,40
OK,2012-08-01,2.7,0.9969486348916096,NA,FALSE,40
OK,2012-09-01,2.6,0.959350221334602,NA,FALSE,40
OK,2012-10-01,2.6,0.959350221334602,NA,FALSE,40
OK,2012-11-01,2.6,0.959350221334602,NA,FALSE,40
OK,2012-12-01,2.6,0.959350221334602,NA,FALSE,40
OK,2013-01-01,2.5,0.9202827531436923,NA,FALSE,40
OK,2013-02-01,2.4,0.8796267475025635,NA,FALSE,40
OK,2013-03-01,2.3,0.837247524533702,NA,FALSE,40
OK,2013-04-01,2.1,0.7466879474879751,NA,FALSE,40
OK,2013-05-01,2.1,0.7466879474879751,NA,FALSE,40
OK,2013-06-01,2,0.6981347220709843,NA,FALSE,40
OK,2013-07-01,1.9,0.6471032420585384,NA,FALSE,40
OK,2013-08-01,1.9,0.6471032420585384,NA,FALSE,40
OK,2013-09-01,1.9,0.6471032420585384,NA,FALSE,40
OK,2013-10-01,2,0.6981347220709843,NA,FALSE,40
OK,2013-11-01,2,0.6981347220709843,NA,FALSE,40
OK,2013-12-01,2,0.6981347220709843,NA,FALSE,40
OK,2014-01-01,2.1,0.7466879474879751,NA,FALSE,40
OK,2014-02-01,2,0.6981347220709843,NA,FALSE,40
OK,2014-03-01,1.8,0.5933268452777344,NA,FALSE,40
OK,2014-04-01,1.8,0.5933268452777344,NA,FALSE,40
OK,2014-05-01,1.8,0.5933268452777344,NA,FALSE,40
OK,2014-06-01,1.8,0.5933268452777344,NA,FALSE,40
OK,2014-07-01,1.9,0.6471032420585384,NA,FALSE,40
OK,2014-08-01,1.9,0.6471032420585384,NA,FALSE,40
OK,2014-09-01,1.9,0.6471032420585384,NA,FALSE,40
OK,2014-10-01,1.9,0.6471032420585384,NA,FALSE,40
OK,2014-11-01,1.9,0.6471032420585384,NA,FALSE,40
OK,2014-12-01,1.9,0.6471032420585384,NA,FALSE,40
OK,2015-01-01,1.9,0.6471032420585384,NA,FALSE,40
OK,2015-02-01,1.8,0.5933268452777344,NA,FALSE,40
OK,2015-03-01,1.7,0.5364933705145685,NA,FALSE,40
OK,2015-04-01,1.6,0.4762341789963717,NA,FALSE,40
OK,2015-05-01,1.5,0.412109650826833,NA,FALSE,40
OK,2015-06-01,1.4,0.34358970439007686,NA,FALSE,40
OK,2015-07-01,1.5,0.412109650826833,NA,FALSE,40
OK,2015-08-01,1.4,0.34358970439007686,NA,FALSE,40
OK,2015-09-01,1.5,0.412109650826833,NA,FALSE,40
OK,2015-10-01,1.5,0.412109650826833,NA,FALSE,40
OK,2015-11-01,1.6,0.4762341789963717,NA,FALSE,40
OK,2015-12-01,1.6,0.4762341789963717,NA,FALSE,40
OK,2016-01-01,1.7,0.5364933705145685,NA,FALSE,40
OK,2016-02-01,1.9,0.6471032420585384,NA,FALSE,40
OK,2016-03-01,1.6,0.4762341789963717,NA,FALSE,40
OK,2016-04-01,1.6,0.4762341789963717,NA,FALSE,40
OK,2016-05-01,1.6,0.4762341789963717,NA,FALSE,40
OK,2016-06-01,1.5,0.412109650826833,NA,FALSE,40
OK,2016-07-01,1.5,0.412109650826833,NA,FALSE,40
OK,2016-08-01,1.5,0.412109650826833,NA,FALSE,40
OK,2016-09-01,1.5,0.412109650826833,NA,FALSE,40
OK,2016-10-01,1.5,0.412109650826833,NA,FALSE,40
OK,2016-11-01,1.6,0.4762341789963717,NA,FALSE,40
OK,2016-12-01,1.6,0.4762341789963717,NA,FALSE,40
OK,2017-01-01,1.7,0.5364933705145685,NA,FALSE,40
OK,2017-02-01,1.6,0.4762341789963717,NA,FALSE,40
OK,2017-03-01,1.4,0.34358970439007686,NA,FALSE,40
OK,2017-04-01,1.4,0.34358970439007686,NA,FALSE,40
OK,2017-05-01,1.4,0.34358970439007686,NA,FALSE,40
OK,2017-06-01,1.5,0.412109650826833,NA,FALSE,40
OK,2017-07-01,1.5,0.412109650826833,NA,FALSE,40
OK,2017-08-01,1.5,0.412109650826833,NA,FALSE,40
OK,2017-09-01,1.5,0.412109650826833,NA,FALSE,40
OK,2017-10-01,1.5,0.412109650826833,NA,FALSE,40
OK,2017-11-01,1.5,0.412109650826833,NA,FALSE,40
OK,2017-12-01,1.5,0.412109650826833,NA,FALSE,40
OK,2018-01-01,1.4,0.34358970439007686,NA,FALSE,40
OK,2018-02-01,1.4,0.34358970439007686,NA,FALSE,40
OK,2018-03-01,1.3,0.2700271372130602,NA,FALSE,40
OK,2018-04-01,1.2,0.1906203596086497,NA,FALSE,40
OK,2018-05-01,1.2,0.1906203596086497,NA,FALSE,40
OK,2018-06-01,1.2,0.1906203596086497,NA,FALSE,40
OK,2018-07-01,1.2,0.1906203596086497,NA,FALSE,40
OK,2018-08-01,1.2,0.1906203596086497,NA,FALSE,40
OK,2018-09-01,1.2,0.1906203596086497,NA,FALSE,40
OK,2018-10-01,1.2,0.1906203596086497,NA,FALSE,40
OK,2018-11-01,1.3,0.2700271372130602,NA,FALSE,40
OK,2018-12-01,1.3,0.2700271372130602,NA,FALSE,40
OK,2019-01-01,1.3,0.2700271372130602,NA,FALSE,40
OK,2019-02-01,1.3,0.2700271372130602,NA,FALSE,40
OK,2019-03-01,1.2,0.1906203596086497,NA,FALSE,40
OK,2019-04-01,1.1,0.10436001532424286,NA,FALSE,40
OK,2019-05-01,1.1,0.10436001532424286,NA,FALSE,40
OK,2019-06-01,1.1,0.10436001532424286,NA,FALSE,40
OK,2019-07-01,1,0.00995033085316809,NA,FALSE,40
OK,2019-08-01,1,0.00995033085316809,NA,FALSE,40
OK,2019-09-01,1.2,0.1906203596086497,NA,FALSE,40
OK,2019-10-01,1.2,0.1906203596086497,NA,FALSE,40
OK,2019-11-01,1.2,0.1906203596086497,NA,FALSE,40
OK,2019-12-01,1.2,0.1906203596086497,NA,FALSE,40
OK,2020-01-01,1.3,0.2700271372130602,NA,FALSE,40
OK,2020-02-01,1.2,0.1906203596086497,NA,FALSE,40
OK,2020-03-01,1.2,0.1906203596086497,NA,FALSE,40
OK,2020-04-01,1.1,0.10436001532424286,NA,FALSE,40
OK,2020-05-01,1,0.00995033085316809,NA,FALSE,40
OK,2020-06-01,1,0.00995033085316809,NA,FALSE,40
OK,2020-07-01,0.9,-0.09431067947124128,NA,FALSE,40
OK,2020-08-01,0.9,-0.09431067947124128,NA,FALSE,40
OK,2020-09-01,0.9,-0.09431067947124128,NA,FALSE,40
OK,2020-10-01,0.8,-0.2107210313156525,NA,FALSE,40
OK,2020-11-01,0.9,-0.09431067947124128,NA,FALSE,40
OK,2020-12-01,0.9,-0.09431067947124128,NA,FALSE,40
OK,2021-01-01,0.8,-0.2107210313156525,NA,FALSE,40
OK,2021-02-01,0.8,-0.2107210313156525,NA,FALSE,40
OK,2021-03-01,0.7,-0.342490308946776,NA,FALSE,40
OK,2021-04-01,0.7,-0.342490308946776,NA,FALSE,40
OK,2021-05-01,0.6,-0.4942963218147801,NA,FALSE,40
OK,2021-06-01,0.7,-0.342490308946776,NA,FALSE,40
OK,2021-07-01,0.7,-0.342490308946776,NA,FALSE,40
OK,2021-08-01,0.7,-0.342490308946776,NA,FALSE,40
OK,2021-09-01,0.7,-0.342490308946776,NA,FALSE,40
OK,2021-10-01,0.6,-0.4942963218147801,NA,FALSE,40
OK,2021-11-01,0.7,-0.342490308946776,NA,FALSE,40
OK,2021-12-01,0.7,-0.342490308946776,NA,FALSE,40
OK,2022-01-01,0.7,-0.342490308946776,NA,FALSE,40
OK,2022-02-01,0.8,-0.2107210313156525,NA,FALSE,40
OK,2022-03-01,0.7,-0.342490308946776,NA,FALSE,40
OK,2022-04-01,0.8,-0.2107210313156525,NA,FALSE,40
OK,2022-05-01,0.7,-0.342490308946776,NA,FALSE,40
OK,2022-06-01,0.7,-0.342490308946776,NA,FALSE,40
OK,2022-07-01,0.6,-0.4942963218147801,NA,FALSE,40
OK,2022-08-01,0.7,-0.342490308946776,NA,FALSE,40
OK,2022-09-01,0.7,-0.342490308946776,NA,FALSE,40
OK,2022-10-01,0.7,-0.342490308946776,NA,FALSE,40
OK,2022-11-01,0.8,-0.2107210313156525,NA,FALSE,40
OK,2022-12-01,0.8,-0.2107210313156525,NA,FALSE,40
OK,2023-01-01,0.8,-0.2107210313156525,NA,FALSE,40
OK,2023-02-01,0.8,-0.2107210313156525,NA,FALSE,40
OK,2023-03-01,0.7,-0.342490308946776,NA,FALSE,40
OK,2023-04-01,0.7,-0.342490308946776,NA,FALSE,40
OK,2023-05-01,0.8,-0.2107210313156525,NA,FALSE,40
OK,2023-06-01,0.8,-0.2107210313156525,NA,FALSE,40
OK,2023-07-01,0.8,-0.2107210313156525,NA,FALSE,40
OK,2023-08-01,0.8,-0.2107210313156525,NA,FALSE,40
OK,2023-09-01,0.9,-0.09431067947124128,NA,FALSE,40
OK,2023-10-01,0.8,-0.2107210313156525,NA,FALSE,40
OK,2023-11-01,0.8,-0.2107210313156525,NA,FALSE,40
OK,2023-12-01,0.9,-0.09431067947124128,NA,FALSE,40
OK,2024-01-01,0.9,-0.09431067947124128,NA,FALSE,40
OK,2024-02-01,0.9,-0.09431067947124128,NA,FALSE,40
OK,2024-03-01,0.9,-0.09431067947124128,NA,FALSE,40
OK,2024-04-01,0.8,-0.2107210313156525,NA,FALSE,40
OK,2024-05-01,0.9,-0.09431067947124128,NA,FALSE,40
OK,2024-06-01,0.9,-0.09431067947124128,NA,FALSE,40
OK,2024-07-01,1,0.00995033085316809,NA,FALSE,40
OK,2024-08-01,0.9,-0.09431067947124128,NA,FALSE,40
OK,2024-09-01,1,0.00995033085316809,NA,FALSE,40
OK,2024-10-01,1,0.00995033085316809,NA,FALSE,40
OK,2024-11-01,1,0.00995033085316809,NA,FALSE,40
OK,2024-12-01,1.1,0.10436001532424286,NA,FALSE,40
OK,2025-01-01,1.2,0.1906203596086497,NA,FALSE,40
OK,2025-02-01,1.1,0.10436001532424286,NA,FALSE,40
OK,2025-03-01,1,0.00995033085316809,NA,FALSE,40
OR,2008-01-01,0.7,-0.342490308946776,2019-10-01,TRUE,41
OR,2008-02-01,0.7,-0.342490308946776,2019-10-01,TRUE,41
OR,2008-03-01,0.8,-0.2107210313156525,2019-10-01,TRUE,41
OR,2008-04-01,0.8,-0.2107210313156525,2019-10-01,TRUE,41
OR,2008-05-01,0.9,-0.09431067947124128,2019-10-01,TRUE,41
OR,2008-06-01,0.9,-0.09431067947124128,2019-10-01,TRUE,41
OR,2008-07-01,0.9,-0.09431067947124128,2019-10-01,TRUE,41
OR,2008-08-01,1,0.00995033085316809,2019-10-01,TRUE,41
OR,2008-09-01,1.1,0.10436001532424286,2019-10-01,TRUE,41
OR,2008-10-01,1.3,0.2700271372130602,2019-10-01,TRUE,41
OR,2008-11-01,1.4,0.34358970439007686,2019-10-01,TRUE,41
OR,2008-12-01,1.5,0.412109650826833,2019-10-01,TRUE,41
OR,2009-01-01,1.7,0.5364933705145685,2019-10-01,TRUE,41
OR,2009-02-01,1.9,0.6471032420585384,2019-10-01,TRUE,41
OR,2009-03-01,2.1,0.7466879474879751,2019-10-01,TRUE,41
OR,2009-04-01,2.2,0.7929925155296614,2019-10-01,TRUE,41
OR,2009-05-01,2.4,0.8796267475025635,2019-10-01,TRUE,41
OR,2009-06-01,2.5,0.9202827531436923,2019-10-01,TRUE,41
OR,2009-07-01,2.7,0.9969486348916096,2019-10-01,TRUE,41
OR,2009-08-01,2.9,1.068153081183401,2019-10-01,TRUE,41
OR,2009-09-01,3.1,1.1346227261911428,2019-10-01,TRUE,41
OR,2009-10-01,3.2,1.1662709371419244,2019-10-01,TRUE,41
OR,2009-11-01,3.3,1.1969481893889715,2019-10-01,TRUE,41
OR,2009-12-01,3.3,1.1969481893889715,2019-10-01,TRUE,41
OR,2010-01-01,3.4,1.2267122912954254,2019-10-01,TRUE,41
OR,2010-02-01,3.3,1.1969481893889715,2019-10-01,TRUE,41
OR,2010-03-01,3.2,1.1662709371419244,2019-10-01,TRUE,41
OR,2010-04-01,3.1,1.1346227261911428,2019-10-01,TRUE,41
OR,2010-05-01,3.1,1.1346227261911428,2019-10-01,TRUE,41
OR,2010-06-01,3.1,1.1346227261911428,2019-10-01,TRUE,41
OR,2010-07-01,3,1.1019400787607845,2019-10-01,TRUE,41
OR,2010-08-01,3,1.1019400787607845,2019-10-01,TRUE,41
OR,2010-09-01,2.9,1.068153081183401,2019-10-01,TRUE,41
OR,2010-10-01,2.9,1.068153081183401,2019-10-01,TRUE,41
OR,2010-11-01,2.8,1.0331844833456545,2019-10-01,TRUE,41
OR,2010-12-01,2.8,1.0331844833456545,2019-10-01,TRUE,41
OR,2011-01-01,3,1.1019400787607845,2019-10-01,TRUE,41
OR,2011-02-01,3.1,1.1346227261911428,2019-10-01,TRUE,41
OR,2011-03-01,3.2,1.1662709371419244,2019-10-01,TRUE,41
OR,2011-04-01,3.1,1.1346227261911428,2019-10-01,TRUE,41
OR,2011-05-01,3,1.1019400787607845,2019-10-01,TRUE,41
OR,2011-06-01,2.9,1.068153081183401,2019-10-01,TRUE,41
OR,2011-07-01,2.9,1.068153081183401,2019-10-01,TRUE,41
OR,2011-08-01,3,1.1019400787607845,2019-10-01,TRUE,41
OR,2011-09-01,3,1.1019400787607845,2019-10-01,TRUE,41
OR,2011-10-01,3,1.1019400787607845,2019-10-01,TRUE,41
OR,2011-11-01,3,1.1019400787607845,2019-10-01,TRUE,41
OR,2011-12-01,3,1.1019400787607845,2019-10-01,TRUE,41
OR,2012-01-01,3.1,1.1346227261911428,2019-10-01,TRUE,41
OR,2012-02-01,3.1,1.1346227261911428,2019-10-01,TRUE,41
OR,2012-03-01,3,1.1019400787607845,2019-10-01,TRUE,41
OR,2012-04-01,3,1.1019400787607845,2019-10-01,TRUE,41
OR,2012-05-01,3.1,1.1346227261911428,2019-10-01,TRUE,41
OR,2012-06-01,3,1.1019400787607845,2019-10-01,TRUE,41
OR,2012-07-01,3,1.1019400787607845,2019-10-01,TRUE,41
OR,2012-08-01,3,1.1019400787607845,2019-10-01,TRUE,41
OR,2012-09-01,3,1.1019400787607845,2019-10-01,TRUE,41
OR,2012-10-01,2.9,1.068153081183401,2019-10-01,TRUE,41
OR,2012-11-01,2.9,1.068153081183401,2019-10-01,TRUE,41
OR,2012-12-01,2.8,1.0331844833456545,2019-10-01,TRUE,41
OR,2013-01-01,2.7,0.9969486348916096,2019-10-01,TRUE,41
OR,2013-02-01,2.7,0.9969486348916096,2019-10-01,TRUE,41
OR,2013-03-01,2.7,0.9969486348916096,2019-10-01,TRUE,41
OR,2013-04-01,2.6,0.959350221334602,2019-10-01,TRUE,41
OR,2013-05-01,2.5,0.9202827531436923,2019-10-01,TRUE,41
OR,2013-06-01,2.4,0.8796267475025635,2019-10-01,TRUE,41
OR,2013-07-01,2.3,0.837247524533702,2019-10-01,TRUE,41
OR,2013-08-01,2.2,0.7929925155296614,2019-10-01,TRUE,41
OR,2013-09-01,2.1,0.7466879474879751,2019-10-01,TRUE,41
OR,2013-10-01,2,0.6981347220709843,2019-10-01,TRUE,41
OR,2013-11-01,2.1,0.7466879474879751,2019-10-01,TRUE,41
OR,2013-12-01,2.1,0.7466879474879751,2019-10-01,TRUE,41
OR,2014-01-01,2.1,0.7466879474879751,2019-10-01,TRUE,41
OR,2014-02-01,2.1,0.7466879474879751,2019-10-01,TRUE,41
OR,2014-03-01,2,0.6981347220709843,2019-10-01,TRUE,41
OR,2014-04-01,1.9,0.6471032420585384,2019-10-01,TRUE,41
OR,2014-05-01,1.9,0.6471032420585384,2019-10-01,TRUE,41
OR,2014-06-01,1.9,0.6471032420585384,2019-10-01,TRUE,41
OR,2014-07-01,1.9,0.6471032420585384,2019-10-01,TRUE,41
OR,2014-08-01,1.9,0.6471032420585384,2019-10-01,TRUE,41
OR,2014-09-01,1.8,0.5933268452777344,2019-10-01,TRUE,41
OR,2014-10-01,1.7,0.5364933705145685,2019-10-01,TRUE,41
OR,2014-11-01,1.7,0.5364933705145685,2019-10-01,TRUE,41
OR,2014-12-01,1.7,0.5364933705145685,2019-10-01,TRUE,41
OR,2015-01-01,1.6,0.4762341789963717,2019-10-01,TRUE,41
OR,2015-02-01,1.6,0.4762341789963717,2019-10-01,TRUE,41
OR,2015-03-01,1.5,0.412109650826833,2019-10-01,TRUE,41
OR,2015-04-01,1.5,0.412109650826833,2019-10-01,TRUE,41
OR,2015-05-01,1.5,0.412109650826833,2019-10-01,TRUE,41
OR,2015-06-01,1.4,0.34358970439007686,2019-10-01,TRUE,41
OR,2015-07-01,1.4,0.34358970439007686,2019-10-01,TRUE,41
OR,2015-08-01,1.4,0.34358970439007686,2019-10-01,TRUE,41
OR,2015-09-01,1.3,0.2700271372130602,2019-10-01,TRUE,41
OR,2015-10-01,1.2,0.1906203596086497,2019-10-01,TRUE,41
OR,2015-11-01,1.2,0.1906203596086497,2019-10-01,TRUE,41
OR,2015-12-01,1.1,0.10436001532424286,2019-10-01,TRUE,41
OR,2016-01-01,1.2,0.1906203596086497,2019-10-01,TRUE,41
OR,2016-02-01,1.2,0.1906203596086497,2019-10-01,TRUE,41
OR,2016-03-01,1,0.00995033085316809,2019-10-01,TRUE,41
OR,2016-04-01,1,0.00995033085316809,2019-10-01,TRUE,41
OR,2016-05-01,1,0.00995033085316809,2019-10-01,TRUE,41
OR,2016-06-01,1,0.00995033085316809,2019-10-01,TRUE,41
OR,2016-07-01,0.9,-0.09431067947124128,2019-10-01,TRUE,41
OR,2016-08-01,1,0.00995033085316809,2019-10-01,TRUE,41
OR,2016-09-01,1,0.00995033085316809,2019-10-01,TRUE,41
OR,2016-10-01,0.8,-0.2107210313156525,2019-10-01,TRUE,41
OR,2016-11-01,0.8,-0.2107210313156525,2019-10-01,TRUE,41
OR,2016-12-01,0.8,-0.2107210313156525,2019-10-01,TRUE,41
OR,2017-01-01,0.8,-0.2107210313156525,2019-10-01,TRUE,41
OR,2017-02-01,0.8,-0.2107210313156525,2019-10-01,TRUE,41
OR,2017-03-01,0.7,-0.342490308946776,2019-10-01,TRUE,41
OR,2017-04-01,0.7,-0.342490308946776,2019-10-01,TRUE,41
OR,2017-05-01,0.7,-0.342490308946776,2019-10-01,TRUE,41
OR,2017-06-01,0.7,-0.342490308946776,2019-10-01,TRUE,41
OR,2017-07-01,0.7,-0.342490308946776,2019-10-01,TRUE,41
OR,2017-08-01,0.6,-0.4942963218147801,2019-10-01,TRUE,41
OR,2017-09-01,0.6,-0.4942963218147801,2019-10-01,TRUE,41
OR,2017-10-01,0.6,-0.4942963218147801,2019-10-01,TRUE,41
OR,2017-11-01,0.6,-0.4942963218147801,2019-10-01,TRUE,41
OR,2017-12-01,0.6,-0.4942963218147801,2019-10-01,TRUE,41
OR,2018-01-01,0.5,-0.6733445532637656,2019-10-01,TRUE,41
OR,2018-02-01,0.5,-0.6733445532637656,2019-10-01,TRUE,41
OR,2018-03-01,0.5,-0.6733445532637656,2019-10-01,TRUE,41
OR,2018-04-01,0.5,-0.6733445532637656,2019-10-01,TRUE,41
OR,2018-05-01,0.4,-0.8915981192837835,2019-10-01,TRUE,41
OR,2018-06-01,0.4,-0.8915981192837835,2019-10-01,TRUE,41
OR,2018-07-01,0.4,-0.8915981192837835,2019-10-01,TRUE,41
OR,2018-08-01,0.4,-0.8915981192837835,2019-10-01,TRUE,41
OR,2018-09-01,0.4,-0.8915981192837835,2019-10-01,TRUE,41
OR,2018-10-01,0.5,-0.6733445532637656,2019-10-01,TRUE,41
OR,2018-11-01,0.4,-0.8915981192837835,2019-10-01,TRUE,41
OR,2018-12-01,0.4,-0.8915981192837835,2019-10-01,TRUE,41
OR,2019-01-01,0.4,-0.8915981192837835,2019-10-01,TRUE,41
OR,2019-02-01,0.4,-0.8915981192837835,2019-10-01,TRUE,41
OR,2019-03-01,0.4,-0.8915981192837835,2019-10-01,TRUE,41
OR,2019-04-01,0.4,-0.8915981192837835,2019-10-01,TRUE,41
OR,2019-05-01,0.4,-0.8915981192837835,2019-10-01,TRUE,41
OR,2019-06-01,0.4,-0.8915981192837835,2019-10-01,TRUE,41
OR,2019-07-01,0.4,-0.8915981192837835,2019-10-01,TRUE,41
OR,2019-08-01,0.4,-0.8915981192837835,2019-10-01,TRUE,41
OR,2019-09-01,0.4,-0.8915981192837835,2019-10-01,TRUE,41
OR,2019-10-01,0.4,-0.8915981192837835,2019-10-01,TRUE,41
OR,2019-11-01,0.4,-0.8915981192837835,2019-10-01,TRUE,41
OR,2019-12-01,0.5,-0.6733445532637656,2019-10-01,TRUE,41
OR,2020-01-01,0.5,-0.6733445532637656,2019-10-01,TRUE,41
OR,2020-02-01,0.4,-0.8915981192837835,2019-10-01,TRUE,41
OR,2020-03-01,0.4,-0.8915981192837835,2019-10-01,TRUE,41
OR,2020-04-01,0.4,-0.8915981192837835,2019-10-01,TRUE,41
OR,2020-05-01,0.4,-0.8915981192837835,2019-10-01,TRUE,41
OR,2020-06-01,0.4,-0.8915981192837835,2019-10-01,TRUE,41
OR,2020-07-01,0.4,-0.8915981192837835,2019-10-01,TRUE,41
OR,2020-08-01,0.4,-0.8915981192837835,2019-10-01,TRUE,41
OR,2020-09-01,0.3,-1.171182981502945,2019-10-01,TRUE,41
OR,2020-10-01,0.3,-1.171182981502945,2019-10-01,TRUE,41
OR,2020-11-01,0.3,-1.171182981502945,2019-10-01,TRUE,41
OR,2020-12-01,0.3,-1.171182981502945,2019-10-01,TRUE,41
OR,2021-01-01,0.3,-1.171182981502945,2019-10-01,TRUE,41
OR,2021-02-01,0.2,-1.5606477482646683,2019-10-01,TRUE,41
OR,2021-03-01,0.2,-1.5606477482646683,2019-10-01,TRUE,41
OR,2021-04-01,0.3,-1.171182981502945,2019-10-01,TRUE,41
OR,2021-05-01,0.2,-1.5606477482646683,2019-10-01,TRUE,41
OR,2021-06-01,0.2,-1.5606477482646683,2019-10-01,TRUE,41
OR,2021-07-01,0.2,-1.5606477482646683,2019-10-01,TRUE,41
OR,2021-08-01,0.2,-1.5606477482646683,2019-10-01,TRUE,41
OR,2021-09-01,0.3,-1.171182981502945,2019-10-01,TRUE,41
OR,2021-10-01,0.2,-1.5606477482646683,2019-10-01,TRUE,41
OR,2021-11-01,0.3,-1.171182981502945,2019-10-01,TRUE,41
OR,2021-12-01,0.3,-1.171182981502945,2019-10-01,TRUE,41
OR,2022-01-01,0.3,-1.171182981502945,2019-10-01,TRUE,41
OR,2022-02-01,0.3,-1.171182981502945,2019-10-01,TRUE,41
OR,2022-03-01,0.3,-1.171182981502945,2019-10-01,TRUE,41
OR,2022-04-01,0.2,-1.5606477482646683,2019-10-01,TRUE,41
OR,2022-05-01,0.2,-1.5606477482646683,2019-10-01,TRUE,41
OR,2022-06-01,0.2,-1.5606477482646683,2019-10-01,TRUE,41
OR,2022-07-01,0.2,-1.5606477482646683,2019-10-01,TRUE,41
OR,2022-08-01,0.2,-1.5606477482646683,2019-10-01,TRUE,41
OR,2022-09-01,0.2,-1.5606477482646683,2019-10-01,TRUE,41
OR,2022-10-01,0.3,-1.171182981502945,2019-10-01,TRUE,41
OR,2022-11-01,0.2,-1.5606477482646683,2019-10-01,TRUE,41
OR,2022-12-01,0.3,-1.171182981502945,2019-10-01,TRUE,41
OR,2023-01-01,0.3,-1.171182981502945,2019-10-01,TRUE,41
OR,2023-02-01,0.3,-1.171182981502945,2019-10-01,TRUE,41
OR,2023-03-01,0.3,-1.171182981502945,2019-10-01,TRUE,41
OR,2023-04-01,0.3,-1.171182981502945,2019-10-01,TRUE,41
OR,2023-05-01,0.3,-1.171182981502945,2019-10-01,TRUE,41
OR,2023-06-01,0.3,-1.171182981502945,2019-10-01,TRUE,41
OR,2023-07-01,0.3,-1.171182981502945,2019-10-01,TRUE,41
OR,2023-08-01,0.3,-1.171182981502945,2019-10-01,TRUE,41
OR,2023-09-01,0.3,-1.171182981502945,2019-10-01,TRUE,41
OR,2023-10-01,0.3,-1.171182981502945,2019-10-01,TRUE,41
OR,2023-11-01,0.3,-1.171182981502945,2019-10-01,TRUE,41
OR,2023-12-01,0.4,-0.8915981192837835,2019-10-01,TRUE,41
OR,2024-01-01,0.4,-0.8915981192837835,2019-10-01,TRUE,41
OR,2024-02-01,0.4,-0.8915981192837835,2019-10-01,TRUE,41
OR,2024-03-01,0.4,-0.8915981192837835,2019-10-01,TRUE,41
OR,2024-04-01,0.4,-0.8915981192837835,2019-10-01,TRUE,41
OR,2024-05-01,0.4,-0.8915981192837835,2019-10-01,TRUE,41
OR,2024-06-01,0.4,-0.8915981192837835,2019-10-01,TRUE,41
OR,2024-07-01,0.4,-0.8915981192837835,2019-10-01,TRUE,41
OR,2024-08-01,0.5,-0.6733445532637656,2019-10-01,TRUE,41
OR,2024-09-01,0.5,-0.6733445532637656,2019-10-01,TRUE,41
OR,2024-10-01,0.5,-0.6733445532637656,2019-10-01,TRUE,41
OR,2024-11-01,0.5,-0.6733445532637656,2019-10-01,TRUE,41
OR,2024-12-01,0.5,-0.6733445532637656,2019-10-01,TRUE,41
OR,2025-01-01,0.6,-0.4942963218147801,2019-10-01,TRUE,41
OR,2025-02-01,0.5,-0.6733445532637656,2019-10-01,TRUE,41
OR,2025-03-01,0.5,-0.6733445532637656,2019-10-01,TRUE,41
PA,2008-01-01,1.3,0.2700271372130602,2019-05-01,TRUE,42
PA,2008-02-01,1.3,0.2700271372130602,2019-05-01,TRUE,42
PA,2008-03-01,1.3,0.2700271372130602,2019-05-01,TRUE,42
PA,2008-04-01,1.2,0.1906203596086497,2019-05-01,TRUE,42
PA,2008-05-01,1.2,0.1906203596086497,2019-05-01,TRUE,42
PA,2008-06-01,1.3,0.2700271372130602,2019-05-01,TRUE,42
PA,2008-07-01,1.5,0.412109650826833,2019-05-01,TRUE,42
PA,2008-08-01,1.5,0.412109650826833,2019-05-01,TRUE,42
PA,2008-09-01,1.6,0.4762341789963717,2019-05-01,TRUE,42
PA,2008-10-01,1.7,0.5364933705145685,2019-05-01,TRUE,42
PA,2008-11-01,1.8,0.5933268452777344,2019-05-01,TRUE,42
PA,2008-12-01,2,0.6981347220709843,2019-05-01,TRUE,42
PA,2009-01-01,2.1,0.7466879474879751,2019-05-01,TRUE,42
PA,2009-02-01,2.2,0.7929925155296614,2019-05-01,TRUE,42
PA,2009-03-01,2.2,0.7929925155296614,2019-05-01,TRUE,42
PA,2009-04-01,2.3,0.837247524533702,2019-05-01,TRUE,42
PA,2009-05-01,2.4,0.8796267475025635,2019-05-01,TRUE,42
PA,2009-06-01,2.4,0.8796267475025635,2019-05-01,TRUE,42
PA,2009-07-01,2.5,0.9202827531436923,2019-05-01,TRUE,42
PA,2009-08-01,2.7,0.9969486348916096,2019-05-01,TRUE,42
PA,2009-09-01,2.9,1.068153081183401,2019-05-01,TRUE,42
PA,2009-10-01,3,1.1019400787607845,2019-05-01,TRUE,42
PA,2009-11-01,3.2,1.1662709371419244,2019-05-01,TRUE,42
PA,2009-12-01,3.3,1.1969481893889715,2019-05-01,TRUE,42
PA,2010-01-01,3.3,1.1969481893889715,2019-05-01,TRUE,42
PA,2010-02-01,3.3,1.1969481893889715,2019-05-01,TRUE,42
PA,2010-03-01,3.1,1.1346227261911428,2019-05-01,TRUE,42
PA,2010-04-01,3,1.1019400787607845,2019-05-01,TRUE,42
PA,2010-05-01,3,1.1019400787607845,2019-05-01,TRUE,42
PA,2010-06-01,2.9,1.068153081183401,2019-05-01,TRUE,42
PA,2010-07-01,2.9,1.068153081183401,2019-05-01,TRUE,42
PA,2010-08-01,2.9,1.068153081183401,2019-05-01,TRUE,42
PA,2010-09-01,2.9,1.068153081183401,2019-05-01,TRUE,42
PA,2010-10-01,2.9,1.068153081183401,2019-05-01,TRUE,42
PA,2010-11-01,2.9,1.068153081183401,2019-05-01,TRUE,42
PA,2010-12-01,2.9,1.068153081183401,2019-05-01,TRUE,42
PA,2011-01-01,3,1.1019400787607845,2019-05-01,TRUE,42
PA,2011-02-01,3,1.1019400787607845,2019-05-01,TRUE,42
PA,2011-03-01,3,1.1019400787607845,2019-05-01,TRUE,42
PA,2011-04-01,2.9,1.068153081183401,2019-05-01,TRUE,42
PA,2011-05-01,2.9,1.068153081183401,2019-05-01,TRUE,42
PA,2011-06-01,2.9,1.068153081183401,2019-05-01,TRUE,42
PA,2011-07-01,2.9,1.068153081183401,2019-05-01,TRUE,42
PA,2011-08-01,3,1.1019400787607845,2019-05-01,TRUE,42
PA,2011-09-01,3.1,1.1346227261911428,2019-05-01,TRUE,42
PA,2011-10-01,3.2,1.1662709371419244,2019-05-01,TRUE,42
PA,2011-11-01,3.3,1.1969481893889715,2019-05-01,TRUE,42
PA,2011-12-01,3.3,1.1969481893889715,2019-05-01,TRUE,42
PA,2012-01-01,3.4,1.2267122912954254,2019-05-01,TRUE,42
PA,2012-02-01,3.3,1.1969481893889715,2019-05-01,TRUE,42
PA,2012-03-01,3.2,1.1662709371419244,2019-05-01,TRUE,42
PA,2012-04-01,3.2,1.1662709371419244,2019-05-01,TRUE,42
PA,2012-05-01,3.2,1.1662709371419244,2019-05-01,TRUE,42
PA,2012-06-01,3.2,1.1662709371419244,2019-05-01,TRUE,42
PA,2012-07-01,3.2,1.1662709371419244,2019-05-01,TRUE,42
PA,2012-08-01,3.2,1.1662709371419244,2019-05-01,TRUE,42
PA,2012-09-01,3.2,1.1662709371419244,2019-05-01,TRUE,42
PA,2012-10-01,3.2,1.1662709371419244,2019-05-01,TRUE,42
PA,2012-11-01,3.2,1.1662709371419244,2019-05-01,TRUE,42
PA,2012-12-01,3.3,1.1969481893889715,2019-05-01,TRUE,42
PA,2013-01-01,3.4,1.2267122912954254,2019-05-01,TRUE,42
PA,2013-02-01,3.4,1.2267122912954254,2019-05-01,TRUE,42
PA,2013-03-01,3.2,1.1662709371419244,2019-05-01,TRUE,42
PA,2013-04-01,3.1,1.1346227261911428,2019-05-01,TRUE,42
PA,2013-05-01,3,1.1019400787607845,2019-05-01,TRUE,42
PA,2013-06-01,2.9,1.068153081183401,2019-05-01,TRUE,42
PA,2013-07-01,2.9,1.068153081183401,2019-05-01,TRUE,42
PA,2013-08-01,2.8,1.0331844833456545,2019-05-01,TRUE,42
PA,2013-09-01,2.8,1.0331844833456545,2019-05-01,TRUE,42
PA,2013-10-01,2.8,1.0331844833456545,2019-05-01,TRUE,42
PA,2013-11-01,2.8,1.0331844833456545,2019-05-01,TRUE,42
PA,2013-12-01,2.8,1.0331844833456545,2019-05-01,TRUE,42
PA,2014-01-01,2.8,1.0331844833456545,2019-05-01,TRUE,42
PA,2014-02-01,2.7,0.9969486348916096,2019-05-01,TRUE,42
PA,2014-03-01,2.6,0.959350221334602,2019-05-01,TRUE,42
PA,2014-04-01,2.4,0.8796267475025635,2019-05-01,TRUE,42
PA,2014-05-01,2.5,0.9202827531436923,2019-05-01,TRUE,42
PA,2014-06-01,2.5,0.9202827531436923,2019-05-01,TRUE,42
PA,2014-07-01,2.5,0.9202827531436923,2019-05-01,TRUE,42
PA,2014-08-01,2.5,0.9202827531436923,2019-05-01,TRUE,42
PA,2014-09-01,2.5,0.9202827531436923,2019-05-01,TRUE,42
PA,2014-10-01,2.4,0.8796267475025635,2019-05-01,TRUE,42
PA,2014-11-01,2.4,0.8796267475025635,2019-05-01,TRUE,42
PA,2014-12-01,2.5,0.9202827531436923,2019-05-01,TRUE,42
PA,2015-01-01,2.4,0.8796267475025635,2019-05-01,TRUE,42
PA,2015-02-01,2.4,0.8796267475025635,2019-05-01,TRUE,42
PA,2015-03-01,2.2,0.7929925155296614,2019-05-01,TRUE,42
PA,2015-04-01,2.2,0.7929925155296614,2019-05-01,TRUE,42
PA,2015-05-01,2.1,0.7466879474879751,2019-05-01,TRUE,42
PA,2015-06-01,2.1,0.7466879474879751,2019-05-01,TRUE,42
PA,2015-07-01,2.1,0.7466879474879751,2019-05-01,TRUE,42
PA,2015-08-01,2.1,0.7466879474879751,2019-05-01,TRUE,42
PA,2015-09-01,2.1,0.7466879474879751,2019-05-01,TRUE,42
PA,2015-10-01,2,0.6981347220709843,2019-05-01,TRUE,42
PA,2015-11-01,2,0.6981347220709843,2019-05-01,TRUE,42
PA,2015-12-01,2,0.6981347220709843,2019-05-01,TRUE,42
PA,2016-01-01,2.1,0.7466879474879751,2019-05-01,TRUE,42
PA,2016-02-01,2.2,0.7929925155296614,2019-05-01,TRUE,42
PA,2016-03-01,2,0.6981347220709843,2019-05-01,TRUE,42
PA,2016-04-01,1.8,0.5933268452777344,2019-05-01,TRUE,42
PA,2016-05-01,1.7,0.5364933705145685,2019-05-01,TRUE,42
PA,2016-06-01,1.7,0.5364933705145685,2019-05-01,TRUE,42
PA,2016-07-01,1.7,0.5364933705145685,2019-05-01,TRUE,42
PA,2016-08-01,1.8,0.5933268452777344,2019-05-01,TRUE,42
PA,2016-09-01,1.8,0.5933268452777344,2019-05-01,TRUE,42
PA,2016-10-01,1.8,0.5933268452777344,2019-05-01,TRUE,42
PA,2016-11-01,1.8,0.5933268452777344,2019-05-01,TRUE,42
PA,2016-12-01,1.8,0.5933268452777344,2019-05-01,TRUE,42
PA,2017-01-01,1.8,0.5933268452777344,2019-05-01,TRUE,42
PA,2017-02-01,1.8,0.5933268452777344,2019-05-01,TRUE,42
PA,2017-03-01,1.7,0.5364933705145685,2019-05-01,TRUE,42
PA,2017-04-01,1.6,0.4762341789963717,2019-05-01,TRUE,42
PA,2017-05-01,1.6,0.4762341789963717,2019-05-01,TRUE,42
PA,2017-06-01,1.6,0.4762341789963717,2019-05-01,TRUE,42
PA,2017-07-01,1.5,0.412109650826833,2019-05-01,TRUE,42
PA,2017-08-01,1.6,0.4762341789963717,2019-05-01,TRUE,42
PA,2017-09-01,1.6,0.4762341789963717,2019-05-01,TRUE,42
PA,2017-10-01,1.5,0.412109650826833,2019-05-01,TRUE,42
PA,2017-11-01,1.6,0.4762341789963717,2019-05-01,TRUE,42
PA,2017-12-01,1.6,0.4762341789963717,2019-05-01,TRUE,42
PA,2018-01-01,1.6,0.4762341789963717,2019-05-01,TRUE,42
PA,2018-02-01,1.5,0.412109650826833,2019-05-01,TRUE,42
PA,2018-03-01,1.4,0.34358970439007686,2019-05-01,TRUE,42
PA,2018-04-01,1.3,0.2700271372130602,2019-05-01,TRUE,42
PA,2018-05-01,1.2,0.1906203596086497,2019-05-01,TRUE,42
PA,2018-06-01,1.2,0.1906203596086497,2019-05-01,TRUE,42
PA,2018-07-01,1.2,0.1906203596086497,2019-05-01,TRUE,42
PA,2018-08-01,1.3,0.2700271372130602,2019-05-01,TRUE,42
PA,2018-09-01,1.3,0.2700271372130602,2019-05-01,TRUE,42
PA,2018-10-01,1.3,0.2700271372130602,2019-05-01,TRUE,42
PA,2018-11-01,1.3,0.2700271372130602,2019-05-01,TRUE,42
PA,2018-12-01,1.3,0.2700271372130602,2019-05-01,TRUE,42
PA,2019-01-01,1.3,0.2700271372130602,2019-05-01,TRUE,42
PA,2019-02-01,1.3,0.2700271372130602,2019-05-01,TRUE,42
PA,2019-03-01,1.1,0.10436001532424286,2019-05-01,TRUE,42
PA,2019-04-01,1,0.00995033085316809,2019-05-01,TRUE,42
PA,2019-05-01,1,0.00995033085316809,2019-05-01,TRUE,42
PA,2019-06-01,1.1,0.10436001532424286,2019-05-01,TRUE,42
PA,2019-07-01,1,0.00995033085316809,2019-05-01,TRUE,42
PA,2019-08-01,1.1,0.10436001532424286,2019-05-01,TRUE,42
PA,2019-09-01,1.1,0.10436001532424286,2019-05-01,TRUE,42
PA,2019-10-01,1.1,0.10436001532424286,2019-05-01,TRUE,42
PA,2019-11-01,1.1,0.10436001532424286,2019-05-01,TRUE,42
PA,2019-12-01,1.2,0.1906203596086497,2019-05-01,TRUE,42
PA,2020-01-01,1.2,0.1906203596086497,2019-05-01,TRUE,42
PA,2020-02-01,1.1,0.10436001532424286,2019-05-01,TRUE,42
PA,2020-03-01,1.1,0.10436001532424286,2019-05-01,TRUE,42
PA,2020-04-01,1,0.00995033085316809,2019-05-01,TRUE,42
PA,2020-05-01,1,0.00995033085316809,2019-05-01,TRUE,42
PA,2020-06-01,0.9,-0.09431067947124128,2019-05-01,TRUE,42
PA,2020-07-01,0.9,-0.09431067947124128,2019-05-01,TRUE,42
PA,2020-08-01,0.9,-0.09431067947124128,2019-05-01,TRUE,42
PA,2020-09-01,0.9,-0.09431067947124128,2019-05-01,TRUE,42
PA,2020-10-01,0.8,-0.2107210313156525,2019-05-01,TRUE,42
PA,2020-11-01,0.8,-0.2107210313156525,2019-05-01,TRUE,42
PA,2020-12-01,0.8,-0.2107210313156525,2019-05-01,TRUE,42
PA,2021-01-01,0.8,-0.2107210313156525,2019-05-01,TRUE,42
PA,2021-02-01,0.8,-0.2107210313156525,2019-05-01,TRUE,42
PA,2021-03-01,0.8,-0.2107210313156525,2019-05-01,TRUE,42
PA,2021-04-01,0.7,-0.342490308946776,2019-05-01,TRUE,42
PA,2021-05-01,0.7,-0.342490308946776,2019-05-01,TRUE,42
PA,2021-06-01,0.7,-0.342490308946776,2019-05-01,TRUE,42
PA,2021-07-01,0.7,-0.342490308946776,2019-05-01,TRUE,42
PA,2021-08-01,0.7,-0.342490308946776,2019-05-01,TRUE,42
PA,2021-09-01,0.7,-0.342490308946776,2019-05-01,TRUE,42
PA,2021-10-01,0.7,-0.342490308946776,2019-05-01,TRUE,42
PA,2021-11-01,0.7,-0.342490308946776,2019-05-01,TRUE,42
PA,2021-12-01,0.7,-0.342490308946776,2019-05-01,TRUE,42
PA,2022-01-01,0.7,-0.342490308946776,2019-05-01,TRUE,42
PA,2022-02-01,0.7,-0.342490308946776,2019-05-01,TRUE,42
PA,2022-03-01,0.7,-0.342490308946776,2019-05-01,TRUE,42
PA,2022-04-01,0.7,-0.342490308946776,2019-05-01,TRUE,42
PA,2022-05-01,0.7,-0.342490308946776,2019-05-01,TRUE,42
PA,2022-06-01,0.7,-0.342490308946776,2019-05-01,TRUE,42
PA,2022-07-01,0.7,-0.342490308946776,2019-05-01,TRUE,42
PA,2022-08-01,0.7,-0.342490308946776,2019-05-01,TRUE,42
PA,2022-09-01,0.7,-0.342490308946776,2019-05-01,TRUE,42
PA,2022-10-01,0.7,-0.342490308946776,2019-05-01,TRUE,42
PA,2022-11-01,0.7,-0.342490308946776,2019-05-01,TRUE,42
PA,2022-12-01,0.7,-0.342490308946776,2019-05-01,TRUE,42
PA,2023-01-01,0.8,-0.2107210313156525,2019-05-01,TRUE,42
PA,2023-02-01,0.7,-0.342490308946776,2019-05-01,TRUE,42
PA,2023-03-01,0.7,-0.342490308946776,2019-05-01,TRUE,42
PA,2023-04-01,0.7,-0.342490308946776,2019-05-01,TRUE,42
PA,2023-05-01,0.7,-0.342490308946776,2019-05-01,TRUE,42
PA,2023-06-01,0.7,-0.342490308946776,2019-05-01,TRUE,42
PA,2023-07-01,0.7,-0.342490308946776,2019-05-01,TRUE,42
PA,2023-08-01,0.7,-0.342490308946776,2019-05-01,TRUE,42
PA,2023-09-01,0.7,-0.342490308946776,2019-05-01,TRUE,42
PA,2023-10-01,0.8,-0.2107210313156525,2019-05-01,TRUE,42
PA,2023-11-01,0.8,-0.2107210313156525,2019-05-01,TRUE,42
PA,2023-12-01,0.8,-0.2107210313156525,2019-05-01,TRUE,42
PA,2024-01-01,0.8,-0.2107210313156525,2019-05-01,TRUE,42
PA,2024-02-01,0.8,-0.2107210313156525,2019-05-01,TRUE,42
PA,2024-03-01,0.7,-0.342490308946776,2019-05-01,TRUE,42
PA,2024-04-01,0.7,-0.342490308946776,2019-05-01,TRUE,42
PA,2024-05-01,0.7,-0.342490308946776,2019-05-01,TRUE,42
PA,2024-06-01,0.7,-0.342490308946776,2019-05-01,TRUE,42
PA,2024-07-01,0.8,-0.2107210313156525,2019-05-01,TRUE,42
PA,2024-08-01,0.8,-0.2107210313156525,2019-05-01,TRUE,42
PA,2024-09-01,0.9,-0.09431067947124128,2019-05-01,TRUE,42
PA,2024-10-01,0.9,-0.09431067947124128,2019-05-01,TRUE,42
PA,2024-11-01,0.9,-0.09431067947124128,2019-05-01,TRUE,42
PA,2024-12-01,0.9,-0.09431067947124128,2019-05-01,TRUE,42
PA,2025-01-01,0.9,-0.09431067947124128,2019-05-01,TRUE,42
PA,2025-02-01,0.9,-0.09431067947124128,2019-05-01,TRUE,42
PA,2025-03-01,0.9,-0.09431067947124128,2019-05-01,TRUE,42
RI,2008-01-01,1.8,0.5933268452777344,2019-09-01,TRUE,44
RI,2008-02-01,1.9,0.6471032420585384,2019-09-01,TRUE,44
RI,2008-03-01,1.9,0.6471032420585384,2019-09-01,TRUE,44
RI,2008-04-01,1.9,0.6471032420585384,2019-09-01,TRUE,44
RI,2008-05-01,1.8,0.5933268452777344,2019-09-01,TRUE,44
RI,2008-06-01,1.9,0.6471032420585384,2019-09-01,TRUE,44
RI,2008-07-01,2.3,0.837247524533702,2019-09-01,TRUE,44
RI,2008-08-01,2.4,0.8796267475025635,2019-09-01,TRUE,44
RI,2008-09-01,2.4,0.8796267475025635,2019-09-01,TRUE,44
RI,2008-10-01,2.5,0.9202827531436923,2019-09-01,TRUE,44
RI,2008-11-01,2.7,0.9969486348916096,2019-09-01,TRUE,44
RI,2008-12-01,2.9,1.068153081183401,2019-09-01,TRUE,44
RI,2009-01-01,3.2,1.1662709371419244,2019-09-01,TRUE,44
RI,2009-02-01,3.3,1.1969481893889715,2019-09-01,TRUE,44
RI,2009-03-01,3.4,1.2267122912954254,2019-09-01,TRUE,44
RI,2009-04-01,3.3,1.1969481893889715,2019-09-01,TRUE,44
RI,2009-05-01,3.7,1.3110318766193438,2019-09-01,TRUE,44
RI,2009-06-01,3.8,1.3376291891386094,2019-09-01,TRUE,44
RI,2009-07-01,4.3,1.4609379041156565,2019-09-01,TRUE,44
RI,2009-08-01,4.5,1.506297153514587,2019-09-01,TRUE,44
RI,2009-09-01,4.9,1.5912739418064292,2019-09-01,TRUE,44
RI,2009-10-01,5.2,1.6505798557652755,2019-09-01,TRUE,44
RI,2009-11-01,5.1,1.631199404215613,2019-09-01,TRUE,44
RI,2009-12-01,5.1,1.631199404215613,2019-09-01,TRUE,44
RI,2010-01-01,5.3,1.6695918352538477,2019-09-01,TRUE,44
RI,2010-02-01,5.5,1.706564623164823,2019-09-01,TRUE,44
RI,2010-03-01,5.4,1.6882490928583902,2019-09-01,TRUE,44
RI,2010-04-01,5.1,1.631199404215613,2019-09-01,TRUE,44
RI,2010-05-01,5.3,1.6695918352538477,2019-09-01,TRUE,44
RI,2010-06-01,4.9,1.5912739418064292,2019-09-01,TRUE,44
RI,2010-07-01,4.8,1.5706970841176695,2019-09-01,TRUE,44
RI,2010-08-01,4.8,1.5706970841176695,2019-09-01,TRUE,44
RI,2010-09-01,4.8,1.5706970841176695,2019-09-01,TRUE,44
RI,2010-10-01,4.8,1.5706970841176695,2019-09-01,TRUE,44
RI,2010-11-01,4.9,1.5912739418064292,2019-09-01,TRUE,44
RI,2010-12-01,4.7,1.5496879080283263,2019-09-01,TRUE,44
RI,2011-01-01,4.8,1.5706970841176695,2019-09-01,TRUE,44
RI,2011-02-01,4.8,1.5706970841176695,2019-09-01,TRUE,44
RI,2011-03-01,4.7,1.5496879080283263,2019-09-01,TRUE,44
RI,2011-04-01,4.6,1.528227857008557,2019-09-01,TRUE,44
RI,2011-05-01,4.7,1.5496879080283263,2019-09-01,TRUE,44
RI,2011-06-01,4.6,1.528227857008557,2019-09-01,TRUE,44
RI,2011-07-01,4.4,1.483874689458755,2019-09-01,TRUE,44
RI,2011-08-01,4.3,1.4609379041156565,2019-09-01,TRUE,44
RI,2011-09-01,4.3,1.4609379041156565,2019-09-01,TRUE,44
RI,2011-10-01,4.2,1.43746264769429,2019-09-01,TRUE,44
RI,2011-11-01,4.1,1.413423028508143,2019-09-01,TRUE,44
RI,2011-12-01,4.1,1.413423028508143,2019-09-01,TRUE,44
RI,2012-01-01,4.2,1.43746264769429,2019-09-01,TRUE,44
RI,2012-02-01,4.2,1.43746264769429,2019-09-01,TRUE,44
RI,2012-03-01,4.2,1.43746264769429,2019-09-01,TRUE,44
RI,2012-04-01,4.1,1.413423028508143,2019-09-01,TRUE,44
RI,2012-05-01,4.3,1.4609379041156565,2019-09-01,TRUE,44
RI,2012-06-01,4.5,1.506297153514587,2019-09-01,TRUE,44
RI,2012-07-01,4.4,1.483874689458755,2019-09-01,TRUE,44
RI,2012-08-01,4.4,1.483874689458755,2019-09-01,TRUE,44
RI,2012-09-01,4.4,1.483874689458755,2019-09-01,TRUE,44
RI,2012-10-01,4.3,1.4609379041156565,2019-09-01,TRUE,44
RI,2012-11-01,4.1,1.413423028508143,2019-09-01,TRUE,44
RI,2012-12-01,4.2,1.43746264769429,2019-09-01,TRUE,44
RI,2013-01-01,4.2,1.43746264769429,2019-09-01,TRUE,44
RI,2013-02-01,4.1,1.413423028508143,2019-09-01,TRUE,44
RI,2013-03-01,4.1,1.413423028508143,2019-09-01,TRUE,44
RI,2013-04-01,3.9,1.3635373739972745,2019-09-01,TRUE,44
RI,2013-05-01,3.8,1.3376291891386094,2019-09-01,TRUE,44
RI,2013-06-01,3.5,1.2556160374777745,2019-09-01,TRUE,44
RI,2013-07-01,3.5,1.2556160374777745,2019-09-01,TRUE,44
RI,2013-08-01,3.5,1.2556160374777745,2019-09-01,TRUE,44
RI,2013-09-01,3.4,1.2267122912954254,2019-09-01,TRUE,44
RI,2013-10-01,3.2,1.1662709371419244,2019-09-01,TRUE,44
RI,2013-11-01,3.2,1.1662709371419244,2019-09-01,TRUE,44
RI,2013-12-01,3.3,1.1969481893889715,2019-09-01,TRUE,44
RI,2014-01-01,3.3,1.1969481893889715,2019-09-01,TRUE,44
RI,2014-02-01,3.1,1.1346227261911428,2019-09-01,TRUE,44
RI,2014-03-01,2.9,1.068153081183401,2019-09-01,TRUE,44
RI,2014-04-01,2.7,0.9969486348916096,2019-09-01,TRUE,44
RI,2014-05-01,2.8,1.0331844833456545,2019-09-01,TRUE,44
RI,2014-06-01,2.8,1.0331844833456545,2019-09-01,TRUE,44
RI,2014-07-01,2.8,1.0331844833456545,2019-09-01,TRUE,44
RI,2014-08-01,2.8,1.0331844833456545,2019-09-01,TRUE,44
RI,2014-09-01,2.9,1.068153081183401,2019-09-01,TRUE,44
RI,2014-10-01,2.9,1.068153081183401,2019-09-01,TRUE,44
RI,2014-11-01,2.9,1.068153081183401,2019-09-01,TRUE,44
RI,2014-12-01,2.9,1.068153081183401,2019-09-01,TRUE,44
RI,2015-01-01,3,1.1019400787607845,2019-09-01,TRUE,44
RI,2015-02-01,2.8,1.0331844833456545,2019-09-01,TRUE,44
RI,2015-03-01,2.8,1.0331844833456545,2019-09-01,TRUE,44
RI,2015-04-01,2.8,1.0331844833456545,2019-09-01,TRUE,44
RI,2015-05-01,2.6,0.959350221334602,2019-09-01,TRUE,44
RI,2015-06-01,2.7,0.9969486348916096,2019-09-01,TRUE,44
RI,2015-07-01,2.7,0.9969486348916096,2019-09-01,TRUE,44
RI,2015-08-01,2.8,1.0331844833456545,2019-09-01,TRUE,44
RI,2015-09-01,2.8,1.0331844833456545,2019-09-01,TRUE,44
RI,2015-10-01,2.8,1.0331844833456545,2019-09-01,TRUE,44
RI,2015-11-01,2.7,0.9969486348916096,2019-09-01,TRUE,44
RI,2015-12-01,2.6,0.959350221334602,2019-09-01,TRUE,44
RI,2016-01-01,2.5,0.9202827531436923,2019-09-01,TRUE,44
RI,2016-02-01,2.5,0.9202827531436923,2019-09-01,TRUE,44
RI,2016-03-01,2.2,0.7929925155296614,2019-09-01,TRUE,44
RI,2016-04-01,2.1,0.7466879474879751,2019-09-01,TRUE,44
RI,2016-05-01,2,0.6981347220709843,2019-09-01,TRUE,44
RI,2016-06-01,2,0.6981347220709843,2019-09-01,TRUE,44
RI,2016-07-01,1.9,0.6471032420585384,2019-09-01,TRUE,44
RI,2016-08-01,1.8,0.5933268452777344,2019-09-01,TRUE,44
RI,2016-09-01,1.7,0.5364933705145685,2019-09-01,TRUE,44
RI,2016-10-01,1.7,0.5364933705145685,2019-09-01,TRUE,44
RI,2016-11-01,1.8,0.5933268452777344,2019-09-01,TRUE,44
RI,2016-12-01,1.8,0.5933268452777344,2019-09-01,TRUE,44
RI,2017-01-01,1.7,0.5364933705145685,2019-09-01,TRUE,44
RI,2017-02-01,1.8,0.5933268452777344,2019-09-01,TRUE,44
RI,2017-03-01,1.7,0.5364933705145685,2019-09-01,TRUE,44
RI,2017-04-01,1.7,0.5364933705145685,2019-09-01,TRUE,44
RI,2017-05-01,1.5,0.412109650826833,2019-09-01,TRUE,44
RI,2017-06-01,1.4,0.34358970439007686,2019-09-01,TRUE,44
RI,2017-07-01,1.4,0.34358970439007686,2019-09-01,TRUE,44
RI,2017-08-01,1.5,0.412109650826833,2019-09-01,TRUE,44
RI,2017-09-01,1.5,0.412109650826833,2019-09-01,TRUE,44
RI,2017-10-01,1.4,0.34358970439007686,2019-09-01,TRUE,44
RI,2017-11-01,1.3,0.2700271372130602,2019-09-01,TRUE,44
RI,2017-12-01,1.2,0.1906203596086497,2019-09-01,TRUE,44
RI,2018-01-01,1.2,0.1906203596086497,2019-09-01,TRUE,44
RI,2018-02-01,1.2,0.1906203596086497,2019-09-01,TRUE,44
RI,2018-03-01,1.2,0.1906203596086497,2019-09-01,TRUE,44
RI,2018-04-01,1.1,0.10436001532424286,2019-09-01,TRUE,44
RI,2018-05-01,1,0.00995033085316809,2019-09-01,TRUE,44
RI,2018-06-01,1.1,0.10436001532424286,2019-09-01,TRUE,44
RI,2018-07-01,1.1,0.10436001532424286,2019-09-01,TRUE,44
RI,2018-08-01,1.2,0.1906203596086497,2019-09-01,TRUE,44
RI,2018-09-01,1.1,0.10436001532424286,2019-09-01,TRUE,44
RI,2018-10-01,1,0.00995033085316809,2019-09-01,TRUE,44
RI,2018-11-01,1.1,0.10436001532424286,2019-09-01,TRUE,44
RI,2018-12-01,1.1,0.10436001532424286,2019-09-01,TRUE,44
RI,2019-01-01,1.1,0.10436001532424286,2019-09-01,TRUE,44
RI,2019-02-01,1,0.00995033085316809,2019-09-01,TRUE,44
RI,2019-03-01,1.1,0.10436001532424286,2019-09-01,TRUE,44
RI,2019-04-01,1.1,0.10436001532424286,2019-09-01,TRUE,44
RI,2019-05-01,1.1,0.10436001532424286,2019-09-01,TRUE,44
RI,2019-06-01,1,0.00995033085316809,2019-09-01,TRUE,44
RI,2019-07-01,1,0.00995033085316809,2019-09-01,TRUE,44
RI,2019-08-01,1.1,0.10436001532424286,2019-09-01,TRUE,44
RI,2019-09-01,1,0.00995033085316809,2019-09-01,TRUE,44
RI,2019-10-01,0.9,-0.09431067947124128,2019-09-01,TRUE,44
RI,2019-11-01,1,0.00995033085316809,2019-09-01,TRUE,44
RI,2019-12-01,1,0.00995033085316809,2019-09-01,TRUE,44
RI,2020-01-01,1.1,0.10436001532424286,2019-09-01,TRUE,44
RI,2020-02-01,1.1,0.10436001532424286,2019-09-01,TRUE,44
RI,2020-03-01,1,0.00995033085316809,2019-09-01,TRUE,44
RI,2020-04-01,0.9,-0.09431067947124128,2019-09-01,TRUE,44
RI,2020-05-01,0.8,-0.2107210313156525,2019-09-01,TRUE,44
RI,2020-06-01,0.8,-0.2107210313156525,2019-09-01,TRUE,44
RI,2020-07-01,0.7,-0.342490308946776,2019-09-01,TRUE,44
RI,2020-08-01,0.6,-0.4942963218147801,2019-09-01,TRUE,44
RI,2020-09-01,0.6,-0.4942963218147801,2019-09-01,TRUE,44
RI,2020-10-01,0.6,-0.4942963218147801,2019-09-01,TRUE,44
RI,2020-11-01,0.6,-0.4942963218147801,2019-09-01,TRUE,44
RI,2020-12-01,0.6,-0.4942963218147801,2019-09-01,TRUE,44
RI,2021-01-01,0.7,-0.342490308946776,2019-09-01,TRUE,44
RI,2021-02-01,0.6,-0.4942963218147801,2019-09-01,TRUE,44
RI,2021-03-01,0.6,-0.4942963218147801,2019-09-01,TRUE,44
RI,2021-04-01,0.6,-0.4942963218147801,2019-09-01,TRUE,44
RI,2021-05-01,0.6,-0.4942963218147801,2019-09-01,TRUE,44
RI,2021-06-01,0.6,-0.4942963218147801,2019-09-01,TRUE,44
RI,2021-07-01,0.5,-0.6733445532637656,2019-09-01,TRUE,44
RI,2021-08-01,0.6,-0.4942963218147801,2019-09-01,TRUE,44
RI,2021-09-01,0.5,-0.6733445532637656,2019-09-01,TRUE,44
RI,2021-10-01,0.5,-0.6733445532637656,2019-09-01,TRUE,44
RI,2021-11-01,0.5,-0.6733445532637656,2019-09-01,TRUE,44
RI,2021-12-01,0.5,-0.6733445532637656,2019-09-01,TRUE,44
RI,2022-01-01,0.5,-0.6733445532637656,2019-09-01,TRUE,44
RI,2022-02-01,0.5,-0.6733445532637656,2019-09-01,TRUE,44
RI,2022-03-01,0.6,-0.4942963218147801,2019-09-01,TRUE,44
RI,2022-04-01,0.5,-0.6733445532637656,2019-09-01,TRUE,44
RI,2022-05-01,0.5,-0.6733445532637656,2019-09-01,TRUE,44
RI,2022-06-01,0.6,-0.4942963218147801,2019-09-01,TRUE,44
RI,2022-07-01,0.6,-0.4942963218147801,2019-09-01,TRUE,44
RI,2022-08-01,0.6,-0.4942963218147801,2019-09-01,TRUE,44
RI,2022-09-01,0.6,-0.4942963218147801,2019-09-01,TRUE,44
RI,2022-10-01,0.7,-0.342490308946776,2019-09-01,TRUE,44
RI,2022-11-01,0.6,-0.4942963218147801,2019-09-01,TRUE,44
RI,2022-12-01,0.6,-0.4942963218147801,2019-09-01,TRUE,44
RI,2023-01-01,0.6,-0.4942963218147801,2019-09-01,TRUE,44
RI,2023-02-01,0.5,-0.6733445532637656,2019-09-01,TRUE,44
RI,2023-03-01,0.5,-0.6733445532637656,2019-09-01,TRUE,44
RI,2023-04-01,0.6,-0.4942963218147801,2019-09-01,TRUE,44
RI,2023-05-01,0.5,-0.6733445532637656,2019-09-01,TRUE,44
RI,2023-06-01,0.5,-0.6733445532637656,2019-09-01,TRUE,44
RI,2023-07-01,0.5,-0.6733445532637656,2019-09-01,TRUE,44
RI,2023-08-01,0.4,-0.8915981192837835,2019-09-01,TRUE,44
RI,2023-09-01,0.5,-0.6733445532637656,2019-09-01,TRUE,44
RI,2023-10-01,0.5,-0.6733445532637656,2019-09-01,TRUE,44
RI,2023-11-01,0.6,-0.4942963218147801,2019-09-01,TRUE,44
RI,2023-12-01,0.5,-0.6733445532637656,2019-09-01,TRUE,44
RI,2024-01-01,0.5,-0.6733445532637656,2019-09-01,TRUE,44
RI,2024-02-01,0.6,-0.4942963218147801,2019-09-01,TRUE,44
RI,2024-03-01,0.7,-0.342490308946776,2019-09-01,TRUE,44
RI,2024-04-01,0.5,-0.6733445532637656,2019-09-01,TRUE,44
RI,2024-05-01,0.6,-0.4942963218147801,2019-09-01,TRUE,44
RI,2024-06-01,0.6,-0.4942963218147801,2019-09-01,TRUE,44
RI,2024-07-01,0.8,-0.2107210313156525,2019-09-01,TRUE,44
RI,2024-08-01,0.9,-0.09431067947124128,2019-09-01,TRUE,44
RI,2024-09-01,0.8,-0.2107210313156525,2019-09-01,TRUE,44
RI,2024-10-01,0.7,-0.342490308946776,2019-09-01,TRUE,44
RI,2024-11-01,0.7,-0.342490308946776,2019-09-01,TRUE,44
RI,2024-12-01,0.9,-0.09431067947124128,2019-09-01,TRUE,44
RI,2025-01-01,0.8,-0.2107210313156525,2019-09-01,TRUE,44
RI,2025-02-01,0.8,-0.2107210313156525,2019-09-01,TRUE,44
RI,2025-03-01,0.8,-0.2107210313156525,2019-09-01,TRUE,44
SC,2008-01-01,1.4,0.34358970439007686,NA,FALSE,45
SC,2008-02-01,1.5,0.412109650826833,NA,FALSE,45
SC,2008-03-01,1.4,0.34358970439007686,NA,FALSE,45
SC,2008-04-01,1.3,0.2700271372130602,NA,FALSE,45
SC,2008-05-01,1.4,0.34358970439007686,NA,FALSE,45
SC,2008-06-01,1.5,0.412109650826833,NA,FALSE,45
SC,2008-07-01,1.6,0.4762341789963717,NA,FALSE,45
SC,2008-08-01,1.6,0.4762341789963717,NA,FALSE,45
SC,2008-09-01,1.7,0.5364933705145685,NA,FALSE,45
SC,2008-10-01,1.8,0.5933268452777344,NA,FALSE,45
SC,2008-11-01,1.9,0.6471032420585384,NA,FALSE,45
SC,2008-12-01,2.2,0.7929925155296614,NA,FALSE,45
SC,2009-01-01,2.3,0.837247524533702,NA,FALSE,45
SC,2009-02-01,2.3,0.837247524533702,NA,FALSE,45
SC,2009-03-01,2.3,0.837247524533702,NA,FALSE,45
SC,2009-04-01,2.5,0.9202827531436923,NA,FALSE,45
SC,2009-05-01,2.7,0.9969486348916096,NA,FALSE,45
SC,2009-06-01,2.9,1.068153081183401,NA,FALSE,45
SC,2009-07-01,3.2,1.1662709371419244,NA,FALSE,45
SC,2009-08-01,3.3,1.1969481893889715,NA,FALSE,45
SC,2009-09-01,3.7,1.3110318766193438,NA,FALSE,45
SC,2009-10-01,3.7,1.3110318766193438,NA,FALSE,45
SC,2009-11-01,4,1.3887912413184778,NA,FALSE,45
SC,2009-12-01,4,1.3887912413184778,NA,FALSE,45
SC,2010-01-01,4.1,1.413423028508143,NA,FALSE,45
SC,2010-02-01,4.1,1.413423028508143,NA,FALSE,45
SC,2010-03-01,3.9,1.3635373739972745,NA,FALSE,45
SC,2010-04-01,3.7,1.3110318766193438,NA,FALSE,45
SC,2010-05-01,3.7,1.3110318766193438,NA,FALSE,45
SC,2010-06-01,3.7,1.3110318766193438,NA,FALSE,45
SC,2010-07-01,3.7,1.3110318766193438,NA,FALSE,45
SC,2010-08-01,3.6,1.2837077723447896,NA,FALSE,45
SC,2010-09-01,3.5,1.2556160374777745,NA,FALSE,45
SC,2010-10-01,3.6,1.2837077723447896,NA,FALSE,45
SC,2010-11-01,3.5,1.2556160374777745,NA,FALSE,45
SC,2010-12-01,3.5,1.2556160374777745,NA,FALSE,45
SC,2011-01-01,3.6,1.2837077723447896,NA,FALSE,45
SC,2011-02-01,3.5,1.2556160374777745,NA,FALSE,45
SC,2011-03-01,3.3,1.1969481893889715,NA,FALSE,45
SC,2011-04-01,3.3,1.1969481893889715,NA,FALSE,45
SC,2011-05-01,3.3,1.1969481893889715,NA,FALSE,45
SC,2011-06-01,3.3,1.1969481893889715,NA,FALSE,45
SC,2011-07-01,3.4,1.2267122912954254,NA,FALSE,45
SC,2011-08-01,3.4,1.2267122912954254,NA,FALSE,45
SC,2011-09-01,3.6,1.2837077723447896,NA,FALSE,45
SC,2011-10-01,3.6,1.2837077723447896,NA,FALSE,45
SC,2011-11-01,3.6,1.2837077723447896,NA,FALSE,45
SC,2011-12-01,3.6,1.2837077723447896,NA,FALSE,45
SC,2012-01-01,3.6,1.2837077723447896,NA,FALSE,45
SC,2012-02-01,3.5,1.2556160374777745,NA,FALSE,45
SC,2012-03-01,3.4,1.2267122912954254,NA,FALSE,45
SC,2012-04-01,3.2,1.1662709371419244,NA,FALSE,45
SC,2012-05-01,3.4,1.2267122912954254,NA,FALSE,45
SC,2012-06-01,3.4,1.2267122912954254,NA,FALSE,45
SC,2012-07-01,3.4,1.2267122912954254,NA,FALSE,45
SC,2012-08-01,3.4,1.2267122912954254,NA,FALSE,45
SC,2012-09-01,3.3,1.1969481893889715,NA,FALSE,45
SC,2012-10-01,3.3,1.1969481893889715,NA,FALSE,45
SC,2012-11-01,3.3,1.1969481893889715,NA,FALSE,45
SC,2012-12-01,3.3,1.1969481893889715,NA,FALSE,45
SC,2013-01-01,3.3,1.1969481893889715,NA,FALSE,45
SC,2013-02-01,3.2,1.1662709371419244,NA,FALSE,45
SC,2013-03-01,3.1,1.1346227261911428,NA,FALSE,45
SC,2013-04-01,3.1,1.1346227261911428,NA,FALSE,45
SC,2013-05-01,2.9,1.068153081183401,NA,FALSE,45
SC,2013-06-01,2.8,1.0331844833456545,NA,FALSE,45
SC,2013-07-01,2.6,0.959350221334602,NA,FALSE,45
SC,2013-08-01,2.4,0.8796267475025635,NA,FALSE,45
SC,2013-09-01,2.5,0.9202827531436923,NA,FALSE,45
SC,2013-10-01,2.5,0.9202827531436923,NA,FALSE,45
SC,2013-11-01,2.4,0.8796267475025635,NA,FALSE,45
SC,2013-12-01,2.5,0.9202827531436923,NA,FALSE,45
SC,2014-01-01,2.6,0.959350221334602,NA,FALSE,45
SC,2014-02-01,2.5,0.9202827531436923,NA,FALSE,45
SC,2014-03-01,2.3,0.837247524533702,NA,FALSE,45
SC,2014-04-01,2.3,0.837247524533702,NA,FALSE,45
SC,2014-05-01,2.4,0.8796267475025635,NA,FALSE,45
SC,2014-06-01,2.4,0.8796267475025635,NA,FALSE,45
SC,2014-07-01,2.2,0.7929925155296614,NA,FALSE,45
SC,2014-08-01,2.2,0.7929925155296614,NA,FALSE,45
SC,2014-09-01,2.2,0.7929925155296614,NA,FALSE,45
SC,2014-10-01,2.2,0.7929925155296614,NA,FALSE,45
SC,2014-11-01,2.3,0.837247524533702,NA,FALSE,45
SC,2014-12-01,2.4,0.8796267475025635,NA,FALSE,45
SC,2015-01-01,2.3,0.837247524533702,NA,FALSE,45
SC,2015-02-01,2.2,0.7929925155296614,NA,FALSE,45
SC,2015-03-01,2.1,0.7466879474879751,NA,FALSE,45
SC,2015-04-01,2,0.6981347220709843,NA,FALSE,45
SC,2015-05-01,2.1,0.7466879474879751,NA,FALSE,45
SC,2015-06-01,2.1,0.7466879474879751,NA,FALSE,45
SC,2015-07-01,2,0.6981347220709843,NA,FALSE,45
SC,2015-08-01,2,0.6981347220709843,NA,FALSE,45
SC,2015-09-01,2,0.6981347220709843,NA,FALSE,45
SC,2015-10-01,1.9,0.6471032420585384,NA,FALSE,45
SC,2015-11-01,1.8,0.5933268452777344,NA,FALSE,45
SC,2015-12-01,1.9,0.6471032420585384,NA,FALSE,45
SC,2016-01-01,1.9,0.6471032420585384,NA,FALSE,45
SC,2016-02-01,2.1,0.7466879474879751,NA,FALSE,45
SC,2016-03-01,1.9,0.6471032420585384,NA,FALSE,45
SC,2016-04-01,1.7,0.5364933705145685,NA,FALSE,45
SC,2016-05-01,1.7,0.5364933705145685,NA,FALSE,45
SC,2016-06-01,1.7,0.5364933705145685,NA,FALSE,45
SC,2016-07-01,1.6,0.4762341789963717,NA,FALSE,45
SC,2016-08-01,1.7,0.5364933705145685,NA,FALSE,45
SC,2016-09-01,1.6,0.4762341789963717,NA,FALSE,45
SC,2016-10-01,1.7,0.5364933705145685,NA,FALSE,45
SC,2016-11-01,1.7,0.5364933705145685,NA,FALSE,45
SC,2016-12-01,1.7,0.5364933705145685,NA,FALSE,45
SC,2017-01-01,1.8,0.5933268452777344,NA,FALSE,45
SC,2017-02-01,1.7,0.5364933705145685,NA,FALSE,45
SC,2017-03-01,1.6,0.4762341789963717,NA,FALSE,45
SC,2017-04-01,1.6,0.4762341789963717,NA,FALSE,45
SC,2017-05-01,1.5,0.412109650826833,NA,FALSE,45
SC,2017-06-01,1.5,0.412109650826833,NA,FALSE,45
SC,2017-07-01,1.4,0.34358970439007686,NA,FALSE,45
SC,2017-08-01,1.4,0.34358970439007686,NA,FALSE,45
SC,2017-09-01,1.5,0.412109650826833,NA,FALSE,45
SC,2017-10-01,1.4,0.34358970439007686,NA,FALSE,45
SC,2017-11-01,1.4,0.34358970439007686,NA,FALSE,45
SC,2017-12-01,1.4,0.34358970439007686,NA,FALSE,45
SC,2018-01-01,1.4,0.34358970439007686,NA,FALSE,45
SC,2018-02-01,1.4,0.34358970439007686,NA,FALSE,45
SC,2018-03-01,1.4,0.34358970439007686,NA,FALSE,45
SC,2018-04-01,1.3,0.2700271372130602,NA,FALSE,45
SC,2018-05-01,1.2,0.1906203596086497,NA,FALSE,45
SC,2018-06-01,1.2,0.1906203596086497,NA,FALSE,45
SC,2018-07-01,1.2,0.1906203596086497,NA,FALSE,45
SC,2018-08-01,1.2,0.1906203596086497,NA,FALSE,45
SC,2018-09-01,1.2,0.1906203596086497,NA,FALSE,45
SC,2018-10-01,1.2,0.1906203596086497,NA,FALSE,45
SC,2018-11-01,1.2,0.1906203596086497,NA,FALSE,45
SC,2018-12-01,1.2,0.1906203596086497,NA,FALSE,45
SC,2019-01-01,1.3,0.2700271372130602,NA,FALSE,45
SC,2019-02-01,1.2,0.1906203596086497,NA,FALSE,45
SC,2019-03-01,1.1,0.10436001532424286,NA,FALSE,45
SC,2019-04-01,1,0.00995033085316809,NA,FALSE,45
SC,2019-05-01,1,0.00995033085316809,NA,FALSE,45
SC,2019-06-01,1,0.00995033085316809,NA,FALSE,45
SC,2019-07-01,1,0.00995033085316809,NA,FALSE,45
SC,2019-08-01,1,0.00995033085316809,NA,FALSE,45
SC,2019-09-01,1,0.00995033085316809,NA,FALSE,45
SC,2019-10-01,1.1,0.10436001532424286,NA,FALSE,45
SC,2019-11-01,1.1,0.10436001532424286,NA,FALSE,45
SC,2019-12-01,1.2,0.1906203596086497,NA,FALSE,45
SC,2020-01-01,1.2,0.1906203596086497,NA,FALSE,45
SC,2020-02-01,1.1,0.10436001532424286,NA,FALSE,45
SC,2020-03-01,1,0.00995033085316809,NA,FALSE,45
SC,2020-04-01,1,0.00995033085316809,NA,FALSE,45
SC,2020-05-01,0.9,-0.09431067947124128,NA,FALSE,45
SC,2020-06-01,0.8,-0.2107210313156525,NA,FALSE,45
SC,2020-07-01,0.8,-0.2107210313156525,NA,FALSE,45
SC,2020-08-01,0.8,-0.2107210313156525,NA,FALSE,45
SC,2020-09-01,0.8,-0.2107210313156525,NA,FALSE,45
SC,2020-10-01,0.7,-0.342490308946776,NA,FALSE,45
SC,2020-11-01,0.7,-0.342490308946776,NA,FALSE,45
SC,2020-12-01,0.7,-0.342490308946776,NA,FALSE,45
SC,2021-01-01,0.7,-0.342490308946776,NA,FALSE,45
SC,2021-02-01,0.7,-0.342490308946776,NA,FALSE,45
SC,2021-03-01,0.7,-0.342490308946776,NA,FALSE,45
SC,2021-04-01,0.6,-0.4942963218147801,NA,FALSE,45
SC,2021-05-01,0.6,-0.4942963218147801,NA,FALSE,45
SC,2021-06-01,0.6,-0.4942963218147801,NA,FALSE,45
SC,2021-07-01,0.6,-0.4942963218147801,NA,FALSE,45
SC,2021-08-01,0.6,-0.4942963218147801,NA,FALSE,45
SC,2021-09-01,0.6,-0.4942963218147801,NA,FALSE,45
SC,2021-10-01,0.6,-0.4942963218147801,NA,FALSE,45
SC,2021-11-01,0.6,-0.4942963218147801,NA,FALSE,45
SC,2021-12-01,0.7,-0.342490308946776,NA,FALSE,45
SC,2022-01-01,0.6,-0.4942963218147801,NA,FALSE,45
SC,2022-02-01,0.6,-0.4942963218147801,NA,FALSE,45
SC,2022-03-01,0.5,-0.6733445532637656,NA,FALSE,45
SC,2022-04-01,0.9,-0.09431067947124128,NA,FALSE,45
SC,2022-05-01,0.6,-0.4942963218147801,NA,FALSE,45
SC,2022-06-01,0.6,-0.4942963218147801,NA,FALSE,45
SC,2022-07-01,0.6,-0.4942963218147801,NA,FALSE,45
SC,2022-08-01,0.6,-0.4942963218147801,NA,FALSE,45
SC,2022-09-01,0.6,-0.4942963218147801,NA,FALSE,45
SC,2022-10-01,0.6,-0.4942963218147801,NA,FALSE,45
SC,2022-11-01,0.6,-0.4942963218147801,NA,FALSE,45
SC,2022-12-01,0.6,-0.4942963218147801,NA,FALSE,45
SC,2023-01-01,0.6,-0.4942963218147801,NA,FALSE,45
SC,2023-02-01,0.6,-0.4942963218147801,NA,FALSE,45
SC,2023-03-01,0.6,-0.4942963218147801,NA,FALSE,45
SC,2023-04-01,0.5,-0.6733445532637656,NA,FALSE,45
SC,2023-05-01,0.6,-0.4942963218147801,NA,FALSE,45
SC,2023-06-01,0.5,-0.6733445532637656,NA,FALSE,45
SC,2023-07-01,0.6,-0.4942963218147801,NA,FALSE,45
SC,2023-08-01,0.7,-0.342490308946776,NA,FALSE,45
SC,2023-09-01,0.7,-0.342490308946776,NA,FALSE,45
SC,2023-10-01,0.7,-0.342490308946776,NA,FALSE,45
SC,2023-11-01,0.7,-0.342490308946776,NA,FALSE,45
SC,2023-12-01,0.8,-0.2107210313156525,NA,FALSE,45
SC,2024-01-01,0.9,-0.09431067947124128,NA,FALSE,45
SC,2024-02-01,0.9,-0.09431067947124128,NA,FALSE,45
SC,2024-03-01,0.8,-0.2107210313156525,NA,FALSE,45
SC,2024-04-01,0.8,-0.2107210313156525,NA,FALSE,45
SC,2024-05-01,0.8,-0.2107210313156525,NA,FALSE,45
SC,2024-06-01,0.8,-0.2107210313156525,NA,FALSE,45
SC,2024-07-01,0.9,-0.09431067947124128,NA,FALSE,45
SC,2024-08-01,0.9,-0.09431067947124128,NA,FALSE,45
SC,2024-09-01,0.9,-0.09431067947124128,NA,FALSE,45
SC,2024-10-01,0.9,-0.09431067947124128,NA,FALSE,45
SC,2024-11-01,0.9,-0.09431067947124128,NA,FALSE,45
SC,2024-12-01,1,0.00995033085316809,NA,FALSE,45
SC,2025-01-01,1.1,0.10436001532424286,NA,FALSE,45
SC,2025-02-01,1.1,0.10436001532424286,NA,FALSE,45
SC,2025-03-01,1,0.00995033085316809,NA,FALSE,45
SD,2008-01-01,0.7,-0.342490308946776,NA,FALSE,46
SD,2008-02-01,0.7,-0.342490308946776,NA,FALSE,46
SD,2008-03-01,0.6,-0.4942963218147801,NA,FALSE,46
SD,2008-04-01,0.6,-0.4942963218147801,NA,FALSE,46
SD,2008-05-01,0.6,-0.4942963218147801,NA,FALSE,46
SD,2008-06-01,0.6,-0.4942963218147801,NA,FALSE,46
SD,2008-07-01,0.6,-0.4942963218147801,NA,FALSE,46
SD,2008-08-01,0.6,-0.4942963218147801,NA,FALSE,46
SD,2008-09-01,0.6,-0.4942963218147801,NA,FALSE,46
SD,2008-10-01,0.7,-0.342490308946776,NA,FALSE,46
SD,2008-11-01,0.8,-0.2107210313156525,NA,FALSE,46
SD,2008-12-01,0.9,-0.09431067947124128,NA,FALSE,46
SD,2009-01-01,1,0.00995033085316809,NA,FALSE,46
SD,2009-02-01,1.1,0.10436001532424286,NA,FALSE,46
SD,2009-03-01,1.1,0.10436001532424286,NA,FALSE,46
SD,2009-04-01,1.1,0.10436001532424286,NA,FALSE,46
SD,2009-05-01,1.2,0.1906203596086497,NA,FALSE,46
SD,2009-06-01,1.2,0.1906203596086497,NA,FALSE,46
SD,2009-07-01,1.4,0.34358970439007686,NA,FALSE,46
SD,2009-08-01,1.3,0.2700271372130602,NA,FALSE,46
SD,2009-09-01,1.5,0.412109650826833,NA,FALSE,46
SD,2009-10-01,1.4,0.34358970439007686,NA,FALSE,46
SD,2009-11-01,1.4,0.34358970439007686,NA,FALSE,46
SD,2009-12-01,1.5,0.412109650826833,NA,FALSE,46
SD,2010-01-01,1.5,0.412109650826833,NA,FALSE,46
SD,2010-02-01,1.5,0.412109650826833,NA,FALSE,46
SD,2010-03-01,1.6,0.4762341789963717,NA,FALSE,46
SD,2010-04-01,1.6,0.4762341789963717,NA,FALSE,46
SD,2010-05-01,1.7,0.5364933705145685,NA,FALSE,46
SD,2010-06-01,1.8,0.5933268452777344,NA,FALSE,46
SD,2010-07-01,1.7,0.5364933705145685,NA,FALSE,46
SD,2010-08-01,1.7,0.5364933705145685,NA,FALSE,46
SD,2010-09-01,1.7,0.5364933705145685,NA,FALSE,46
SD,2010-10-01,1.6,0.4762341789963717,NA,FALSE,46
SD,2010-11-01,1.7,0.5364933705145685,NA,FALSE,46
SD,2010-12-01,1.6,0.4762341789963717,NA,FALSE,46
SD,2011-01-01,1.6,0.4762341789963717,NA,FALSE,46
SD,2011-02-01,1.6,0.4762341789963717,NA,FALSE,46
SD,2011-03-01,1.5,0.412109650826833,NA,FALSE,46
SD,2011-04-01,1.4,0.34358970439007686,NA,FALSE,46
SD,2011-05-01,1.4,0.34358970439007686,NA,FALSE,46
SD,2011-06-01,1.4,0.34358970439007686,NA,FALSE,46
SD,2011-07-01,1.4,0.34358970439007686,NA,FALSE,46
SD,2011-08-01,1.4,0.34358970439007686,NA,FALSE,46
SD,2011-09-01,1.5,0.412109650826833,NA,FALSE,46
SD,2011-10-01,1.5,0.412109650826833,NA,FALSE,46
SD,2011-11-01,1.5,0.412109650826833,NA,FALSE,46
SD,2011-12-01,1.4,0.34358970439007686,NA,FALSE,46
SD,2012-01-01,1.5,0.412109650826833,NA,FALSE,46
SD,2012-02-01,1.4,0.34358970439007686,NA,FALSE,46
SD,2012-03-01,1.3,0.2700271372130602,NA,FALSE,46
SD,2012-04-01,1.3,0.2700271372130602,NA,FALSE,46
SD,2012-05-01,1.5,0.412109650826833,NA,FALSE,46
SD,2012-06-01,1.5,0.412109650826833,NA,FALSE,46
SD,2012-07-01,1.5,0.412109650826833,NA,FALSE,46
SD,2012-08-01,1.4,0.34358970439007686,NA,FALSE,46
SD,2012-09-01,1.4,0.34358970439007686,NA,FALSE,46
SD,2012-10-01,1.4,0.34358970439007686,NA,FALSE,46
SD,2012-11-01,1.4,0.34358970439007686,NA,FALSE,46
SD,2012-12-01,1.4,0.34358970439007686,NA,FALSE,46
SD,2013-01-01,1.3,0.2700271372130602,NA,FALSE,46
SD,2013-02-01,1.3,0.2700271372130602,NA,FALSE,46
SD,2013-03-01,1.3,0.2700271372130602,NA,FALSE,46
SD,2013-04-01,1.2,0.1906203596086497,NA,FALSE,46
SD,2013-05-01,1.1,0.10436001532424286,NA,FALSE,46
SD,2013-06-01,1.1,0.10436001532424286,NA,FALSE,46
SD,2013-07-01,1,0.00995033085316809,NA,FALSE,46
SD,2013-08-01,1.1,0.10436001532424286,NA,FALSE,46
SD,2013-09-01,1,0.00995033085316809,NA,FALSE,46
SD,2013-10-01,1,0.00995033085316809,NA,FALSE,46
SD,2013-11-01,1,0.00995033085316809,NA,FALSE,46
SD,2013-12-01,1,0.00995033085316809,NA,FALSE,46
SD,2014-01-01,1,0.00995033085316809,NA,FALSE,46
SD,2014-02-01,1,0.00995033085316809,NA,FALSE,46
SD,2014-03-01,0.9,-0.09431067947124128,NA,FALSE,46
SD,2014-04-01,0.8,-0.2107210313156525,NA,FALSE,46
SD,2014-05-01,0.8,-0.2107210313156525,NA,FALSE,46
SD,2014-06-01,0.9,-0.09431067947124128,NA,FALSE,46
SD,2014-07-01,0.9,-0.09431067947124128,NA,FALSE,46
SD,2014-08-01,0.9,-0.09431067947124128,NA,FALSE,46
SD,2014-09-01,0.9,-0.09431067947124128,NA,FALSE,46
SD,2014-10-01,0.9,-0.09431067947124128,NA,FALSE,46
SD,2014-11-01,0.9,-0.09431067947124128,NA,FALSE,46
SD,2014-12-01,0.9,-0.09431067947124128,NA,FALSE,46
SD,2015-01-01,0.9,-0.09431067947124128,NA,FALSE,46
SD,2015-02-01,0.9,-0.09431067947124128,NA,FALSE,46
SD,2015-03-01,0.9,-0.09431067947124128,NA,FALSE,46
SD,2015-04-01,0.9,-0.09431067947124128,NA,FALSE,46
SD,2015-05-01,0.8,-0.2107210313156525,NA,FALSE,46
SD,2015-06-01,0.8,-0.2107210313156525,NA,FALSE,46
SD,2015-07-01,0.8,-0.2107210313156525,NA,FALSE,46
SD,2015-08-01,0.8,-0.2107210313156525,NA,FALSE,46
SD,2015-09-01,0.7,-0.342490308946776,NA,FALSE,46
SD,2015-10-01,0.8,-0.2107210313156525,NA,FALSE,46
SD,2015-11-01,0.8,-0.2107210313156525,NA,FALSE,46
SD,2015-12-01,0.8,-0.2107210313156525,NA,FALSE,46
SD,2016-01-01,0.8,-0.2107210313156525,NA,FALSE,46
SD,2016-02-01,0.9,-0.09431067947124128,NA,FALSE,46
SD,2016-03-01,0.8,-0.2107210313156525,NA,FALSE,46
SD,2016-04-01,0.7,-0.342490308946776,NA,FALSE,46
SD,2016-05-01,0.7,-0.342490308946776,NA,FALSE,46
SD,2016-06-01,0.6,-0.4942963218147801,NA,FALSE,46
SD,2016-07-01,0.6,-0.4942963218147801,NA,FALSE,46
SD,2016-08-01,0.6,-0.4942963218147801,NA,FALSE,46
SD,2016-09-01,0.6,-0.4942963218147801,NA,FALSE,46
SD,2016-10-01,0.6,-0.4942963218147801,NA,FALSE,46
SD,2016-11-01,0.6,-0.4942963218147801,NA,FALSE,46
SD,2016-12-01,0.7,-0.342490308946776,NA,FALSE,46
SD,2017-01-01,0.7,-0.342490308946776,NA,FALSE,46
SD,2017-02-01,0.6,-0.4942963218147801,NA,FALSE,46
SD,2017-03-01,0.6,-0.4942963218147801,NA,FALSE,46
SD,2017-04-01,0.5,-0.6733445532637656,NA,FALSE,46
SD,2017-05-01,0.6,-0.4942963218147801,NA,FALSE,46
SD,2017-06-01,0.5,-0.6733445532637656,NA,FALSE,46
SD,2017-07-01,0.5,-0.6733445532637656,NA,FALSE,46
SD,2017-08-01,0.6,-0.4942963218147801,NA,FALSE,46
SD,2017-09-01,0.7,-0.342490308946776,NA,FALSE,46
SD,2017-10-01,0.6,-0.4942963218147801,NA,FALSE,46
SD,2017-11-01,0.5,-0.6733445532637656,NA,FALSE,46
SD,2017-12-01,0.5,-0.6733445532637656,NA,FALSE,46
SD,2018-01-01,0.7,-0.342490308946776,NA,FALSE,46
SD,2018-02-01,0.7,-0.342490308946776,NA,FALSE,46
SD,2018-03-01,0.6,-0.4942963218147801,NA,FALSE,46
SD,2018-04-01,0.6,-0.4942963218147801,NA,FALSE,46
SD,2018-05-01,0.6,-0.4942963218147801,NA,FALSE,46
SD,2018-06-01,0.5,-0.6733445532637656,NA,FALSE,46
SD,2018-07-01,0.5,-0.6733445532637656,NA,FALSE,46
SD,2018-08-01,0.5,-0.6733445532637656,NA,FALSE,46
SD,2018-09-01,0.5,-0.6733445532637656,NA,FALSE,46
SD,2018-10-01,0.7,-0.342490308946776,NA,FALSE,46
SD,2018-11-01,0.6,-0.4942963218147801,NA,FALSE,46
SD,2018-12-01,0.7,-0.342490308946776,NA,FALSE,46
SD,2019-01-01,0.8,-0.2107210313156525,NA,FALSE,46
SD,2019-02-01,0.7,-0.342490308946776,NA,FALSE,46
SD,2019-03-01,0.7,-0.342490308946776,NA,FALSE,46
SD,2019-04-01,0.7,-0.342490308946776,NA,FALSE,46
SD,2019-05-01,0.7,-0.342490308946776,NA,FALSE,46
SD,2019-06-01,0.8,-0.2107210313156525,NA,FALSE,46
SD,2019-07-01,0.8,-0.2107210313156525,NA,FALSE,46
SD,2019-08-01,0.7,-0.342490308946776,NA,FALSE,46
SD,2019-09-01,0.6,-0.4942963218147801,NA,FALSE,46
SD,2019-10-01,0.6,-0.4942963218147801,NA,FALSE,46
SD,2019-11-01,0.6,-0.4942963218147801,NA,FALSE,46
SD,2019-12-01,0.6,-0.4942963218147801,NA,FALSE,46
SD,2020-01-01,0.6,-0.4942963218147801,NA,FALSE,46
SD,2020-02-01,0.6,-0.4942963218147801,NA,FALSE,46
SD,2020-03-01,0.6,-0.4942963218147801,NA,FALSE,46
SD,2020-04-01,0.6,-0.4942963218147801,NA,FALSE,46
SD,2020-05-01,0.6,-0.4942963218147801,NA,FALSE,46
SD,2020-06-01,0.5,-0.6733445532637656,NA,FALSE,46
SD,2020-07-01,0.5,-0.6733445532637656,NA,FALSE,46
SD,2020-08-01,0.5,-0.6733445532637656,NA,FALSE,46
SD,2020-09-01,0.5,-0.6733445532637656,NA,FALSE,46
SD,2020-10-01,0.5,-0.6733445532637656,NA,FALSE,46
SD,2020-11-01,0.5,-0.6733445532637656,NA,FALSE,46
SD,2020-12-01,0.5,-0.6733445532637656,NA,FALSE,46
SD,2021-01-01,0.6,-0.4942963218147801,NA,FALSE,46
SD,2021-02-01,0.5,-0.6733445532637656,NA,FALSE,46
SD,2021-03-01,0.5,-0.6733445532637656,NA,FALSE,46
SD,2021-04-01,0.4,-0.8915981192837835,NA,FALSE,46
SD,2021-05-01,0.4,-0.8915981192837835,NA,FALSE,46
SD,2021-06-01,0.4,-0.8915981192837835,NA,FALSE,46
SD,2021-07-01,0.4,-0.8915981192837835,NA,FALSE,46
SD,2021-08-01,0.5,-0.6733445532637656,NA,FALSE,46
SD,2021-09-01,0.5,-0.6733445532637656,NA,FALSE,46
SD,2021-10-01,0.4,-0.8915981192837835,NA,FALSE,46
SD,2021-11-01,0.5,-0.6733445532637656,NA,FALSE,46
SD,2021-12-01,0.6,-0.4942963218147801,NA,FALSE,46
SD,2022-01-01,0.5,-0.6733445532637656,NA,FALSE,46
SD,2022-02-01,0.5,-0.6733445532637656,NA,FALSE,46
SD,2022-03-01,0.4,-0.8915981192837835,NA,FALSE,46
SD,2022-04-01,0.5,-0.6733445532637656,NA,FALSE,46
SD,2022-05-01,0.5,-0.6733445532637656,NA,FALSE,46
SD,2022-06-01,0.5,-0.6733445532637656,NA,FALSE,46
SD,2022-07-01,0.5,-0.6733445532637656,NA,FALSE,46
SD,2022-08-01,0.4,-0.8915981192837835,NA,FALSE,46
SD,2022-09-01,0.4,-0.8915981192837835,NA,FALSE,46
SD,2022-10-01,0.4,-0.8915981192837835,NA,FALSE,46
SD,2022-11-01,0.5,-0.6733445532637656,NA,FALSE,46
SD,2022-12-01,0.5,-0.6733445532637656,NA,FALSE,46
SD,2023-01-01,0.5,-0.6733445532637656,NA,FALSE,46
SD,2023-02-01,0.6,-0.4942963218147801,NA,FALSE,46
SD,2023-03-01,0.6,-0.4942963218147801,NA,FALSE,46
SD,2023-04-01,0.6,-0.4942963218147801,NA,FALSE,46
SD,2023-05-01,0.5,-0.6733445532637656,NA,FALSE,46
SD,2023-06-01,0.4,-0.8915981192837835,NA,FALSE,46
SD,2023-07-01,0.5,-0.6733445532637656,NA,FALSE,46
SD,2023-08-01,0.4,-0.8915981192837835,NA,FALSE,46
SD,2023-09-01,0.4,-0.8915981192837835,NA,FALSE,46
SD,2023-10-01,0.4,-0.8915981192837835,NA,FALSE,46
SD,2023-11-01,0.5,-0.6733445532637656,NA,FALSE,46
SD,2023-12-01,0.5,-0.6733445532637656,NA,FALSE,46
SD,2024-01-01,0.5,-0.6733445532637656,NA,FALSE,46
SD,2024-02-01,0.5,-0.6733445532637656,NA,FALSE,46
SD,2024-03-01,0.5,-0.6733445532637656,NA,FALSE,46
SD,2024-04-01,0.5,-0.6733445532637656,NA,FALSE,46
SD,2024-05-01,0.5,-0.6733445532637656,NA,FALSE,46
SD,2024-06-01,0.5,-0.6733445532637656,NA,FALSE,46
SD,2024-07-01,0.6,-0.4942963218147801,NA,FALSE,46
SD,2024-08-01,0.7,-0.342490308946776,NA,FALSE,46
SD,2024-09-01,0.7,-0.342490308946776,NA,FALSE,46
SD,2024-10-01,0.6,-0.4942963218147801,NA,FALSE,46
SD,2024-11-01,0.6,-0.4942963218147801,NA,FALSE,46
SD,2024-12-01,0.7,-0.342490308946776,NA,FALSE,46
SD,2025-01-01,0.7,-0.342490308946776,NA,FALSE,46
SD,2025-02-01,0.7,-0.342490308946776,NA,FALSE,46
SD,2025-03-01,0.6,-0.4942963218147801,NA,FALSE,46
TN,2008-01-01,1.5,0.412109650826833,2020-11-01,TRUE,47
TN,2008-02-01,1.6,0.4762341789963717,2020-11-01,TRUE,47
TN,2008-03-01,1.5,0.412109650826833,2020-11-01,TRUE,47
TN,2008-04-01,1.5,0.412109650826833,2020-11-01,TRUE,47
TN,2008-05-01,1.5,0.412109650826833,2020-11-01,TRUE,47
TN,2008-06-01,1.6,0.4762341789963717,2020-11-01,TRUE,47
TN,2008-07-01,1.7,0.5364933705145685,2020-11-01,TRUE,47
TN,2008-08-01,1.8,0.5933268452777344,2020-11-01,TRUE,47
TN,2008-09-01,1.9,0.6471032420585384,2020-11-01,TRUE,47
TN,2008-10-01,2.1,0.7466879474879751,2020-11-01,TRUE,47
TN,2008-11-01,2.2,0.7929925155296614,2020-11-01,TRUE,47
TN,2008-12-01,2.4,0.8796267475025635,2020-11-01,TRUE,47
TN,2009-01-01,2.6,0.959350221334602,2020-11-01,TRUE,47
TN,2009-02-01,2.6,0.959350221334602,2020-11-01,TRUE,47
TN,2009-03-01,2.6,0.959350221334602,2020-11-01,TRUE,47
TN,2009-04-01,2.7,0.9969486348916096,2020-11-01,TRUE,47
TN,2009-05-01,2.8,1.0331844833456545,2020-11-01,TRUE,47
TN,2009-06-01,2.9,1.068153081183401,2020-11-01,TRUE,47
TN,2009-07-01,3.2,1.1662709371419244,2020-11-01,TRUE,47
TN,2009-08-01,3.3,1.1969481893889715,2020-11-01,TRUE,47
TN,2009-09-01,3.5,1.2556160374777745,2020-11-01,TRUE,47
TN,2009-10-01,3.6,1.2837077723447896,2020-11-01,TRUE,47
TN,2009-11-01,3.7,1.3110318766193438,2020-11-01,TRUE,47
TN,2009-12-01,3.8,1.3376291891386094,2020-11-01,TRUE,47
TN,2010-01-01,3.8,1.3376291891386094,2020-11-01,TRUE,47
TN,2010-02-01,3.9,1.3635373739972745,2020-11-01,TRUE,47
TN,2010-03-01,3.7,1.3110318766193438,2020-11-01,TRUE,47
TN,2010-04-01,3.5,1.2556160374777745,2020-11-01,TRUE,47
TN,2010-05-01,3.6,1.2837077723447896,2020-11-01,TRUE,47
TN,2010-06-01,3.5,1.2556160374777745,2020-11-01,TRUE,47
TN,2010-07-01,3.5,1.2556160374777745,2020-11-01,TRUE,47
TN,2010-08-01,3.4,1.2267122912954254,2020-11-01,TRUE,47
TN,2010-09-01,3.5,1.2556160374777745,2020-11-01,TRUE,47
TN,2010-10-01,3.6,1.2837077723447896,2020-11-01,TRUE,47
TN,2010-11-01,3.6,1.2837077723447896,2020-11-01,TRUE,47
TN,2010-12-01,3.6,1.2837077723447896,2020-11-01,TRUE,47
TN,2011-01-01,3.6,1.2837077723447896,2020-11-01,TRUE,47
TN,2011-02-01,3.5,1.2556160374777745,2020-11-01,TRUE,47
TN,2011-03-01,3.3,1.1969481893889715,2020-11-01,TRUE,47
TN,2011-04-01,3.2,1.1662709371419244,2020-11-01,TRUE,47
TN,2011-05-01,3.2,1.1662709371419244,2020-11-01,TRUE,47
TN,2011-06-01,3.2,1.1662709371419244,2020-11-01,TRUE,47
TN,2011-07-01,3.1,1.1346227261911428,2020-11-01,TRUE,47
TN,2011-08-01,3.1,1.1346227261911428,2020-11-01,TRUE,47
TN,2011-09-01,3.1,1.1346227261911428,2020-11-01,TRUE,47
TN,2011-10-01,3.1,1.1346227261911428,2020-11-01,TRUE,47
TN,2011-11-01,3.2,1.1662709371419244,2020-11-01,TRUE,47
TN,2011-12-01,3.2,1.1662709371419244,2020-11-01,TRUE,47
TN,2012-01-01,3.3,1.1969481893889715,2020-11-01,TRUE,47
TN,2012-02-01,3.2,1.1662709371419244,2020-11-01,TRUE,47
TN,2012-03-01,3.1,1.1346227261911428,2020-11-01,TRUE,47
TN,2012-04-01,3,1.1019400787607845,2020-11-01,TRUE,47
TN,2012-05-01,3,1.1019400787607845,2020-11-01,TRUE,47
TN,2012-06-01,2.9,1.068153081183401,2020-11-01,TRUE,47
TN,2012-07-01,2.9,1.068153081183401,2020-11-01,TRUE,47
TN,2012-08-01,2.8,1.0331844833456545,2020-11-01,TRUE,47
TN,2012-09-01,2.8,1.0331844833456545,2020-11-01,TRUE,47
TN,2012-10-01,2.7,0.9969486348916096,2020-11-01,TRUE,47
TN,2012-11-01,2.8,1.0331844833456545,2020-11-01,TRUE,47
TN,2012-12-01,2.8,1.0331844833456545,2020-11-01,TRUE,47
TN,2013-01-01,2.8,1.0331844833456545,2020-11-01,TRUE,47
TN,2013-02-01,2.6,0.959350221334602,2020-11-01,TRUE,47
TN,2013-03-01,2.5,0.9202827531436923,2020-11-01,TRUE,47
TN,2013-04-01,2.3,0.837247524533702,2020-11-01,TRUE,47
TN,2013-05-01,2.3,0.837247524533702,2020-11-01,TRUE,47
TN,2013-06-01,2.3,0.837247524533702,2020-11-01,TRUE,47
TN,2013-07-01,2.2,0.7929925155296614,2020-11-01,TRUE,47
TN,2013-08-01,2.2,0.7929925155296614,2020-11-01,TRUE,47
TN,2013-09-01,2.2,0.7929925155296614,2020-11-01,TRUE,47
TN,2013-10-01,2.1,0.7466879474879751,2020-11-01,TRUE,47
TN,2013-11-01,2.2,0.7929925155296614,2020-11-01,TRUE,47
TN,2013-12-01,2.3,0.837247524533702,2020-11-01,TRUE,47
TN,2014-01-01,2.3,0.837247524533702,2020-11-01,TRUE,47
TN,2014-02-01,2.2,0.7929925155296614,2020-11-01,TRUE,47
TN,2014-03-01,2,0.6981347220709843,2020-11-01,TRUE,47
TN,2014-04-01,1.9,0.6471032420585384,2020-11-01,TRUE,47
TN,2014-05-01,1.9,0.6471032420585384,2020-11-01,TRUE,47
TN,2014-06-01,1.9,0.6471032420585384,2020-11-01,TRUE,47
TN,2014-07-01,1.9,0.6471032420585384,2020-11-01,TRUE,47
TN,2014-08-01,1.9,0.6471032420585384,2020-11-01,TRUE,47
TN,2014-09-01,1.9,0.6471032420585384,2020-11-01,TRUE,47
TN,2014-10-01,1.9,0.6471032420585384,2020-11-01,TRUE,47
TN,2014-11-01,1.9,0.6471032420585384,2020-11-01,TRUE,47
TN,2014-12-01,2,0.6981347220709843,2020-11-01,TRUE,47
TN,2015-01-01,2,0.6981347220709843,2020-11-01,TRUE,47
TN,2015-02-01,1.9,0.6471032420585384,2020-11-01,TRUE,47
TN,2015-03-01,1.7,0.5364933705145685,2020-11-01,TRUE,47
TN,2015-04-01,1.6,0.4762341789963717,2020-11-01,TRUE,47
TN,2015-05-01,1.6,0.4762341789963717,2020-11-01,TRUE,47
TN,2015-06-01,1.5,0.412109650826833,2020-11-01,TRUE,47
TN,2015-07-01,1.5,0.412109650826833,2020-11-01,TRUE,47
TN,2015-08-01,1.5,0.412109650826833,2020-11-01,TRUE,47
TN,2015-09-01,1.5,0.412109650826833,2020-11-01,TRUE,47
TN,2015-10-01,1.5,0.412109650826833,2020-11-01,TRUE,47
TN,2015-11-01,1.5,0.412109650826833,2020-11-01,TRUE,47
TN,2015-12-01,1.5,0.412109650826833,2020-11-01,TRUE,47
TN,2016-01-01,1.6,0.4762341789963717,2020-11-01,TRUE,47
TN,2016-02-01,1.6,0.4762341789963717,2020-11-01,TRUE,47
TN,2016-03-01,1.5,0.412109650826833,2020-11-01,TRUE,47
TN,2016-04-01,1.3,0.2700271372130602,2020-11-01,TRUE,47
TN,2016-05-01,1.3,0.2700271372130602,2020-11-01,TRUE,47
TN,2016-06-01,1.3,0.2700271372130602,2020-11-01,TRUE,47
TN,2016-07-01,1.3,0.2700271372130602,2020-11-01,TRUE,47
TN,2016-08-01,1.3,0.2700271372130602,2020-11-01,TRUE,47
TN,2016-09-01,1.2,0.1906203596086497,2020-11-01,TRUE,47
TN,2016-10-01,1.3,0.2700271372130602,2020-11-01,TRUE,47
TN,2016-11-01,1.3,0.2700271372130602,2020-11-01,TRUE,47
TN,2016-12-01,1.3,0.2700271372130602,2020-11-01,TRUE,47
TN,2017-01-01,1.3,0.2700271372130602,2020-11-01,TRUE,47
TN,2017-02-01,1.2,0.1906203596086497,2020-11-01,TRUE,47
TN,2017-03-01,1.1,0.10436001532424286,2020-11-01,TRUE,47
TN,2017-04-01,0.9,-0.09431067947124128,2020-11-01,TRUE,47
TN,2017-05-01,0.9,-0.09431067947124128,2020-11-01,TRUE,47
TN,2017-06-01,1,0.00995033085316809,2020-11-01,TRUE,47
TN,2017-07-01,1,0.00995033085316809,2020-11-01,TRUE,47
TN,2017-08-01,0.9,-0.09431067947124128,2020-11-01,TRUE,47
TN,2017-09-01,1,0.00995033085316809,2020-11-01,TRUE,47
TN,2017-10-01,1,0.00995033085316809,2020-11-01,TRUE,47
TN,2017-11-01,1,0.00995033085316809,2020-11-01,TRUE,47
TN,2017-12-01,1,0.00995033085316809,2020-11-01,TRUE,47
TN,2018-01-01,1,0.00995033085316809,2020-11-01,TRUE,47
TN,2018-02-01,1,0.00995033085316809,2020-11-01,TRUE,47
TN,2018-03-01,0.9,-0.09431067947124128,2020-11-01,TRUE,47
TN,2018-04-01,0.8,-0.2107210313156525,2020-11-01,TRUE,47
TN,2018-05-01,0.8,-0.2107210313156525,2020-11-01,TRUE,47
TN,2018-06-01,0.8,-0.2107210313156525,2020-11-01,TRUE,47
TN,2018-07-01,0.9,-0.09431067947124128,2020-11-01,TRUE,47
TN,2018-08-01,0.8,-0.2107210313156525,2020-11-01,TRUE,47
TN,2018-09-01,0.8,-0.2107210313156525,2020-11-01,TRUE,47
TN,2018-10-01,0.8,-0.2107210313156525,2020-11-01,TRUE,47
TN,2018-11-01,0.9,-0.09431067947124128,2020-11-01,TRUE,47
TN,2018-12-01,1,0.00995033085316809,2020-11-01,TRUE,47
TN,2019-01-01,1,0.00995033085316809,2020-11-01,TRUE,47
TN,2019-02-01,1,0.00995033085316809,2020-11-01,TRUE,47
TN,2019-03-01,0.9,-0.09431067947124128,2020-11-01,TRUE,47
TN,2019-04-01,0.8,-0.2107210313156525,2020-11-01,TRUE,47
TN,2019-05-01,0.8,-0.2107210313156525,2020-11-01,TRUE,47
TN,2019-06-01,0.8,-0.2107210313156525,2020-11-01,TRUE,47
TN,2019-07-01,0.8,-0.2107210313156525,2020-11-01,TRUE,47
TN,2019-08-01,0.9,-0.09431067947124128,2020-11-01,TRUE,47
TN,2019-09-01,0.9,-0.09431067947124128,2020-11-01,TRUE,47
TN,2019-10-01,0.9,-0.09431067947124128,2020-11-01,TRUE,47
TN,2019-11-01,0.9,-0.09431067947124128,2020-11-01,TRUE,47
TN,2019-12-01,0.9,-0.09431067947124128,2020-11-01,TRUE,47
TN,2020-01-01,0.9,-0.09431067947124128,2020-11-01,TRUE,47
TN,2020-02-01,0.8,-0.2107210313156525,2020-11-01,TRUE,47
TN,2020-03-01,0.8,-0.2107210313156525,2020-11-01,TRUE,47
TN,2020-04-01,0.7,-0.342490308946776,2020-11-01,TRUE,47
TN,2020-05-01,0.7,-0.342490308946776,2020-11-01,TRUE,47
TN,2020-06-01,0.7,-0.342490308946776,2020-11-01,TRUE,47
TN,2020-07-01,0.6,-0.4942963218147801,2020-11-01,TRUE,47
TN,2020-08-01,0.6,-0.4942963218147801,2020-11-01,TRUE,47
TN,2020-09-01,0.6,-0.4942963218147801,2020-11-01,TRUE,47
TN,2020-10-01,0.6,-0.4942963218147801,2020-11-01,TRUE,47
TN,2020-11-01,0.5,-0.6733445532637656,2020-11-01,TRUE,47
TN,2020-12-01,0.6,-0.4942963218147801,2020-11-01,TRUE,47
TN,2021-01-01,0.5,-0.6733445532637656,2020-11-01,TRUE,47
TN,2021-02-01,0.5,-0.6733445532637656,2020-11-01,TRUE,47
TN,2021-03-01,0.5,-0.6733445532637656,2020-11-01,TRUE,47
TN,2021-04-01,0.5,-0.6733445532637656,2020-11-01,TRUE,47
TN,2021-05-01,0.5,-0.6733445532637656,2020-11-01,TRUE,47
TN,2021-06-01,0.5,-0.6733445532637656,2020-11-01,TRUE,47
TN,2021-07-01,0.5,-0.6733445532637656,2020-11-01,TRUE,47
TN,2021-08-01,0.5,-0.6733445532637656,2020-11-01,TRUE,47
TN,2021-09-01,0.5,-0.6733445532637656,2020-11-01,TRUE,47
TN,2021-10-01,0.5,-0.6733445532637656,2020-11-01,TRUE,47
TN,2021-11-01,0.5,-0.6733445532637656,2020-11-01,TRUE,47
TN,2021-12-01,0.5,-0.6733445532637656,2020-11-01,TRUE,47
TN,2022-01-01,0.5,-0.6733445532637656,2020-11-01,TRUE,47
TN,2022-02-01,0.5,-0.6733445532637656,2020-11-01,TRUE,47
TN,2022-03-01,0.4,-0.8915981192837835,2020-11-01,TRUE,47
TN,2022-04-01,0.5,-0.6733445532637656,2020-11-01,TRUE,47
TN,2022-05-01,0.4,-0.8915981192837835,2020-11-01,TRUE,47
TN,2022-06-01,0.4,-0.8915981192837835,2020-11-01,TRUE,47
TN,2022-07-01,0.4,-0.8915981192837835,2020-11-01,TRUE,47
TN,2022-08-01,0.4,-0.8915981192837835,2020-11-01,TRUE,47
TN,2022-09-01,0.4,-0.8915981192837835,2020-11-01,TRUE,47
TN,2022-10-01,0.5,-0.6733445532637656,2020-11-01,TRUE,47
TN,2022-11-01,0.5,-0.6733445532637656,2020-11-01,TRUE,47
TN,2022-12-01,0.5,-0.6733445532637656,2020-11-01,TRUE,47
TN,2023-01-01,0.5,-0.6733445532637656,2020-11-01,TRUE,47
TN,2023-02-01,0.5,-0.6733445532637656,2020-11-01,TRUE,47
TN,2023-03-01,0.5,-0.6733445532637656,2020-11-01,TRUE,47
TN,2023-04-01,0.4,-0.8915981192837835,2020-11-01,TRUE,47
TN,2023-05-01,0.4,-0.8915981192837835,2020-11-01,TRUE,47
TN,2023-06-01,0.5,-0.6733445532637656,2020-11-01,TRUE,47
TN,2023-07-01,0.5,-0.6733445532637656,2020-11-01,TRUE,47
TN,2023-08-01,0.5,-0.6733445532637656,2020-11-01,TRUE,47
TN,2023-09-01,0.5,-0.6733445532637656,2020-11-01,TRUE,47
TN,2023-10-01,0.5,-0.6733445532637656,2020-11-01,TRUE,47
TN,2023-11-01,0.5,-0.6733445532637656,2020-11-01,TRUE,47
TN,2023-12-01,0.6,-0.4942963218147801,2020-11-01,TRUE,47
TN,2024-01-01,0.6,-0.4942963218147801,2020-11-01,TRUE,47
TN,2024-02-01,0.6,-0.4942963218147801,2020-11-01,TRUE,47
TN,2024-03-01,0.6,-0.4942963218147801,2020-11-01,TRUE,47
TN,2024-04-01,0.6,-0.4942963218147801,2020-11-01,TRUE,47
TN,2024-05-01,0.6,-0.4942963218147801,2020-11-01,TRUE,47
TN,2024-06-01,0.6,-0.4942963218147801,2020-11-01,TRUE,47
TN,2024-07-01,0.6,-0.4942963218147801,2020-11-01,TRUE,47
TN,2024-08-01,0.6,-0.4942963218147801,2020-11-01,TRUE,47
TN,2024-09-01,0.7,-0.342490308946776,2020-11-01,TRUE,47
TN,2024-10-01,0.7,-0.342490308946776,2020-11-01,TRUE,47
TN,2024-11-01,0.7,-0.342490308946776,2020-11-01,TRUE,47
TN,2024-12-01,0.7,-0.342490308946776,2020-11-01,TRUE,47
TN,2025-01-01,0.8,-0.2107210313156525,2020-11-01,TRUE,47
TN,2025-02-01,0.8,-0.2107210313156525,2020-11-01,TRUE,47
TN,2025-03-01,0.7,-0.342490308946776,2020-11-01,TRUE,47
TX,2008-01-01,1.6,0.4762341789963717,NA,FALSE,48
TX,2008-02-01,1.6,0.4762341789963717,NA,FALSE,48
TX,2008-03-01,1.5,0.412109650826833,NA,FALSE,48
TX,2008-04-01,1.4,0.34358970439007686,NA,FALSE,48
TX,2008-05-01,1.5,0.412109650826833,NA,FALSE,48
TX,2008-06-01,1.5,0.412109650826833,NA,FALSE,48
TX,2008-07-01,1.6,0.4762341789963717,NA,FALSE,48
TX,2008-08-01,1.6,0.4762341789963717,NA,FALSE,48
TX,2008-09-01,1.7,0.5364933705145685,NA,FALSE,48
TX,2008-10-01,1.8,0.5933268452777344,NA,FALSE,48
TX,2008-11-01,2,0.6981347220709843,NA,FALSE,48
TX,2008-12-01,2.2,0.7929925155296614,NA,FALSE,48
TX,2009-01-01,2.3,0.837247524533702,NA,FALSE,48
TX,2009-02-01,2.4,0.8796267475025635,NA,FALSE,48
TX,2009-03-01,2.3,0.837247524533702,NA,FALSE,48
TX,2009-04-01,2.4,0.8796267475025635,NA,FALSE,48
TX,2009-05-01,2.5,0.9202827531436923,NA,FALSE,48
TX,2009-06-01,2.6,0.959350221334602,NA,FALSE,48
TX,2009-07-01,2.7,0.9969486348916096,NA,FALSE,48
TX,2009-08-01,2.9,1.068153081183401,NA,FALSE,48
TX,2009-09-01,3.1,1.1346227261911428,NA,FALSE,48
TX,2009-10-01,3.3,1.1969481893889715,NA,FALSE,48
TX,2009-11-01,3.4,1.2267122912954254,NA,FALSE,48
TX,2009-12-01,3.5,1.2556160374777745,NA,FALSE,48
TX,2010-01-01,3.6,1.2837077723447896,NA,FALSE,48
TX,2010-02-01,3.5,1.2556160374777745,NA,FALSE,48
TX,2010-03-01,3.4,1.2267122912954254,NA,FALSE,48
TX,2010-04-01,3.3,1.1969481893889715,NA,FALSE,48
TX,2010-05-01,3.3,1.1969481893889715,NA,FALSE,48
TX,2010-06-01,3.2,1.1662709371419244,NA,FALSE,48
TX,2010-07-01,3.2,1.1662709371419244,NA,FALSE,48
TX,2010-08-01,3.1,1.1346227261911428,NA,FALSE,48
TX,2010-09-01,3.1,1.1346227261911428,NA,FALSE,48
TX,2010-10-01,3.1,1.1346227261911428,NA,FALSE,48
TX,2010-11-01,3.1,1.1346227261911428,NA,FALSE,48
TX,2010-12-01,3.1,1.1346227261911428,NA,FALSE,48
TX,2011-01-01,3.1,1.1346227261911428,NA,FALSE,48
TX,2011-02-01,3,1.1019400787607845,NA,FALSE,48
TX,2011-03-01,2.9,1.068153081183401,NA,FALSE,48
TX,2011-04-01,2.8,1.0331844833456545,NA,FALSE,48
TX,2011-05-01,2.7,0.9969486348916096,NA,FALSE,48
TX,2011-06-01,2.7,0.9969486348916096,NA,FALSE,48
TX,2011-07-01,2.7,0.9969486348916096,NA,FALSE,48
TX,2011-08-01,2.7,0.9969486348916096,NA,FALSE,48
TX,2011-09-01,2.8,1.0331844833456545,NA,FALSE,48
TX,2011-10-01,2.9,1.068153081183401,NA,FALSE,48
TX,2011-11-01,2.9,1.068153081183401,NA,FALSE,48
TX,2011-12-01,2.9,1.068153081183401,NA,FALSE,48
TX,2012-01-01,3,1.1019400787607845,NA,FALSE,48
TX,2012-02-01,2.9,1.068153081183401,NA,FALSE,48
TX,2012-03-01,2.7,0.9969486348916096,NA,FALSE,48
TX,2012-04-01,2.7,0.9969486348916096,NA,FALSE,48
TX,2012-05-01,2.6,0.959350221334602,NA,FALSE,48
TX,2012-06-01,2.6,0.959350221334602,NA,FALSE,48
TX,2012-07-01,2.6,0.959350221334602,NA,FALSE,48
TX,2012-08-01,2.5,0.9202827531436923,NA,FALSE,48
TX,2012-09-01,2.5,0.9202827531436923,NA,FALSE,48
TX,2012-10-01,2.4,0.8796267475025635,NA,FALSE,48
TX,2012-11-01,2.5,0.9202827531436923,NA,FALSE,48
TX,2012-12-01,2.5,0.9202827531436923,NA,FALSE,48
TX,2013-01-01,2.5,0.9202827531436923,NA,FALSE,48
TX,2013-02-01,2.4,0.8796267475025635,NA,FALSE,48
TX,2013-03-01,2.3,0.837247524533702,NA,FALSE,48
TX,2013-04-01,2.2,0.7929925155296614,NA,FALSE,48
TX,2013-05-01,2.1,0.7466879474879751,NA,FALSE,48
TX,2013-06-01,2,0.6981347220709843,NA,FALSE,48
TX,2013-07-01,2,0.6981347220709843,NA,FALSE,48
TX,2013-08-01,2,0.6981347220709843,NA,FALSE,48
TX,2013-09-01,2,0.6981347220709843,NA,FALSE,48
TX,2013-10-01,1.9,0.6471032420585384,NA,FALSE,48
TX,2013-11-01,2,0.6981347220709843,NA,FALSE,48
TX,2013-12-01,2,0.6981347220709843,NA,FALSE,48
TX,2014-01-01,2.1,0.7466879474879751,NA,FALSE,48
TX,2014-02-01,1.9,0.6471032420585384,NA,FALSE,48
TX,2014-03-01,1.8,0.5933268452777344,NA,FALSE,48
TX,2014-04-01,1.7,0.5364933705145685,NA,FALSE,48
TX,2014-05-01,1.7,0.5364933705145685,NA,FALSE,48
TX,2014-06-01,1.7,0.5364933705145685,NA,FALSE,48
TX,2014-07-01,1.8,0.5933268452777344,NA,FALSE,48
TX,2014-08-01,1.8,0.5933268452777344,NA,FALSE,48
TX,2014-09-01,1.8,0.5933268452777344,NA,FALSE,48
TX,2014-10-01,1.8,0.5933268452777344,NA,FALSE,48
TX,2014-11-01,1.8,0.5933268452777344,NA,FALSE,48
TX,2014-12-01,1.9,0.6471032420585384,NA,FALSE,48
TX,2015-01-01,1.9,0.6471032420585384,NA,FALSE,48
TX,2015-02-01,1.7,0.5364933705145685,NA,FALSE,48
TX,2015-03-01,1.6,0.4762341789963717,NA,FALSE,48
TX,2015-04-01,1.5,0.412109650826833,NA,FALSE,48
TX,2015-05-01,1.5,0.412109650826833,NA,FALSE,48
TX,2015-06-01,1.5,0.412109650826833,NA,FALSE,48
TX,2015-07-01,1.5,0.412109650826833,NA,FALSE,48
TX,2015-08-01,1.4,0.34358970439007686,NA,FALSE,48
TX,2015-09-01,1.4,0.34358970439007686,NA,FALSE,48
TX,2015-10-01,1.4,0.34358970439007686,NA,FALSE,48
TX,2015-11-01,1.4,0.34358970439007686,NA,FALSE,48
TX,2015-12-01,1.4,0.34358970439007686,NA,FALSE,48
TX,2016-01-01,1.5,0.412109650826833,NA,FALSE,48
TX,2016-02-01,1.5,0.412109650826833,NA,FALSE,48
TX,2016-03-01,1.4,0.34358970439007686,NA,FALSE,48
TX,2016-04-01,1.3,0.2700271372130602,NA,FALSE,48
TX,2016-05-01,1.3,0.2700271372130602,NA,FALSE,48
TX,2016-06-01,1.2,0.1906203596086497,NA,FALSE,48
TX,2016-07-01,1.2,0.1906203596086497,NA,FALSE,48
TX,2016-08-01,1.2,0.1906203596086497,NA,FALSE,48
TX,2016-09-01,1.2,0.1906203596086497,NA,FALSE,48
TX,2016-10-01,1.3,0.2700271372130602,NA,FALSE,48
TX,2016-11-01,1.3,0.2700271372130602,NA,FALSE,48
TX,2016-12-01,1.3,0.2700271372130602,NA,FALSE,48
TX,2017-01-01,1.3,0.2700271372130602,NA,FALSE,48
TX,2017-02-01,1.3,0.2700271372130602,NA,FALSE,48
TX,2017-03-01,1.2,0.1906203596086497,NA,FALSE,48
TX,2017-04-01,1.1,0.10436001532424286,NA,FALSE,48
TX,2017-05-01,1.1,0.10436001532424286,NA,FALSE,48
TX,2017-06-01,1.1,0.10436001532424286,NA,FALSE,48
TX,2017-07-01,1.1,0.10436001532424286,NA,FALSE,48
TX,2017-08-01,1,0.00995033085316809,NA,FALSE,48
TX,2017-09-01,1,0.00995033085316809,NA,FALSE,48
TX,2017-10-01,1,0.00995033085316809,NA,FALSE,48
TX,2017-11-01,1,0.00995033085316809,NA,FALSE,48
TX,2017-12-01,1.1,0.10436001532424286,NA,FALSE,48
TX,2018-01-01,1.1,0.10436001532424286,NA,FALSE,48
TX,2018-02-01,1.1,0.10436001532424286,NA,FALSE,48
TX,2018-03-01,1.1,0.10436001532424286,NA,FALSE,48
TX,2018-04-01,1,0.00995033085316809,NA,FALSE,48
TX,2018-05-01,1,0.00995033085316809,NA,FALSE,48
TX,2018-06-01,1,0.00995033085316809,NA,FALSE,48
TX,2018-07-01,1,0.00995033085316809,NA,FALSE,48
TX,2018-08-01,1,0.00995033085316809,NA,FALSE,48
TX,2018-09-01,1,0.00995033085316809,NA,FALSE,48
TX,2018-10-01,1,0.00995033085316809,NA,FALSE,48
TX,2018-11-01,1,0.00995033085316809,NA,FALSE,48
TX,2018-12-01,1,0.00995033085316809,NA,FALSE,48
TX,2019-01-01,1,0.00995033085316809,NA,FALSE,48
TX,2019-02-01,1,0.00995033085316809,NA,FALSE,48
TX,2019-03-01,0.9,-0.09431067947124128,NA,FALSE,48
TX,2019-04-01,0.8,-0.2107210313156525,NA,FALSE,48
TX,2019-05-01,0.8,-0.2107210313156525,NA,FALSE,48
TX,2019-06-01,0.8,-0.2107210313156525,NA,FALSE,48
TX,2019-07-01,0.8,-0.2107210313156525,NA,FALSE,48
TX,2019-08-01,0.9,-0.09431067947124128,NA,FALSE,48
TX,2019-09-01,0.9,-0.09431067947124128,NA,FALSE,48
TX,2019-10-01,0.9,-0.09431067947124128,NA,FALSE,48
TX,2019-11-01,0.9,-0.09431067947124128,NA,FALSE,48
TX,2019-12-01,0.9,-0.09431067947124128,NA,FALSE,48
TX,2020-01-01,1,0.00995033085316809,NA,FALSE,48
TX,2020-02-01,1,0.00995033085316809,NA,FALSE,48
TX,2020-03-01,0.9,-0.09431067947124128,NA,FALSE,48
TX,2020-04-01,0.8,-0.2107210313156525,NA,FALSE,48
TX,2020-05-01,0.8,-0.2107210313156525,NA,FALSE,48
TX,2020-06-01,0.7,-0.342490308946776,NA,FALSE,48
TX,2020-07-01,0.7,-0.342490308946776,NA,FALSE,48
TX,2020-08-01,0.7,-0.342490308946776,NA,FALSE,48
TX,2020-09-01,0.7,-0.342490308946776,NA,FALSE,48
TX,2020-10-01,0.6,-0.4942963218147801,NA,FALSE,48
TX,2020-11-01,0.6,-0.4942963218147801,NA,FALSE,48
TX,2020-12-01,0.6,-0.4942963218147801,NA,FALSE,48
TX,2021-01-01,0.6,-0.4942963218147801,NA,FALSE,48
TX,2021-02-01,0.6,-0.4942963218147801,NA,FALSE,48
TX,2021-03-01,0.5,-0.6733445532637656,NA,FALSE,48
TX,2021-04-01,0.5,-0.6733445532637656,NA,FALSE,48
TX,2021-05-01,0.5,-0.6733445532637656,NA,FALSE,48
TX,2021-06-01,0.5,-0.6733445532637656,NA,FALSE,48
TX,2021-07-01,0.5,-0.6733445532637656,NA,FALSE,48
TX,2021-08-01,0.5,-0.6733445532637656,NA,FALSE,48
TX,2021-09-01,0.5,-0.6733445532637656,NA,FALSE,48
TX,2021-10-01,0.5,-0.6733445532637656,NA,FALSE,48
TX,2021-11-01,0.5,-0.6733445532637656,NA,FALSE,48
TX,2021-12-01,0.5,-0.6733445532637656,NA,FALSE,48
TX,2022-01-01,0.6,-0.4942963218147801,NA,FALSE,48
TX,2022-02-01,0.5,-0.6733445532637656,NA,FALSE,48
TX,2022-03-01,0.5,-0.6733445532637656,NA,FALSE,48
TX,2022-04-01,0.5,-0.6733445532637656,NA,FALSE,48
TX,2022-05-01,0.5,-0.6733445532637656,NA,FALSE,48
TX,2022-06-01,0.5,-0.6733445532637656,NA,FALSE,48
TX,2022-07-01,0.5,-0.6733445532637656,NA,FALSE,48
TX,2022-08-01,0.5,-0.6733445532637656,NA,FALSE,48
TX,2022-09-01,0.5,-0.6733445532637656,NA,FALSE,48
TX,2022-10-01,0.5,-0.6733445532637656,NA,FALSE,48
TX,2022-11-01,0.5,-0.6733445532637656,NA,FALSE,48
TX,2022-12-01,0.5,-0.6733445532637656,NA,FALSE,48
TX,2023-01-01,0.6,-0.4942963218147801,NA,FALSE,48
TX,2023-02-01,0.6,-0.4942963218147801,NA,FALSE,48
TX,2023-03-01,0.5,-0.6733445532637656,NA,FALSE,48
TX,2023-04-01,0.5,-0.6733445532637656,NA,FALSE,48
TX,2023-05-01,0.5,-0.6733445532637656,NA,FALSE,48
TX,2023-06-01,0.5,-0.6733445532637656,NA,FALSE,48
TX,2023-07-01,0.6,-0.4942963218147801,NA,FALSE,48
TX,2023-08-01,0.6,-0.4942963218147801,NA,FALSE,48
TX,2023-09-01,0.6,-0.4942963218147801,NA,FALSE,48
TX,2023-10-01,0.7,-0.342490308946776,NA,FALSE,48
TX,2023-11-01,0.7,-0.342490308946776,NA,FALSE,48
TX,2023-12-01,0.8,-0.2107210313156525,NA,FALSE,48
TX,2024-01-01,0.8,-0.2107210313156525,NA,FALSE,48
TX,2024-02-01,0.8,-0.2107210313156525,NA,FALSE,48
TX,2024-03-01,0.7,-0.342490308946776,NA,FALSE,48
TX,2024-04-01,0.7,-0.342490308946776,NA,FALSE,48
TX,2024-05-01,0.7,-0.342490308946776,NA,FALSE,48
TX,2024-06-01,0.7,-0.342490308946776,NA,FALSE,48
TX,2024-07-01,0.8,-0.2107210313156525,NA,FALSE,48
TX,2024-08-01,0.8,-0.2107210313156525,NA,FALSE,48
TX,2024-09-01,0.8,-0.2107210313156525,NA,FALSE,48
TX,2024-10-01,0.8,-0.2107210313156525,NA,FALSE,48
TX,2024-11-01,1,0.00995033085316809,NA,FALSE,48
TX,2024-12-01,1,0.00995033085316809,NA,FALSE,48
TX,2025-01-01,1.1,0.10436001532424286,NA,FALSE,48
TX,2025-02-01,1.1,0.10436001532424286,NA,FALSE,48
TX,2025-03-01,1,0.00995033085316809,NA,FALSE,48
UT,2008-01-01,0.8,-0.2107210313156525,NA,FALSE,49
UT,2008-02-01,0.9,-0.09431067947124128,NA,FALSE,49
UT,2008-03-01,0.9,-0.09431067947124128,NA,FALSE,49
UT,2008-04-01,0.9,-0.09431067947124128,NA,FALSE,49
UT,2008-05-01,1,0.00995033085316809,NA,FALSE,49
UT,2008-06-01,1,0.00995033085316809,NA,FALSE,49
UT,2008-07-01,1,0.00995033085316809,NA,FALSE,49
UT,2008-08-01,1.2,0.1906203596086497,NA,FALSE,49
UT,2008-09-01,1.2,0.1906203596086497,NA,FALSE,49
UT,2008-10-01,1.4,0.34358970439007686,NA,FALSE,49
UT,2008-11-01,1.4,0.34358970439007686,NA,FALSE,49
UT,2008-12-01,1.6,0.4762341789963717,NA,FALSE,49
UT,2009-01-01,1.8,0.5933268452777344,NA,FALSE,49
UT,2009-02-01,1.9,0.6471032420585384,NA,FALSE,49
UT,2009-03-01,2.2,0.7929925155296614,NA,FALSE,49
UT,2009-04-01,2.3,0.837247524533702,NA,FALSE,49
UT,2009-05-01,2.3,0.837247524533702,NA,FALSE,49
UT,2009-06-01,2.5,0.9202827531436923,NA,FALSE,49
UT,2009-07-01,2.7,0.9969486348916096,NA,FALSE,49
UT,2009-08-01,2.9,1.068153081183401,NA,FALSE,49
UT,2009-09-01,3.1,1.1346227261911428,NA,FALSE,49
UT,2009-10-01,3.3,1.1969481893889715,NA,FALSE,49
UT,2009-11-01,3.6,1.2837077723447896,NA,FALSE,49
UT,2009-12-01,3.8,1.3376291891386094,NA,FALSE,49
UT,2010-01-01,3.8,1.3376291891386094,NA,FALSE,49
UT,2010-02-01,3.8,1.3376291891386094,NA,FALSE,49
UT,2010-03-01,3.7,1.3110318766193438,NA,FALSE,49
UT,2010-04-01,3.6,1.2837077723447896,NA,FALSE,49
UT,2010-05-01,3.6,1.2837077723447896,NA,FALSE,49
UT,2010-06-01,3.5,1.2556160374777745,NA,FALSE,49
UT,2010-07-01,3.5,1.2556160374777745,NA,FALSE,49
UT,2010-08-01,3.4,1.2267122912954254,NA,FALSE,49
UT,2010-09-01,3.3,1.1969481893889715,NA,FALSE,49
UT,2010-10-01,3.4,1.2267122912954254,NA,FALSE,49
UT,2010-11-01,3.3,1.1969481893889715,NA,FALSE,49
UT,2010-12-01,3.2,1.1662709371419244,NA,FALSE,49
UT,2011-01-01,3.3,1.1969481893889715,NA,FALSE,49
UT,2011-02-01,3.1,1.1346227261911428,NA,FALSE,49
UT,2011-03-01,3,1.1019400787607845,NA,FALSE,49
UT,2011-04-01,2.9,1.068153081183401,NA,FALSE,49
UT,2011-05-01,3,1.1019400787607845,NA,FALSE,49
UT,2011-06-01,3,1.1019400787607845,NA,FALSE,49
UT,2011-07-01,3,1.1019400787607845,NA,FALSE,49
UT,2011-08-01,3,1.1019400787607845,NA,FALSE,49
UT,2011-09-01,3.2,1.1662709371419244,NA,FALSE,49
UT,2011-10-01,3.1,1.1346227261911428,NA,FALSE,49
UT,2011-11-01,3.1,1.1346227261911428,NA,FALSE,49
UT,2011-12-01,2.9,1.068153081183401,NA,FALSE,49
UT,2012-01-01,3,1.1019400787607845,NA,FALSE,49
UT,2012-02-01,3,1.1019400787607845,NA,FALSE,49
UT,2012-03-01,2.8,1.0331844833456545,NA,FALSE,49
UT,2012-04-01,2.7,0.9969486348916096,NA,FALSE,49
UT,2012-05-01,2.8,1.0331844833456545,NA,FALSE,49
UT,2012-06-01,2.7,0.9969486348916096,NA,FALSE,49
UT,2012-07-01,2.7,0.9969486348916096,NA,FALSE,49
UT,2012-08-01,2.7,0.9969486348916096,NA,FALSE,49
UT,2012-09-01,2.7,0.9969486348916096,NA,FALSE,49
UT,2012-10-01,2.7,0.9969486348916096,NA,FALSE,49
UT,2012-11-01,2.6,0.959350221334602,NA,FALSE,49
UT,2012-12-01,2.5,0.9202827531436923,NA,FALSE,49
UT,2013-01-01,2.4,0.8796267475025635,NA,FALSE,49
UT,2013-02-01,2.3,0.837247524533702,NA,FALSE,49
UT,2013-03-01,2.2,0.7929925155296614,NA,FALSE,49
UT,2013-04-01,2.1,0.7466879474879751,NA,FALSE,49
UT,2013-05-01,2,0.6981347220709843,NA,FALSE,49
UT,2013-06-01,2,0.6981347220709843,NA,FALSE,49
UT,2013-07-01,1.8,0.5933268452777344,NA,FALSE,49
UT,2013-08-01,1.7,0.5364933705145685,NA,FALSE,49
UT,2013-09-01,1.6,0.4762341789963717,NA,FALSE,49
UT,2013-10-01,1.6,0.4762341789963717,NA,FALSE,49
UT,2013-11-01,1.7,0.5364933705145685,NA,FALSE,49
UT,2013-12-01,1.6,0.4762341789963717,NA,FALSE,49
UT,2014-01-01,1.7,0.5364933705145685,NA,FALSE,49
UT,2014-02-01,1.7,0.5364933705145685,NA,FALSE,49
UT,2014-03-01,1.6,0.4762341789963717,NA,FALSE,49
UT,2014-04-01,1.5,0.412109650826833,NA,FALSE,49
UT,2014-05-01,1.4,0.34358970439007686,NA,FALSE,49
UT,2014-06-01,1.4,0.34358970439007686,NA,FALSE,49
UT,2014-07-01,1.4,0.34358970439007686,NA,FALSE,49
UT,2014-08-01,1.4,0.34358970439007686,NA,FALSE,49
UT,2014-09-01,1.3,0.2700271372130602,NA,FALSE,49
UT,2014-10-01,1.3,0.2700271372130602,NA,FALSE,49
UT,2014-11-01,1.3,0.2700271372130602,NA,FALSE,49
UT,2014-12-01,1.3,0.2700271372130602,NA,FALSE,49
UT,2015-01-01,1.3,0.2700271372130602,NA,FALSE,49
UT,2015-02-01,1.3,0.2700271372130602,NA,FALSE,49
UT,2015-03-01,1.2,0.1906203596086497,NA,FALSE,49
UT,2015-04-01,1.1,0.10436001532424286,NA,FALSE,49
UT,2015-05-01,1,0.00995033085316809,NA,FALSE,49
UT,2015-06-01,1,0.00995033085316809,NA,FALSE,49
UT,2015-07-01,1,0.00995033085316809,NA,FALSE,49
UT,2015-08-01,0.9,-0.09431067947124128,NA,FALSE,49
UT,2015-09-01,0.9,-0.09431067947124128,NA,FALSE,49
UT,2015-10-01,0.9,-0.09431067947124128,NA,FALSE,49
UT,2015-11-01,0.9,-0.09431067947124128,NA,FALSE,49
UT,2015-12-01,0.9,-0.09431067947124128,NA,FALSE,49
UT,2016-01-01,1,0.00995033085316809,NA,FALSE,49
UT,2016-02-01,1,0.00995033085316809,NA,FALSE,49
UT,2016-03-01,0.9,-0.09431067947124128,NA,FALSE,49
UT,2016-04-01,0.8,-0.2107210313156525,NA,FALSE,49
UT,2016-05-01,0.8,-0.2107210313156525,NA,FALSE,49
UT,2016-06-01,0.8,-0.2107210313156525,NA,FALSE,49
UT,2016-07-01,0.8,-0.2107210313156525,NA,FALSE,49
UT,2016-08-01,0.8,-0.2107210313156525,NA,FALSE,49
UT,2016-09-01,0.8,-0.2107210313156525,NA,FALSE,49
UT,2016-10-01,0.9,-0.09431067947124128,NA,FALSE,49
UT,2016-11-01,0.8,-0.2107210313156525,NA,FALSE,49
UT,2016-12-01,0.7,-0.342490308946776,NA,FALSE,49
UT,2017-01-01,0.8,-0.2107210313156525,NA,FALSE,49
UT,2017-02-01,0.7,-0.342490308946776,NA,FALSE,49
UT,2017-03-01,0.7,-0.342490308946776,NA,FALSE,49
UT,2017-04-01,0.6,-0.4942963218147801,NA,FALSE,49
UT,2017-05-01,0.6,-0.4942963218147801,NA,FALSE,49
UT,2017-06-01,0.6,-0.4942963218147801,NA,FALSE,49
UT,2017-07-01,0.6,-0.4942963218147801,NA,FALSE,49
UT,2017-08-01,0.6,-0.4942963218147801,NA,FALSE,49
UT,2017-09-01,0.6,-0.4942963218147801,NA,FALSE,49
UT,2017-10-01,0.6,-0.4942963218147801,NA,FALSE,49
UT,2017-11-01,0.6,-0.4942963218147801,NA,FALSE,49
UT,2017-12-01,0.6,-0.4942963218147801,NA,FALSE,49
UT,2018-01-01,0.6,-0.4942963218147801,NA,FALSE,49
UT,2018-02-01,0.6,-0.4942963218147801,NA,FALSE,49
UT,2018-03-01,0.5,-0.6733445532637656,NA,FALSE,49
UT,2018-04-01,0.5,-0.6733445532637656,NA,FALSE,49
UT,2018-05-01,0.5,-0.6733445532637656,NA,FALSE,49
UT,2018-06-01,0.6,-0.4942963218147801,NA,FALSE,49
UT,2018-07-01,0.6,-0.4942963218147801,NA,FALSE,49
UT,2018-08-01,0.5,-0.6733445532637656,NA,FALSE,49
UT,2018-09-01,0.6,-0.4942963218147801,NA,FALSE,49
UT,2018-10-01,0.5,-0.6733445532637656,NA,FALSE,49
UT,2018-11-01,0.5,-0.6733445532637656,NA,FALSE,49
UT,2018-12-01,0.5,-0.6733445532637656,NA,FALSE,49
UT,2019-01-01,0.6,-0.4942963218147801,NA,FALSE,49
UT,2019-02-01,0.5,-0.6733445532637656,NA,FALSE,49
UT,2019-03-01,0.5,-0.6733445532637656,NA,FALSE,49
UT,2019-04-01,0.5,-0.6733445532637656,NA,FALSE,49
UT,2019-05-01,0.5,-0.6733445532637656,NA,FALSE,49
UT,2019-06-01,0.5,-0.6733445532637656,NA,FALSE,49
UT,2019-07-01,0.5,-0.6733445532637656,NA,FALSE,49
UT,2019-08-01,0.5,-0.6733445532637656,NA,FALSE,49
UT,2019-09-01,0.5,-0.6733445532637656,NA,FALSE,49
UT,2019-10-01,0.5,-0.6733445532637656,NA,FALSE,49
UT,2019-11-01,0.5,-0.6733445532637656,NA,FALSE,49
UT,2019-12-01,0.6,-0.4942963218147801,NA,FALSE,49
UT,2020-01-01,0.5,-0.6733445532637656,NA,FALSE,49
UT,2020-02-01,0.5,-0.6733445532637656,NA,FALSE,49
UT,2020-03-01,0.5,-0.6733445532637656,NA,FALSE,49
UT,2020-04-01,0.4,-0.8915981192837835,NA,FALSE,49
UT,2020-05-01,0.4,-0.8915981192837835,NA,FALSE,49
UT,2020-06-01,0.4,-0.8915981192837835,NA,FALSE,49
UT,2020-07-01,0.3,-1.171182981502945,NA,FALSE,49
UT,2020-08-01,0.4,-0.8915981192837835,NA,FALSE,49
UT,2020-09-01,0.3,-1.171182981502945,NA,FALSE,49
UT,2020-10-01,0.3,-1.171182981502945,NA,FALSE,49
UT,2020-11-01,0.3,-1.171182981502945,NA,FALSE,49
UT,2020-12-01,0.3,-1.171182981502945,NA,FALSE,49
UT,2021-01-01,0.3,-1.171182981502945,NA,FALSE,49
UT,2021-02-01,0.3,-1.171182981502945,NA,FALSE,49
UT,2021-03-01,0.3,-1.171182981502945,NA,FALSE,49
UT,2021-04-01,0.3,-1.171182981502945,NA,FALSE,49
UT,2021-05-01,0.3,-1.171182981502945,NA,FALSE,49
UT,2021-06-01,0.3,-1.171182981502945,NA,FALSE,49
UT,2021-07-01,0.3,-1.171182981502945,NA,FALSE,49
UT,2021-08-01,0.3,-1.171182981502945,NA,FALSE,49
UT,2021-09-01,0.3,-1.171182981502945,NA,FALSE,49
UT,2021-10-01,0.3,-1.171182981502945,NA,FALSE,49
UT,2021-11-01,0.3,-1.171182981502945,NA,FALSE,49
UT,2021-12-01,0.3,-1.171182981502945,NA,FALSE,49
UT,2022-01-01,0.3,-1.171182981502945,NA,FALSE,49
UT,2022-02-01,0.3,-1.171182981502945,NA,FALSE,49
UT,2022-03-01,0.3,-1.171182981502945,NA,FALSE,49
UT,2022-04-01,0.2,-1.5606477482646683,NA,FALSE,49
UT,2022-05-01,0.2,-1.5606477482646683,NA,FALSE,49
UT,2022-06-01,0.3,-1.171182981502945,NA,FALSE,49
UT,2022-07-01,0.3,-1.171182981502945,NA,FALSE,49
UT,2022-08-01,0.3,-1.171182981502945,NA,FALSE,49
UT,2022-09-01,0.3,-1.171182981502945,NA,FALSE,49
UT,2022-10-01,0.3,-1.171182981502945,NA,FALSE,49
UT,2022-11-01,0.3,-1.171182981502945,NA,FALSE,49
UT,2022-12-01,0.3,-1.171182981502945,NA,FALSE,49
UT,2023-01-01,0.3,-1.171182981502945,NA,FALSE,49
UT,2023-02-01,0.3,-1.171182981502945,NA,FALSE,49
UT,2023-03-01,0.3,-1.171182981502945,NA,FALSE,49
UT,2023-04-01,0.3,-1.171182981502945,NA,FALSE,49
UT,2023-05-01,0.3,-1.171182981502945,NA,FALSE,49
UT,2023-06-01,0.3,-1.171182981502945,NA,FALSE,49
UT,2023-07-01,0.3,-1.171182981502945,NA,FALSE,49
UT,2023-08-01,0.3,-1.171182981502945,NA,FALSE,49
UT,2023-09-01,0.3,-1.171182981502945,NA,FALSE,49
UT,2023-10-01,0.3,-1.171182981502945,NA,FALSE,49
UT,2023-11-01,0.3,-1.171182981502945,NA,FALSE,49
UT,2023-12-01,0.4,-0.8915981192837835,NA,FALSE,49
UT,2024-01-01,0.4,-0.8915981192837835,NA,FALSE,49
UT,2024-02-01,0.4,-0.8915981192837835,NA,FALSE,49
UT,2024-03-01,0.4,-0.8915981192837835,NA,FALSE,49
UT,2024-04-01,0.4,-0.8915981192837835,NA,FALSE,49
UT,2024-05-01,0.4,-0.8915981192837835,NA,FALSE,49
UT,2024-06-01,0.5,-0.6733445532637656,NA,FALSE,49
UT,2024-07-01,0.4,-0.8915981192837835,NA,FALSE,49
UT,2024-08-01,0.5,-0.6733445532637656,NA,FALSE,49
UT,2024-09-01,0.6,-0.4942963218147801,NA,FALSE,49
UT,2024-10-01,0.6,-0.4942963218147801,NA,FALSE,49
UT,2024-11-01,0.6,-0.4942963218147801,NA,FALSE,49
UT,2024-12-01,0.6,-0.4942963218147801,NA,FALSE,49
UT,2025-01-01,0.6,-0.4942963218147801,NA,FALSE,49
UT,2025-02-01,0.6,-0.4942963218147801,NA,FALSE,49
UT,2025-03-01,0.6,-0.4942963218147801,NA,FALSE,49
VT,2008-01-01,0.6,-0.4942963218147801,NA,FALSE,50
VT,2008-02-01,0.6,-0.4942963218147801,NA,FALSE,50
VT,2008-03-01,0.5,-0.6733445532637656,NA,FALSE,50
VT,2008-04-01,0.6,-0.4942963218147801,NA,FALSE,50
VT,2008-05-01,0.7,-0.342490308946776,NA,FALSE,50
VT,2008-06-01,0.8,-0.2107210313156525,NA,FALSE,50
VT,2008-07-01,0.8,-0.2107210313156525,NA,FALSE,50
VT,2008-08-01,0.9,-0.09431067947124128,NA,FALSE,50
VT,2008-09-01,0.8,-0.2107210313156525,NA,FALSE,50
VT,2008-10-01,0.9,-0.09431067947124128,NA,FALSE,50
VT,2008-11-01,1,0.00995033085316809,NA,FALSE,50
VT,2008-12-01,1,0.00995033085316809,NA,FALSE,50
VT,2009-01-01,1,0.00995033085316809,NA,FALSE,50
VT,2009-02-01,1.1,0.10436001532424286,NA,FALSE,50
VT,2009-03-01,1.3,0.2700271372130602,NA,FALSE,50
VT,2009-04-01,1.4,0.34358970439007686,NA,FALSE,50
VT,2009-05-01,1.4,0.34358970439007686,NA,FALSE,50
VT,2009-06-01,1.5,0.412109650826833,NA,FALSE,50
VT,2009-07-01,1.6,0.4762341789963717,NA,FALSE,50
VT,2009-08-01,1.6,0.4762341789963717,NA,FALSE,50
VT,2009-09-01,1.7,0.5364933705145685,NA,FALSE,50
VT,2009-10-01,2,0.6981347220709843,NA,FALSE,50
VT,2009-11-01,2.1,0.7466879474879751,NA,FALSE,50
VT,2009-12-01,2.1,0.7466879474879751,NA,FALSE,50
VT,2010-01-01,2.2,0.7929925155296614,NA,FALSE,50
VT,2010-02-01,2,0.6981347220709843,NA,FALSE,50
VT,2010-03-01,2,0.6981347220709843,NA,FALSE,50
VT,2010-04-01,1.9,0.6471032420585384,NA,FALSE,50
VT,2010-05-01,1.8,0.5933268452777344,NA,FALSE,50
VT,2010-06-01,1.8,0.5933268452777344,NA,FALSE,50
VT,2010-07-01,1.8,0.5933268452777344,NA,FALSE,50
VT,2010-08-01,1.6,0.4762341789963717,NA,FALSE,50
VT,2010-09-01,1.8,0.5933268452777344,NA,FALSE,50
VT,2010-10-01,1.9,0.6471032420585384,NA,FALSE,50
VT,2010-11-01,1.9,0.6471032420585384,NA,FALSE,50
VT,2010-12-01,1.9,0.6471032420585384,NA,FALSE,50
VT,2011-01-01,2.1,0.7466879474879751,NA,FALSE,50
VT,2011-02-01,2.1,0.7466879474879751,NA,FALSE,50
VT,2011-03-01,2.2,0.7929925155296614,NA,FALSE,50
VT,2011-04-01,2.1,0.7466879474879751,NA,FALSE,50
VT,2011-05-01,2,0.6981347220709843,NA,FALSE,50
VT,2011-06-01,2,0.6981347220709843,NA,FALSE,50
VT,2011-07-01,2,0.6981347220709843,NA,FALSE,50
VT,2011-08-01,2.2,0.7929925155296614,NA,FALSE,50
VT,2011-09-01,2.2,0.7929925155296614,NA,FALSE,50
VT,2011-10-01,2.3,0.837247524533702,NA,FALSE,50
VT,2011-11-01,2.3,0.837247524533702,NA,FALSE,50
VT,2011-12-01,2.3,0.837247524533702,NA,FALSE,50
VT,2012-01-01,2.2,0.7929925155296614,NA,FALSE,50
VT,2012-02-01,2.4,0.8796267475025635,NA,FALSE,50
VT,2012-03-01,2.4,0.8796267475025635,NA,FALSE,50
VT,2012-04-01,2.4,0.8796267475025635,NA,FALSE,50
VT,2012-05-01,2.5,0.9202827531436923,NA,FALSE,50
VT,2012-06-01,2.5,0.9202827531436923,NA,FALSE,50
VT,2012-07-01,2.5,0.9202827531436923,NA,FALSE,50
VT,2012-08-01,2.4,0.8796267475025635,NA,FALSE,50
VT,2012-09-01,2.3,0.837247524533702,NA,FALSE,50
VT,2012-10-01,2.1,0.7466879474879751,NA,FALSE,50
VT,2012-11-01,2.1,0.7466879474879751,NA,FALSE,50
VT,2012-12-01,2.1,0.7466879474879751,NA,FALSE,50
VT,2013-01-01,2.2,0.7929925155296614,NA,FALSE,50
VT,2013-02-01,1.9,0.6471032420585384,NA,FALSE,50
VT,2013-03-01,2,0.6981347220709843,NA,FALSE,50
VT,2013-04-01,1.9,0.6471032420585384,NA,FALSE,50
VT,2013-05-01,2,0.6981347220709843,NA,FALSE,50
VT,2013-06-01,2,0.6981347220709843,NA,FALSE,50
VT,2013-07-01,1.6,0.4762341789963717,NA,FALSE,50
VT,2013-08-01,1.6,0.4762341789963717,NA,FALSE,50
VT,2013-09-01,1.7,0.5364933705145685,NA,FALSE,50
VT,2013-10-01,1.5,0.412109650826833,NA,FALSE,50
VT,2013-11-01,1.6,0.4762341789963717,NA,FALSE,50
VT,2013-12-01,1.7,0.5364933705145685,NA,FALSE,50
VT,2014-01-01,1.7,0.5364933705145685,NA,FALSE,50
VT,2014-02-01,1.8,0.5933268452777344,NA,FALSE,50
VT,2014-03-01,1.7,0.5364933705145685,NA,FALSE,50
VT,2014-04-01,1.7,0.5364933705145685,NA,FALSE,50
VT,2014-05-01,1.6,0.4762341789963717,NA,FALSE,50
VT,2014-06-01,1.5,0.412109650826833,NA,FALSE,50
VT,2014-07-01,1.5,0.412109650826833,NA,FALSE,50
VT,2014-08-01,1.5,0.412109650826833,NA,FALSE,50
VT,2014-09-01,1.3,0.2700271372130602,NA,FALSE,50
VT,2014-10-01,1.4,0.34358970439007686,NA,FALSE,50
VT,2014-11-01,1.4,0.34358970439007686,NA,FALSE,50
VT,2014-12-01,1.4,0.34358970439007686,NA,FALSE,50
VT,2015-01-01,1.4,0.34358970439007686,NA,FALSE,50
VT,2015-02-01,1.4,0.34358970439007686,NA,FALSE,50
VT,2015-03-01,1.5,0.412109650826833,NA,FALSE,50
VT,2015-04-01,1.4,0.34358970439007686,NA,FALSE,50
VT,2015-05-01,1.4,0.34358970439007686,NA,FALSE,50
VT,2015-06-01,1.3,0.2700271372130602,NA,FALSE,50
VT,2015-07-01,1.3,0.2700271372130602,NA,FALSE,50
VT,2015-08-01,1.3,0.2700271372130602,NA,FALSE,50
VT,2015-09-01,1.3,0.2700271372130602,NA,FALSE,50
VT,2015-10-01,1.4,0.34358970439007686,NA,FALSE,50
VT,2015-11-01,1.4,0.34358970439007686,NA,FALSE,50
VT,2015-12-01,1.3,0.2700271372130602,NA,FALSE,50
VT,2016-01-01,1.5,0.412109650826833,NA,FALSE,50
VT,2016-02-01,1.7,0.5364933705145685,NA,FALSE,50
VT,2016-03-01,1.6,0.4762341789963717,NA,FALSE,50
VT,2016-04-01,1.2,0.1906203596086497,NA,FALSE,50
VT,2016-05-01,1.3,0.2700271372130602,NA,FALSE,50
VT,2016-06-01,1.2,0.1906203596086497,NA,FALSE,50
VT,2016-07-01,1.3,0.2700271372130602,NA,FALSE,50
VT,2016-08-01,1.3,0.2700271372130602,NA,FALSE,50
VT,2016-09-01,1.3,0.2700271372130602,NA,FALSE,50
VT,2016-10-01,1.4,0.34358970439007686,NA,FALSE,50
VT,2016-11-01,1.4,0.34358970439007686,NA,FALSE,50
VT,2016-12-01,1.4,0.34358970439007686,NA,FALSE,50
VT,2017-01-01,1.4,0.34358970439007686,NA,FALSE,50
VT,2017-02-01,1.3,0.2700271372130602,NA,FALSE,50
VT,2017-03-01,1.2,0.1906203596086497,NA,FALSE,50
VT,2017-04-01,1.2,0.1906203596086497,NA,FALSE,50
VT,2017-05-01,1.3,0.2700271372130602,NA,FALSE,50
VT,2017-06-01,1.2,0.1906203596086497,NA,FALSE,50
VT,2017-07-01,1.1,0.10436001532424286,NA,FALSE,50
VT,2017-08-01,1.1,0.10436001532424286,NA,FALSE,50
VT,2017-09-01,1.1,0.10436001532424286,NA,FALSE,50
VT,2017-10-01,1.1,0.10436001532424286,NA,FALSE,50
VT,2017-11-01,1.1,0.10436001532424286,NA,FALSE,50
VT,2017-12-01,1.2,0.1906203596086497,NA,FALSE,50
VT,2018-01-01,1.2,0.1906203596086497,NA,FALSE,50
VT,2018-02-01,1.1,0.10436001532424286,NA,FALSE,50
VT,2018-03-01,1,0.00995033085316809,NA,FALSE,50
VT,2018-04-01,1.1,0.10436001532424286,NA,FALSE,50
VT,2018-05-01,1,0.00995033085316809,NA,FALSE,50
VT,2018-06-01,1,0.00995033085316809,NA,FALSE,50
VT,2018-07-01,1.1,0.10436001532424286,NA,FALSE,50
VT,2018-08-01,1.1,0.10436001532424286,NA,FALSE,50
VT,2018-09-01,1,0.00995033085316809,NA,FALSE,50
VT,2018-10-01,1.1,0.10436001532424286,NA,FALSE,50
VT,2018-11-01,1,0.00995033085316809,NA,FALSE,50
VT,2018-12-01,0.9,-0.09431067947124128,NA,FALSE,50
VT,2019-01-01,1,0.00995033085316809,NA,FALSE,50
VT,2019-02-01,1,0.00995033085316809,NA,FALSE,50
VT,2019-03-01,1,0.00995033085316809,NA,FALSE,50
VT,2019-04-01,0.9,-0.09431067947124128,NA,FALSE,50
VT,2019-05-01,0.9,-0.09431067947124128,NA,FALSE,50
VT,2019-06-01,0.9,-0.09431067947124128,NA,FALSE,50
VT,2019-07-01,0.9,-0.09431067947124128,NA,FALSE,50
VT,2019-08-01,0.9,-0.09431067947124128,NA,FALSE,50
VT,2019-09-01,0.9,-0.09431067947124128,NA,FALSE,50
VT,2019-10-01,1,0.00995033085316809,NA,FALSE,50
VT,2019-11-01,1.1,0.10436001532424286,NA,FALSE,50
VT,2019-12-01,1.1,0.10436001532424286,NA,FALSE,50
VT,2020-01-01,1.1,0.10436001532424286,NA,FALSE,50
VT,2020-02-01,0.9,-0.09431067947124128,NA,FALSE,50
VT,2020-03-01,0.8,-0.2107210313156525,NA,FALSE,50
VT,2020-04-01,0.7,-0.342490308946776,NA,FALSE,50
VT,2020-05-01,0.8,-0.2107210313156525,NA,FALSE,50
VT,2020-06-01,0.8,-0.2107210313156525,NA,FALSE,50
VT,2020-07-01,0.9,-0.09431067947124128,NA,FALSE,50
VT,2020-08-01,0.8,-0.2107210313156525,NA,FALSE,50
VT,2020-09-01,0.8,-0.2107210313156525,NA,FALSE,50
VT,2020-10-01,0.7,-0.342490308946776,NA,FALSE,50
VT,2020-11-01,0.7,-0.342490308946776,NA,FALSE,50
VT,2020-12-01,0.7,-0.342490308946776,NA,FALSE,50
VT,2021-01-01,0.8,-0.2107210313156525,NA,FALSE,50
VT,2021-02-01,0.7,-0.342490308946776,NA,FALSE,50
VT,2021-03-01,0.7,-0.342490308946776,NA,FALSE,50
VT,2021-04-01,0.7,-0.342490308946776,NA,FALSE,50
VT,2021-05-01,0.6,-0.4942963218147801,NA,FALSE,50
VT,2021-06-01,0.7,-0.342490308946776,NA,FALSE,50
VT,2021-07-01,0.6,-0.4942963218147801,NA,FALSE,50
VT,2021-08-01,0.7,-0.342490308946776,NA,FALSE,50
VT,2021-09-01,0.7,-0.342490308946776,NA,FALSE,50
VT,2021-10-01,0.7,-0.342490308946776,NA,FALSE,50
VT,2021-11-01,0.6,-0.4942963218147801,NA,FALSE,50
VT,2021-12-01,0.7,-0.342490308946776,NA,FALSE,50
VT,2022-01-01,0.6,-0.4942963218147801,NA,FALSE,50
VT,2022-02-01,0.6,-0.4942963218147801,NA,FALSE,50
VT,2022-03-01,0.6,-0.4942963218147801,NA,FALSE,50
VT,2022-04-01,0.7,-0.342490308946776,NA,FALSE,50
VT,2022-05-01,0.7,-0.342490308946776,NA,FALSE,50
VT,2022-06-01,0.6,-0.4942963218147801,NA,FALSE,50
VT,2022-07-01,0.6,-0.4942963218147801,NA,FALSE,50
VT,2022-08-01,0.5,-0.6733445532637656,NA,FALSE,50
VT,2022-09-01,0.5,-0.6733445532637656,NA,FALSE,50
VT,2022-10-01,0.5,-0.6733445532637656,NA,FALSE,50
VT,2022-11-01,0.6,-0.4942963218147801,NA,FALSE,50
VT,2022-12-01,0.6,-0.4942963218147801,NA,FALSE,50
VT,2023-01-01,0.7,-0.342490308946776,NA,FALSE,50
VT,2023-02-01,0.6,-0.4942963218147801,NA,FALSE,50
VT,2023-03-01,0.6,-0.4942963218147801,NA,FALSE,50
VT,2023-04-01,0.6,-0.4942963218147801,NA,FALSE,50
VT,2023-05-01,0.5,-0.6733445532637656,NA,FALSE,50
VT,2023-06-01,0.5,-0.6733445532637656,NA,FALSE,50
VT,2023-07-01,0.6,-0.4942963218147801,NA,FALSE,50
VT,2023-08-01,0.6,-0.4942963218147801,NA,FALSE,50
VT,2023-09-01,0.6,-0.4942963218147801,NA,FALSE,50
VT,2023-10-01,0.6,-0.4942963218147801,NA,FALSE,50
VT,2023-11-01,0.5,-0.6733445532637656,NA,FALSE,50
VT,2023-12-01,0.7,-0.342490308946776,NA,FALSE,50
VT,2024-01-01,0.6,-0.4942963218147801,NA,FALSE,50
VT,2024-02-01,0.7,-0.342490308946776,NA,FALSE,50
VT,2024-03-01,0.6,-0.4942963218147801,NA,FALSE,50
VT,2024-04-01,0.6,-0.4942963218147801,NA,FALSE,50
VT,2024-05-01,0.7,-0.342490308946776,NA,FALSE,50
VT,2024-06-01,0.6,-0.4942963218147801,NA,FALSE,50
VT,2024-07-01,0.7,-0.342490308946776,NA,FALSE,50
VT,2024-08-01,0.7,-0.342490308946776,NA,FALSE,50
VT,2024-09-01,0.6,-0.4942963218147801,NA,FALSE,50
VT,2024-10-01,0.6,-0.4942963218147801,NA,FALSE,50
VT,2024-11-01,0.7,-0.342490308946776,NA,FALSE,50
VT,2024-12-01,0.6,-0.4942963218147801,NA,FALSE,50
VT,2025-01-01,0.8,-0.2107210313156525,NA,FALSE,50
VT,2025-02-01,0.7,-0.342490308946776,NA,FALSE,50
VT,2025-03-01,0.7,-0.342490308946776,NA,FALSE,50
VA,2008-01-01,1.2,0.1906203596086497,2021-01-01,TRUE,51
VA,2008-02-01,1.2,0.1906203596086497,2021-01-01,TRUE,51
VA,2008-03-01,1.2,0.1906203596086497,2021-01-01,TRUE,51
VA,2008-04-01,1.3,0.2700271372130602,2021-01-01,TRUE,51
VA,2008-05-01,1.4,0.34358970439007686,2021-01-01,TRUE,51
VA,2008-06-01,1.4,0.34358970439007686,2021-01-01,TRUE,51
VA,2008-07-01,1.4,0.34358970439007686,2021-01-01,TRUE,51
VA,2008-08-01,1.5,0.412109650826833,2021-01-01,TRUE,51
VA,2008-09-01,1.6,0.4762341789963717,2021-01-01,TRUE,51
VA,2008-10-01,1.8,0.5933268452777344,2021-01-01,TRUE,51
VA,2008-11-01,1.9,0.6471032420585384,2021-01-01,TRUE,51
VA,2008-12-01,2.1,0.7466879474879751,2021-01-01,TRUE,51
VA,2009-01-01,2.3,0.837247524533702,2021-01-01,TRUE,51
VA,2009-02-01,2.5,0.9202827531436923,2021-01-01,TRUE,51
VA,2009-03-01,2.5,0.9202827531436923,2021-01-01,TRUE,51
VA,2009-04-01,2.6,0.959350221334602,2021-01-01,TRUE,51
VA,2009-05-01,2.8,1.0331844833456545,2021-01-01,TRUE,51
VA,2009-06-01,2.9,1.068153081183401,2021-01-01,TRUE,51
VA,2009-07-01,3,1.1019400787607845,2021-01-01,TRUE,51
VA,2009-08-01,3.1,1.1346227261911428,2021-01-01,TRUE,51
VA,2009-09-01,3.2,1.1662709371419244,2021-01-01,TRUE,51
VA,2009-10-01,3.4,1.2267122912954254,2021-01-01,TRUE,51
VA,2009-11-01,3.5,1.2556160374777745,2021-01-01,TRUE,51
VA,2009-12-01,3.5,1.2556160374777745,2021-01-01,TRUE,51
VA,2010-01-01,3.6,1.2837077723447896,2021-01-01,TRUE,51
VA,2010-02-01,3.6,1.2837077723447896,2021-01-01,TRUE,51
VA,2010-03-01,3.5,1.2556160374777745,2021-01-01,TRUE,51
VA,2010-04-01,3.4,1.2267122912954254,2021-01-01,TRUE,51
VA,2010-05-01,3.3,1.1969481893889715,2021-01-01,TRUE,51
VA,2010-06-01,3.2,1.1662709371419244,2021-01-01,TRUE,51
VA,2010-07-01,3,1.1019400787607845,2021-01-01,TRUE,51
VA,2010-08-01,3,1.1019400787607845,2021-01-01,TRUE,51
VA,2010-09-01,3,1.1019400787607845,2021-01-01,TRUE,51
VA,2010-10-01,3,1.1019400787607845,2021-01-01,TRUE,51
VA,2010-11-01,3,1.1019400787607845,2021-01-01,TRUE,51
VA,2010-12-01,3,1.1019400787607845,2021-01-01,TRUE,51
VA,2011-01-01,2.9,1.068153081183401,2021-01-01,TRUE,51
VA,2011-02-01,3,1.1019400787607845,2021-01-01,TRUE,51
VA,2011-03-01,2.8,1.0331844833456545,2021-01-01,TRUE,51
VA,2011-04-01,2.6,0.959350221334602,2021-01-01,TRUE,51
VA,2011-05-01,2.5,0.9202827531436923,2021-01-01,TRUE,51
VA,2011-06-01,2.4,0.8796267475025635,2021-01-01,TRUE,51
VA,2011-07-01,2.5,0.9202827531436923,2021-01-01,TRUE,51
VA,2011-08-01,2.5,0.9202827531436923,2021-01-01,TRUE,51
VA,2011-09-01,2.5,0.9202827531436923,2021-01-01,TRUE,51
VA,2011-10-01,2.5,0.9202827531436923,2021-01-01,TRUE,51
VA,2011-11-01,2.5,0.9202827531436923,2021-01-01,TRUE,51
VA,2011-12-01,2.5,0.9202827531436923,2021-01-01,TRUE,51
VA,2012-01-01,2.6,0.959350221334602,2021-01-01,TRUE,51
VA,2012-02-01,2.6,0.959350221334602,2021-01-01,TRUE,51
VA,2012-03-01,2.5,0.9202827531436923,2021-01-01,TRUE,51
VA,2012-04-01,2.4,0.8796267475025635,2021-01-01,TRUE,51
VA,2012-05-01,2.5,0.9202827531436923,2021-01-01,TRUE,51
VA,2012-06-01,2.4,0.8796267475025635,2021-01-01,TRUE,51
VA,2012-07-01,2.4,0.8796267475025635,2021-01-01,TRUE,51
VA,2012-08-01,2.4,0.8796267475025635,2021-01-01,TRUE,51
VA,2012-09-01,2.4,0.8796267475025635,2021-01-01,TRUE,51
VA,2012-10-01,2.4,0.8796267475025635,2021-01-01,TRUE,51
VA,2012-11-01,2.3,0.837247524533702,2021-01-01,TRUE,51
VA,2012-12-01,2.3,0.837247524533702,2021-01-01,TRUE,51
VA,2013-01-01,2.3,0.837247524533702,2021-01-01,TRUE,51
VA,2013-02-01,2.2,0.7929925155296614,2021-01-01,TRUE,51
VA,2013-03-01,2.2,0.7929925155296614,2021-01-01,TRUE,51
VA,2013-04-01,2,0.6981347220709843,2021-01-01,TRUE,51
VA,2013-05-01,1.9,0.6471032420585384,2021-01-01,TRUE,51
VA,2013-06-01,1.8,0.5933268452777344,2021-01-01,TRUE,51
VA,2013-07-01,1.8,0.5933268452777344,2021-01-01,TRUE,51
VA,2013-08-01,1.7,0.5364933705145685,2021-01-01,TRUE,51
VA,2013-09-01,1.7,0.5364933705145685,2021-01-01,TRUE,51
VA,2013-10-01,1.7,0.5364933705145685,2021-01-01,TRUE,51
VA,2013-11-01,1.7,0.5364933705145685,2021-01-01,TRUE,51
VA,2013-12-01,1.8,0.5933268452777344,2021-01-01,TRUE,51
VA,2014-01-01,1.8,0.5933268452777344,2021-01-01,TRUE,51
VA,2014-02-01,1.8,0.5933268452777344,2021-01-01,TRUE,51
VA,2014-03-01,1.7,0.5364933705145685,2021-01-01,TRUE,51
VA,2014-04-01,1.7,0.5364933705145685,2021-01-01,TRUE,51
VA,2014-05-01,1.7,0.5364933705145685,2021-01-01,TRUE,51
VA,2014-06-01,1.6,0.4762341789963717,2021-01-01,TRUE,51
VA,2014-07-01,1.6,0.4762341789963717,2021-01-01,TRUE,51
VA,2014-08-01,1.5,0.412109650826833,2021-01-01,TRUE,51
VA,2014-09-01,1.5,0.412109650826833,2021-01-01,TRUE,51
VA,2014-10-01,1.5,0.412109650826833,2021-01-01,TRUE,51
VA,2014-11-01,1.5,0.412109650826833,2021-01-01,TRUE,51
VA,2014-12-01,1.5,0.412109650826833,2021-01-01,TRUE,51
VA,2015-01-01,1.6,0.4762341789963717,2021-01-01,TRUE,51
VA,2015-02-01,1.6,0.4762341789963717,2021-01-01,TRUE,51
VA,2015-03-01,1.4,0.34358970439007686,2021-01-01,TRUE,51
VA,2015-04-01,1.4,0.34358970439007686,2021-01-01,TRUE,51
VA,2015-05-01,1.3,0.2700271372130602,2021-01-01,TRUE,51
VA,2015-06-01,1.3,0.2700271372130602,2021-01-01,TRUE,51
VA,2015-07-01,1.3,0.2700271372130602,2021-01-01,TRUE,51
VA,2015-08-01,1.3,0.2700271372130602,2021-01-01,TRUE,51
VA,2015-09-01,1.3,0.2700271372130602,2021-01-01,TRUE,51
VA,2015-10-01,1.3,0.2700271372130602,2021-01-01,TRUE,51
VA,2015-11-01,1.3,0.2700271372130602,2021-01-01,TRUE,51
VA,2015-12-01,1.2,0.1906203596086497,2021-01-01,TRUE,51
VA,2016-01-01,1.2,0.1906203596086497,2021-01-01,TRUE,51
VA,2016-02-01,1.3,0.2700271372130602,2021-01-01,TRUE,51
VA,2016-03-01,1.2,0.1906203596086497,2021-01-01,TRUE,51
VA,2016-04-01,1.1,0.10436001532424286,2021-01-01,TRUE,51
VA,2016-05-01,1.1,0.10436001532424286,2021-01-01,TRUE,51
VA,2016-06-01,1,0.00995033085316809,2021-01-01,TRUE,51
VA,2016-07-01,1,0.00995033085316809,2021-01-01,TRUE,51
VA,2016-08-01,1.1,0.10436001532424286,2021-01-01,TRUE,51
VA,2016-09-01,1,0.00995033085316809,2021-01-01,TRUE,51
VA,2016-10-01,1.1,0.10436001532424286,2021-01-01,TRUE,51
VA,2016-11-01,1,0.00995033085316809,2021-01-01,TRUE,51
VA,2016-12-01,1,0.00995033085316809,2021-01-01,TRUE,51
VA,2017-01-01,1.1,0.10436001532424286,2021-01-01,TRUE,51
VA,2017-02-01,1.1,0.10436001532424286,2021-01-01,TRUE,51
VA,2017-03-01,1,0.00995033085316809,2021-01-01,TRUE,51
VA,2017-04-01,1,0.00995033085316809,2021-01-01,TRUE,51
VA,2017-05-01,0.9,-0.09431067947124128,2021-01-01,TRUE,51
VA,2017-06-01,0.9,-0.09431067947124128,2021-01-01,TRUE,51
VA,2017-07-01,0.9,-0.09431067947124128,2021-01-01,TRUE,51
VA,2017-08-01,0.9,-0.09431067947124128,2021-01-01,TRUE,51
VA,2017-09-01,0.9,-0.09431067947124128,2021-01-01,TRUE,51
VA,2017-10-01,0.9,-0.09431067947124128,2021-01-01,TRUE,51
VA,2017-11-01,0.9,-0.09431067947124128,2021-01-01,TRUE,51
VA,2017-12-01,0.9,-0.09431067947124128,2021-01-01,TRUE,51
VA,2018-01-01,1,0.00995033085316809,2021-01-01,TRUE,51
VA,2018-02-01,0.9,-0.09431067947124128,2021-01-01,TRUE,51
VA,2018-03-01,0.8,-0.2107210313156525,2021-01-01,TRUE,51
VA,2018-04-01,0.8,-0.2107210313156525,2021-01-01,TRUE,51
VA,2018-05-01,0.7,-0.342490308946776,2021-01-01,TRUE,51
VA,2018-06-01,0.7,-0.342490308946776,2021-01-01,TRUE,51
VA,2018-07-01,0.8,-0.2107210313156525,2021-01-01,TRUE,51
VA,2018-08-01,0.8,-0.2107210313156525,2021-01-01,TRUE,51
VA,2018-09-01,0.8,-0.2107210313156525,2021-01-01,TRUE,51
VA,2018-10-01,0.8,-0.2107210313156525,2021-01-01,TRUE,51
VA,2018-11-01,0.8,-0.2107210313156525,2021-01-01,TRUE,51
VA,2018-12-01,0.9,-0.09431067947124128,2021-01-01,TRUE,51
VA,2019-01-01,0.8,-0.2107210313156525,2021-01-01,TRUE,51
VA,2019-02-01,0.8,-0.2107210313156525,2021-01-01,TRUE,51
VA,2019-03-01,0.7,-0.342490308946776,2021-01-01,TRUE,51
VA,2019-04-01,0.7,-0.342490308946776,2021-01-01,TRUE,51
VA,2019-05-01,0.7,-0.342490308946776,2021-01-01,TRUE,51
VA,2019-06-01,0.7,-0.342490308946776,2021-01-01,TRUE,51
VA,2019-07-01,0.7,-0.342490308946776,2021-01-01,TRUE,51
VA,2019-08-01,0.7,-0.342490308946776,2021-01-01,TRUE,51
VA,2019-09-01,0.7,-0.342490308946776,2021-01-01,TRUE,51
VA,2019-10-01,0.7,-0.342490308946776,2021-01-01,TRUE,51
VA,2019-11-01,0.7,-0.342490308946776,2021-01-01,TRUE,51
VA,2019-12-01,0.7,-0.342490308946776,2021-01-01,TRUE,51
VA,2020-01-01,0.7,-0.342490308946776,2021-01-01,TRUE,51
VA,2020-02-01,0.7,-0.342490308946776,2021-01-01,TRUE,51
VA,2020-03-01,0.7,-0.342490308946776,2021-01-01,TRUE,51
VA,2020-04-01,0.6,-0.4942963218147801,2021-01-01,TRUE,51
VA,2020-05-01,0.6,-0.4942963218147801,2021-01-01,TRUE,51
VA,2020-06-01,0.5,-0.6733445532637656,2021-01-01,TRUE,51
VA,2020-07-01,0.5,-0.6733445532637656,2021-01-01,TRUE,51
VA,2020-08-01,0.5,-0.6733445532637656,2021-01-01,TRUE,51
VA,2020-09-01,0.5,-0.6733445532637656,2021-01-01,TRUE,51
VA,2020-10-01,0.5,-0.6733445532637656,2021-01-01,TRUE,51
VA,2020-11-01,0.5,-0.6733445532637656,2021-01-01,TRUE,51
VA,2020-12-01,0.5,-0.6733445532637656,2021-01-01,TRUE,51
VA,2021-01-01,0.5,-0.6733445532637656,2021-01-01,TRUE,51
VA,2021-02-01,0.5,-0.6733445532637656,2021-01-01,TRUE,51
VA,2021-03-01,0.4,-0.8915981192837835,2021-01-01,TRUE,51
VA,2021-04-01,0.4,-0.8915981192837835,2021-01-01,TRUE,51
VA,2021-05-01,0.4,-0.8915981192837835,2021-01-01,TRUE,51
VA,2021-06-01,0.4,-0.8915981192837835,2021-01-01,TRUE,51
VA,2021-07-01,0.4,-0.8915981192837835,2021-01-01,TRUE,51
VA,2021-08-01,0.4,-0.8915981192837835,2021-01-01,TRUE,51
VA,2021-09-01,0.4,-0.8915981192837835,2021-01-01,TRUE,51
VA,2021-10-01,0.4,-0.8915981192837835,2021-01-01,TRUE,51
VA,2021-11-01,0.4,-0.8915981192837835,2021-01-01,TRUE,51
VA,2021-12-01,0.4,-0.8915981192837835,2021-01-01,TRUE,51
VA,2022-01-01,0.5,-0.6733445532637656,2021-01-01,TRUE,51
VA,2022-02-01,0.5,-0.6733445532637656,2021-01-01,TRUE,51
VA,2022-03-01,0.4,-0.8915981192837835,2021-01-01,TRUE,51
VA,2022-04-01,0.6,-0.4942963218147801,2021-01-01,TRUE,51
VA,2022-05-01,0.4,-0.8915981192837835,2021-01-01,TRUE,51
VA,2022-06-01,0.4,-0.8915981192837835,2021-01-01,TRUE,51
VA,2022-07-01,0.4,-0.8915981192837835,2021-01-01,TRUE,51
VA,2022-08-01,0.4,-0.8915981192837835,2021-01-01,TRUE,51
VA,2022-09-01,0.4,-0.8915981192837835,2021-01-01,TRUE,51
VA,2022-10-01,0.4,-0.8915981192837835,2021-01-01,TRUE,51
VA,2022-11-01,0.4,-0.8915981192837835,2021-01-01,TRUE,51
VA,2022-12-01,0.4,-0.8915981192837835,2021-01-01,TRUE,51
VA,2023-01-01,0.4,-0.8915981192837835,2021-01-01,TRUE,51
VA,2023-02-01,0.4,-0.8915981192837835,2021-01-01,TRUE,51
VA,2023-03-01,0.4,-0.8915981192837835,2021-01-01,TRUE,51
VA,2023-04-01,0.4,-0.8915981192837835,2021-01-01,TRUE,51
VA,2023-05-01,0.4,-0.8915981192837835,2021-01-01,TRUE,51
VA,2023-06-01,0.4,-0.8915981192837835,2021-01-01,TRUE,51
VA,2023-07-01,0.4,-0.8915981192837835,2021-01-01,TRUE,51
VA,2023-08-01,0.4,-0.8915981192837835,2021-01-01,TRUE,51
VA,2023-09-01,0.4,-0.8915981192837835,2021-01-01,TRUE,51
VA,2023-10-01,0.5,-0.6733445532637656,2021-01-01,TRUE,51
VA,2023-11-01,0.5,-0.6733445532637656,2021-01-01,TRUE,51
VA,2023-12-01,0.5,-0.6733445532637656,2021-01-01,TRUE,51
VA,2024-01-01,0.5,-0.6733445532637656,2021-01-01,TRUE,51
VA,2024-02-01,0.6,-0.4942963218147801,2021-01-01,TRUE,51
VA,2024-03-01,0.5,-0.6733445532637656,2021-01-01,TRUE,51
VA,2024-04-01,0.5,-0.6733445532637656,2021-01-01,TRUE,51
VA,2024-05-01,0.6,-0.4942963218147801,2021-01-01,TRUE,51
VA,2024-06-01,0.6,-0.4942963218147801,2021-01-01,TRUE,51
VA,2024-07-01,0.6,-0.4942963218147801,2021-01-01,TRUE,51
VA,2024-08-01,0.6,-0.4942963218147801,2021-01-01,TRUE,51
VA,2024-09-01,0.6,-0.4942963218147801,2021-01-01,TRUE,51
VA,2024-10-01,0.6,-0.4942963218147801,2021-01-01,TRUE,51
VA,2024-11-01,0.6,-0.4942963218147801,2021-01-01,TRUE,51
VA,2024-12-01,0.7,-0.342490308946776,2021-01-01,TRUE,51
VA,2025-01-01,0.7,-0.342490308946776,2021-01-01,TRUE,51
VA,2025-02-01,0.7,-0.342490308946776,2021-01-01,TRUE,51
VA,2025-03-01,0.7,-0.342490308946776,2021-01-01,TRUE,51
WA,2008-01-01,0.7,-0.342490308946776,NA,FALSE,53
WA,2008-02-01,0.7,-0.342490308946776,NA,FALSE,53
WA,2008-03-01,0.7,-0.342490308946776,NA,FALSE,53
WA,2008-04-01,0.7,-0.342490308946776,NA,FALSE,53
WA,2008-05-01,0.8,-0.2107210313156525,NA,FALSE,53
WA,2008-06-01,0.8,-0.2107210313156525,NA,FALSE,53
WA,2008-07-01,0.9,-0.09431067947124128,NA,FALSE,53
WA,2008-08-01,0.9,-0.09431067947124128,NA,FALSE,53
WA,2008-09-01,1,0.00995033085316809,NA,FALSE,53
WA,2008-10-01,1.2,0.1906203596086497,NA,FALSE,53
WA,2008-11-01,1.3,0.2700271372130602,NA,FALSE,53
WA,2008-12-01,1.5,0.412109650826833,NA,FALSE,53
WA,2009-01-01,1.6,0.4762341789963717,NA,FALSE,53
WA,2009-02-01,1.8,0.5933268452777344,NA,FALSE,53
WA,2009-03-01,2,0.6981347220709843,NA,FALSE,53
WA,2009-04-01,2.1,0.7466879474879751,NA,FALSE,53
WA,2009-05-01,2.2,0.7929925155296614,NA,FALSE,53
WA,2009-06-01,2.4,0.8796267475025635,NA,FALSE,53
WA,2009-07-01,2.6,0.959350221334602,NA,FALSE,53
WA,2009-08-01,2.7,0.9969486348916096,NA,FALSE,53
WA,2009-09-01,3.1,1.1346227261911428,NA,FALSE,53
WA,2009-10-01,3.3,1.1969481893889715,NA,FALSE,53
WA,2009-11-01,3.6,1.2837077723447896,NA,FALSE,53
WA,2009-12-01,3.6,1.2837077723447896,NA,FALSE,53
WA,2010-01-01,3.8,1.3376291891386094,NA,FALSE,53
WA,2010-02-01,3.8,1.3376291891386094,NA,FALSE,53
WA,2010-03-01,3.8,1.3376291891386094,NA,FALSE,53
WA,2010-04-01,3.8,1.3376291891386094,NA,FALSE,53
WA,2010-05-01,3.8,1.3376291891386094,NA,FALSE,53
WA,2010-06-01,3.7,1.3110318766193438,NA,FALSE,53
WA,2010-07-01,3.7,1.3110318766193438,NA,FALSE,53
WA,2010-08-01,3.6,1.2837077723447896,NA,FALSE,53
WA,2010-09-01,3.6,1.2837077723447896,NA,FALSE,53
WA,2010-10-01,3.5,1.2556160374777745,NA,FALSE,53
WA,2010-11-01,3.5,1.2556160374777745,NA,FALSE,53
WA,2010-12-01,3.5,1.2556160374777745,NA,FALSE,53
WA,2011-01-01,3.6,1.2837077723447896,NA,FALSE,53
WA,2011-02-01,3.6,1.2837077723447896,NA,FALSE,53
WA,2011-03-01,3.5,1.2556160374777745,NA,FALSE,53
WA,2011-04-01,3.5,1.2556160374777745,NA,FALSE,53
WA,2011-05-01,3.6,1.2837077723447896,NA,FALSE,53
WA,2011-06-01,3.5,1.2556160374777745,NA,FALSE,53
WA,2011-07-01,3.6,1.2837077723447896,NA,FALSE,53
WA,2011-08-01,3.7,1.3110318766193438,NA,FALSE,53
WA,2011-09-01,3.8,1.3376291891386094,NA,FALSE,53
WA,2011-10-01,3.9,1.3635373739972745,NA,FALSE,53
WA,2011-11-01,4,1.3887912413184778,NA,FALSE,53
WA,2011-12-01,4,1.3887912413184778,NA,FALSE,53
WA,2012-01-01,4.1,1.413423028508143,NA,FALSE,53
WA,2012-02-01,4.1,1.413423028508143,NA,FALSE,53
WA,2012-03-01,4.2,1.43746264769429,NA,FALSE,53
WA,2012-04-01,4.2,1.43746264769429,NA,FALSE,53
WA,2012-05-01,4.2,1.43746264769429,NA,FALSE,53
WA,2012-06-01,4.1,1.413423028508143,NA,FALSE,53
WA,2012-07-01,4,1.3887912413184778,NA,FALSE,53
WA,2012-08-01,3.8,1.3376291891386094,NA,FALSE,53
WA,2012-09-01,3.8,1.3376291891386094,NA,FALSE,53
WA,2012-10-01,3.7,1.3110318766193438,NA,FALSE,53
WA,2012-11-01,3.7,1.3110318766193438,NA,FALSE,53
WA,2012-12-01,3.5,1.2556160374777745,NA,FALSE,53
WA,2013-01-01,3.4,1.2267122912954254,NA,FALSE,53
WA,2013-02-01,3.4,1.2267122912954254,NA,FALSE,53
WA,2013-03-01,3.3,1.1969481893889715,NA,FALSE,53
WA,2013-04-01,3.2,1.1662709371419244,NA,FALSE,53
WA,2013-05-01,3,1.1019400787607845,NA,FALSE,53
WA,2013-06-01,2.8,1.0331844833456545,NA,FALSE,53
WA,2013-07-01,2.7,0.9969486348916096,NA,FALSE,53
WA,2013-08-01,2.6,0.959350221334602,NA,FALSE,53
WA,2013-09-01,2.5,0.9202827531436923,NA,FALSE,53
WA,2013-10-01,2.5,0.9202827531436923,NA,FALSE,53
WA,2013-11-01,2.5,0.9202827531436923,NA,FALSE,53
WA,2013-12-01,2.4,0.8796267475025635,NA,FALSE,53
WA,2014-01-01,2.4,0.8796267475025635,NA,FALSE,53
WA,2014-02-01,2.3,0.837247524533702,NA,FALSE,53
WA,2014-03-01,2.2,0.7929925155296614,NA,FALSE,53
WA,2014-04-01,2,0.6981347220709843,NA,FALSE,53
WA,2014-05-01,2,0.6981347220709843,NA,FALSE,53
WA,2014-06-01,2,0.6981347220709843,NA,FALSE,53
WA,2014-07-01,2,0.6981347220709843,NA,FALSE,53
WA,2014-08-01,1.9,0.6471032420585384,NA,FALSE,53
WA,2014-09-01,1.9,0.6471032420585384,NA,FALSE,53
WA,2014-10-01,1.8,0.5933268452777344,NA,FALSE,53
WA,2014-11-01,1.8,0.5933268452777344,NA,FALSE,53
WA,2014-12-01,1.7,0.5364933705145685,NA,FALSE,53
WA,2015-01-01,1.7,0.5364933705145685,NA,FALSE,53
WA,2015-02-01,1.6,0.4762341789963717,NA,FALSE,53
WA,2015-03-01,1.6,0.4762341789963717,NA,FALSE,53
WA,2015-04-01,1.5,0.412109650826833,NA,FALSE,53
WA,2015-05-01,1.4,0.34358970439007686,NA,FALSE,53
WA,2015-06-01,1.4,0.34358970439007686,NA,FALSE,53
WA,2015-07-01,1.4,0.34358970439007686,NA,FALSE,53
WA,2015-08-01,1.4,0.34358970439007686,NA,FALSE,53
WA,2015-09-01,1.3,0.2700271372130602,NA,FALSE,53
WA,2015-10-01,1.3,0.2700271372130602,NA,FALSE,53
WA,2015-11-01,1.2,0.1906203596086497,NA,FALSE,53
WA,2015-12-01,1.2,0.1906203596086497,NA,FALSE,53
WA,2016-01-01,1.2,0.1906203596086497,NA,FALSE,53
WA,2016-02-01,1.3,0.2700271372130602,NA,FALSE,53
WA,2016-03-01,1.1,0.10436001532424286,NA,FALSE,53
WA,2016-04-01,1,0.00995033085316809,NA,FALSE,53
WA,2016-05-01,1,0.00995033085316809,NA,FALSE,53
WA,2016-06-01,1,0.00995033085316809,NA,FALSE,53
WA,2016-07-01,1,0.00995033085316809,NA,FALSE,53
WA,2016-08-01,1,0.00995033085316809,NA,FALSE,53
WA,2016-09-01,0.9,-0.09431067947124128,NA,FALSE,53
WA,2016-10-01,0.9,-0.09431067947124128,NA,FALSE,53
WA,2016-11-01,0.9,-0.09431067947124128,NA,FALSE,53
WA,2016-12-01,0.9,-0.09431067947124128,NA,FALSE,53
WA,2017-01-01,0.9,-0.09431067947124128,NA,FALSE,53
WA,2017-02-01,0.8,-0.2107210313156525,NA,FALSE,53
WA,2017-03-01,0.8,-0.2107210313156525,NA,FALSE,53
WA,2017-04-01,0.7,-0.342490308946776,NA,FALSE,53
WA,2017-05-01,0.7,-0.342490308946776,NA,FALSE,53
WA,2017-06-01,0.7,-0.342490308946776,NA,FALSE,53
WA,2017-07-01,0.7,-0.342490308946776,NA,FALSE,53
WA,2017-08-01,0.6,-0.4942963218147801,NA,FALSE,53
WA,2017-09-01,0.6,-0.4942963218147801,NA,FALSE,53
WA,2017-10-01,0.6,-0.4942963218147801,NA,FALSE,53
WA,2017-11-01,0.6,-0.4942963218147801,NA,FALSE,53
WA,2017-12-01,0.6,-0.4942963218147801,NA,FALSE,53
WA,2018-01-01,0.5,-0.6733445532637656,NA,FALSE,53
WA,2018-02-01,0.5,-0.6733445532637656,NA,FALSE,53
WA,2018-03-01,0.5,-0.6733445532637656,NA,FALSE,53
WA,2018-04-01,0.5,-0.6733445532637656,NA,FALSE,53
WA,2018-05-01,0.5,-0.6733445532637656,NA,FALSE,53
WA,2018-06-01,0.5,-0.6733445532637656,NA,FALSE,53
WA,2018-07-01,0.5,-0.6733445532637656,NA,FALSE,53
WA,2018-08-01,0.5,-0.6733445532637656,NA,FALSE,53
WA,2018-09-01,0.5,-0.6733445532637656,NA,FALSE,53
WA,2018-10-01,0.5,-0.6733445532637656,NA,FALSE,53
WA,2018-11-01,0.5,-0.6733445532637656,NA,FALSE,53
WA,2018-12-01,0.5,-0.6733445532637656,NA,FALSE,53
WA,2019-01-01,0.5,-0.6733445532637656,NA,FALSE,53
WA,2019-02-01,0.5,-0.6733445532637656,NA,FALSE,53
WA,2019-03-01,0.4,-0.8915981192837835,NA,FALSE,53
WA,2019-04-01,0.4,-0.8915981192837835,NA,FALSE,53
WA,2019-05-01,0.4,-0.8915981192837835,NA,FALSE,53
WA,2019-06-01,0.4,-0.8915981192837835,NA,FALSE,53
WA,2019-07-01,0.4,-0.8915981192837835,NA,FALSE,53
WA,2019-08-01,0.4,-0.8915981192837835,NA,FALSE,53
WA,2019-09-01,0.4,-0.8915981192837835,NA,FALSE,53
WA,2019-10-01,0.4,-0.8915981192837835,NA,FALSE,53
WA,2019-11-01,0.4,-0.8915981192837835,NA,FALSE,53
WA,2019-12-01,0.4,-0.8915981192837835,NA,FALSE,53
WA,2020-01-01,0.5,-0.6733445532637656,NA,FALSE,53
WA,2020-02-01,0.4,-0.8915981192837835,NA,FALSE,53
WA,2020-03-01,0.4,-0.8915981192837835,NA,FALSE,53
WA,2020-04-01,0.4,-0.8915981192837835,NA,FALSE,53
WA,2020-05-01,0.4,-0.8915981192837835,NA,FALSE,53
WA,2020-06-01,0.4,-0.8915981192837835,NA,FALSE,53
WA,2020-07-01,0.3,-1.171182981502945,NA,FALSE,53
WA,2020-08-01,0.3,-1.171182981502945,NA,FALSE,53
WA,2020-09-01,0.3,-1.171182981502945,NA,FALSE,53
WA,2020-10-01,0.3,-1.171182981502945,NA,FALSE,53
WA,2020-11-01,0.3,-1.171182981502945,NA,FALSE,53
WA,2020-12-01,0.3,-1.171182981502945,NA,FALSE,53
WA,2021-01-01,0.3,-1.171182981502945,NA,FALSE,53
WA,2021-02-01,0.3,-1.171182981502945,NA,FALSE,53
WA,2021-03-01,0.3,-1.171182981502945,NA,FALSE,53
WA,2021-04-01,0.2,-1.5606477482646683,NA,FALSE,53
WA,2021-05-01,0.2,-1.5606477482646683,NA,FALSE,53
WA,2021-06-01,0.2,-1.5606477482646683,NA,FALSE,53
WA,2021-07-01,0.2,-1.5606477482646683,NA,FALSE,53
WA,2021-08-01,0.2,-1.5606477482646683,NA,FALSE,53
WA,2021-09-01,0.2,-1.5606477482646683,NA,FALSE,53
WA,2021-10-01,0.2,-1.5606477482646683,NA,FALSE,53
WA,2021-11-01,0.2,-1.5606477482646683,NA,FALSE,53
WA,2021-12-01,0.2,-1.5606477482646683,NA,FALSE,53
WA,2022-01-01,0.2,-1.5606477482646683,NA,FALSE,53
WA,2022-02-01,0.2,-1.5606477482646683,NA,FALSE,53
WA,2022-03-01,0.2,-1.5606477482646683,NA,FALSE,53
WA,2022-04-01,0.2,-1.5606477482646683,NA,FALSE,53
WA,2022-05-01,0.2,-1.5606477482646683,NA,FALSE,53
WA,2022-06-01,0.2,-1.5606477482646683,NA,FALSE,53
WA,2022-07-01,0.2,-1.5606477482646683,NA,FALSE,53
WA,2022-08-01,0.2,-1.5606477482646683,NA,FALSE,53
WA,2022-09-01,0.2,-1.5606477482646683,NA,FALSE,53
WA,2022-10-01,0.3,-1.171182981502945,NA,FALSE,53
WA,2022-11-01,0.3,-1.171182981502945,NA,FALSE,53
WA,2022-12-01,0.2,-1.5606477482646683,NA,FALSE,53
WA,2023-01-01,0.3,-1.171182981502945,NA,FALSE,53
WA,2023-02-01,0.3,-1.171182981502945,NA,FALSE,53
WA,2023-03-01,0.3,-1.171182981502945,NA,FALSE,53
WA,2023-04-01,0.3,-1.171182981502945,NA,FALSE,53
WA,2023-05-01,0.3,-1.171182981502945,NA,FALSE,53
WA,2023-06-01,0.3,-1.171182981502945,NA,FALSE,53
WA,2023-07-01,0.3,-1.171182981502945,NA,FALSE,53
WA,2023-08-01,0.3,-1.171182981502945,NA,FALSE,53
WA,2023-09-01,0.3,-1.171182981502945,NA,FALSE,53
WA,2023-10-01,0.3,-1.171182981502945,NA,FALSE,53
WA,2023-11-01,0.3,-1.171182981502945,NA,FALSE,53
WA,2023-12-01,0.4,-0.8915981192837835,NA,FALSE,53
WA,2024-01-01,0.4,-0.8915981192837835,NA,FALSE,53
WA,2024-02-01,0.4,-0.8915981192837835,NA,FALSE,53
WA,2024-03-01,0.4,-0.8915981192837835,NA,FALSE,53
WA,2024-04-01,0.4,-0.8915981192837835,NA,FALSE,53
WA,2024-05-01,0.4,-0.8915981192837835,NA,FALSE,53
WA,2024-06-01,0.4,-0.8915981192837835,NA,FALSE,53
WA,2024-07-01,0.4,-0.8915981192837835,NA,FALSE,53
WA,2024-08-01,0.4,-0.8915981192837835,NA,FALSE,53
WA,2024-09-01,0.4,-0.8915981192837835,NA,FALSE,53
WA,2024-10-01,0.5,-0.6733445532637656,NA,FALSE,53
WA,2024-11-01,0.5,-0.6733445532637656,NA,FALSE,53
WA,2024-12-01,0.5,-0.6733445532637656,NA,FALSE,53
WA,2025-01-01,0.5,-0.6733445532637656,NA,FALSE,53
WA,2025-02-01,0.5,-0.6733445532637656,NA,FALSE,53
WA,2025-03-01,0.5,-0.6733445532637656,NA,FALSE,53
WV,2008-01-01,1.1,0.10436001532424286,2018-08-01,TRUE,54
WV,2008-02-01,1.1,0.10436001532424286,2018-08-01,TRUE,54
WV,2008-03-01,1,0.00995033085316809,2018-08-01,TRUE,54
WV,2008-04-01,1.1,0.10436001532424286,2018-08-01,TRUE,54
WV,2008-05-01,1.1,0.10436001532424286,2018-08-01,TRUE,54
WV,2008-06-01,1.1,0.10436001532424286,2018-08-01,TRUE,54
WV,2008-07-01,1.3,0.2700271372130602,2018-08-01,TRUE,54
WV,2008-08-01,1.3,0.2700271372130602,2018-08-01,TRUE,54
WV,2008-09-01,1.4,0.34358970439007686,2018-08-01,TRUE,54
WV,2008-10-01,1.5,0.412109650826833,2018-08-01,TRUE,54
WV,2008-11-01,1.6,0.4762341789963717,2018-08-01,TRUE,54
WV,2008-12-01,1.7,0.5364933705145685,2018-08-01,TRUE,54
WV,2009-01-01,2,0.6981347220709843,2018-08-01,TRUE,54
WV,2009-02-01,2,0.6981347220709843,2018-08-01,TRUE,54
WV,2009-03-01,1.8,0.5933268452777344,2018-08-01,TRUE,54
WV,2009-04-01,1.7,0.5364933705145685,2018-08-01,TRUE,54
WV,2009-05-01,1.8,0.5933268452777344,2018-08-01,TRUE,54
WV,2009-06-01,1.9,0.6471032420585384,2018-08-01,TRUE,54
WV,2009-07-01,2,0.6981347220709843,2018-08-01,TRUE,54
WV,2009-08-01,2.1,0.7466879474879751,2018-08-01,TRUE,54
WV,2009-09-01,2.1,0.7466879474879751,2018-08-01,TRUE,54
WV,2009-10-01,2.2,0.7929925155296614,2018-08-01,TRUE,54
WV,2009-11-01,2.5,0.9202827531436923,2018-08-01,TRUE,54
WV,2009-12-01,2.5,0.9202827531436923,2018-08-01,TRUE,54
WV,2010-01-01,2.6,0.959350221334602,2018-08-01,TRUE,54
WV,2010-02-01,2.6,0.959350221334602,2018-08-01,TRUE,54
WV,2010-03-01,2.5,0.9202827531436923,2018-08-01,TRUE,54
WV,2010-04-01,2.3,0.837247524533702,2018-08-01,TRUE,54
WV,2010-05-01,2.2,0.7929925155296614,2018-08-01,TRUE,54
WV,2010-06-01,2.1,0.7466879474879751,2018-08-01,TRUE,54
WV,2010-07-01,2.2,0.7929925155296614,2018-08-01,TRUE,54
WV,2010-08-01,2.3,0.837247524533702,2018-08-01,TRUE,54
WV,2010-09-01,2.2,0.7929925155296614,2018-08-01,TRUE,54
WV,2010-10-01,2.2,0.7929925155296614,2018-08-01,TRUE,54
WV,2010-11-01,2.1,0.7466879474879751,2018-08-01,TRUE,54
WV,2010-12-01,2.2,0.7929925155296614,2018-08-01,TRUE,54
WV,2011-01-01,2.1,0.7466879474879751,2018-08-01,TRUE,54
WV,2011-02-01,2.3,0.837247524533702,2018-08-01,TRUE,54
WV,2011-03-01,2.3,0.837247524533702,2018-08-01,TRUE,54
WV,2011-04-01,2,0.6981347220709843,2018-08-01,TRUE,54
WV,2011-05-01,1.9,0.6471032420585384,2018-08-01,TRUE,54
WV,2011-06-01,1.9,0.6471032420585384,2018-08-01,TRUE,54
WV,2011-07-01,1.9,0.6471032420585384,2018-08-01,TRUE,54
WV,2011-08-01,2,0.6981347220709843,2018-08-01,TRUE,54
WV,2011-09-01,2.1,0.7466879474879751,2018-08-01,TRUE,54
WV,2011-10-01,2,0.6981347220709843,2018-08-01,TRUE,54
WV,2011-11-01,2,0.6981347220709843,2018-08-01,TRUE,54
WV,2011-12-01,2,0.6981347220709843,2018-08-01,TRUE,54
WV,2012-01-01,2.1,0.7466879474879751,2018-08-01,TRUE,54
WV,2012-02-01,2.1,0.7466879474879751,2018-08-01,TRUE,54
WV,2012-03-01,1.8,0.5933268452777344,2018-08-01,TRUE,54
WV,2012-04-01,1.8,0.5933268452777344,2018-08-01,TRUE,54
WV,2012-05-01,1.9,0.6471032420585384,2018-08-01,TRUE,54
WV,2012-06-01,1.9,0.6471032420585384,2018-08-01,TRUE,54
WV,2012-07-01,2,0.6981347220709843,2018-08-01,TRUE,54
WV,2012-08-01,2,0.6981347220709843,2018-08-01,TRUE,54
WV,2012-09-01,1.9,0.6471032420585384,2018-08-01,TRUE,54
WV,2012-10-01,1.9,0.6471032420585384,2018-08-01,TRUE,54
WV,2012-11-01,2,0.6981347220709843,2018-08-01,TRUE,54
WV,2012-12-01,2.1,0.7466879474879751,2018-08-01,TRUE,54
WV,2013-01-01,2,0.6981347220709843,2018-08-01,TRUE,54
WV,2013-02-01,2.2,0.7929925155296614,2018-08-01,TRUE,54
WV,2013-03-01,2,0.6981347220709843,2018-08-01,TRUE,54
WV,2013-04-01,1.8,0.5933268452777344,2018-08-01,TRUE,54
WV,2013-05-01,1.8,0.5933268452777344,2018-08-01,TRUE,54
WV,2013-06-01,1.7,0.5364933705145685,2018-08-01,TRUE,54
WV,2013-07-01,1.5,0.412109650826833,2018-08-01,TRUE,54
WV,2013-08-01,1.6,0.4762341789963717,2018-08-01,TRUE,54
WV,2013-09-01,1.6,0.4762341789963717,2018-08-01,TRUE,54
WV,2013-10-01,1.6,0.4762341789963717,2018-08-01,TRUE,54
WV,2013-11-01,1.8,0.5933268452777344,2018-08-01,TRUE,54
WV,2013-12-01,1.9,0.6471032420585384,2018-08-01,TRUE,54
WV,2014-01-01,1.8,0.5933268452777344,2018-08-01,TRUE,54
WV,2014-02-01,1.8,0.5933268452777344,2018-08-01,TRUE,54
WV,2014-03-01,1.6,0.4762341789963717,2018-08-01,TRUE,54
WV,2014-04-01,1.6,0.4762341789963717,2018-08-01,TRUE,54
WV,2014-05-01,1.7,0.5364933705145685,2018-08-01,TRUE,54
WV,2014-06-01,1.8,0.5933268452777344,2018-08-01,TRUE,54
WV,2014-07-01,1.8,0.5933268452777344,2018-08-01,TRUE,54
WV,2014-08-01,1.7,0.5364933705145685,2018-08-01,TRUE,54
WV,2014-09-01,1.7,0.5364933705145685,2018-08-01,TRUE,54
WV,2014-10-01,1.7,0.5364933705145685,2018-08-01,TRUE,54
WV,2014-11-01,1.7,0.5364933705145685,2018-08-01,TRUE,54
WV,2014-12-01,1.8,0.5933268452777344,2018-08-01,TRUE,54
WV,2015-01-01,1.8,0.5933268452777344,2018-08-01,TRUE,54
WV,2015-02-01,1.6,0.4762341789963717,2018-08-01,TRUE,54
WV,2015-03-01,1.6,0.4762341789963717,2018-08-01,TRUE,54
WV,2015-04-01,1.4,0.34358970439007686,2018-08-01,TRUE,54
WV,2015-05-01,1.4,0.34358970439007686,2018-08-01,TRUE,54
WV,2015-06-01,1.5,0.412109650826833,2018-08-01,TRUE,54
WV,2015-07-01,1.4,0.34358970439007686,2018-08-01,TRUE,54
WV,2015-08-01,1.4,0.34358970439007686,2018-08-01,TRUE,54
WV,2015-09-01,1.5,0.412109650826833,2018-08-01,TRUE,54
WV,2015-10-01,1.5,0.412109650826833,2018-08-01,TRUE,54
WV,2015-11-01,1.4,0.34358970439007686,2018-08-01,TRUE,54
WV,2015-12-01,1.4,0.34358970439007686,2018-08-01,TRUE,54
WV,2016-01-01,1.7,0.5364933705145685,2018-08-01,TRUE,54
WV,2016-02-01,1.7,0.5364933705145685,2018-08-01,TRUE,54
WV,2016-03-01,1.5,0.412109650826833,2018-08-01,TRUE,54
WV,2016-04-01,1.5,0.412109650826833,2018-08-01,TRUE,54
WV,2016-05-01,1.5,0.412109650826833,2018-08-01,TRUE,54
WV,2016-06-01,1.5,0.412109650826833,2018-08-01,TRUE,54
WV,2016-07-01,1.5,0.412109650826833,2018-08-01,TRUE,54
WV,2016-08-01,1.5,0.412109650826833,2018-08-01,TRUE,54
WV,2016-09-01,1.5,0.412109650826833,2018-08-01,TRUE,54
WV,2016-10-01,1.7,0.5364933705145685,2018-08-01,TRUE,54
WV,2016-11-01,1.7,0.5364933705145685,2018-08-01,TRUE,54
WV,2016-12-01,1.7,0.5364933705145685,2018-08-01,TRUE,54
WV,2017-01-01,1.7,0.5364933705145685,2018-08-01,TRUE,54
WV,2017-02-01,1.4,0.34358970439007686,2018-08-01,TRUE,54
WV,2017-03-01,1.4,0.34358970439007686,2018-08-01,TRUE,54
WV,2017-04-01,1.2,0.1906203596086497,2018-08-01,TRUE,54
WV,2017-05-01,1.2,0.1906203596086497,2018-08-01,TRUE,54
WV,2017-06-01,1.4,0.34358970439007686,2018-08-01,TRUE,54
WV,2017-07-01,1.3,0.2700271372130602,2018-08-01,TRUE,54
WV,2017-08-01,1.4,0.34358970439007686,2018-08-01,TRUE,54
WV,2017-09-01,1.5,0.412109650826833,2018-08-01,TRUE,54
WV,2017-10-01,1.5,0.412109650826833,2018-08-01,TRUE,54
WV,2017-11-01,1.4,0.34358970439007686,2018-08-01,TRUE,54
WV,2017-12-01,1.5,0.412109650826833,2018-08-01,TRUE,54
WV,2018-01-01,1.6,0.4762341789963717,2018-08-01,TRUE,54
WV,2018-02-01,1.6,0.4762341789963717,2018-08-01,TRUE,54
WV,2018-03-01,1.5,0.412109650826833,2018-08-01,TRUE,54
WV,2018-04-01,1.3,0.2700271372130602,2018-08-01,TRUE,54
WV,2018-05-01,1.3,0.2700271372130602,2018-08-01,TRUE,54
WV,2018-06-01,1.3,0.2700271372130602,2018-08-01,TRUE,54
WV,2018-07-01,1.3,0.2700271372130602,2018-08-01,TRUE,54
WV,2018-08-01,1.4,0.34358970439007686,2018-08-01,TRUE,54
WV,2018-09-01,1.5,0.412109650826833,2018-08-01,TRUE,54
WV,2018-10-01,1.5,0.412109650826833,2018-08-01,TRUE,54
WV,2018-11-01,1.4,0.34358970439007686,2018-08-01,TRUE,54
WV,2018-12-01,1.5,0.412109650826833,2018-08-01,TRUE,54
WV,2019-01-01,1.5,0.412109650826833,2018-08-01,TRUE,54
WV,2019-02-01,1.5,0.412109650826833,2018-08-01,TRUE,54
WV,2019-03-01,1.3,0.2700271372130602,2018-08-01,TRUE,54
WV,2019-04-01,1.1,0.10436001532424286,2018-08-01,TRUE,54
WV,2019-05-01,1.1,0.10436001532424286,2018-08-01,TRUE,54
WV,2019-06-01,1.3,0.2700271372130602,2018-08-01,TRUE,54
WV,2019-07-01,1.3,0.2700271372130602,2018-08-01,TRUE,54
WV,2019-08-01,1.3,0.2700271372130602,2018-08-01,TRUE,54
WV,2019-09-01,1.3,0.2700271372130602,2018-08-01,TRUE,54
WV,2019-10-01,1.4,0.34358970439007686,2018-08-01,TRUE,54
WV,2019-11-01,1.4,0.34358970439007686,2018-08-01,TRUE,54
WV,2019-12-01,1.4,0.34358970439007686,2018-08-01,TRUE,54
WV,2020-01-01,1.5,0.412109650826833,2018-08-01,TRUE,54
WV,2020-02-01,1.5,0.412109650826833,2018-08-01,TRUE,54
WV,2020-03-01,1.4,0.34358970439007686,2018-08-01,TRUE,54
WV,2020-04-01,1.1,0.10436001532424286,2018-08-01,TRUE,54
WV,2020-05-01,1.1,0.10436001532424286,2018-08-01,TRUE,54
WV,2020-06-01,1.2,0.1906203596086497,2018-08-01,TRUE,54
WV,2020-07-01,1.1,0.10436001532424286,2018-08-01,TRUE,54
WV,2020-08-01,1.2,0.1906203596086497,2018-08-01,TRUE,54
WV,2020-09-01,1.2,0.1906203596086497,2018-08-01,TRUE,54
WV,2020-10-01,1,0.00995033085316809,2018-08-01,TRUE,54
WV,2020-11-01,1.1,0.10436001532424286,2018-08-01,TRUE,54
WV,2020-12-01,1.2,0.1906203596086497,2018-08-01,TRUE,54
WV,2021-01-01,1.3,0.2700271372130602,2018-08-01,TRUE,54
WV,2021-02-01,1.3,0.2700271372130602,2018-08-01,TRUE,54
WV,2021-03-01,1.1,0.10436001532424286,2018-08-01,TRUE,54
WV,2021-04-01,1.1,0.10436001532424286,2018-08-01,TRUE,54
WV,2021-05-01,1,0.00995033085316809,2018-08-01,TRUE,54
WV,2021-06-01,0.9,-0.09431067947124128,2018-08-01,TRUE,54
WV,2021-07-01,1,0.00995033085316809,2018-08-01,TRUE,54
WV,2021-08-01,1,0.00995033085316809,2018-08-01,TRUE,54
WV,2021-09-01,1.1,0.10436001532424286,2018-08-01,TRUE,54
WV,2021-10-01,1.1,0.10436001532424286,2018-08-01,TRUE,54
WV,2021-11-01,1.1,0.10436001532424286,2018-08-01,TRUE,54
WV,2021-12-01,1.1,0.10436001532424286,2018-08-01,TRUE,54
WV,2022-01-01,1.2,0.1906203596086497,2018-08-01,TRUE,54
WV,2022-02-01,1.1,0.10436001532424286,2018-08-01,TRUE,54
WV,2022-03-01,1.1,0.10436001532424286,2018-08-01,TRUE,54
WV,2022-04-01,1.4,0.34358970439007686,2018-08-01,TRUE,54
WV,2022-05-01,0.9,-0.09431067947124128,2018-08-01,TRUE,54
WV,2022-06-01,1,0.00995033085316809,2018-08-01,TRUE,54
WV,2022-07-01,1,0.00995033085316809,2018-08-01,TRUE,54
WV,2022-08-01,0.9,-0.09431067947124128,2018-08-01,TRUE,54
WV,2022-09-01,1.1,0.10436001532424286,2018-08-01,TRUE,54
WV,2022-10-01,1.1,0.10436001532424286,2018-08-01,TRUE,54
WV,2022-11-01,0.9,-0.09431067947124128,2018-08-01,TRUE,54
WV,2022-12-01,0.9,-0.09431067947124128,2018-08-01,TRUE,54
WV,2023-01-01,0.9,-0.09431067947124128,2018-08-01,TRUE,54
WV,2023-02-01,0.9,-0.09431067947124128,2018-08-01,TRUE,54
WV,2023-03-01,0.9,-0.09431067947124128,2018-08-01,TRUE,54
WV,2023-04-01,0.9,-0.09431067947124128,2018-08-01,TRUE,54
WV,2023-05-01,0.8,-0.2107210313156525,2018-08-01,TRUE,54
WV,2023-06-01,0.9,-0.09431067947124128,2018-08-01,TRUE,54
WV,2023-07-01,0.9,-0.09431067947124128,2018-08-01,TRUE,54
WV,2023-08-01,0.9,-0.09431067947124128,2018-08-01,TRUE,54
WV,2023-09-01,0.9,-0.09431067947124128,2018-08-01,TRUE,54
WV,2023-10-01,0.9,-0.09431067947124128,2018-08-01,TRUE,54
WV,2023-11-01,0.9,-0.09431067947124128,2018-08-01,TRUE,54
WV,2023-12-01,1.1,0.10436001532424286,2018-08-01,TRUE,54
WV,2024-01-01,1,0.00995033085316809,2018-08-01,TRUE,54
WV,2024-02-01,0.9,-0.09431067947124128,2018-08-01,TRUE,54
WV,2024-03-01,0.8,-0.2107210313156525,2018-08-01,TRUE,54
WV,2024-04-01,0.8,-0.2107210313156525,2018-08-01,TRUE,54
WV,2024-05-01,0.8,-0.2107210313156525,2018-08-01,TRUE,54
WV,2024-06-01,0.8,-0.2107210313156525,2018-08-01,TRUE,54
WV,2024-07-01,0.9,-0.09431067947124128,2018-08-01,TRUE,54
WV,2024-08-01,0.8,-0.2107210313156525,2018-08-01,TRUE,54
WV,2024-09-01,0.9,-0.09431067947124128,2018-08-01,TRUE,54
WV,2024-10-01,0.9,-0.09431067947124128,2018-08-01,TRUE,54
WV,2024-11-01,0.9,-0.09431067947124128,2018-08-01,TRUE,54
WV,2024-12-01,1.1,0.10436001532424286,2018-08-01,TRUE,54
WV,2025-01-01,1.2,0.1906203596086497,2018-08-01,TRUE,54
WV,2025-02-01,1.2,0.1906203596086497,2018-08-01,TRUE,54
WV,2025-03-01,1,0.00995033085316809,2018-08-01,TRUE,54
WI,2008-01-01,0.9,-0.09431067947124128,NA,FALSE,55
WI,2008-02-01,1,0.00995033085316809,NA,FALSE,55
WI,2008-03-01,0.9,-0.09431067947124128,NA,FALSE,55
WI,2008-04-01,0.9,-0.09431067947124128,NA,FALSE,55
WI,2008-05-01,1,0.00995033085316809,NA,FALSE,55
WI,2008-06-01,1,0.00995033085316809,NA,FALSE,55
WI,2008-07-01,1.1,0.10436001532424286,NA,FALSE,55
WI,2008-08-01,1.1,0.10436001532424286,NA,FALSE,55
WI,2008-09-01,1.1,0.10436001532424286,NA,FALSE,55
WI,2008-10-01,1.2,0.1906203596086497,NA,FALSE,55
WI,2008-11-01,1.3,0.2700271372130602,NA,FALSE,55
WI,2008-12-01,1.4,0.34358970439007686,NA,FALSE,55
WI,2009-01-01,1.5,0.412109650826833,NA,FALSE,55
WI,2009-02-01,1.6,0.4762341789963717,NA,FALSE,55
WI,2009-03-01,1.7,0.5364933705145685,NA,FALSE,55
WI,2009-04-01,1.8,0.5933268452777344,NA,FALSE,55
WI,2009-05-01,1.9,0.6471032420585384,NA,FALSE,55
WI,2009-06-01,1.9,0.6471032420585384,NA,FALSE,55
WI,2009-07-01,2,0.6981347220709843,NA,FALSE,55
WI,2009-08-01,2.2,0.7929925155296614,NA,FALSE,55
WI,2009-09-01,2.4,0.8796267475025635,NA,FALSE,55
WI,2009-10-01,2.5,0.9202827531436923,NA,FALSE,55
WI,2009-11-01,2.5,0.9202827531436923,NA,FALSE,55
WI,2009-12-01,2.6,0.959350221334602,NA,FALSE,55
WI,2010-01-01,2.6,0.959350221334602,NA,FALSE,55
WI,2010-02-01,2.6,0.959350221334602,NA,FALSE,55
WI,2010-03-01,2.5,0.9202827531436923,NA,FALSE,55
WI,2010-04-01,2.4,0.8796267475025635,NA,FALSE,55
WI,2010-05-01,2.3,0.837247524533702,NA,FALSE,55
WI,2010-06-01,2.3,0.837247524533702,NA,FALSE,55
WI,2010-07-01,2.3,0.837247524533702,NA,FALSE,55
WI,2010-08-01,2.3,0.837247524533702,NA,FALSE,55
WI,2010-09-01,2.3,0.837247524533702,NA,FALSE,55
WI,2010-10-01,2.3,0.837247524533702,NA,FALSE,55
WI,2010-11-01,2.3,0.837247524533702,NA,FALSE,55
WI,2010-12-01,2.3,0.837247524533702,NA,FALSE,55
WI,2011-01-01,2.3,0.837247524533702,NA,FALSE,55
WI,2011-02-01,2.2,0.7929925155296614,NA,FALSE,55
WI,2011-03-01,2.2,0.7929925155296614,NA,FALSE,55
WI,2011-04-01,2.1,0.7466879474879751,NA,FALSE,55
WI,2011-05-01,2.1,0.7466879474879751,NA,FALSE,55
WI,2011-06-01,2.1,0.7466879474879751,NA,FALSE,55
WI,2011-07-01,2.1,0.7466879474879751,NA,FALSE,55
WI,2011-08-01,2.2,0.7929925155296614,NA,FALSE,55
WI,2011-09-01,2.2,0.7929925155296614,NA,FALSE,55
WI,2011-10-01,2.2,0.7929925155296614,NA,FALSE,55
WI,2011-11-01,2.2,0.7929925155296614,NA,FALSE,55
WI,2011-12-01,2.2,0.7929925155296614,NA,FALSE,55
WI,2012-01-01,2.2,0.7929925155296614,NA,FALSE,55
WI,2012-02-01,2.3,0.837247524533702,NA,FALSE,55
WI,2012-03-01,2.1,0.7466879474879751,NA,FALSE,55
WI,2012-04-01,2,0.6981347220709843,NA,FALSE,55
WI,2012-05-01,2,0.6981347220709843,NA,FALSE,55
WI,2012-06-01,2,0.6981347220709843,NA,FALSE,55
WI,2012-07-01,2.1,0.7466879474879751,NA,FALSE,55
WI,2012-08-01,2,0.6981347220709843,NA,FALSE,55
WI,2012-09-01,2,0.6981347220709843,NA,FALSE,55
WI,2012-10-01,1.9,0.6471032420585384,NA,FALSE,55
WI,2012-11-01,1.9,0.6471032420585384,NA,FALSE,55
WI,2012-12-01,1.9,0.6471032420585384,NA,FALSE,55
WI,2013-01-01,1.8,0.5933268452777344,NA,FALSE,55
WI,2013-02-01,1.8,0.5933268452777344,NA,FALSE,55
WI,2013-03-01,1.7,0.5364933705145685,NA,FALSE,55
WI,2013-04-01,1.7,0.5364933705145685,NA,FALSE,55
WI,2013-05-01,1.7,0.5364933705145685,NA,FALSE,55
WI,2013-06-01,1.7,0.5364933705145685,NA,FALSE,55
WI,2013-07-01,1.6,0.4762341789963717,NA,FALSE,55
WI,2013-08-01,1.5,0.412109650826833,NA,FALSE,55
WI,2013-09-01,1.5,0.412109650826833,NA,FALSE,55
WI,2013-10-01,1.4,0.34358970439007686,NA,FALSE,55
WI,2013-11-01,1.4,0.34358970439007686,NA,FALSE,55
WI,2013-12-01,1.5,0.412109650826833,NA,FALSE,55
WI,2014-01-01,1.5,0.412109650826833,NA,FALSE,55
WI,2014-02-01,1.4,0.34358970439007686,NA,FALSE,55
WI,2014-03-01,1.3,0.2700271372130602,NA,FALSE,55
WI,2014-04-01,1.2,0.1906203596086497,NA,FALSE,55
WI,2014-05-01,1.2,0.1906203596086497,NA,FALSE,55
WI,2014-06-01,1.2,0.1906203596086497,NA,FALSE,55
WI,2014-07-01,1.2,0.1906203596086497,NA,FALSE,55
WI,2014-08-01,1.2,0.1906203596086497,NA,FALSE,55
WI,2014-09-01,1.3,0.2700271372130602,NA,FALSE,55
WI,2014-10-01,1.2,0.1906203596086497,NA,FALSE,55
WI,2014-11-01,1.2,0.1906203596086497,NA,FALSE,55
WI,2014-12-01,1.3,0.2700271372130602,NA,FALSE,55
WI,2015-01-01,1.2,0.1906203596086497,NA,FALSE,55
WI,2015-02-01,1.2,0.1906203596086497,NA,FALSE,55
WI,2015-03-01,1.1,0.10436001532424286,NA,FALSE,55
WI,2015-04-01,1.1,0.10436001532424286,NA,FALSE,55
WI,2015-05-01,1.1,0.10436001532424286,NA,FALSE,55
WI,2015-06-01,1.1,0.10436001532424286,NA,FALSE,55
WI,2015-07-01,1,0.00995033085316809,NA,FALSE,55
WI,2015-08-01,1,0.00995033085316809,NA,FALSE,55
WI,2015-09-01,1,0.00995033085316809,NA,FALSE,55
WI,2015-10-01,0.9,-0.09431067947124128,NA,FALSE,55
WI,2015-11-01,0.9,-0.09431067947124128,NA,FALSE,55
WI,2015-12-01,0.9,-0.09431067947124128,NA,FALSE,55
WI,2016-01-01,0.9,-0.09431067947124128,NA,FALSE,55
WI,2016-02-01,1,0.00995033085316809,NA,FALSE,55
WI,2016-03-01,0.9,-0.09431067947124128,NA,FALSE,55
WI,2016-04-01,0.9,-0.09431067947124128,NA,FALSE,55
WI,2016-05-01,0.8,-0.2107210313156525,NA,FALSE,55
WI,2016-06-01,0.8,-0.2107210313156525,NA,FALSE,55
WI,2016-07-01,0.8,-0.2107210313156525,NA,FALSE,55
WI,2016-08-01,0.8,-0.2107210313156525,NA,FALSE,55
WI,2016-09-01,0.8,-0.2107210313156525,NA,FALSE,55
WI,2016-10-01,0.8,-0.2107210313156525,NA,FALSE,55
WI,2016-11-01,0.8,-0.2107210313156525,NA,FALSE,55
WI,2016-12-01,0.8,-0.2107210313156525,NA,FALSE,55
WI,2017-01-01,0.8,-0.2107210313156525,NA,FALSE,55
WI,2017-02-01,0.7,-0.342490308946776,NA,FALSE,55
WI,2017-03-01,0.7,-0.342490308946776,NA,FALSE,55
WI,2017-04-01,0.7,-0.342490308946776,NA,FALSE,55
WI,2017-05-01,0.7,-0.342490308946776,NA,FALSE,55
WI,2017-06-01,0.7,-0.342490308946776,NA,FALSE,55
WI,2017-07-01,0.7,-0.342490308946776,NA,FALSE,55
WI,2017-08-01,0.6,-0.4942963218147801,NA,FALSE,55
WI,2017-09-01,0.7,-0.342490308946776,NA,FALSE,55
WI,2017-10-01,0.7,-0.342490308946776,NA,FALSE,55
WI,2017-11-01,0.7,-0.342490308946776,NA,FALSE,55
WI,2017-12-01,0.7,-0.342490308946776,NA,FALSE,55
WI,2018-01-01,0.7,-0.342490308946776,NA,FALSE,55
WI,2018-02-01,0.7,-0.342490308946776,NA,FALSE,55
WI,2018-03-01,0.6,-0.4942963218147801,NA,FALSE,55
WI,2018-04-01,0.6,-0.4942963218147801,NA,FALSE,55
WI,2018-05-01,0.6,-0.4942963218147801,NA,FALSE,55
WI,2018-06-01,0.6,-0.4942963218147801,NA,FALSE,55
WI,2018-07-01,0.6,-0.4942963218147801,NA,FALSE,55
WI,2018-08-01,0.5,-0.6733445532637656,NA,FALSE,55
WI,2018-09-01,0.6,-0.4942963218147801,NA,FALSE,55
WI,2018-10-01,0.6,-0.4942963218147801,NA,FALSE,55
WI,2018-11-01,0.5,-0.6733445532637656,NA,FALSE,55
WI,2018-12-01,0.6,-0.4942963218147801,NA,FALSE,55
WI,2019-01-01,0.6,-0.4942963218147801,NA,FALSE,55
WI,2019-02-01,0.6,-0.4942963218147801,NA,FALSE,55
WI,2019-03-01,0.5,-0.6733445532637656,NA,FALSE,55
WI,2019-04-01,0.5,-0.6733445532637656,NA,FALSE,55
WI,2019-05-01,0.5,-0.6733445532637656,NA,FALSE,55
WI,2019-06-01,0.5,-0.6733445532637656,NA,FALSE,55
WI,2019-07-01,0.5,-0.6733445532637656,NA,FALSE,55
WI,2019-08-01,0.5,-0.6733445532637656,NA,FALSE,55
WI,2019-09-01,0.5,-0.6733445532637656,NA,FALSE,55
WI,2019-10-01,0.5,-0.6733445532637656,NA,FALSE,55
WI,2019-11-01,0.5,-0.6733445532637656,NA,FALSE,55
WI,2019-12-01,0.5,-0.6733445532637656,NA,FALSE,55
WI,2020-01-01,0.5,-0.6733445532637656,NA,FALSE,55
WI,2020-02-01,0.5,-0.6733445532637656,NA,FALSE,55
WI,2020-03-01,0.5,-0.6733445532637656,NA,FALSE,55
WI,2020-04-01,0.5,-0.6733445532637656,NA,FALSE,55
WI,2020-05-01,0.5,-0.6733445532637656,NA,FALSE,55
WI,2020-06-01,0.4,-0.8915981192837835,NA,FALSE,55
WI,2020-07-01,0.5,-0.6733445532637656,NA,FALSE,55
WI,2020-08-01,0.4,-0.8915981192837835,NA,FALSE,55
WI,2020-09-01,0.4,-0.8915981192837835,NA,FALSE,55
WI,2020-10-01,0.4,-0.8915981192837835,NA,FALSE,55
WI,2020-11-01,0.4,-0.8915981192837835,NA,FALSE,55
WI,2020-12-01,0.4,-0.8915981192837835,NA,FALSE,55
WI,2021-01-01,0.4,-0.8915981192837835,NA,FALSE,55
WI,2021-02-01,0.4,-0.8915981192837835,NA,FALSE,55
WI,2021-03-01,0.4,-0.8915981192837835,NA,FALSE,55
WI,2021-04-01,0.4,-0.8915981192837835,NA,FALSE,55
WI,2021-05-01,0.4,-0.8915981192837835,NA,FALSE,55
WI,2021-06-01,0.3,-1.171182981502945,NA,FALSE,55
WI,2021-07-01,0.4,-0.8915981192837835,NA,FALSE,55
WI,2021-08-01,0.4,-0.8915981192837835,NA,FALSE,55
WI,2021-09-01,0.4,-0.8915981192837835,NA,FALSE,55
WI,2021-10-01,0.4,-0.8915981192837835,NA,FALSE,55
WI,2021-11-01,0.4,-0.8915981192837835,NA,FALSE,55
WI,2021-12-01,0.4,-0.8915981192837835,NA,FALSE,55
WI,2022-01-01,0.4,-0.8915981192837835,NA,FALSE,55
WI,2022-02-01,0.4,-0.8915981192837835,NA,FALSE,55
WI,2022-03-01,0.3,-1.171182981502945,NA,FALSE,55
WI,2022-04-01,0.3,-1.171182981502945,NA,FALSE,55
WI,2022-05-01,0.4,-0.8915981192837835,NA,FALSE,55
WI,2022-06-01,0.4,-0.8915981192837835,NA,FALSE,55
WI,2022-07-01,0.3,-1.171182981502945,NA,FALSE,55
WI,2022-08-01,0.3,-1.171182981502945,NA,FALSE,55
WI,2022-09-01,0.3,-1.171182981502945,NA,FALSE,55
WI,2022-10-01,0.3,-1.171182981502945,NA,FALSE,55
WI,2022-11-01,0.4,-0.8915981192837835,NA,FALSE,55
WI,2022-12-01,0.4,-0.8915981192837835,NA,FALSE,55
WI,2023-01-01,0.4,-0.8915981192837835,NA,FALSE,55
WI,2023-02-01,0.4,-0.8915981192837835,NA,FALSE,55
WI,2023-03-01,0.3,-1.171182981502945,NA,FALSE,55
WI,2023-04-01,0.3,-1.171182981502945,NA,FALSE,55
WI,2023-05-01,0.3,-1.171182981502945,NA,FALSE,55
WI,2023-06-01,0.3,-1.171182981502945,NA,FALSE,55
WI,2023-07-01,0.3,-1.171182981502945,NA,FALSE,55
WI,2023-08-01,0.4,-0.8915981192837835,NA,FALSE,55
WI,2023-09-01,0.4,-0.8915981192837835,NA,FALSE,55
WI,2023-10-01,0.4,-0.8915981192837835,NA,FALSE,55
WI,2023-11-01,0.4,-0.8915981192837835,NA,FALSE,55
WI,2023-12-01,0.4,-0.8915981192837835,NA,FALSE,55
WI,2024-01-01,0.5,-0.6733445532637656,NA,FALSE,55
WI,2024-02-01,0.4,-0.8915981192837835,NA,FALSE,55
WI,2024-03-01,0.4,-0.8915981192837835,NA,FALSE,55
WI,2024-04-01,0.4,-0.8915981192837835,NA,FALSE,55
WI,2024-05-01,0.4,-0.8915981192837835,NA,FALSE,55
WI,2024-06-01,0.4,-0.8915981192837835,NA,FALSE,55
WI,2024-07-01,0.4,-0.8915981192837835,NA,FALSE,55
WI,2024-08-01,0.4,-0.8915981192837835,NA,FALSE,55
WI,2024-09-01,0.4,-0.8915981192837835,NA,FALSE,55
WI,2024-10-01,0.4,-0.8915981192837835,NA,FALSE,55
WI,2024-11-01,0.4,-0.8915981192837835,NA,FALSE,55
WI,2024-12-01,0.5,-0.6733445532637656,NA,FALSE,55
WI,2025-01-01,0.5,-0.6733445532637656,NA,FALSE,55
WI,2025-02-01,0.4,-0.8915981192837835,NA,FALSE,55
WI,2025-03-01,0.4,-0.8915981192837835,NA,FALSE,55
WY,2008-01-01,0.8,-0.2107210313156525,2021-09-01,TRUE,56
WY,2008-02-01,0.7,-0.342490308946776,2021-09-01,TRUE,56
WY,2008-03-01,0.9,-0.09431067947124128,2021-09-01,TRUE,56
WY,2008-04-01,0.7,-0.342490308946776,2021-09-01,TRUE,56
WY,2008-05-01,0.8,-0.2107210313156525,2021-09-01,TRUE,56
WY,2008-06-01,0.9,-0.09431067947124128,2021-09-01,TRUE,56
WY,2008-07-01,1,0.00995033085316809,2021-09-01,TRUE,56
WY,2008-08-01,1,0.00995033085316809,2021-09-01,TRUE,56
WY,2008-09-01,1,0.00995033085316809,2021-09-01,TRUE,56
WY,2008-10-01,1.2,0.1906203596086497,2021-09-01,TRUE,56
WY,2008-11-01,1.3,0.2700271372130602,2021-09-01,TRUE,56
WY,2008-12-01,1.3,0.2700271372130602,2021-09-01,TRUE,56
WY,2009-01-01,1.2,0.1906203596086497,2021-09-01,TRUE,56
WY,2009-02-01,1.4,0.34358970439007686,2021-09-01,TRUE,56
WY,2009-03-01,1.4,0.34358970439007686,2021-09-01,TRUE,56
WY,2009-04-01,1.4,0.34358970439007686,2021-09-01,TRUE,56
WY,2009-05-01,1.6,0.4762341789963717,2021-09-01,TRUE,56
WY,2009-06-01,1.9,0.6471032420585384,2021-09-01,TRUE,56
WY,2009-07-01,2.1,0.7466879474879751,2021-09-01,TRUE,56
WY,2009-08-01,2.2,0.7929925155296614,2021-09-01,TRUE,56
WY,2009-09-01,2.3,0.837247524533702,2021-09-01,TRUE,56
WY,2009-10-01,2.5,0.9202827531436923,2021-09-01,TRUE,56
WY,2009-11-01,2.5,0.9202827531436923,2021-09-01,TRUE,56
WY,2009-12-01,2.7,0.9969486348916096,2021-09-01,TRUE,56
WY,2010-01-01,2.6,0.959350221334602,2021-09-01,TRUE,56
WY,2010-02-01,2.6,0.959350221334602,2021-09-01,TRUE,56
WY,2010-03-01,2.3,0.837247524533702,2021-09-01,TRUE,56
WY,2010-04-01,2.1,0.7466879474879751,2021-09-01,TRUE,56
WY,2010-05-01,2.2,0.7929925155296614,2021-09-01,TRUE,56
WY,2010-06-01,2.3,0.837247524533702,2021-09-01,TRUE,56
WY,2010-07-01,2.4,0.8796267475025635,2021-09-01,TRUE,56
WY,2010-08-01,2.3,0.837247524533702,2021-09-01,TRUE,56
WY,2010-09-01,2,0.6981347220709843,2021-09-01,TRUE,56
WY,2010-10-01,2.1,0.7466879474879751,2021-09-01,TRUE,56
WY,2010-11-01,2,0.6981347220709843,2021-09-01,TRUE,56
WY,2010-12-01,2,0.6981347220709843,2021-09-01,TRUE,56
WY,2011-01-01,2,0.6981347220709843,2021-09-01,TRUE,56
WY,2011-02-01,1.9,0.6471032420585384,2021-09-01,TRUE,56
WY,2011-03-01,1.7,0.5364933705145685,2021-09-01,TRUE,56
WY,2011-04-01,1.6,0.4762341789963717,2021-09-01,TRUE,56
WY,2011-05-01,1.6,0.4762341789963717,2021-09-01,TRUE,56
WY,2011-06-01,1.7,0.5364933705145685,2021-09-01,TRUE,56
WY,2011-07-01,1.8,0.5933268452777344,2021-09-01,TRUE,56
WY,2011-08-01,1.5,0.412109650826833,2021-09-01,TRUE,56
WY,2011-09-01,1.5,0.412109650826833,2021-09-01,TRUE,56
WY,2011-10-01,1.5,0.412109650826833,2021-09-01,TRUE,56
WY,2011-11-01,1.5,0.412109650826833,2021-09-01,TRUE,56
WY,2011-12-01,1.5,0.412109650826833,2021-09-01,TRUE,56
WY,2012-01-01,1.7,0.5364933705145685,2021-09-01,TRUE,56
WY,2012-02-01,1.5,0.412109650826833,2021-09-01,TRUE,56
WY,2012-03-01,1.5,0.412109650826833,2021-09-01,TRUE,56
WY,2012-04-01,1.4,0.34358970439007686,2021-09-01,TRUE,56
WY,2012-05-01,1.4,0.34358970439007686,2021-09-01,TRUE,56
WY,2012-06-01,1.3,0.2700271372130602,2021-09-01,TRUE,56
WY,2012-07-01,1.4,0.34358970439007686,2021-09-01,TRUE,56
WY,2012-08-01,1.4,0.34358970439007686,2021-09-01,TRUE,56
WY,2012-09-01,1.5,0.412109650826833,2021-09-01,TRUE,56
WY,2012-10-01,1.5,0.412109650826833,2021-09-01,TRUE,56
WY,2012-11-01,1.5,0.412109650826833,2021-09-01,TRUE,56
WY,2012-12-01,1.4,0.34358970439007686,2021-09-01,TRUE,56
WY,2013-01-01,1.4,0.34358970439007686,2021-09-01,TRUE,56
WY,2013-02-01,1.3,0.2700271372130602,2021-09-01,TRUE,56
WY,2013-03-01,1.2,0.1906203596086497,2021-09-01,TRUE,56
WY,2013-04-01,1.1,0.10436001532424286,2021-09-01,TRUE,56
WY,2013-05-01,0.9,-0.09431067947124128,2021-09-01,TRUE,56
WY,2013-06-01,1,0.00995033085316809,2021-09-01,TRUE,56
WY,2013-07-01,0.9,-0.09431067947124128,2021-09-01,TRUE,56
WY,2013-08-01,1,0.00995033085316809,2021-09-01,TRUE,56
WY,2013-09-01,0.8,-0.2107210313156525,2021-09-01,TRUE,56
WY,2013-10-01,0.7,-0.342490308946776,2021-09-01,TRUE,56
WY,2013-11-01,0.7,-0.342490308946776,2021-09-01,TRUE,56
WY,2013-12-01,0.8,-0.2107210313156525,2021-09-01,TRUE,56
WY,2014-01-01,0.8,-0.2107210313156525,2021-09-01,TRUE,56
WY,2014-02-01,0.7,-0.342490308946776,2021-09-01,TRUE,56
WY,2014-03-01,0.8,-0.2107210313156525,2021-09-01,TRUE,56
WY,2014-04-01,0.8,-0.2107210313156525,2021-09-01,TRUE,56
WY,2014-05-01,1,0.00995033085316809,2021-09-01,TRUE,56
WY,2014-06-01,1.1,0.10436001532424286,2021-09-01,TRUE,56
WY,2014-07-01,1,0.00995033085316809,2021-09-01,TRUE,56
WY,2014-08-01,1,0.00995033085316809,2021-09-01,TRUE,56
WY,2014-09-01,1.1,0.10436001532424286,2021-09-01,TRUE,56
WY,2014-10-01,1.2,0.1906203596086497,2021-09-01,TRUE,56
WY,2014-11-01,1.1,0.10436001532424286,2021-09-01,TRUE,56
WY,2014-12-01,1.3,0.2700271372130602,2021-09-01,TRUE,56
WY,2015-01-01,1.2,0.1906203596086497,2021-09-01,TRUE,56
WY,2015-02-01,1.2,0.1906203596086497,2021-09-01,TRUE,56
WY,2015-03-01,1,0.00995033085316809,2021-09-01,TRUE,56
WY,2015-04-01,0.9,-0.09431067947124128,2021-09-01,TRUE,56
WY,2015-05-01,0.9,-0.09431067947124128,2021-09-01,TRUE,56
WY,2015-06-01,0.9,-0.09431067947124128,2021-09-01,TRUE,56
WY,2015-07-01,0.8,-0.2107210313156525,2021-09-01,TRUE,56
WY,2015-08-01,0.9,-0.09431067947124128,2021-09-01,TRUE,56
WY,2015-09-01,0.9,-0.09431067947124128,2021-09-01,TRUE,56
WY,2015-10-01,0.9,-0.09431067947124128,2021-09-01,TRUE,56
WY,2015-11-01,1,0.00995033085316809,2021-09-01,TRUE,56
WY,2015-12-01,1,0.00995033085316809,2021-09-01,TRUE,56
WY,2016-01-01,0.9,-0.09431067947124128,2021-09-01,TRUE,56
WY,2016-02-01,1.1,0.10436001532424286,2021-09-01,TRUE,56
WY,2016-03-01,1,0.00995033085316809,2021-09-01,TRUE,56
WY,2016-04-01,0.9,-0.09431067947124128,2021-09-01,TRUE,56
WY,2016-05-01,1.1,0.10436001532424286,2021-09-01,TRUE,56
WY,2016-06-01,1,0.00995033085316809,2021-09-01,TRUE,56
WY,2016-07-01,1,0.00995033085316809,2021-09-01,TRUE,56
WY,2016-08-01,1,0.00995033085316809,2021-09-01,TRUE,56
WY,2016-09-01,0.9,-0.09431067947124128,2021-09-01,TRUE,56
WY,2016-10-01,1,0.00995033085316809,2021-09-01,TRUE,56
WY,2016-11-01,1.1,0.10436001532424286,2021-09-01,TRUE,56
WY,2016-12-01,1.1,0.10436001532424286,2021-09-01,TRUE,56
WY,2017-01-01,1.2,0.1906203596086497,2021-09-01,TRUE,56
WY,2017-02-01,1,0.00995033085316809,2021-09-01,TRUE,56
WY,2017-03-01,1.1,0.10436001532424286,2021-09-01,TRUE,56
WY,2017-04-01,1,0.00995033085316809,2021-09-01,TRUE,56
WY,2017-05-01,0.9,-0.09431067947124128,2021-09-01,TRUE,56
WY,2017-06-01,0.9,-0.09431067947124128,2021-09-01,TRUE,56
WY,2017-07-01,0.9,-0.09431067947124128,2021-09-01,TRUE,56
WY,2017-08-01,0.9,-0.09431067947124128,2021-09-01,TRUE,56
WY,2017-09-01,0.9,-0.09431067947124128,2021-09-01,TRUE,56
WY,2017-10-01,0.8,-0.2107210313156525,2021-09-01,TRUE,56
WY,2017-11-01,0.9,-0.09431067947124128,2021-09-01,TRUE,56
WY,2017-12-01,0.9,-0.09431067947124128,2021-09-01,TRUE,56
WY,2018-01-01,0.9,-0.09431067947124128,2021-09-01,TRUE,56
WY,2018-02-01,0.7,-0.342490308946776,2021-09-01,TRUE,56
WY,2018-03-01,0.6,-0.4942963218147801,2021-09-01,TRUE,56
WY,2018-04-01,0.7,-0.342490308946776,2021-09-01,TRUE,56
WY,2018-05-01,0.7,-0.342490308946776,2021-09-01,TRUE,56
WY,2018-06-01,0.6,-0.4942963218147801,2021-09-01,TRUE,56
WY,2018-07-01,0.7,-0.342490308946776,2021-09-01,TRUE,56
WY,2018-08-01,0.6,-0.4942963218147801,2021-09-01,TRUE,56
WY,2018-09-01,0.5,-0.6733445532637656,2021-09-01,TRUE,56
WY,2018-10-01,0.7,-0.342490308946776,2021-09-01,TRUE,56
WY,2018-11-01,0.6,-0.4942963218147801,2021-09-01,TRUE,56
WY,2018-12-01,0.4,-0.8915981192837835,2021-09-01,TRUE,56
WY,2019-01-01,0.5,-0.6733445532637656,2021-09-01,TRUE,56
WY,2019-02-01,0.6,-0.4942963218147801,2021-09-01,TRUE,56
WY,2019-03-01,0.5,-0.6733445532637656,2021-09-01,TRUE,56
WY,2019-04-01,0.5,-0.6733445532637656,2021-09-01,TRUE,56
WY,2019-05-01,0.5,-0.6733445532637656,2021-09-01,TRUE,56
WY,2019-06-01,0.6,-0.4942963218147801,2021-09-01,TRUE,56
WY,2019-07-01,0.5,-0.6733445532637656,2021-09-01,TRUE,56
WY,2019-08-01,0.5,-0.6733445532637656,2021-09-01,TRUE,56
WY,2019-09-01,0.6,-0.4942963218147801,2021-09-01,TRUE,56
WY,2019-10-01,0.6,-0.4942963218147801,2021-09-01,TRUE,56
WY,2019-11-01,0.7,-0.342490308946776,2021-09-01,TRUE,56
WY,2019-12-01,0.7,-0.342490308946776,2021-09-01,TRUE,56
WY,2020-01-01,0.6,-0.4942963218147801,2021-09-01,TRUE,56
WY,2020-02-01,0.6,-0.4942963218147801,2021-09-01,TRUE,56
WY,2020-03-01,0.6,-0.4942963218147801,2021-09-01,TRUE,56
WY,2020-04-01,0.6,-0.4942963218147801,2021-09-01,TRUE,56
WY,2020-05-01,0.7,-0.342490308946776,2021-09-01,TRUE,56
WY,2020-06-01,0.7,-0.342490308946776,2021-09-01,TRUE,56
WY,2020-07-01,0.7,-0.342490308946776,2021-09-01,TRUE,56
WY,2020-08-01,0.6,-0.4942963218147801,2021-09-01,TRUE,56
WY,2020-09-01,0.7,-0.342490308946776,2021-09-01,TRUE,56
WY,2020-10-01,0.6,-0.4942963218147801,2021-09-01,TRUE,56
WY,2020-11-01,0.6,-0.4942963218147801,2021-09-01,TRUE,56
WY,2020-12-01,0.6,-0.4942963218147801,2021-09-01,TRUE,56
WY,2021-01-01,0.6,-0.4942963218147801,2021-09-01,TRUE,56
WY,2021-02-01,0.6,-0.4942963218147801,2021-09-01,TRUE,56
WY,2021-03-01,0.5,-0.6733445532637656,2021-09-01,TRUE,56
WY,2021-04-01,0.5,-0.6733445532637656,2021-09-01,TRUE,56
WY,2021-05-01,0.4,-0.8915981192837835,2021-09-01,TRUE,56
WY,2021-06-01,0.4,-0.8915981192837835,2021-09-01,TRUE,56
WY,2021-07-01,0.4,-0.8915981192837835,2021-09-01,TRUE,56
WY,2021-08-01,0.5,-0.6733445532637656,2021-09-01,TRUE,56
WY,2021-09-01,0.4,-0.8915981192837835,2021-09-01,TRUE,56
WY,2021-10-01,0.6,-0.4942963218147801,2021-09-01,TRUE,56
WY,2021-11-01,0.6,-0.4942963218147801,2021-09-01,TRUE,56
WY,2021-12-01,0.6,-0.4942963218147801,2021-09-01,TRUE,56
WY,2022-01-01,0.6,-0.4942963218147801,2021-09-01,TRUE,56
WY,2022-02-01,0.6,-0.4942963218147801,2021-09-01,TRUE,56
WY,2022-03-01,0.6,-0.4942963218147801,2021-09-01,TRUE,56
WY,2022-04-01,0.6,-0.4942963218147801,2021-09-01,TRUE,56
WY,2022-05-01,0.6,-0.4942963218147801,2021-09-01,TRUE,56
WY,2022-06-01,0.5,-0.6733445532637656,2021-09-01,TRUE,56
WY,2022-07-01,0.6,-0.4942963218147801,2021-09-01,TRUE,56
WY,2022-08-01,0.5,-0.6733445532637656,2021-09-01,TRUE,56
WY,2022-09-01,0.4,-0.8915981192837835,2021-09-01,TRUE,56
WY,2022-10-01,0.4,-0.8915981192837835,2021-09-01,TRUE,56
WY,2022-11-01,0.5,-0.6733445532637656,2021-09-01,TRUE,56
WY,2022-12-01,0.5,-0.6733445532637656,2021-09-01,TRUE,56
WY,2023-01-01,0.5,-0.6733445532637656,2021-09-01,TRUE,56
WY,2023-02-01,0.5,-0.6733445532637656,2021-09-01,TRUE,56
WY,2023-03-01,0.4,-0.8915981192837835,2021-09-01,TRUE,56
WY,2023-04-01,0.6,-0.4942963218147801,2021-09-01,TRUE,56
WY,2023-05-01,0.5,-0.6733445532637656,2021-09-01,TRUE,56
WY,2023-06-01,0.5,-0.6733445532637656,2021-09-01,TRUE,56
WY,2023-07-01,0.4,-0.8915981192837835,2021-09-01,TRUE,56
WY,2023-08-01,0.5,-0.6733445532637656,2021-09-01,TRUE,56
WY,2023-09-01,0.5,-0.6733445532637656,2021-09-01,TRUE,56
WY,2023-10-01,0.5,-0.6733445532637656,2021-09-01,TRUE,56
WY,2023-11-01,0.5,-0.6733445532637656,2021-09-01,TRUE,56
WY,2023-12-01,0.5,-0.6733445532637656,2021-09-01,TRUE,56
WY,2024-01-01,0.5,-0.6733445532637656,2021-09-01,TRUE,56
WY,2024-02-01,0.6,-0.4942963218147801,2021-09-01,TRUE,56
WY,2024-03-01,0.6,-0.4942963218147801,2021-09-01,TRUE,56
WY,2024-04-01,0.6,-0.4942963218147801,2021-09-01,TRUE,56
WY,2024-05-01,0.6,-0.4942963218147801,2021-09-01,TRUE,56
WY,2024-06-01,0.6,-0.4942963218147801,2021-09-01,TRUE,56
WY,2024-07-01,0.6,-0.4942963218147801,2021-09-01,TRUE,56
WY,2024-08-01,0.6,-0.4942963218147801,2021-09-01,TRUE,56
WY,2024-09-01,0.6,-0.4942963218147801,2021-09-01,TRUE,56
WY,2024-10-01,0.6,-0.4942963218147801,2021-09-01,TRUE,56
WY,2024-11-01,0.7,-0.342490308946776,2021-09-01,TRUE,56
WY,2024-12-01,0.8,-0.2107210313156525,2021-09-01,TRUE,56
WY,2025-01-01,0.8,-0.2107210313156525,2021-09-01,TRUE,56
WY,2025-02-01,0.7,-0.342490308946776,2021-09-01,TRUE,56
WY,2025-03-01,0.5,-0.6733445532637656,2021-09-01,TRUE,56
