state_abb,month_date,delinquency_rate,fips_numeric,log_delinquency_rate
AL,2008-01-01,1.4,1,0.34358970439007686
AL,2008-02-01,1.4,1,0.34358970439007686
AL,2008-03-01,1.4,1,0.34358970439007686
AL,2008-04-01,1.4,1,0.34358970439007686
AL,2008-05-01,1.4,1,0.34358970439007686
AL,2008-06-01,1.5,1,0.412109650826833
AL,2008-07-01,1.6,1,0.4762341789963717
AL,2008-08-01,1.6,1,0.4762341789963717
AL,2008-09-01,1.8,1,0.5933268452777344
AL,2008-10-01,2,1,0.6981347220709843
AL,2008-11-01,2.1,1,0.7466879474879751
AL,2008-12-01,2.3,1,0.837247524533702
AL,2009-01-01,2.5,1,0.9202827531436925
AL,2009-02-01,2.4,1,0.8796267475025635
AL,2009-03-01,2.4,1,0.8796267475025635
AL,2009-04-01,2.5,1,0.9202827531436925
AL,2009-05-01,2.6,1,0.959350221334602
AL,2009-06-01,2.8,1,1.0331844833456543
AL,2009-07-01,3,1,1.1019400787607843
AL,2009-08-01,3.1,1,1.1346227261911428
AL,2009-09-01,3.3,1,1.1969481893889715
AL,2009-10-01,3.5,1,1.2556160374777743
AL,2009-11-01,3.8,1,1.3376291891386094
AL,2009-12-01,3.7,1,1.3110318766193438
AL,2010-01-01,3.9,1,1.3635373739972743
AL,2010-02-01,3.8,1,1.3376291891386094
AL,2010-03-01,3.6,1,1.2837077723447896
AL,2010-04-01,3.5,1,1.2556160374777743
AL,2010-05-01,3.5,1,1.2556160374777743
AL,2010-06-01,3.5,1,1.2556160374777743
AL,2010-07-01,3.3,1,1.1969481893889715
AL,2010-08-01,3.4,1,1.2267122912954254
AL,2010-09-01,3.4,1,1.2267122912954254
AL,2010-10-01,3.4,1,1.2267122912954254
AL,2010-11-01,3.3,1,1.1969481893889715
AL,2010-12-01,3.3,1,1.1969481893889715
AL,2011-01-01,3.3,1,1.1969481893889715
AL,2011-02-01,3.2,1,1.1662709371419244
AL,2011-03-01,3.1,1,1.1346227261911428
AL,2011-04-01,2.9,1,1.068153081183401
AL,2011-05-01,3,1,1.1019400787607843
AL,2011-06-01,3,1,1.1019400787607843
AL,2011-07-01,3,1,1.1019400787607843
AL,2011-08-01,2.9,1,1.068153081183401
AL,2011-09-01,2.9,1,1.068153081183401
AL,2011-10-01,2.9,1,1.068153081183401
AL,2011-11-01,3,1,1.1019400787607843
AL,2011-12-01,3,1,1.1019400787607843
AL,2012-01-01,3.2,1,1.1662709371419244
AL,2012-02-01,3.2,1,1.1662709371419244
AL,2012-03-01,3.1,1,1.1346227261911428
AL,2012-04-01,2.9,1,1.068153081183401
AL,2012-05-01,2.9,1,1.068153081183401
AL,2012-06-01,2.9,1,1.068153081183401
AL,2012-07-01,2.9,1,1.068153081183401
AL,2012-08-01,2.9,1,1.068153081183401
AL,2012-09-01,2.9,1,1.068153081183401
AL,2012-10-01,2.9,1,1.068153081183401
AL,2012-11-01,2.8,1,1.0331844833456543
AL,2012-12-01,2.8,1,1.0331844833456543
AL,2013-01-01,2.8,1,1.0331844833456543
AL,2013-02-01,2.8,1,1.0331844833456543
AL,2013-03-01,2.7,1,0.9969486348916096
AL,2013-04-01,2.5,1,0.9202827531436925
AL,2013-05-01,2.4,1,0.8796267475025635
AL,2013-06-01,2.4,1,0.8796267475025635
AL,2013-07-01,2.3,1,0.837247524533702
AL,2013-08-01,2.4,1,0.8796267475025635
AL,2013-09-01,2.4,1,0.8796267475025635
AL,2013-10-01,2.4,1,0.8796267475025635
AL,2013-11-01,2.4,1,0.8796267475025635
AL,2013-12-01,2.5,1,0.9202827531436925
AL,2014-01-01,2.4,1,0.8796267475025635
AL,2014-02-01,2.3,1,0.837247524533702
AL,2014-03-01,2.3,1,0.837247524533702
AL,2014-04-01,2.2,1,0.7929925155296614
AL,2014-05-01,2.2,1,0.7929925155296614
AL,2014-06-01,2.2,1,0.7929925155296614
AL,2014-07-01,2.1,1,0.7466879474879751
AL,2014-08-01,2.1,1,0.7466879474879751
AL,2014-09-01,2.1,1,0.7466879474879751
AL,2014-10-01,2.1,1,0.7466879474879751
AL,2014-11-01,2.2,1,0.7929925155296614
AL,2014-12-01,2.2,1,0.7929925155296614
AL,2015-01-01,2.2,1,0.7929925155296614
AL,2015-02-01,2,1,0.6981347220709843
AL,2015-03-01,1.8,1,0.5933268452777344
AL,2015-04-01,1.7,1,0.5364933705145685
AL,2015-05-01,1.8,1,0.5933268452777344
AL,2015-06-01,1.7,1,0.5364933705145685
AL,2015-07-01,1.8,1,0.5933268452777344
AL,2015-08-01,1.8,1,0.5933268452777344
AL,2015-09-01,1.8,1,0.5933268452777344
AL,2015-10-01,1.8,1,0.5933268452777344
AL,2015-11-01,1.8,1,0.5933268452777344
AL,2015-12-01,1.8,1,0.5933268452777344
AL,2016-01-01,1.9,1,0.6471032420585384
AL,2016-02-01,1.9,1,0.6471032420585384
AL,2016-03-01,1.7,1,0.5364933705145685
AL,2016-04-01,1.6,1,0.4762341789963717
AL,2016-05-01,1.6,1,0.4762341789963717
AL,2016-06-01,1.5,1,0.412109650826833
AL,2016-07-01,1.4,1,0.34358970439007686
AL,2016-08-01,1.4,1,0.34358970439007686
AL,2016-09-01,1.4,1,0.34358970439007686
AL,2016-10-01,1.4,1,0.34358970439007686
AL,2016-11-01,1.4,1,0.34358970439007686
AL,2016-12-01,1.5,1,0.412109650826833
AL,2017-01-01,1.5,1,0.412109650826833
AL,2017-02-01,1.4,1,0.34358970439007686
AL,2017-03-01,1.4,1,0.34358970439007686
AL,2017-04-01,1.3,1,0.2700271372130602
AL,2017-05-01,1.3,1,0.2700271372130602
AL,2017-06-01,1.2,1,0.1906203596086497
AL,2017-07-01,1.2,1,0.1906203596086497
AL,2017-08-01,1.3,1,0.2700271372130602
AL,2017-09-01,1.2,1,0.1906203596086497
AL,2017-10-01,1.2,1,0.1906203596086497
AL,2017-11-01,1.2,1,0.1906203596086497
AL,2017-12-01,1.3,1,0.2700271372130602
AL,2018-01-01,1.3,1,0.2700271372130602
AL,2018-02-01,1.3,1,0.2700271372130602
AL,2018-03-01,1.2,1,0.1906203596086497
AL,2018-04-01,1.2,1,0.1906203596086497
AL,2018-05-01,1.1,1,0.10436001532424286
AL,2018-06-01,1,1,0.009950330853168092
AL,2018-07-01,1.1,1,0.10436001532424286
AL,2018-08-01,1.1,1,0.10436001532424286
AL,2018-09-01,1.1,1,0.10436001532424286
AL,2018-10-01,1.1,1,0.10436001532424286
AL,2018-11-01,1.1,1,0.10436001532424286
AL,2018-12-01,1.1,1,0.10436001532424286
AL,2019-01-01,1.1,1,0.10436001532424286
AL,2019-02-01,1.1,1,0.10436001532424286
AL,2019-03-01,1,1,0.009950330853168092
AL,2019-04-01,0.9,1,-0.09431067947124129
AL,2019-05-01,0.9,1,-0.09431067947124129
AL,2019-06-01,0.9,1,-0.09431067947124129
AL,2019-07-01,0.9,1,-0.09431067947124129
AL,2019-08-01,1,1,0.009950330853168092
AL,2019-09-01,1,1,0.009950330853168092
AL,2019-10-01,1.1,1,0.10436001532424286
AL,2019-11-01,1,1,0.009950330853168092
AL,2019-12-01,1.1,1,0.10436001532424286
AL,2020-01-01,1.1,1,0.10436001532424286
AL,2020-02-01,1.1,1,0.10436001532424286
AL,2020-03-01,1,1,0.009950330853168092
AL,2020-04-01,0.9,1,-0.09431067947124129
AL,2020-05-01,0.9,1,-0.09431067947124129
AL,2020-06-01,0.8,1,-0.21072103131565253
AL,2020-07-01,0.8,1,-0.21072103131565253
AL,2020-08-01,0.8,1,-0.21072103131565253
AL,2020-09-01,0.8,1,-0.21072103131565253
AL,2020-10-01,0.7,1,-0.342490308946776
AL,2020-11-01,0.7,1,-0.342490308946776
AL,2020-12-01,0.7,1,-0.342490308946776
AL,2021-01-01,0.8,1,-0.21072103131565253
AL,2021-02-01,0.7,1,-0.342490308946776
AL,2021-03-01,0.7,1,-0.342490308946776
AL,2021-04-01,0.6,1,-0.4942963218147801
AL,2021-05-01,0.6,1,-0.4942963218147801
AL,2021-06-01,0.6,1,-0.4942963218147801
AL,2021-07-01,0.7,1,-0.342490308946776
AL,2021-08-01,0.7,1,-0.342490308946776
AL,2021-09-01,0.7,1,-0.342490308946776
AL,2021-10-01,0.7,1,-0.342490308946776
AL,2021-11-01,0.7,1,-0.342490308946776
AL,2021-12-01,0.8,1,-0.21072103131565253
AL,2022-01-01,0.7,1,-0.342490308946776
AL,2022-02-01,0.7,1,-0.342490308946776
AL,2022-03-01,0.6,1,-0.4942963218147801
AL,2022-04-01,0.7,1,-0.342490308946776
AL,2022-05-01,0.6,1,-0.4942963218147801
AL,2022-06-01,0.6,1,-0.4942963218147801
AL,2022-07-01,0.6,1,-0.4942963218147801
AL,2022-08-01,0.6,1,-0.4942963218147801
AL,2022-09-01,0.6,1,-0.4942963218147801
AL,2022-10-01,0.6,1,-0.4942963218147801
AL,2022-11-01,0.6,1,-0.4942963218147801
AL,2022-12-01,0.6,1,-0.4942963218147801
AL,2023-01-01,0.6,1,-0.4942963218147801
AL,2023-02-01,0.6,1,-0.4942963218147801
AL,2023-03-01,0.5,1,-0.6733445532637656
AL,2023-04-01,0.5,1,-0.6733445532637656
AL,2023-05-01,0.6,1,-0.4942963218147801
AL,2023-06-01,0.6,1,-0.4942963218147801
AL,2023-07-01,0.6,1,-0.4942963218147801
AL,2023-08-01,0.6,1,-0.4942963218147801
AL,2023-09-01,0.7,1,-0.342490308946776
AL,2023-10-01,0.7,1,-0.342490308946776
AL,2023-11-01,0.8,1,-0.21072103131565253
AL,2023-12-01,0.8,1,-0.21072103131565253
AL,2024-01-01,0.8,1,-0.21072103131565253
AL,2024-02-01,0.8,1,-0.21072103131565253
AL,2024-03-01,0.8,1,-0.21072103131565253
AL,2024-04-01,0.7,1,-0.342490308946776
AL,2024-05-01,0.7,1,-0.342490308946776
AL,2024-06-01,0.8,1,-0.21072103131565253
AL,2024-07-01,0.8,1,-0.21072103131565253
AL,2024-08-01,0.9,1,-0.09431067947124129
AL,2024-09-01,0.8,1,-0.21072103131565253
AL,2024-10-01,0.8,1,-0.21072103131565253
AL,2024-11-01,0.9,1,-0.09431067947124129
AL,2024-12-01,0.9,1,-0.09431067947124129
AL,2025-01-01,1,1,0.009950330853168092
AL,2025-02-01,0.9,1,-0.09431067947124129
AL,2025-03-01,0.9,1,-0.09431067947124129
AK,2008-01-01,0.6,2,-0.4942963218147801
AK,2008-02-01,0.8,2,-0.21072103131565253
AK,2008-03-01,0.8,2,-0.21072103131565253
AK,2008-04-01,0.7,2,-0.342490308946776
AK,2008-05-01,0.9,2,-0.09431067947124129
AK,2008-06-01,1,2,0.009950330853168092
AK,2008-07-01,1.1,2,0.10436001532424286
AK,2008-08-01,0.9,2,-0.09431067947124129
AK,2008-09-01,0.9,2,-0.09431067947124129
AK,2008-10-01,0.9,2,-0.09431067947124129
AK,2008-11-01,0.8,2,-0.21072103131565253
AK,2008-12-01,0.8,2,-0.21072103131565253
AK,2009-01-01,0.8,2,-0.21072103131565253
AK,2009-02-01,1,2,0.009950330853168092
AK,2009-03-01,1.3,2,0.2700271372130602
AK,2009-04-01,1.2,2,0.1906203596086497
AK,2009-05-01,1.3,2,0.2700271372130602
AK,2009-06-01,1.5,2,0.412109650826833
AK,2009-07-01,1.5,2,0.412109650826833
AK,2009-08-01,1.8,2,0.5933268452777344
AK,2009-09-01,2.1,2,0.7466879474879751
AK,2009-10-01,2.1,2,0.7466879474879751
AK,2009-11-01,1.9,2,0.6471032420585384
AK,2009-12-01,2.1,2,0.7466879474879751
AK,2010-01-01,2.1,2,0.7466879474879751
AK,2010-02-01,2.2,2,0.7929925155296614
AK,2010-03-01,1.9,2,0.6471032420585384
AK,2010-04-01,1.9,2,0.6471032420585384
AK,2010-05-01,2,2,0.6981347220709843
AK,2010-06-01,1.9,2,0.6471032420585384
AK,2010-07-01,2,2,0.6981347220709843
AK,2010-08-01,1.8,2,0.5933268452777344
AK,2010-09-01,1.8,2,0.5933268452777344
AK,2010-10-01,1.6,2,0.4762341789963717
AK,2010-11-01,1.7,2,0.5364933705145685
AK,2010-12-01,1.7,2,0.5364933705145685
AK,2011-01-01,1.6,2,0.4762341789963717
AK,2011-02-01,1.6,2,0.4762341789963717
AK,2011-03-01,1.4,2,0.34358970439007686
AK,2011-04-01,1.4,2,0.34358970439007686
AK,2011-05-01,1.5,2,0.412109650826833
AK,2011-06-01,1.5,2,0.412109650826833
AK,2011-07-01,1.6,2,0.4762341789963717
AK,2011-08-01,1.7,2,0.5364933705145685
AK,2011-09-01,1.7,2,0.5364933705145685
AK,2011-10-01,1.6,2,0.4762341789963717
AK,2011-11-01,1.5,2,0.412109650826833
AK,2011-12-01,1.7,2,0.5364933705145685
AK,2012-01-01,1.5,2,0.412109650826833
AK,2012-02-01,1.5,2,0.412109650826833
AK,2012-03-01,1.4,2,0.34358970439007686
AK,2012-04-01,1.4,2,0.34358970439007686
AK,2012-05-01,1.4,2,0.34358970439007686
AK,2012-06-01,1.4,2,0.34358970439007686
AK,2012-07-01,1.4,2,0.34358970439007686
AK,2012-08-01,1.3,2,0.2700271372130602
AK,2012-09-01,1.4,2,0.34358970439007686
AK,2012-10-01,1.3,2,0.2700271372130602
AK,2012-11-01,1.2,2,0.1906203596086497
AK,2012-12-01,1.3,2,0.2700271372130602
AK,2013-01-01,1.2,2,0.1906203596086497
AK,2013-02-01,1.1,2,0.10436001532424286
AK,2013-03-01,1.3,2,0.2700271372130602
AK,2013-04-01,1,2,0.009950330853168092
AK,2013-05-01,1.1,2,0.10436001532424286
AK,2013-06-01,1.2,2,0.1906203596086497
AK,2013-07-01,1.1,2,0.10436001532424286
AK,2013-08-01,1.1,2,0.10436001532424286
AK,2013-09-01,1.1,2,0.10436001532424286
AK,2013-10-01,1.1,2,0.10436001532424286
AK,2013-11-01,1.1,2,0.10436001532424286
AK,2013-12-01,1,2,0.009950330853168092
AK,2014-01-01,1,2,0.009950330853168092
AK,2014-02-01,1.1,2,0.10436001532424286
AK,2014-03-01,1.1,2,0.10436001532424286
AK,2014-04-01,1.1,2,0.10436001532424286
AK,2014-05-01,1,2,0.009950330853168092
AK,2014-06-01,0.9,2,-0.09431067947124129
AK,2014-07-01,0.8,2,-0.21072103131565253
AK,2014-08-01,0.9,2,-0.09431067947124129
AK,2014-09-01,1,2,0.009950330853168092
AK,2014-10-01,0.9,2,-0.09431067947124129
AK,2014-11-01,0.9,2,-0.09431067947124129
AK,2014-12-01,0.9,2,-0.09431067947124129
AK,2015-01-01,0.9,2,-0.09431067947124129
AK,2015-02-01,0.8,2,-0.21072103131565253
AK,2015-03-01,0.7,2,-0.342490308946776
AK,2015-04-01,0.8,2,-0.21072103131565253
AK,2015-05-01,0.8,2,-0.21072103131565253
AK,2015-06-01,0.9,2,-0.09431067947124129
AK,2015-07-01,0.9,2,-0.09431067947124129
AK,2015-08-01,1,2,0.009950330853168092
AK,2015-09-01,0.9,2,-0.09431067947124129
AK,2015-10-01,0.9,2,-0.09431067947124129
AK,2015-11-01,0.6,2,-0.4942963218147801
AK,2015-12-01,0.7,2,-0.342490308946776
AK,2016-01-01,0.7,2,-0.342490308946776
AK,2016-02-01,0.8,2,-0.21072103131565253
AK,2016-03-01,0.6,2,-0.4942963218147801
AK,2016-04-01,0.7,2,-0.342490308946776
AK,2016-05-01,0.7,2,-0.342490308946776
AK,2016-06-01,0.8,2,-0.21072103131565253
AK,2016-07-01,0.7,2,-0.342490308946776
AK,2016-08-01,0.7,2,-0.342490308946776
AK,2016-09-01,0.7,2,-0.342490308946776
AK,2016-10-01,0.7,2,-0.342490308946776
AK,2016-11-01,0.7,2,-0.342490308946776
AK,2016-12-01,0.6,2,-0.4942963218147801
AK,2017-01-01,0.6,2,-0.4942963218147801
AK,2017-02-01,0.5,2,-0.6733445532637656
AK,2017-03-01,0.6,2,-0.4942963218147801
AK,2017-04-01,0.6,2,-0.4942963218147801
AK,2017-05-01,0.6,2,-0.4942963218147801
AK,2017-06-01,0.7,2,-0.342490308946776
AK,2017-07-01,0.7,2,-0.342490308946776
AK,2017-08-01,0.7,2,-0.342490308946776
AK,2017-09-01,0.8,2,-0.21072103131565253
AK,2017-10-01,0.8,2,-0.21072103131565253
AK,2017-11-01,0.8,2,-0.21072103131565253
AK,2017-12-01,0.8,2,-0.21072103131565253
AK,2018-01-01,0.7,2,-0.342490308946776
AK,2018-02-01,0.7,2,-0.342490308946776
AK,2018-03-01,0.8,2,-0.21072103131565253
AK,2018-04-01,0.8,2,-0.21072103131565253
AK,2018-05-01,0.8,2,-0.21072103131565253
AK,2018-06-01,0.9,2,-0.09431067947124129
AK,2018-07-01,0.8,2,-0.21072103131565253
AK,2018-08-01,0.8,2,-0.21072103131565253
AK,2018-09-01,0.9,2,-0.09431067947124129
AK,2018-10-01,0.7,2,-0.342490308946776
AK,2018-11-01,0.7,2,-0.342490308946776
AK,2018-12-01,0.7,2,-0.342490308946776
AK,2019-01-01,0.7,2,-0.342490308946776
AK,2019-02-01,0.7,2,-0.342490308946776
AK,2019-03-01,0.7,2,-0.342490308946776
AK,2019-04-01,0.6,2,-0.4942963218147801
AK,2019-05-01,0.6,2,-0.4942963218147801
AK,2019-06-01,0.7,2,-0.342490308946776
AK,2019-07-01,0.7,2,-0.342490308946776
AK,2019-08-01,0.8,2,-0.21072103131565253
AK,2019-09-01,0.7,2,-0.342490308946776
AK,2019-10-01,0.6,2,-0.4942963218147801
AK,2019-11-01,0.6,2,-0.4942963218147801
AK,2019-12-01,0.6,2,-0.4942963218147801
AK,2020-01-01,0.6,2,-0.4942963218147801
AK,2020-02-01,0.6,2,-0.4942963218147801
AK,2020-03-01,0.6,2,-0.4942963218147801
AK,2020-04-01,0.7,2,-0.342490308946776
AK,2020-05-01,0.6,2,-0.4942963218147801
AK,2020-06-01,0.7,2,-0.342490308946776
AK,2020-07-01,0.6,2,-0.4942963218147801
AK,2020-08-01,0.6,2,-0.4942963218147801
AK,2020-09-01,0.6,2,-0.4942963218147801
AK,2020-10-01,0.6,2,-0.4942963218147801
AK,2020-11-01,0.5,2,-0.6733445532637656
AK,2020-12-01,0.5,2,-0.6733445532637656
AK,2021-01-01,0.4,2,-0.8915981192837835
AK,2021-02-01,0.5,2,-0.6733445532637656
AK,2021-03-01,0.5,2,-0.6733445532637656
AK,2021-04-01,0.4,2,-0.8915981192837835
AK,2021-05-01,0.5,2,-0.6733445532637656
AK,2021-06-01,0.5,2,-0.6733445532637656
AK,2021-07-01,0.6,2,-0.4942963218147801
AK,2021-08-01,0.5,2,-0.6733445532637656
AK,2021-09-01,0.5,2,-0.6733445532637656
AK,2021-10-01,0.5,2,-0.6733445532637656
AK,2021-11-01,0.6,2,-0.4942963218147801
AK,2021-12-01,0.5,2,-0.6733445532637656
AK,2022-01-01,0.4,2,-0.8915981192837835
AK,2022-02-01,0.6,2,-0.4942963218147801
AK,2022-03-01,0.6,2,-0.4942963218147801
AK,2022-04-01,0.5,2,-0.6733445532637656
AK,2022-05-01,0.5,2,-0.6733445532637656
AK,2022-06-01,0.4,2,-0.8915981192837835
AK,2022-07-01,0.5,2,-0.6733445532637656
AK,2022-08-01,0.5,2,-0.6733445532637656
AK,2022-09-01,0.5,2,-0.6733445532637656
AK,2022-10-01,0.3,2,-1.171182981502945
AK,2022-11-01,0.3,2,-1.171182981502945
AK,2022-12-01,0.2,2,-1.5606477482646683
AK,2023-01-01,0.3,2,-1.171182981502945
AK,2023-02-01,0.4,2,-0.8915981192837835
AK,2023-03-01,0.4,2,-0.8915981192837835
AK,2023-04-01,0.5,2,-0.6733445532637656
AK,2023-05-01,0.4,2,-0.8915981192837835
AK,2023-06-01,0.5,2,-0.6733445532637656
AK,2023-07-01,0.4,2,-0.8915981192837835
AK,2023-08-01,0.5,2,-0.6733445532637656
AK,2023-09-01,0.6,2,-0.4942963218147801
AK,2023-10-01,0.5,2,-0.6733445532637656
AK,2023-11-01,0.5,2,-0.6733445532637656
AK,2023-12-01,0.6,2,-0.4942963218147801
AK,2024-01-01,0.5,2,-0.6733445532637656
AK,2024-02-01,0.7,2,-0.342490308946776
AK,2024-03-01,0.6,2,-0.4942963218147801
AK,2024-04-01,0.6,2,-0.4942963218147801
AK,2024-05-01,0.5,2,-0.6733445532637656
AK,2024-06-01,0.5,2,-0.6733445532637656
AK,2024-07-01,0.5,2,-0.6733445532637656
AK,2024-08-01,0.6,2,-0.4942963218147801
AK,2024-09-01,0.6,2,-0.4942963218147801
AK,2024-10-01,0.7,2,-0.342490308946776
AK,2024-11-01,0.6,2,-0.4942963218147801
AK,2024-12-01,0.6,2,-0.4942963218147801
AK,2025-01-01,0.6,2,-0.4942963218147801
AK,2025-02-01,0.6,2,-0.4942963218147801
AK,2025-03-01,0.6,2,-0.4942963218147801
AZ,2008-01-01,1.5,4,0.412109650826833
AZ,2008-02-01,1.7,4,0.5364933705145685
AZ,2008-03-01,1.7,4,0.5364933705145685
AZ,2008-04-01,1.8,4,0.5933268452777344
AZ,2008-05-01,1.8,4,0.5933268452777344
AZ,2008-06-01,1.9,4,0.6471032420585384
AZ,2008-07-01,2.1,4,0.7466879474879751
AZ,2008-08-01,2.2,4,0.7929925155296614
AZ,2008-09-01,2.5,4,0.9202827531436925
AZ,2008-10-01,2.9,4,1.068153081183401
AZ,2008-11-01,3.1,4,1.1346227261911428
AZ,2008-12-01,3.5,4,1.2556160374777743
AZ,2009-01-01,4,4,1.3887912413184778
AZ,2009-02-01,4.3,4,1.4609379041156563
AZ,2009-03-01,4.6,4,1.528227857008557
AZ,2009-04-01,5,4,1.6114359150967734
AZ,2009-05-01,5.4,4,1.6882490928583902
AZ,2009-06-01,5.8,4,1.7595805708638197
AZ,2009-07-01,6.1,4,1.8099267731835038
AZ,2009-08-01,6.3,4,1.8421356765531218
AZ,2009-09-01,6.8,4,1.918392120161421
AZ,2009-10-01,7.1,4,1.9615022438151495
AZ,2009-11-01,7.3,4,1.9892432737616872
AZ,2009-12-01,7.5,4,2.0162354657760435
AZ,2010-01-01,7.6,4,2.0294631718735943
AZ,2010-02-01,7.6,4,2.0294631718735943
AZ,2010-03-01,7.3,4,1.9892432737616872
AZ,2010-04-01,7,4,1.9473377010464987
AZ,2010-05-01,6.8,4,1.918392120161421
AZ,2010-06-01,6.4,4,1.8578592709325787
AZ,2010-07-01,6.1,4,1.8099267731835038
AZ,2010-08-01,5.9,4,1.776645831418007
AZ,2010-09-01,5.8,4,1.7595805708638197
AZ,2010-10-01,5.7,4,1.742219023667919
AZ,2010-11-01,5.5,4,1.706564623164823
AZ,2010-12-01,5.5,4,1.706564623164823
AZ,2011-01-01,5.5,4,1.706564623164823
AZ,2011-02-01,5.2,4,1.6505798557652755
AZ,2011-03-01,5,4,1.6114359150967734
AZ,2011-04-01,4.9,4,1.5912739418064292
AZ,2011-05-01,4.9,4,1.5912739418064292
AZ,2011-06-01,4.6,4,1.528227857008557
AZ,2011-07-01,4.4,4,1.4838746894587547
AZ,2011-08-01,4.2,4,1.43746264769429
AZ,2011-09-01,4.2,4,1.43746264769429
AZ,2011-10-01,4.2,4,1.43746264769429
AZ,2011-11-01,4.2,4,1.43746264769429
AZ,2011-12-01,4,4,1.3887912413184778
AZ,2012-01-01,4,4,1.3887912413184778
AZ,2012-02-01,3.9,4,1.3635373739972743
AZ,2012-03-01,3.7,4,1.3110318766193438
AZ,2012-04-01,3.4,4,1.2267122912954254
AZ,2012-05-01,3.4,4,1.2267122912954254
AZ,2012-06-01,3.3,4,1.1969481893889715
AZ,2012-07-01,3.2,4,1.1662709371419244
AZ,2012-08-01,3,4,1.1019400787607843
AZ,2012-09-01,2.9,4,1.068153081183401
AZ,2012-10-01,2.9,4,1.068153081183401
AZ,2012-11-01,2.9,4,1.068153081183401
AZ,2012-12-01,2.7,4,0.9969486348916096
AZ,2013-01-01,2.6,4,0.959350221334602
AZ,2013-02-01,2.5,4,0.9202827531436925
AZ,2013-03-01,2.4,4,0.8796267475025635
AZ,2013-04-01,2.2,4,0.7929925155296614
AZ,2013-05-01,2.1,4,0.7466879474879751
AZ,2013-06-01,2,4,0.6981347220709843
AZ,2013-07-01,1.7,4,0.5364933705145685
AZ,2013-08-01,1.6,4,0.4762341789963717
AZ,2013-09-01,1.6,4,0.4762341789963717
AZ,2013-10-01,1.5,4,0.412109650826833
AZ,2013-11-01,1.5,4,0.412109650826833
AZ,2013-12-01,1.6,4,0.4762341789963717
AZ,2014-01-01,1.6,4,0.4762341789963717
AZ,2014-02-01,1.5,4,0.412109650826833
AZ,2014-03-01,1.4,4,0.34358970439007686
AZ,2014-04-01,1.3,4,0.2700271372130602
AZ,2014-05-01,1.3,4,0.2700271372130602
AZ,2014-06-01,1.3,4,0.2700271372130602
AZ,2014-07-01,1.3,4,0.2700271372130602
AZ,2014-08-01,1.3,4,0.2700271372130602
AZ,2014-09-01,1.3,4,0.2700271372130602
AZ,2014-10-01,1.3,4,0.2700271372130602
AZ,2014-11-01,1.3,4,0.2700271372130602
AZ,2014-12-01,1.4,4,0.34358970439007686
AZ,2015-01-01,1.3,4,0.2700271372130602
AZ,2015-02-01,1.3,4,0.2700271372130602
AZ,2015-03-01,1.2,4,0.1906203596086497
AZ,2015-04-01,1.2,4,0.1906203596086497
AZ,2015-05-01,1.2,4,0.1906203596086497
AZ,2015-06-01,1.1,4,0.10436001532424286
AZ,2015-07-01,1.1,4,0.10436001532424286
AZ,2015-08-01,1.1,4,0.10436001532424286
AZ,2015-09-01,1.1,4,0.10436001532424286
AZ,2015-10-01,1.1,4,0.10436001532424286
AZ,2015-11-01,1.1,4,0.10436001532424286
AZ,2015-12-01,1.1,4,0.10436001532424286
AZ,2016-01-01,1.1,4,0.10436001532424286
AZ,2016-02-01,1.2,4,0.1906203596086497
AZ,2016-03-01,1,4,0.009950330853168092
AZ,2016-04-01,0.9,4,-0.09431067947124129
AZ,2016-05-01,1,4,0.009950330853168092
AZ,2016-06-01,1,4,0.009950330853168092
AZ,2016-07-01,0.9,4,-0.09431067947124129
AZ,2016-08-01,0.9,4,-0.09431067947124129
AZ,2016-09-01,0.9,4,-0.09431067947124129
AZ,2016-10-01,0.9,4,-0.09431067947124129
AZ,2016-11-01,0.9,4,-0.09431067947124129
AZ,2016-12-01,0.9,4,-0.09431067947124129
AZ,2017-01-01,0.9,4,-0.09431067947124129
AZ,2017-02-01,0.8,4,-0.21072103131565253
AZ,2017-03-01,0.8,4,-0.21072103131565253
AZ,2017-04-01,0.7,4,-0.342490308946776
AZ,2017-05-01,0.7,4,-0.342490308946776
AZ,2017-06-01,0.7,4,-0.342490308946776
AZ,2017-07-01,0.7,4,-0.342490308946776
AZ,2017-08-01,0.6,4,-0.4942963218147801
AZ,2017-09-01,0.6,4,-0.4942963218147801
AZ,2017-10-01,0.7,4,-0.342490308946776
AZ,2017-11-01,0.6,4,-0.4942963218147801
AZ,2017-12-01,0.7,4,-0.342490308946776
AZ,2018-01-01,0.7,4,-0.342490308946776
AZ,2018-02-01,0.6,4,-0.4942963218147801
AZ,2018-03-01,0.5,4,-0.6733445532637656
AZ,2018-04-01,0.5,4,-0.6733445532637656
AZ,2018-05-01,0.5,4,-0.6733445532637656
AZ,2018-06-01,0.5,4,-0.6733445532637656
AZ,2018-07-01,0.5,4,-0.6733445532637656
AZ,2018-08-01,0.5,4,-0.6733445532637656
AZ,2018-09-01,0.6,4,-0.4942963218147801
AZ,2018-10-01,0.6,4,-0.4942963218147801
AZ,2018-11-01,0.5,4,-0.6733445532637656
AZ,2018-12-01,0.6,4,-0.4942963218147801
AZ,2019-01-01,0.6,4,-0.4942963218147801
AZ,2019-02-01,0.6,4,-0.4942963218147801
AZ,2019-03-01,0.5,4,-0.6733445532637656
AZ,2019-04-01,0.5,4,-0.6733445532637656
AZ,2019-05-01,0.5,4,-0.6733445532637656
AZ,2019-06-01,0.5,4,-0.6733445532637656
AZ,2019-07-01,0.5,4,-0.6733445532637656
AZ,2019-08-01,0.5,4,-0.6733445532637656
AZ,2019-09-01,0.5,4,-0.6733445532637656
AZ,2019-10-01,0.5,4,-0.6733445532637656
AZ,2019-11-01,0.6,4,-0.4942963218147801
AZ,2019-12-01,0.6,4,-0.4942963218147801
AZ,2020-01-01,0.6,4,-0.4942963218147801
AZ,2020-02-01,0.6,4,-0.4942963218147801
AZ,2020-03-01,0.5,4,-0.6733445532637656
AZ,2020-04-01,0.4,4,-0.8915981192837835
AZ,2020-05-01,0.4,4,-0.8915981192837835
AZ,2020-06-01,0.3,4,-1.171182981502945
AZ,2020-07-01,0.3,4,-1.171182981502945
AZ,2020-08-01,0.3,4,-1.171182981502945
AZ,2020-09-01,0.3,4,-1.171182981502945
AZ,2020-10-01,0.3,4,-1.171182981502945
AZ,2020-11-01,0.3,4,-1.171182981502945
AZ,2020-12-01,0.3,4,-1.171182981502945
AZ,2021-01-01,0.4,4,-0.8915981192837835
AZ,2021-02-01,0.3,4,-1.171182981502945
AZ,2021-03-01,0.3,4,-1.171182981502945
AZ,2021-04-01,0.3,4,-1.171182981502945
AZ,2021-05-01,0.3,4,-1.171182981502945
AZ,2021-06-01,0.3,4,-1.171182981502945
AZ,2021-07-01,0.3,4,-1.171182981502945
AZ,2021-08-01,0.3,4,-1.171182981502945
AZ,2021-09-01,0.3,4,-1.171182981502945
AZ,2021-10-01,0.3,4,-1.171182981502945
AZ,2021-11-01,0.3,4,-1.171182981502945
AZ,2021-12-01,0.3,4,-1.171182981502945
AZ,2022-01-01,0.3,4,-1.171182981502945
AZ,2022-02-01,0.3,4,-1.171182981502945
AZ,2022-03-01,0.2,4,-1.5606477482646683
AZ,2022-04-01,0.3,4,-1.171182981502945
AZ,2022-05-01,0.3,4,-1.171182981502945
AZ,2022-06-01,0.2,4,-1.5606477482646683
AZ,2022-07-01,0.2,4,-1.5606477482646683
AZ,2022-08-01,0.3,4,-1.171182981502945
AZ,2022-09-01,0.3,4,-1.171182981502945
AZ,2022-10-01,0.3,4,-1.171182981502945
AZ,2022-11-01,0.3,4,-1.171182981502945
AZ,2022-12-01,0.3,4,-1.171182981502945
AZ,2023-01-01,0.3,4,-1.171182981502945
AZ,2023-02-01,0.3,4,-1.171182981502945
AZ,2023-03-01,0.3,4,-1.171182981502945
AZ,2023-04-01,0.3,4,-1.171182981502945
AZ,2023-05-01,0.3,4,-1.171182981502945
AZ,2023-06-01,0.3,4,-1.171182981502945
AZ,2023-07-01,0.3,4,-1.171182981502945
AZ,2023-08-01,0.3,4,-1.171182981502945
AZ,2023-09-01,0.3,4,-1.171182981502945
AZ,2023-10-01,0.4,4,-0.8915981192837835
AZ,2023-11-01,0.4,4,-0.8915981192837835
AZ,2023-12-01,0.5,4,-0.6733445532637656
AZ,2024-01-01,0.5,4,-0.6733445532637656
AZ,2024-02-01,0.5,4,-0.6733445532637656
AZ,2024-03-01,0.4,4,-0.8915981192837835
AZ,2024-04-01,0.4,4,-0.8915981192837835
AZ,2024-05-01,0.4,4,-0.8915981192837835
AZ,2024-06-01,0.5,4,-0.6733445532637656
AZ,2024-07-01,0.5,4,-0.6733445532637656
AZ,2024-08-01,0.5,4,-0.6733445532637656
AZ,2024-09-01,0.5,4,-0.6733445532637656
AZ,2024-10-01,0.5,4,-0.6733445532637656
AZ,2024-11-01,0.6,4,-0.4942963218147801
AZ,2024-12-01,0.6,4,-0.4942963218147801
AZ,2025-01-01,0.7,4,-0.342490308946776
AZ,2025-02-01,0.7,4,-0.342490308946776
AZ,2025-03-01,0.6,4,-0.4942963218147801
AR,2008-01-01,1.4,5,0.34358970439007686
AR,2008-02-01,1.4,5,0.34358970439007686
AR,2008-03-01,1.3,5,0.2700271372130602
AR,2008-04-01,1.3,5,0.2700271372130602
AR,2008-05-01,1.2,5,0.1906203596086497
AR,2008-06-01,1.3,5,0.2700271372130602
AR,2008-07-01,1.3,5,0.2700271372130602
AR,2008-08-01,1.3,5,0.2700271372130602
AR,2008-09-01,1.4,5,0.34358970439007686
AR,2008-10-01,1.6,5,0.4762341789963717
AR,2008-11-01,1.7,5,0.5364933705145685
AR,2008-12-01,1.9,5,0.6471032420585384
AR,2009-01-01,2,5,0.6981347220709843
AR,2009-02-01,2,5,0.6981347220709843
AR,2009-03-01,2.1,5,0.7466879474879751
AR,2009-04-01,2.1,5,0.7466879474879751
AR,2009-05-01,2.3,5,0.837247524533702
AR,2009-06-01,2.4,5,0.8796267475025635
AR,2009-07-01,2.6,5,0.959350221334602
AR,2009-08-01,2.5,5,0.9202827531436925
AR,2009-09-01,2.6,5,0.959350221334602
AR,2009-10-01,2.8,5,1.0331844833456543
AR,2009-11-01,2.8,5,1.0331844833456543
AR,2009-12-01,2.9,5,1.068153081183401
AR,2010-01-01,2.9,5,1.068153081183401
AR,2010-02-01,2.9,5,1.068153081183401
AR,2010-03-01,2.7,5,0.9969486348916096
AR,2010-04-01,2.6,5,0.959350221334602
AR,2010-05-01,2.5,5,0.9202827531436925
AR,2010-06-01,2.7,5,0.9969486348916096
AR,2010-07-01,2.5,5,0.9202827531436925
AR,2010-08-01,2.5,5,0.9202827531436925
AR,2010-09-01,2.5,5,0.9202827531436925
AR,2010-10-01,2.5,5,0.9202827531436925
AR,2010-11-01,2.6,5,0.959350221334602
AR,2010-12-01,2.6,5,0.959350221334602
AR,2011-01-01,2.7,5,0.9969486348916096
AR,2011-02-01,2.7,5,0.9969486348916096
AR,2011-03-01,2.5,5,0.9202827531436925
AR,2011-04-01,2.4,5,0.8796267475025635
AR,2011-05-01,2.3,5,0.837247524533702
AR,2011-06-01,2.3,5,0.837247524533702
AR,2011-07-01,2.4,5,0.8796267475025635
AR,2011-08-01,2.4,5,0.8796267475025635
AR,2011-09-01,2.6,5,0.959350221334602
AR,2011-10-01,2.7,5,0.9969486348916096
AR,2011-11-01,2.9,5,1.068153081183401
AR,2011-12-01,2.9,5,1.068153081183401
AR,2012-01-01,3.2,5,1.1662709371419244
AR,2012-02-01,3.1,5,1.1346227261911428
AR,2012-03-01,3,5,1.1019400787607843
AR,2012-04-01,2.9,5,1.068153081183401
AR,2012-05-01,3,5,1.1019400787607843
AR,2012-06-01,2.9,5,1.068153081183401
AR,2012-07-01,2.9,5,1.068153081183401
AR,2012-08-01,2.9,5,1.068153081183401
AR,2012-09-01,3,5,1.1019400787607843
AR,2012-10-01,2.9,5,1.068153081183401
AR,2012-11-01,3,5,1.1019400787607843
AR,2012-12-01,2.9,5,1.068153081183401
AR,2013-01-01,2.9,5,1.068153081183401
AR,2013-02-01,2.9,5,1.068153081183401
AR,2013-03-01,2.7,5,0.9969486348916096
AR,2013-04-01,2.7,5,0.9969486348916096
AR,2013-05-01,2.5,5,0.9202827531436925
AR,2013-06-01,2.4,5,0.8796267475025635
AR,2013-07-01,2.3,5,0.837247524533702
AR,2013-08-01,2.3,5,0.837247524533702
AR,2013-09-01,2.2,5,0.7929925155296614
AR,2013-10-01,2.3,5,0.837247524533702
AR,2013-11-01,2.3,5,0.837247524533702
AR,2013-12-01,2.4,5,0.8796267475025635
AR,2014-01-01,2.6,5,0.959350221334602
AR,2014-02-01,2.3,5,0.837247524533702
AR,2014-03-01,2.2,5,0.7929925155296614
AR,2014-04-01,2.2,5,0.7929925155296614
AR,2014-05-01,2.2,5,0.7929925155296614
AR,2014-06-01,2.2,5,0.7929925155296614
AR,2014-07-01,2.1,5,0.7466879474879751
AR,2014-08-01,2.1,5,0.7466879474879751
AR,2014-09-01,2.1,5,0.7466879474879751
AR,2014-10-01,2.1,5,0.7466879474879751
AR,2014-11-01,2.1,5,0.7466879474879751
AR,2014-12-01,2.1,5,0.7466879474879751
AR,2015-01-01,2.1,5,0.7466879474879751
AR,2015-02-01,1.9,5,0.6471032420585384
AR,2015-03-01,1.7,5,0.5364933705145685
AR,2015-04-01,1.6,5,0.4762341789963717
AR,2015-05-01,1.6,5,0.4762341789963717
AR,2015-06-01,1.6,5,0.4762341789963717
AR,2015-07-01,1.6,5,0.4762341789963717
AR,2015-08-01,1.6,5,0.4762341789963717
AR,2015-09-01,1.6,5,0.4762341789963717
AR,2015-10-01,1.5,5,0.412109650826833
AR,2015-11-01,1.5,5,0.412109650826833
AR,2015-12-01,1.4,5,0.34358970439007686
AR,2016-01-01,1.5,5,0.412109650826833
AR,2016-02-01,1.5,5,0.412109650826833
AR,2016-03-01,1.4,5,0.34358970439007686
AR,2016-04-01,1.2,5,0.1906203596086497
AR,2016-05-01,1.2,5,0.1906203596086497
AR,2016-06-01,1.2,5,0.1906203596086497
AR,2016-07-01,1.2,5,0.1906203596086497
AR,2016-08-01,1.2,5,0.1906203596086497
AR,2016-09-01,1.2,5,0.1906203596086497
AR,2016-10-01,1.2,5,0.1906203596086497
AR,2016-11-01,1.3,5,0.2700271372130602
AR,2016-12-01,1.3,5,0.2700271372130602
AR,2017-01-01,1.4,5,0.34358970439007686
AR,2017-02-01,1.3,5,0.2700271372130602
AR,2017-03-01,1.2,5,0.1906203596086497
AR,2017-04-01,1.2,5,0.1906203596086497
AR,2017-05-01,1.3,5,0.2700271372130602
AR,2017-06-01,1.2,5,0.1906203596086497
AR,2017-07-01,1.2,5,0.1906203596086497
AR,2017-08-01,1.1,5,0.10436001532424286
AR,2017-09-01,1.1,5,0.10436001532424286
AR,2017-10-01,1.2,5,0.1906203596086497
AR,2017-11-01,1.2,5,0.1906203596086497
AR,2017-12-01,1.1,5,0.10436001532424286
AR,2018-01-01,1.2,5,0.1906203596086497
AR,2018-02-01,1.3,5,0.2700271372130602
AR,2018-03-01,1.2,5,0.1906203596086497
AR,2018-04-01,1.2,5,0.1906203596086497
AR,2018-05-01,1.2,5,0.1906203596086497
AR,2018-06-01,1.2,5,0.1906203596086497
AR,2018-07-01,1.2,5,0.1906203596086497
AR,2018-08-01,1.2,5,0.1906203596086497
AR,2018-09-01,1.2,5,0.1906203596086497
AR,2018-10-01,1.2,5,0.1906203596086497
AR,2018-11-01,1.2,5,0.1906203596086497
AR,2018-12-01,1.2,5,0.1906203596086497
AR,2019-01-01,1.1,5,0.10436001532424286
AR,2019-02-01,1.1,5,0.10436001532424286
AR,2019-03-01,1,5,0.009950330853168092
AR,2019-04-01,1,5,0.009950330853168092
AR,2019-05-01,1,5,0.009950330853168092
AR,2019-06-01,1,5,0.009950330853168092
AR,2019-07-01,1,5,0.009950330853168092
AR,2019-08-01,1,5,0.009950330853168092
AR,2019-09-01,1,5,0.009950330853168092
AR,2019-10-01,1.2,5,0.1906203596086497
AR,2019-11-01,1.1,5,0.10436001532424286
AR,2019-12-01,1.1,5,0.10436001532424286
AR,2020-01-01,1.1,5,0.10436001532424286
AR,2020-02-01,1.2,5,0.1906203596086497
AR,2020-03-01,1.1,5,0.10436001532424286
AR,2020-04-01,1,5,0.009950330853168092
AR,2020-05-01,0.9,5,-0.09431067947124129
AR,2020-06-01,0.9,5,-0.09431067947124129
AR,2020-07-01,0.8,5,-0.21072103131565253
AR,2020-08-01,0.8,5,-0.21072103131565253
AR,2020-09-01,0.8,5,-0.21072103131565253
AR,2020-10-01,0.7,5,-0.342490308946776
AR,2020-11-01,0.7,5,-0.342490308946776
AR,2020-12-01,0.8,5,-0.21072103131565253
AR,2021-01-01,0.8,5,-0.21072103131565253
AR,2021-02-01,0.8,5,-0.21072103131565253
AR,2021-03-01,0.8,5,-0.21072103131565253
AR,2021-04-01,0.8,5,-0.21072103131565253
AR,2021-05-01,0.7,5,-0.342490308946776
AR,2021-06-01,0.7,5,-0.342490308946776
AR,2021-07-01,0.8,5,-0.21072103131565253
AR,2021-08-01,0.8,5,-0.21072103131565253
AR,2021-09-01,0.8,5,-0.21072103131565253
AR,2021-10-01,0.8,5,-0.21072103131565253
AR,2021-11-01,0.8,5,-0.21072103131565253
AR,2021-12-01,0.8,5,-0.21072103131565253
AR,2022-01-01,0.8,5,-0.21072103131565253
AR,2022-02-01,0.8,5,-0.21072103131565253
AR,2022-03-01,0.8,5,-0.21072103131565253
AR,2022-04-01,0.7,5,-0.342490308946776
AR,2022-05-01,0.7,5,-0.342490308946776
AR,2022-06-01,0.7,5,-0.342490308946776
AR,2022-07-01,0.7,5,-0.342490308946776
AR,2022-08-01,0.7,5,-0.342490308946776
AR,2022-09-01,0.7,5,-0.342490308946776
AR,2022-10-01,0.7,5,-0.342490308946776
AR,2022-11-01,0.8,5,-0.21072103131565253
AR,2022-12-01,0.8,5,-0.21072103131565253
AR,2023-01-01,0.8,5,-0.21072103131565253
AR,2023-02-01,0.7,5,-0.342490308946776
AR,2023-03-01,0.7,5,-0.342490308946776
AR,2023-04-01,0.7,5,-0.342490308946776
AR,2023-05-01,0.7,5,-0.342490308946776
AR,2023-06-01,0.7,5,-0.342490308946776
AR,2023-07-01,0.7,5,-0.342490308946776
AR,2023-08-01,0.8,5,-0.21072103131565253
AR,2023-09-01,0.8,5,-0.21072103131565253
AR,2023-10-01,0.7,5,-0.342490308946776
AR,2023-11-01,0.8,5,-0.21072103131565253
AR,2023-12-01,0.9,5,-0.09431067947124129
AR,2024-01-01,0.9,5,-0.09431067947124129
AR,2024-02-01,1,5,0.009950330853168092
AR,2024-03-01,0.9,5,-0.09431067947124129
AR,2024-04-01,0.9,5,-0.09431067947124129
AR,2024-05-01,0.8,5,-0.21072103131565253
AR,2024-06-01,0.9,5,-0.09431067947124129
AR,2024-07-01,0.9,5,-0.09431067947124129
AR,2024-08-01,0.9,5,-0.09431067947124129
AR,2024-09-01,0.9,5,-0.09431067947124129
AR,2024-10-01,1,5,0.009950330853168092
AR,2024-11-01,1,5,0.009950330853168092
AR,2024-12-01,1,5,0.009950330853168092
AR,2025-01-01,1.1,5,0.10436001532424286
AR,2025-02-01,1,5,0.009950330853168092
AR,2025-03-01,1,5,0.009950330853168092
CA,2008-01-01,1.8,6,0.5933268452777344
CA,2008-02-01,1.9,6,0.6471032420585384
CA,2008-03-01,2,6,0.6981347220709843
CA,2008-04-01,2,6,0.6981347220709843
CA,2008-05-01,2.1,6,0.7466879474879751
CA,2008-06-01,2.2,6,0.7929925155296614
CA,2008-07-01,2.5,6,0.9202827531436925
CA,2008-08-01,2.5,6,0.9202827531436925
CA,2008-09-01,2.8,6,1.0331844833456543
CA,2008-10-01,3.2,6,1.1662709371419244
CA,2008-11-01,3.7,6,1.3110318766193438
CA,2008-12-01,4.1,6,1.413423028508143
CA,2009-01-01,4.4,6,1.4838746894587547
CA,2009-02-01,4.8,6,1.5706970841176697
CA,2009-03-01,5,6,1.6114359150967734
CA,2009-04-01,5.2,6,1.6505798557652755
CA,2009-05-01,5.5,6,1.706564623164823
CA,2009-06-01,5.7,6,1.742219023667919
CA,2009-07-01,5.9,6,1.776645831418007
CA,2009-08-01,6.1,6,1.8099267731835038
CA,2009-09-01,6.6,6,1.8885836538635947
CA,2009-10-01,6.9,6,1.9329696377795786
CA,2009-11-01,7.1,6,1.9615022438151495
CA,2009-12-01,7.2,6,1.9754689512968577
CA,2010-01-01,7.4,6,2.0028304393079956
CA,2010-02-01,7.4,6,2.0028304393079956
CA,2010-03-01,7.2,6,1.9754689512968577
CA,2010-04-01,7,6,1.9473377010464987
CA,2010-05-01,7,6,1.9473377010464987
CA,2010-06-01,6.6,6,1.8885836538635947
CA,2010-07-01,6.4,6,1.8578592709325787
CA,2010-08-01,6.2,6,1.8261608959453874
CA,2010-09-01,6,6,1.7934247485471162
CA,2010-10-01,5.9,6,1.776645831418007
CA,2010-11-01,5.8,6,1.7595805708638197
CA,2010-12-01,5.6,6,1.7245507195346048
CA,2011-01-01,5.6,6,1.7245507195346048
CA,2011-02-01,5.5,6,1.706564623164823
CA,2011-03-01,5.3,6,1.6695918352538475
CA,2011-04-01,5.1,6,1.631199404215613
CA,2011-05-01,5.1,6,1.631199404215613
CA,2011-06-01,4.8,6,1.5706970841176697
CA,2011-07-01,4.7,6,1.5496879080283263
CA,2011-08-01,4.5,6,1.506297153514587
CA,2011-09-01,4.4,6,1.4838746894587547
CA,2011-10-01,4.3,6,1.4609379041156563
CA,2011-11-01,4.3,6,1.4609379041156563
CA,2011-12-01,4,6,1.3887912413184778
CA,2012-01-01,4,6,1.3887912413184778
CA,2012-02-01,3.9,6,1.3635373739972743
CA,2012-03-01,3.8,6,1.3376291891386094
CA,2012-04-01,3.7,6,1.3110318766193438
CA,2012-05-01,3.6,6,1.2837077723447896
CA,2012-06-01,3.5,6,1.2556160374777743
CA,2012-07-01,3.4,6,1.2267122912954254
CA,2012-08-01,3.2,6,1.1662709371419244
CA,2012-09-01,3.2,6,1.1662709371419244
CA,2012-10-01,3.1,6,1.1346227261911428
CA,2012-11-01,2.9,6,1.068153081183401
CA,2012-12-01,2.8,6,1.0331844833456543
CA,2013-01-01,2.7,6,0.9969486348916096
CA,2013-02-01,2.7,6,0.9969486348916096
CA,2013-03-01,2.6,6,0.959350221334602
CA,2013-04-01,2.5,6,0.9202827531436925
CA,2013-05-01,2.4,6,0.8796267475025635
CA,2013-06-01,2.3,6,0.837247524533702
CA,2013-07-01,2.1,6,0.7466879474879751
CA,2013-08-01,2,6,0.6981347220709843
CA,2013-09-01,1.9,6,0.6471032420585384
CA,2013-10-01,1.8,6,0.5933268452777344
CA,2013-11-01,1.8,6,0.5933268452777344
CA,2013-12-01,1.8,6,0.5933268452777344
CA,2014-01-01,1.8,6,0.5933268452777344
CA,2014-02-01,1.7,6,0.5364933705145685
CA,2014-03-01,1.6,6,0.4762341789963717
CA,2014-04-01,1.5,6,0.412109650826833
CA,2014-05-01,1.5,6,0.412109650826833
CA,2014-06-01,1.5,6,0.412109650826833
CA,2014-07-01,1.5,6,0.412109650826833
CA,2014-08-01,1.4,6,0.34358970439007686
CA,2014-09-01,1.4,6,0.34358970439007686
CA,2014-10-01,1.4,6,0.34358970439007686
CA,2014-11-01,1.3,6,0.2700271372130602
CA,2014-12-01,1.3,6,0.2700271372130602
CA,2015-01-01,1.3,6,0.2700271372130602
CA,2015-02-01,1.3,6,0.2700271372130602
CA,2015-03-01,1.2,6,0.1906203596086497
CA,2015-04-01,1.1,6,0.10436001532424286
CA,2015-05-01,1.1,6,0.10436001532424286
CA,2015-06-01,1.1,6,0.10436001532424286
CA,2015-07-01,1.1,6,0.10436001532424286
CA,2015-08-01,1.1,6,0.10436001532424286
CA,2015-09-01,1,6,0.009950330853168092
CA,2015-10-01,1,6,0.009950330853168092
CA,2015-11-01,0.9,6,-0.09431067947124129
CA,2015-12-01,0.9,6,-0.09431067947124129
CA,2016-01-01,1,6,0.009950330853168092
CA,2016-02-01,1,6,0.009950330853168092
CA,2016-03-01,0.9,6,-0.09431067947124129
CA,2016-04-01,0.8,6,-0.21072103131565253
CA,2016-05-01,0.9,6,-0.09431067947124129
CA,2016-06-01,0.8,6,-0.21072103131565253
CA,2016-07-01,0.8,6,-0.21072103131565253
CA,2016-08-01,0.8,6,-0.21072103131565253
CA,2016-09-01,0.8,6,-0.21072103131565253
CA,2016-10-01,0.8,6,-0.21072103131565253
CA,2016-11-01,0.8,6,-0.21072103131565253
CA,2016-12-01,0.8,6,-0.21072103131565253
CA,2017-01-01,0.8,6,-0.21072103131565253
CA,2017-02-01,0.8,6,-0.21072103131565253
CA,2017-03-01,0.7,6,-0.342490308946776
CA,2017-04-01,0.6,6,-0.4942963218147801
CA,2017-05-01,0.6,6,-0.4942963218147801
CA,2017-06-01,0.6,6,-0.4942963218147801
CA,2017-07-01,0.6,6,-0.4942963218147801
CA,2017-08-01,0.6,6,-0.4942963218147801
CA,2017-09-01,0.6,6,-0.4942963218147801
CA,2017-10-01,0.6,6,-0.4942963218147801
CA,2017-11-01,0.6,6,-0.4942963218147801
CA,2017-12-01,0.6,6,-0.4942963218147801
CA,2018-01-01,0.6,6,-0.4942963218147801
CA,2018-02-01,0.6,6,-0.4942963218147801
CA,2018-03-01,0.5,6,-0.6733445532637656
CA,2018-04-01,0.5,6,-0.6733445532637656
CA,2018-05-01,0.5,6,-0.6733445532637656
CA,2018-06-01,0.5,6,-0.6733445532637656
CA,2018-07-01,0.5,6,-0.6733445532637656
CA,2018-08-01,0.5,6,-0.6733445532637656
CA,2018-09-01,0.5,6,-0.6733445532637656
CA,2018-10-01,0.5,6,-0.6733445532637656
CA,2018-11-01,0.5,6,-0.6733445532637656
CA,2018-12-01,0.5,6,-0.6733445532637656
CA,2019-01-01,0.5,6,-0.6733445532637656
CA,2019-02-01,0.5,6,-0.6733445532637656
CA,2019-03-01,0.4,6,-0.8915981192837835
CA,2019-04-01,0.4,6,-0.8915981192837835
CA,2019-05-01,0.4,6,-0.8915981192837835
CA,2019-06-01,0.4,6,-0.8915981192837835
CA,2019-07-01,0.4,6,-0.8915981192837835
CA,2019-08-01,0.4,6,-0.8915981192837835
CA,2019-09-01,0.5,6,-0.6733445532637656
CA,2019-10-01,0.5,6,-0.6733445532637656
CA,2019-11-01,0.5,6,-0.6733445532637656
CA,2019-12-01,0.5,6,-0.6733445532637656
CA,2020-01-01,0.5,6,-0.6733445532637656
CA,2020-02-01,0.5,6,-0.6733445532637656
CA,2020-03-01,0.5,6,-0.6733445532637656
CA,2020-04-01,0.4,6,-0.8915981192837835
CA,2020-05-01,0.4,6,-0.8915981192837835
CA,2020-06-01,0.4,6,-0.8915981192837835
CA,2020-07-01,0.4,6,-0.8915981192837835
CA,2020-08-01,0.4,6,-0.8915981192837835
CA,2020-09-01,0.3,6,-1.171182981502945
CA,2020-10-01,0.3,6,-1.171182981502945
CA,2020-11-01,0.3,6,-1.171182981502945
CA,2020-12-01,0.3,6,-1.171182981502945
CA,2021-01-01,0.3,6,-1.171182981502945
CA,2021-02-01,0.3,6,-1.171182981502945
CA,2021-03-01,0.3,6,-1.171182981502945
CA,2021-04-01,0.3,6,-1.171182981502945
CA,2021-05-01,0.3,6,-1.171182981502945
CA,2021-06-01,0.3,6,-1.171182981502945
CA,2021-07-01,0.3,6,-1.171182981502945
CA,2021-08-01,0.3,6,-1.171182981502945
CA,2021-09-01,0.3,6,-1.171182981502945
CA,2021-10-01,0.3,6,-1.171182981502945
CA,2021-11-01,0.3,6,-1.171182981502945
CA,2021-12-01,0.3,6,-1.171182981502945
CA,2022-01-01,0.3,6,-1.171182981502945
CA,2022-02-01,0.3,6,-1.171182981502945
CA,2022-03-01,0.3,6,-1.171182981502945
CA,2022-04-01,0.3,6,-1.171182981502945
CA,2022-05-01,0.3,6,-1.171182981502945
CA,2022-06-01,0.3,6,-1.171182981502945
CA,2022-07-01,0.2,6,-1.5606477482646683
CA,2022-08-01,0.3,6,-1.171182981502945
CA,2022-09-01,0.3,6,-1.171182981502945
CA,2022-10-01,0.3,6,-1.171182981502945
CA,2022-11-01,0.3,6,-1.171182981502945
CA,2022-12-01,0.3,6,-1.171182981502945
CA,2023-01-01,0.3,6,-1.171182981502945
CA,2023-02-01,0.3,6,-1.171182981502945
CA,2023-03-01,0.3,6,-1.171182981502945
CA,2023-04-01,0.3,6,-1.171182981502945
CA,2023-05-01,0.3,6,-1.171182981502945
CA,2023-06-01,0.3,6,-1.171182981502945
CA,2023-07-01,0.3,6,-1.171182981502945
CA,2023-08-01,0.3,6,-1.171182981502945
CA,2023-09-01,0.3,6,-1.171182981502945
CA,2023-10-01,0.3,6,-1.171182981502945
CA,2023-11-01,0.3,6,-1.171182981502945
CA,2023-12-01,0.4,6,-0.8915981192837835
CA,2024-01-01,0.4,6,-0.8915981192837835
CA,2024-02-01,0.4,6,-0.8915981192837835
CA,2024-03-01,0.4,6,-0.8915981192837835
CA,2024-04-01,0.4,6,-0.8915981192837835
CA,2024-05-01,0.4,6,-0.8915981192837835
CA,2024-06-01,0.4,6,-0.8915981192837835
CA,2024-07-01,0.4,6,-0.8915981192837835
CA,2024-08-01,0.4,6,-0.8915981192837835
CA,2024-09-01,0.4,6,-0.8915981192837835
CA,2024-10-01,0.5,6,-0.6733445532637656
CA,2024-11-01,0.5,6,-0.6733445532637656
CA,2024-12-01,0.5,6,-0.6733445532637656
CA,2025-01-01,0.5,6,-0.6733445532637656
CA,2025-02-01,0.5,6,-0.6733445532637656
CA,2025-03-01,0.5,6,-0.6733445532637656
CO,2008-01-01,1.3,8,0.2700271372130602
CO,2008-02-01,1.3,8,0.2700271372130602
CO,2008-03-01,1.3,8,0.2700271372130602
CO,2008-04-01,1.3,8,0.2700271372130602
CO,2008-05-01,1.2,8,0.1906203596086497
CO,2008-06-01,1.3,8,0.2700271372130602
CO,2008-07-01,1.4,8,0.34358970439007686
CO,2008-08-01,1.5,8,0.412109650826833
CO,2008-09-01,1.5,8,0.412109650826833
CO,2008-10-01,1.6,8,0.4762341789963717
CO,2008-11-01,1.7,8,0.5364933705145685
CO,2008-12-01,1.9,8,0.6471032420585384
CO,2009-01-01,2,8,0.6981347220709843
CO,2009-02-01,2.1,8,0.7466879474879751
CO,2009-03-01,2.1,8,0.7466879474879751
CO,2009-04-01,2.2,8,0.7929925155296614
CO,2009-05-01,2.3,8,0.837247524533702
CO,2009-06-01,2.4,8,0.8796267475025635
CO,2009-07-01,2.6,8,0.959350221334602
CO,2009-08-01,2.7,8,0.9969486348916096
CO,2009-09-01,2.8,8,1.0331844833456543
CO,2009-10-01,3,8,1.1019400787607843
CO,2009-11-01,3.1,8,1.1346227261911428
CO,2009-12-01,3.1,8,1.1346227261911428
CO,2010-01-01,3.1,8,1.1346227261911428
CO,2010-02-01,3.1,8,1.1346227261911428
CO,2010-03-01,3,8,1.1019400787607843
CO,2010-04-01,2.8,8,1.0331844833456543
CO,2010-05-01,2.8,8,1.0331844833456543
CO,2010-06-01,2.7,8,0.9969486348916096
CO,2010-07-01,2.7,8,0.9969486348916096
CO,2010-08-01,2.6,8,0.959350221334602
CO,2010-09-01,2.5,8,0.9202827531436925
CO,2010-10-01,2.6,8,0.959350221334602
CO,2010-11-01,2.6,8,0.959350221334602
CO,2010-12-01,2.5,8,0.9202827531436925
CO,2011-01-01,2.5,8,0.9202827531436925
CO,2011-02-01,2.5,8,0.9202827531436925
CO,2011-03-01,2.4,8,0.8796267475025635
CO,2011-04-01,2.3,8,0.837247524533702
CO,2011-05-01,2.3,8,0.837247524533702
CO,2011-06-01,2.3,8,0.837247524533702
CO,2011-07-01,2.4,8,0.8796267475025635
CO,2011-08-01,2.3,8,0.837247524533702
CO,2011-09-01,2.3,8,0.837247524533702
CO,2011-10-01,2.3,8,0.837247524533702
CO,2011-11-01,2.2,8,0.7929925155296614
CO,2011-12-01,2.2,8,0.7929925155296614
CO,2012-01-01,2.2,8,0.7929925155296614
CO,2012-02-01,2.1,8,0.7466879474879751
CO,2012-03-01,2,8,0.6981347220709843
CO,2012-04-01,2,8,0.6981347220709843
CO,2012-05-01,2,8,0.6981347220709843
CO,2012-06-01,1.9,8,0.6471032420585384
CO,2012-07-01,1.9,8,0.6471032420585384
CO,2012-08-01,1.8,8,0.5933268452777344
CO,2012-09-01,1.9,8,0.6471032420585384
CO,2012-10-01,1.8,8,0.5933268452777344
CO,2012-11-01,1.8,8,0.5933268452777344
CO,2012-12-01,1.7,8,0.5364933705145685
CO,2013-01-01,1.7,8,0.5364933705145685
CO,2013-02-01,1.7,8,0.5364933705145685
CO,2013-03-01,1.6,8,0.4762341789963717
CO,2013-04-01,1.5,8,0.412109650826833
CO,2013-05-01,1.4,8,0.34358970439007686
CO,2013-06-01,1.4,8,0.34358970439007686
CO,2013-07-01,1.4,8,0.34358970439007686
CO,2013-08-01,1.3,8,0.2700271372130602
CO,2013-09-01,1.3,8,0.2700271372130602
CO,2013-10-01,1.2,8,0.1906203596086497
CO,2013-11-01,1.2,8,0.1906203596086497
CO,2013-12-01,1.2,8,0.1906203596086497
CO,2014-01-01,1.2,8,0.1906203596086497
CO,2014-02-01,1.1,8,0.10436001532424286
CO,2014-03-01,1.1,8,0.10436001532424286
CO,2014-04-01,1.1,8,0.10436001532424286
CO,2014-05-01,1.1,8,0.10436001532424286
CO,2014-06-01,1.1,8,0.10436001532424286
CO,2014-07-01,1.1,8,0.10436001532424286
CO,2014-08-01,1.1,8,0.10436001532424286
CO,2014-09-01,1.1,8,0.10436001532424286
CO,2014-10-01,1.1,8,0.10436001532424286
CO,2014-11-01,1,8,0.009950330853168092
CO,2014-12-01,1,8,0.009950330853168092
CO,2015-01-01,1,8,0.009950330853168092
CO,2015-02-01,0.9,8,-0.09431067947124129
CO,2015-03-01,0.9,8,-0.09431067947124129
CO,2015-04-01,0.8,8,-0.21072103131565253
CO,2015-05-01,0.8,8,-0.21072103131565253
CO,2015-06-01,0.8,8,-0.21072103131565253
CO,2015-07-01,0.8,8,-0.21072103131565253
CO,2015-08-01,0.8,8,-0.21072103131565253
CO,2015-09-01,0.7,8,-0.342490308946776
CO,2015-10-01,0.8,8,-0.21072103131565253
CO,2015-11-01,0.7,8,-0.342490308946776
CO,2015-12-01,0.7,8,-0.342490308946776
CO,2016-01-01,0.7,8,-0.342490308946776
CO,2016-02-01,0.7,8,-0.342490308946776
CO,2016-03-01,0.7,8,-0.342490308946776
CO,2016-04-01,0.7,8,-0.342490308946776
CO,2016-05-01,0.6,8,-0.4942963218147801
CO,2016-06-01,0.6,8,-0.4942963218147801
CO,2016-07-01,0.6,8,-0.4942963218147801
CO,2016-08-01,0.6,8,-0.4942963218147801
CO,2016-09-01,0.5,8,-0.6733445532637656
CO,2016-10-01,0.6,8,-0.4942963218147801
CO,2016-11-01,0.6,8,-0.4942963218147801
CO,2016-12-01,0.6,8,-0.4942963218147801
CO,2017-01-01,0.6,8,-0.4942963218147801
CO,2017-02-01,0.6,8,-0.4942963218147801
CO,2017-03-01,0.5,8,-0.6733445532637656
CO,2017-04-01,0.5,8,-0.6733445532637656
CO,2017-05-01,0.5,8,-0.6733445532637656
CO,2017-06-01,0.5,8,-0.6733445532637656
CO,2017-07-01,0.5,8,-0.6733445532637656
CO,2017-08-01,0.5,8,-0.6733445532637656
CO,2017-09-01,0.5,8,-0.6733445532637656
CO,2017-10-01,0.5,8,-0.6733445532637656
CO,2017-11-01,0.5,8,-0.6733445532637656
CO,2017-12-01,0.5,8,-0.6733445532637656
CO,2018-01-01,0.4,8,-0.8915981192837835
CO,2018-02-01,0.5,8,-0.6733445532637656
CO,2018-03-01,0.4,8,-0.8915981192837835
CO,2018-04-01,0.4,8,-0.8915981192837835
CO,2018-05-01,0.4,8,-0.8915981192837835
CO,2018-06-01,0.4,8,-0.8915981192837835
CO,2018-07-01,0.4,8,-0.8915981192837835
CO,2018-08-01,0.4,8,-0.8915981192837835
CO,2018-09-01,0.4,8,-0.8915981192837835
CO,2018-10-01,0.4,8,-0.8915981192837835
CO,2018-11-01,0.4,8,-0.8915981192837835
CO,2018-12-01,0.4,8,-0.8915981192837835
CO,2019-01-01,0.4,8,-0.8915981192837835
CO,2019-02-01,0.4,8,-0.8915981192837835
CO,2019-03-01,0.4,8,-0.8915981192837835
CO,2019-04-01,0.4,8,-0.8915981192837835
CO,2019-05-01,0.4,8,-0.8915981192837835
CO,2019-06-01,0.4,8,-0.8915981192837835
CO,2019-07-01,0.4,8,-0.8915981192837835
CO,2019-08-01,0.4,8,-0.8915981192837835
CO,2019-09-01,0.4,8,-0.8915981192837835
CO,2019-10-01,0.4,8,-0.8915981192837835
CO,2019-11-01,0.4,8,-0.8915981192837835
CO,2019-12-01,0.4,8,-0.8915981192837835
CO,2020-01-01,0.4,8,-0.8915981192837835
CO,2020-02-01,0.4,8,-0.8915981192837835
CO,2020-03-01,0.4,8,-0.8915981192837835
CO,2020-04-01,0.4,8,-0.8915981192837835
CO,2020-05-01,0.4,8,-0.8915981192837835
CO,2020-06-01,0.3,8,-1.171182981502945
CO,2020-07-01,0.3,8,-1.171182981502945
CO,2020-08-01,0.3,8,-1.171182981502945
CO,2020-09-01,0.3,8,-1.171182981502945
CO,2020-10-01,0.3,8,-1.171182981502945
CO,2020-11-01,0.3,8,-1.171182981502945
CO,2020-12-01,0.3,8,-1.171182981502945
CO,2021-01-01,0.3,8,-1.171182981502945
CO,2021-02-01,0.3,8,-1.171182981502945
CO,2021-03-01,0.3,8,-1.171182981502945
CO,2021-04-01,0.3,8,-1.171182981502945
CO,2021-05-01,0.3,8,-1.171182981502945
CO,2021-06-01,0.2,8,-1.5606477482646683
CO,2021-07-01,0.3,8,-1.171182981502945
CO,2021-08-01,0.3,8,-1.171182981502945
CO,2021-09-01,0.3,8,-1.171182981502945
CO,2021-10-01,0.3,8,-1.171182981502945
CO,2021-11-01,0.3,8,-1.171182981502945
CO,2021-12-01,0.3,8,-1.171182981502945
CO,2022-01-01,0.3,8,-1.171182981502945
CO,2022-02-01,0.3,8,-1.171182981502945
CO,2022-03-01,0.3,8,-1.171182981502945
CO,2022-04-01,0.3,8,-1.171182981502945
CO,2022-05-01,0.3,8,-1.171182981502945
CO,2022-06-01,0.3,8,-1.171182981502945
CO,2022-07-01,0.3,8,-1.171182981502945
CO,2022-08-01,0.3,8,-1.171182981502945
CO,2022-09-01,0.3,8,-1.171182981502945
CO,2022-10-01,0.3,8,-1.171182981502945
CO,2022-11-01,0.3,8,-1.171182981502945
CO,2022-12-01,0.3,8,-1.171182981502945
CO,2023-01-01,0.3,8,-1.171182981502945
CO,2023-02-01,0.3,8,-1.171182981502945
CO,2023-03-01,0.3,8,-1.171182981502945
CO,2023-04-01,0.4,8,-0.8915981192837835
CO,2023-05-01,0.3,8,-1.171182981502945
CO,2023-06-01,0.3,8,-1.171182981502945
CO,2023-07-01,0.4,8,-0.8915981192837835
CO,2023-08-01,0.4,8,-0.8915981192837835
CO,2023-09-01,0.4,8,-0.8915981192837835
CO,2023-10-01,0.4,8,-0.8915981192837835
CO,2023-11-01,0.4,8,-0.8915981192837835
CO,2023-12-01,0.4,8,-0.8915981192837835
CO,2024-01-01,0.4,8,-0.8915981192837835
CO,2024-02-01,0.4,8,-0.8915981192837835
CO,2024-03-01,0.4,8,-0.8915981192837835
CO,2024-04-01,0.4,8,-0.8915981192837835
CO,2024-05-01,0.4,8,-0.8915981192837835
CO,2024-06-01,0.4,8,-0.8915981192837835
CO,2024-07-01,0.5,8,-0.6733445532637656
CO,2024-08-01,0.5,8,-0.6733445532637656
CO,2024-09-01,0.5,8,-0.6733445532637656
CO,2024-10-01,0.5,8,-0.6733445532637656
CO,2024-11-01,0.5,8,-0.6733445532637656
CO,2024-12-01,0.6,8,-0.4942963218147801
CO,2025-01-01,0.6,8,-0.4942963218147801
CO,2025-02-01,0.6,8,-0.4942963218147801
CO,2025-03-01,0.6,8,-0.4942963218147801
CT,2008-01-01,1.1,9,0.10436001532424286
CT,2008-02-01,1.2,9,0.1906203596086497
CT,2008-03-01,1.1,9,0.10436001532424286
CT,2008-04-01,1.1,9,0.10436001532424286
CT,2008-05-01,1.2,9,0.1906203596086497
CT,2008-06-01,1.2,9,0.1906203596086497
CT,2008-07-01,1.3,9,0.2700271372130602
CT,2008-08-01,1.4,9,0.34358970439007686
CT,2008-09-01,1.5,9,0.412109650826833
CT,2008-10-01,1.7,9,0.5364933705145685
CT,2008-11-01,1.8,9,0.5933268452777344
CT,2008-12-01,2,9,0.6981347220709843
CT,2009-01-01,2.2,9,0.7929925155296614
CT,2009-02-01,2.3,9,0.837247524533702
CT,2009-03-01,2.4,9,0.8796267475025635
CT,2009-04-01,2.4,9,0.8796267475025635
CT,2009-05-01,2.7,9,0.9969486348916096
CT,2009-06-01,2.8,9,1.0331844833456543
CT,2009-07-01,3,9,1.1019400787607843
CT,2009-08-01,3.2,9,1.1662709371419244
CT,2009-09-01,3.6,9,1.2837077723447896
CT,2009-10-01,3.8,9,1.3376291891386094
CT,2009-11-01,3.9,9,1.3635373739972743
CT,2009-12-01,4.1,9,1.413423028508143
CT,2010-01-01,4.2,9,1.43746264769429
CT,2010-02-01,4.1,9,1.413423028508143
CT,2010-03-01,4,9,1.3887912413184778
CT,2010-04-01,3.9,9,1.3635373739972743
CT,2010-05-01,3.9,9,1.3635373739972743
CT,2010-06-01,3.8,9,1.3376291891386094
CT,2010-07-01,3.9,9,1.3635373739972743
CT,2010-08-01,3.9,9,1.3635373739972743
CT,2010-09-01,3.9,9,1.3635373739972743
CT,2010-10-01,3.9,9,1.3635373739972743
CT,2010-11-01,4,9,1.3887912413184778
CT,2010-12-01,4.1,9,1.413423028508143
CT,2011-01-01,4.2,9,1.43746264769429
CT,2011-02-01,4.3,9,1.4609379041156563
CT,2011-03-01,4.1,9,1.413423028508143
CT,2011-04-01,4.1,9,1.413423028508143
CT,2011-05-01,4.1,9,1.413423028508143
CT,2011-06-01,4.2,9,1.43746264769429
CT,2011-07-01,4.3,9,1.4609379041156563
CT,2011-08-01,4.3,9,1.4609379041156563
CT,2011-09-01,4.3,9,1.4609379041156563
CT,2011-10-01,4.4,9,1.4838746894587547
CT,2011-11-01,4.4,9,1.4838746894587547
CT,2011-12-01,4.5,9,1.506297153514587
CT,2012-01-01,4.5,9,1.506297153514587
CT,2012-02-01,4.5,9,1.506297153514587
CT,2012-03-01,4.5,9,1.506297153514587
CT,2012-04-01,4.5,9,1.506297153514587
CT,2012-05-01,4.5,9,1.506297153514587
CT,2012-06-01,4.6,9,1.528227857008557
CT,2012-07-01,4.4,9,1.4838746894587547
CT,2012-08-01,4.4,9,1.4838746894587547
CT,2012-09-01,4.4,9,1.4838746894587547
CT,2012-10-01,4.2,9,1.43746264769429
CT,2012-11-01,4,9,1.3887912413184778
CT,2012-12-01,4.2,9,1.43746264769429
CT,2013-01-01,4.2,9,1.43746264769429
CT,2013-02-01,4.1,9,1.413423028508143
CT,2013-03-01,4,9,1.3887912413184778
CT,2013-04-01,3.8,9,1.3376291891386094
CT,2013-05-01,3.7,9,1.3110318766193438
CT,2013-06-01,3.6,9,1.2837077723447896
CT,2013-07-01,3.5,9,1.2556160374777743
CT,2013-08-01,3.4,9,1.2267122912954254
CT,2013-09-01,3.3,9,1.1969481893889715
CT,2013-10-01,3.2,9,1.1662709371419244
CT,2013-11-01,3.2,9,1.1662709371419244
CT,2013-12-01,3.2,9,1.1662709371419244
CT,2014-01-01,3.2,9,1.1662709371419244
CT,2014-02-01,3,9,1.1019400787607843
CT,2014-03-01,2.8,9,1.0331844833456543
CT,2014-04-01,2.8,9,1.0331844833456543
CT,2014-05-01,2.8,9,1.0331844833456543
CT,2014-06-01,2.8,9,1.0331844833456543
CT,2014-07-01,2.7,9,0.9969486348916096
CT,2014-08-01,2.8,9,1.0331844833456543
CT,2014-09-01,2.8,9,1.0331844833456543
CT,2014-10-01,2.7,9,0.9969486348916096
CT,2014-11-01,2.8,9,1.0331844833456543
CT,2014-12-01,2.8,9,1.0331844833456543
CT,2015-01-01,2.8,9,1.0331844833456543
CT,2015-02-01,2.7,9,0.9969486348916096
CT,2015-03-01,2.7,9,0.9969486348916096
CT,2015-04-01,2.5,9,0.9202827531436925
CT,2015-05-01,2.5,9,0.9202827531436925
CT,2015-06-01,2.6,9,0.959350221334602
CT,2015-07-01,2.5,9,0.9202827531436925
CT,2015-08-01,2.5,9,0.9202827531436925
CT,2015-09-01,2.5,9,0.9202827531436925
CT,2015-10-01,2.4,9,0.8796267475025635
CT,2015-11-01,2.2,9,0.7929925155296614
CT,2015-12-01,2.3,9,0.837247524533702
CT,2016-01-01,2.3,9,0.837247524533702
CT,2016-02-01,2.4,9,0.8796267475025635
CT,2016-03-01,2.2,9,0.7929925155296614
CT,2016-04-01,2.1,9,0.7466879474879751
CT,2016-05-01,2.1,9,0.7466879474879751
CT,2016-06-01,1.9,9,0.6471032420585384
CT,2016-07-01,1.9,9,0.6471032420585384
CT,2016-08-01,2,9,0.6981347220709843
CT,2016-09-01,2,9,0.6981347220709843
CT,2016-10-01,1.9,9,0.6471032420585384
CT,2016-11-01,1.9,9,0.6471032420585384
CT,2016-12-01,1.9,9,0.6471032420585384
CT,2017-01-01,1.9,9,0.6471032420585384
CT,2017-02-01,1.9,9,0.6471032420585384
CT,2017-03-01,1.8,9,0.5933268452777344
CT,2017-04-01,1.7,9,0.5364933705145685
CT,2017-05-01,1.7,9,0.5364933705145685
CT,2017-06-01,1.7,9,0.5364933705145685
CT,2017-07-01,1.6,9,0.4762341789963717
CT,2017-08-01,1.6,9,0.4762341789963717
CT,2017-09-01,1.5,9,0.412109650826833
CT,2017-10-01,1.5,9,0.412109650826833
CT,2017-11-01,1.6,9,0.4762341789963717
CT,2017-12-01,1.6,9,0.4762341789963717
CT,2018-01-01,1.6,9,0.4762341789963717
CT,2018-02-01,1.6,9,0.4762341789963717
CT,2018-03-01,1.5,9,0.412109650826833
CT,2018-04-01,1.3,9,0.2700271372130602
CT,2018-05-01,1.3,9,0.2700271372130602
CT,2018-06-01,1.4,9,0.34358970439007686
CT,2018-07-01,1.3,9,0.2700271372130602
CT,2018-08-01,1.3,9,0.2700271372130602
CT,2018-09-01,1.3,9,0.2700271372130602
CT,2018-10-01,1.2,9,0.1906203596086497
CT,2018-11-01,1.2,9,0.1906203596086497
CT,2018-12-01,1.3,9,0.2700271372130602
CT,2019-01-01,1.3,9,0.2700271372130602
CT,2019-02-01,1.3,9,0.2700271372130602
CT,2019-03-01,1.2,9,0.1906203596086497
CT,2019-04-01,1.1,9,0.10436001532424286
CT,2019-05-01,1.1,9,0.10436001532424286
CT,2019-06-01,1.1,9,0.10436001532424286
CT,2019-07-01,1.1,9,0.10436001532424286
CT,2019-08-01,1.1,9,0.10436001532424286
CT,2019-09-01,1.2,9,0.1906203596086497
CT,2019-10-01,1.2,9,0.1906203596086497
CT,2019-11-01,1.3,9,0.2700271372130602
CT,2019-12-01,1.3,9,0.2700271372130602
CT,2020-01-01,1.4,9,0.34358970439007686
CT,2020-02-01,1.3,9,0.2700271372130602
CT,2020-03-01,1.2,9,0.1906203596086497
CT,2020-04-01,1.1,9,0.10436001532424286
CT,2020-05-01,1.1,9,0.10436001532424286
CT,2020-06-01,1,9,0.009950330853168092
CT,2020-07-01,1,9,0.009950330853168092
CT,2020-08-01,0.9,9,-0.09431067947124129
CT,2020-09-01,0.9,9,-0.09431067947124129
CT,2020-10-01,0.9,9,-0.09431067947124129
CT,2020-11-01,0.8,9,-0.21072103131565253
CT,2020-12-01,0.8,9,-0.21072103131565253
CT,2021-01-01,0.8,9,-0.21072103131565253
CT,2021-02-01,0.7,9,-0.342490308946776
CT,2021-03-01,0.7,9,-0.342490308946776
CT,2021-04-01,0.7,9,-0.342490308946776
CT,2021-05-01,0.7,9,-0.342490308946776
CT,2021-06-01,0.7,9,-0.342490308946776
CT,2021-07-01,0.7,9,-0.342490308946776
CT,2021-08-01,0.6,9,-0.4942963218147801
CT,2021-09-01,0.6,9,-0.4942963218147801
CT,2021-10-01,0.6,9,-0.4942963218147801
CT,2021-11-01,0.6,9,-0.4942963218147801
CT,2021-12-01,0.6,9,-0.4942963218147801
CT,2022-01-01,0.6,9,-0.4942963218147801
CT,2022-02-01,0.6,9,-0.4942963218147801
CT,2022-03-01,0.6,9,-0.4942963218147801
CT,2022-04-01,0.6,9,-0.4942963218147801
CT,2022-05-01,0.7,9,-0.342490308946776
CT,2022-06-01,0.7,9,-0.342490308946776
CT,2022-07-01,0.6,9,-0.4942963218147801
CT,2022-08-01,0.6,9,-0.4942963218147801
CT,2022-09-01,0.6,9,-0.4942963218147801
CT,2022-10-01,0.6,9,-0.4942963218147801
CT,2022-11-01,0.6,9,-0.4942963218147801
CT,2022-12-01,0.6,9,-0.4942963218147801
CT,2023-01-01,0.6,9,-0.4942963218147801
CT,2023-02-01,0.6,9,-0.4942963218147801
CT,2023-03-01,0.5,9,-0.6733445532637656
CT,2023-04-01,0.6,9,-0.4942963218147801
CT,2023-05-01,0.6,9,-0.4942963218147801
CT,2023-06-01,0.5,9,-0.6733445532637656
CT,2023-07-01,0.6,9,-0.4942963218147801
CT,2023-08-01,0.7,9,-0.342490308946776
CT,2023-09-01,0.7,9,-0.342490308946776
CT,2023-10-01,0.7,9,-0.342490308946776
CT,2023-11-01,0.7,9,-0.342490308946776
CT,2023-12-01,0.7,9,-0.342490308946776
CT,2024-01-01,0.7,9,-0.342490308946776
CT,2024-02-01,0.7,9,-0.342490308946776
CT,2024-03-01,0.7,9,-0.342490308946776
CT,2024-04-01,0.7,9,-0.342490308946776
CT,2024-05-01,0.7,9,-0.342490308946776
CT,2024-06-01,0.7,9,-0.342490308946776
CT,2024-07-01,0.7,9,-0.342490308946776
CT,2024-08-01,0.7,9,-0.342490308946776
CT,2024-09-01,0.7,9,-0.342490308946776
CT,2024-10-01,0.8,9,-0.21072103131565253
CT,2024-11-01,0.8,9,-0.21072103131565253
CT,2024-12-01,0.8,9,-0.21072103131565253
CT,2025-01-01,0.8,9,-0.21072103131565253
CT,2025-02-01,0.8,9,-0.21072103131565253
CT,2025-03-01,0.7,9,-0.342490308946776
DE,2008-01-01,1.3,10,0.2700271372130602
DE,2008-02-01,1.3,10,0.2700271372130602
DE,2008-03-01,1.4,10,0.34358970439007686
DE,2008-04-01,1.4,10,0.34358970439007686
DE,2008-05-01,1.5,10,0.412109650826833
DE,2008-06-01,1.5,10,0.412109650826833
DE,2008-07-01,1.7,10,0.5364933705145685
DE,2008-08-01,1.6,10,0.4762341789963717
DE,2008-09-01,1.7,10,0.5364933705145685
DE,2008-10-01,1.9,10,0.6471032420585384
DE,2008-11-01,2,10,0.6981347220709843
DE,2008-12-01,2.2,10,0.7929925155296614
DE,2009-01-01,2.4,10,0.8796267475025635
DE,2009-02-01,2.5,10,0.9202827531436925
DE,2009-03-01,2.6,10,0.959350221334602
DE,2009-04-01,2.9,10,1.068153081183401
DE,2009-05-01,3,10,1.1019400787607843
DE,2009-06-01,2.9,10,1.068153081183401
DE,2009-07-01,3.1,10,1.1346227261911428
DE,2009-08-01,3.3,10,1.1969481893889715
DE,2009-09-01,3.6,10,1.2837077723447896
DE,2009-10-01,3.8,10,1.3376291891386094
DE,2009-11-01,3.9,10,1.3635373739972743
DE,2009-12-01,4,10,1.3887912413184778
DE,2010-01-01,4.2,10,1.43746264769429
DE,2010-02-01,4.1,10,1.413423028508143
DE,2010-03-01,4.1,10,1.413423028508143
DE,2010-04-01,4.1,10,1.413423028508143
DE,2010-05-01,4.1,10,1.413423028508143
DE,2010-06-01,4,10,1.3887912413184778
DE,2010-07-01,3.8,10,1.3376291891386094
DE,2010-08-01,3.6,10,1.2837077723447896
DE,2010-09-01,3.7,10,1.3110318766193438
DE,2010-10-01,3.7,10,1.3110318766193438
DE,2010-11-01,3.6,10,1.2837077723447896
DE,2010-12-01,3.4,10,1.2267122912954254
DE,2011-01-01,3.4,10,1.2267122912954254
DE,2011-02-01,3.7,10,1.3110318766193438
DE,2011-03-01,3.5,10,1.2556160374777743
DE,2011-04-01,3.5,10,1.2556160374777743
DE,2011-05-01,3.4,10,1.2267122912954254
DE,2011-06-01,3.3,10,1.1969481893889715
DE,2011-07-01,3.4,10,1.2267122912954254
DE,2011-08-01,3.5,10,1.2556160374777743
DE,2011-09-01,3.8,10,1.3376291891386094
DE,2011-10-01,3.6,10,1.2837077723447896
DE,2011-11-01,3.8,10,1.3376291891386094
DE,2011-12-01,3.7,10,1.3110318766193438
DE,2012-01-01,4,10,1.3887912413184778
DE,2012-02-01,4,10,1.3887912413184778
DE,2012-03-01,3.9,10,1.3635373739972743
DE,2012-04-01,4,10,1.3887912413184778
DE,2012-05-01,4,10,1.3887912413184778
DE,2012-06-01,4.1,10,1.413423028508143
DE,2012-07-01,4.2,10,1.43746264769429
DE,2012-08-01,4,10,1.3887912413184778
DE,2012-09-01,4.1,10,1.413423028508143
DE,2012-10-01,4.1,10,1.413423028508143
DE,2012-11-01,4.2,10,1.43746264769429
DE,2012-12-01,4.4,10,1.4838746894587547
DE,2013-01-01,4.3,10,1.4609379041156563
DE,2013-02-01,4.2,10,1.43746264769429
DE,2013-03-01,4.3,10,1.4609379041156563
DE,2013-04-01,4.2,10,1.43746264769429
DE,2013-05-01,4.1,10,1.413423028508143
DE,2013-06-01,4,10,1.3887912413184778
DE,2013-07-01,3.9,10,1.3635373739972743
DE,2013-08-01,3.8,10,1.3376291891386094
DE,2013-09-01,3.9,10,1.3635373739972743
DE,2013-10-01,3.7,10,1.3110318766193438
DE,2013-11-01,3.7,10,1.3110318766193438
DE,2013-12-01,3.6,10,1.2837077723447896
DE,2014-01-01,3.8,10,1.3376291891386094
DE,2014-02-01,3.5,10,1.2556160374777743
DE,2014-03-01,3.4,10,1.2267122912954254
DE,2014-04-01,3.5,10,1.2556160374777743
DE,2014-05-01,3.4,10,1.2267122912954254
DE,2014-06-01,3.3,10,1.1969481893889715
DE,2014-07-01,3.2,10,1.1662709371419244
DE,2014-08-01,3,10,1.1019400787607843
DE,2014-09-01,3.2,10,1.1662709371419244
DE,2014-10-01,3.2,10,1.1662709371419244
DE,2014-11-01,3.2,10,1.1662709371419244
DE,2014-12-01,3.2,10,1.1662709371419244
DE,2015-01-01,3.2,10,1.1662709371419244
DE,2015-02-01,3,10,1.1019400787607843
DE,2015-03-01,2.8,10,1.0331844833456543
DE,2015-04-01,2.7,10,0.9969486348916096
DE,2015-05-01,2.5,10,0.9202827531436925
DE,2015-06-01,2.6,10,0.959350221334602
DE,2015-07-01,2.6,10,0.959350221334602
DE,2015-08-01,2.7,10,0.9969486348916096
DE,2015-09-01,2.5,10,0.9202827531436925
DE,2015-10-01,2.6,10,0.959350221334602
DE,2015-11-01,2.5,10,0.9202827531436925
DE,2015-12-01,2.4,10,0.8796267475025635
DE,2016-01-01,2.4,10,0.8796267475025635
DE,2016-02-01,2.6,10,0.959350221334602
DE,2016-03-01,2.3,10,0.837247524533702
DE,2016-04-01,2.3,10,0.837247524533702
DE,2016-05-01,2.4,10,0.8796267475025635
DE,2016-06-01,2.2,10,0.7929925155296614
DE,2016-07-01,2.2,10,0.7929925155296614
DE,2016-08-01,2.2,10,0.7929925155296614
DE,2016-09-01,2,10,0.6981347220709843
DE,2016-10-01,2.1,10,0.7466879474879751
DE,2016-11-01,1.9,10,0.6471032420585384
DE,2016-12-01,2,10,0.6981347220709843
DE,2017-01-01,2.2,10,0.7929925155296614
DE,2017-02-01,2,10,0.6981347220709843
DE,2017-03-01,1.8,10,0.5933268452777344
DE,2017-04-01,1.6,10,0.4762341789963717
DE,2017-05-01,1.7,10,0.5364933705145685
DE,2017-06-01,1.8,10,0.5933268452777344
DE,2017-07-01,1.7,10,0.5364933705145685
DE,2017-08-01,1.6,10,0.4762341789963717
DE,2017-09-01,1.7,10,0.5364933705145685
DE,2017-10-01,1.7,10,0.5364933705145685
DE,2017-11-01,1.7,10,0.5364933705145685
DE,2017-12-01,1.7,10,0.5364933705145685
DE,2018-01-01,1.7,10,0.5364933705145685
DE,2018-02-01,1.6,10,0.4762341789963717
DE,2018-03-01,1.5,10,0.412109650826833
DE,2018-04-01,1.4,10,0.34358970439007686
DE,2018-05-01,1.3,10,0.2700271372130602
DE,2018-06-01,1.4,10,0.34358970439007686
DE,2018-07-01,1.5,10,0.412109650826833
DE,2018-08-01,1.4,10,0.34358970439007686
DE,2018-09-01,1.3,10,0.2700271372130602
DE,2018-10-01,1.3,10,0.2700271372130602
DE,2018-11-01,1.3,10,0.2700271372130602
DE,2018-12-01,1.4,10,0.34358970439007686
DE,2019-01-01,1.5,10,0.412109650826833
DE,2019-02-01,1.5,10,0.412109650826833
DE,2019-03-01,1.4,10,0.34358970439007686
DE,2019-04-01,1.4,10,0.34358970439007686
DE,2019-05-01,1.4,10,0.34358970439007686
DE,2019-06-01,1.3,10,0.2700271372130602
DE,2019-07-01,1.2,10,0.1906203596086497
DE,2019-08-01,1.4,10,0.34358970439007686
DE,2019-09-01,1.5,10,0.412109650826833
DE,2019-10-01,1.4,10,0.34358970439007686
DE,2019-11-01,1.3,10,0.2700271372130602
DE,2019-12-01,1.2,10,0.1906203596086497
DE,2020-01-01,1.1,10,0.10436001532424286
DE,2020-02-01,1.1,10,0.10436001532424286
DE,2020-03-01,1.2,10,0.1906203596086497
DE,2020-04-01,1,10,0.009950330853168092
DE,2020-05-01,0.9,10,-0.09431067947124129
DE,2020-06-01,1,10,0.009950330853168092
DE,2020-07-01,0.9,10,-0.09431067947124129
DE,2020-08-01,1,10,0.009950330853168092
DE,2020-09-01,1,10,0.009950330853168092
DE,2020-10-01,0.9,10,-0.09431067947124129
DE,2020-11-01,0.8,10,-0.21072103131565253
DE,2020-12-01,0.8,10,-0.21072103131565253
DE,2021-01-01,0.8,10,-0.21072103131565253
DE,2021-02-01,0.8,10,-0.21072103131565253
DE,2021-03-01,0.7,10,-0.342490308946776
DE,2021-04-01,0.8,10,-0.21072103131565253
DE,2021-05-01,0.7,10,-0.342490308946776
DE,2021-06-01,0.7,10,-0.342490308946776
DE,2021-07-01,0.7,10,-0.342490308946776
DE,2021-08-01,0.7,10,-0.342490308946776
DE,2021-09-01,0.6,10,-0.4942963218147801
DE,2021-10-01,0.7,10,-0.342490308946776
DE,2021-11-01,0.7,10,-0.342490308946776
DE,2021-12-01,0.7,10,-0.342490308946776
DE,2022-01-01,0.7,10,-0.342490308946776
DE,2022-02-01,0.8,10,-0.21072103131565253
DE,2022-03-01,0.7,10,-0.342490308946776
DE,2022-04-01,0.8,10,-0.21072103131565253
DE,2022-05-01,0.7,10,-0.342490308946776
DE,2022-06-01,0.7,10,-0.342490308946776
DE,2022-07-01,0.7,10,-0.342490308946776
DE,2022-08-01,0.8,10,-0.21072103131565253
DE,2022-09-01,0.7,10,-0.342490308946776
DE,2022-10-01,0.8,10,-0.21072103131565253
DE,2022-11-01,0.8,10,-0.21072103131565253
DE,2022-12-01,0.7,10,-0.342490308946776
DE,2023-01-01,0.8,10,-0.21072103131565253
DE,2023-02-01,0.8,10,-0.21072103131565253
DE,2023-03-01,0.8,10,-0.21072103131565253
DE,2023-04-01,0.8,10,-0.21072103131565253
DE,2023-05-01,0.8,10,-0.21072103131565253
DE,2023-06-01,0.7,10,-0.342490308946776
DE,2023-07-01,0.7,10,-0.342490308946776
DE,2023-08-01,0.7,10,-0.342490308946776
DE,2023-09-01,0.7,10,-0.342490308946776
DE,2023-10-01,0.8,10,-0.21072103131565253
DE,2023-11-01,0.8,10,-0.21072103131565253
DE,2023-12-01,0.9,10,-0.09431067947124129
DE,2024-01-01,0.9,10,-0.09431067947124129
DE,2024-02-01,0.9,10,-0.09431067947124129
DE,2024-03-01,0.9,10,-0.09431067947124129
DE,2024-04-01,0.8,10,-0.21072103131565253
DE,2024-05-01,0.8,10,-0.21072103131565253
DE,2024-06-01,0.8,10,-0.21072103131565253
DE,2024-07-01,1,10,0.009950330853168092
DE,2024-08-01,1,10,0.009950330853168092
DE,2024-09-01,1,10,0.009950330853168092
DE,2024-10-01,0.9,10,-0.09431067947124129
DE,2024-11-01,1,10,0.009950330853168092
DE,2024-12-01,1,10,0.009950330853168092
DE,2025-01-01,1.1,10,0.10436001532424286
DE,2025-02-01,1.1,10,0.10436001532424286
DE,2025-03-01,1,10,0.009950330853168092
DC,2008-01-01,1.2,11,0.1906203596086497
DC,2008-02-01,1.2,11,0.1906203596086497
DC,2008-03-01,1.4,11,0.34358970439007686
DC,2008-04-01,1.3,11,0.2700271372130602
DC,2008-05-01,1.3,11,0.2700271372130602
DC,2008-06-01,1.5,11,0.412109650826833
DC,2008-07-01,1.8,11,0.5933268452777344
DC,2008-08-01,2,11,0.6981347220709843
DC,2008-09-01,2.1,11,0.7466879474879751
DC,2008-10-01,2.3,11,0.837247524533702
DC,2008-11-01,2.5,11,0.9202827531436925
DC,2008-12-01,2.7,11,0.9969486348916096
DC,2009-01-01,3,11,1.1019400787607843
DC,2009-02-01,2.8,11,1.0331844833456543
DC,2009-03-01,2.9,11,1.068153081183401
DC,2009-04-01,3,11,1.1019400787607843
DC,2009-05-01,3.2,11,1.1662709371419244
DC,2009-06-01,3.3,11,1.1969481893889715
DC,2009-07-01,3.3,11,1.1969481893889715
DC,2009-08-01,3.3,11,1.1969481893889715
DC,2009-09-01,3.7,11,1.3110318766193438
DC,2009-10-01,4,11,1.3887912413184778
DC,2009-11-01,4.1,11,1.413423028508143
DC,2009-12-01,4.1,11,1.413423028508143
DC,2010-01-01,4.3,11,1.4609379041156563
DC,2010-02-01,4.4,11,1.4838746894587547
DC,2010-03-01,4.4,11,1.4838746894587547
DC,2010-04-01,4.2,11,1.43746264769429
DC,2010-05-01,4.1,11,1.413423028508143
DC,2010-06-01,4,11,1.3887912413184778
DC,2010-07-01,3.8,11,1.3376291891386094
DC,2010-08-01,3.9,11,1.3635373739972743
DC,2010-09-01,3.9,11,1.3635373739972743
DC,2010-10-01,3.7,11,1.3110318766193438
DC,2010-11-01,3.7,11,1.3110318766193438
DC,2010-12-01,3.9,11,1.3635373739972743
DC,2011-01-01,3.8,11,1.3376291891386094
DC,2011-02-01,3.9,11,1.3635373739972743
DC,2011-03-01,3.9,11,1.3635373739972743
DC,2011-04-01,3.7,11,1.3110318766193438
DC,2011-05-01,3.8,11,1.3376291891386094
DC,2011-06-01,3.8,11,1.3376291891386094
DC,2011-07-01,4,11,1.3887912413184778
DC,2011-08-01,4.1,11,1.413423028508143
DC,2011-09-01,4,11,1.3887912413184778
DC,2011-10-01,4,11,1.3887912413184778
DC,2011-11-01,4.1,11,1.413423028508143
DC,2011-12-01,4.1,11,1.413423028508143
DC,2012-01-01,4.3,11,1.4609379041156563
DC,2012-02-01,4.4,11,1.4838746894587547
DC,2012-03-01,4.4,11,1.4838746894587547
DC,2012-04-01,4.4,11,1.4838746894587547
DC,2012-05-01,4.6,11,1.528227857008557
DC,2012-06-01,4.5,11,1.506297153514587
DC,2012-07-01,4.6,11,1.528227857008557
DC,2012-08-01,4.5,11,1.506297153514587
DC,2012-09-01,4.6,11,1.528227857008557
DC,2012-10-01,4.4,11,1.4838746894587547
DC,2012-11-01,4.5,11,1.506297153514587
DC,2012-12-01,4.4,11,1.4838746894587547
DC,2013-01-01,4.4,11,1.4838746894587547
DC,2013-02-01,4.6,11,1.528227857008557
DC,2013-03-01,4.6,11,1.528227857008557
DC,2013-04-01,4.5,11,1.506297153514587
DC,2013-05-01,4.4,11,1.4838746894587547
DC,2013-06-01,4.3,11,1.4609379041156563
DC,2013-07-01,4.1,11,1.413423028508143
DC,2013-08-01,4.1,11,1.413423028508143
DC,2013-09-01,4,11,1.3887912413184778
DC,2013-10-01,4.1,11,1.413423028508143
DC,2013-11-01,4.1,11,1.413423028508143
DC,2013-12-01,4,11,1.3887912413184778
DC,2014-01-01,4.1,11,1.413423028508143
DC,2014-02-01,4.2,11,1.43746264769429
DC,2014-03-01,3.9,11,1.3635373739972743
DC,2014-04-01,3.8,11,1.3376291891386094
DC,2014-05-01,3.8,11,1.3376291891386094
DC,2014-06-01,3.6,11,1.2837077723447896
DC,2014-07-01,3.4,11,1.2267122912954254
DC,2014-08-01,3.4,11,1.2267122912954254
DC,2014-09-01,3.3,11,1.1969481893889715
DC,2014-10-01,3,11,1.1019400787607843
DC,2014-11-01,2.8,11,1.0331844833456543
DC,2014-12-01,2.8,11,1.0331844833456543
DC,2015-01-01,2.8,11,1.0331844833456543
DC,2015-02-01,2.7,11,0.9969486348916096
DC,2015-03-01,2.4,11,0.8796267475025635
DC,2015-04-01,2.4,11,0.8796267475025635
DC,2015-05-01,2.3,11,0.837247524533702
DC,2015-06-01,2.3,11,0.837247524533702
DC,2015-07-01,2.3,11,0.837247524533702
DC,2015-08-01,2.2,11,0.7929925155296614
DC,2015-09-01,2.2,11,0.7929925155296614
DC,2015-10-01,2.2,11,0.7929925155296614
DC,2015-11-01,1.8,11,0.5933268452777344
DC,2015-12-01,1.8,11,0.5933268452777344
DC,2016-01-01,1.9,11,0.6471032420585384
DC,2016-02-01,1.9,11,0.6471032420585384
DC,2016-03-01,1.8,11,0.5933268452777344
DC,2016-04-01,1.8,11,0.5933268452777344
DC,2016-05-01,1.9,11,0.6471032420585384
DC,2016-06-01,1.6,11,0.4762341789963717
DC,2016-07-01,1.6,11,0.4762341789963717
DC,2016-08-01,1.5,11,0.412109650826833
DC,2016-09-01,1.3,11,0.2700271372130602
DC,2016-10-01,1.4,11,0.34358970439007686
DC,2016-11-01,1.4,11,0.34358970439007686
DC,2016-12-01,1.4,11,0.34358970439007686
DC,2017-01-01,1.4,11,0.34358970439007686
DC,2017-02-01,1.4,11,0.34358970439007686
DC,2017-03-01,1.3,11,0.2700271372130602
DC,2017-04-01,1.2,11,0.1906203596086497
DC,2017-05-01,1.2,11,0.1906203596086497
DC,2017-06-01,1.2,11,0.1906203596086497
DC,2017-07-01,1.2,11,0.1906203596086497
DC,2017-08-01,1.3,11,0.2700271372130602
DC,2017-09-01,1.3,11,0.2700271372130602
DC,2017-10-01,1.3,11,0.2700271372130602
DC,2017-11-01,1.3,11,0.2700271372130602
DC,2017-12-01,1.3,11,0.2700271372130602
DC,2018-01-01,1.3,11,0.2700271372130602
DC,2018-02-01,1.3,11,0.2700271372130602
DC,2018-03-01,1.2,11,0.1906203596086497
DC,2018-04-01,1.1,11,0.10436001532424286
DC,2018-05-01,0.9,11,-0.09431067947124129
DC,2018-06-01,1,11,0.009950330853168092
DC,2018-07-01,1.1,11,0.10436001532424286
DC,2018-08-01,1.2,11,0.1906203596086497
DC,2018-09-01,1,11,0.009950330853168092
DC,2018-10-01,1,11,0.009950330853168092
DC,2018-11-01,1,11,0.009950330853168092
DC,2018-12-01,1.1,11,0.10436001532424286
DC,2019-01-01,1,11,0.009950330853168092
DC,2019-02-01,0.9,11,-0.09431067947124129
DC,2019-03-01,0.9,11,-0.09431067947124129
DC,2019-04-01,0.9,11,-0.09431067947124129
DC,2019-05-01,0.8,11,-0.21072103131565253
DC,2019-06-01,0.9,11,-0.09431067947124129
DC,2019-07-01,0.7,11,-0.342490308946776
DC,2019-08-01,0.8,11,-0.21072103131565253
DC,2019-09-01,0.8,11,-0.21072103131565253
DC,2019-10-01,0.9,11,-0.09431067947124129
DC,2019-11-01,1,11,0.009950330853168092
DC,2019-12-01,0.9,11,-0.09431067947124129
DC,2020-01-01,0.9,11,-0.09431067947124129
DC,2020-02-01,0.9,11,-0.09431067947124129
DC,2020-03-01,0.8,11,-0.21072103131565253
DC,2020-04-01,0.6,11,-0.4942963218147801
DC,2020-05-01,0.6,11,-0.4942963218147801
DC,2020-06-01,0.5,11,-0.6733445532637656
DC,2020-07-01,0.5,11,-0.6733445532637656
DC,2020-08-01,0.4,11,-0.8915981192837835
DC,2020-09-01,0.4,11,-0.8915981192837835
DC,2020-10-01,0.3,11,-1.171182981502945
DC,2020-11-01,0.4,11,-0.8915981192837835
DC,2020-12-01,0.4,11,-0.8915981192837835
DC,2021-01-01,0.3,11,-1.171182981502945
DC,2021-02-01,0.5,11,-0.6733445532637656
DC,2021-03-01,0.4,11,-0.8915981192837835
DC,2021-04-01,0.3,11,-1.171182981502945
DC,2021-05-01,0.3,11,-1.171182981502945
DC,2021-06-01,0.3,11,-1.171182981502945
DC,2021-07-01,0.4,11,-0.8915981192837835
DC,2021-08-01,0.4,11,-0.8915981192837835
DC,2021-09-01,0.4,11,-0.8915981192837835
DC,2021-10-01,0.4,11,-0.8915981192837835
DC,2021-11-01,0.4,11,-0.8915981192837835
DC,2021-12-01,0.5,11,-0.6733445532637656
DC,2022-01-01,0.5,11,-0.6733445532637656
DC,2022-02-01,0.4,11,-0.8915981192837835
DC,2022-03-01,0.4,11,-0.8915981192837835
DC,2022-04-01,0.5,11,-0.6733445532637656
DC,2022-05-01,0.3,11,-1.171182981502945
DC,2022-06-01,0.4,11,-0.8915981192837835
DC,2022-07-01,0.4,11,-0.8915981192837835
DC,2022-08-01,0.5,11,-0.6733445532637656
DC,2022-09-01,0.5,11,-0.6733445532637656
DC,2022-10-01,0.5,11,-0.6733445532637656
DC,2022-11-01,0.6,11,-0.4942963218147801
DC,2022-12-01,0.7,11,-0.342490308946776
DC,2023-01-01,0.7,11,-0.342490308946776
DC,2023-02-01,0.8,11,-0.21072103131565253
DC,2023-03-01,0.8,11,-0.21072103131565253
DC,2023-04-01,0.7,11,-0.342490308946776
DC,2023-05-01,0.6,11,-0.4942963218147801
DC,2023-06-01,0.6,11,-0.4942963218147801
DC,2023-07-01,0.6,11,-0.4942963218147801
DC,2023-08-01,0.6,11,-0.4942963218147801
DC,2023-09-01,0.6,11,-0.4942963218147801
DC,2023-10-01,0.8,11,-0.21072103131565253
DC,2023-11-01,0.8,11,-0.21072103131565253
DC,2023-12-01,1,11,0.009950330853168092
DC,2024-01-01,1.2,11,0.1906203596086497
DC,2024-02-01,1.2,11,0.1906203596086497
DC,2024-03-01,1.2,11,0.1906203596086497
DC,2024-04-01,1.2,11,0.1906203596086497
DC,2024-05-01,1.1,11,0.10436001532424286
DC,2024-06-01,1.1,11,0.10436001532424286
DC,2024-07-01,1.1,11,0.10436001532424286
DC,2024-08-01,1.1,11,0.10436001532424286
DC,2024-09-01,1.2,11,0.1906203596086497
DC,2024-10-01,1.2,11,0.1906203596086497
DC,2024-11-01,1.2,11,0.1906203596086497
DC,2024-12-01,1.3,11,0.2700271372130602
DC,2025-01-01,1.3,11,0.2700271372130602
DC,2025-02-01,1.3,11,0.2700271372130602
DC,2025-03-01,1.2,11,0.1906203596086497
FL,2008-01-01,2.5,12,0.9202827531436925
FL,2008-02-01,2.6,12,0.959350221334602
FL,2008-03-01,2.7,12,0.9969486348916096
FL,2008-04-01,2.8,12,1.0331844833456543
FL,2008-05-01,2.9,12,1.068153081183401
FL,2008-06-01,3.1,12,1.1346227261911428
FL,2008-07-01,3.6,12,1.2837077723447896
FL,2008-08-01,3.7,12,1.3110318766193438
FL,2008-09-01,3.8,12,1.3376291891386094
FL,2008-10-01,4.3,12,1.4609379041156563
FL,2008-11-01,4.5,12,1.506297153514587
FL,2008-12-01,5,12,1.6114359150967734
FL,2009-01-01,5.4,12,1.6882490928583902
FL,2009-02-01,5.7,12,1.742219023667919
FL,2009-03-01,6,12,1.7934247485471162
FL,2009-04-01,6.3,12,1.8421356765531218
FL,2009-05-01,6.5,12,1.873339456220478
FL,2009-06-01,6.8,12,1.918392120161421
FL,2009-07-01,7,12,1.9473377010464987
FL,2009-08-01,7.3,12,1.9892432737616872
FL,2009-09-01,8,12,2.080690761080268
FL,2009-10-01,8.4,12,2.1294214739848565
FL,2009-11-01,8.6,12,2.152924318439639
FL,2009-12-01,8.7,12,2.164471790864411
FL,2010-01-01,8.9,12,2.187174241482718
FL,2010-02-01,8.8,12,2.175887439948088
FL,2010-03-01,8.6,12,2.152924318439639
FL,2010-04-01,8.5,12,2.1412419425852827
FL,2010-05-01,8.4,12,2.1294214739848565
FL,2010-06-01,8.2,12,2.105352923464337
FL,2010-07-01,8.1,12,2.0930978681273213
FL,2010-08-01,8,12,2.080690761080268
FL,2010-09-01,7.9,12,2.0681277817795625
FL,2010-10-01,8,12,2.080690761080268
FL,2010-11-01,8.1,12,2.0930978681273213
FL,2010-12-01,8.2,12,2.105352923464337
FL,2011-01-01,8.3,12,2.1174596088673567
FL,2011-02-01,8.2,12,2.105352923464337
FL,2011-03-01,8.3,12,2.1174596088673567
FL,2011-04-01,8.3,12,2.1174596088673567
FL,2011-05-01,8.4,12,2.1294214739848565
FL,2011-06-01,8.2,12,2.105352923464337
FL,2011-07-01,8.2,12,2.105352923464337
FL,2011-08-01,8.4,12,2.1294214739848565
FL,2011-09-01,8.6,12,2.152924318439639
FL,2011-10-01,8.6,12,2.152924318439639
FL,2011-11-01,8.7,12,2.164471790864411
FL,2011-12-01,8.5,12,2.1412419425852827
FL,2012-01-01,8.6,12,2.152924318439639
FL,2012-02-01,8.5,12,2.1412419425852827
FL,2012-03-01,8.4,12,2.1294214739848565
FL,2012-04-01,8.4,12,2.1294214739848565
FL,2012-05-01,8.4,12,2.1294214739848565
FL,2012-06-01,8.4,12,2.1294214739848565
FL,2012-07-01,8.1,12,2.0930978681273213
FL,2012-08-01,7.9,12,2.0681277817795625
FL,2012-09-01,7.8,12,2.0554049638515948
FL,2012-10-01,7.6,12,2.0294631718735943
FL,2012-11-01,7.4,12,2.0028304393079956
FL,2012-12-01,7.2,12,1.9754689512968577
FL,2013-01-01,7,12,1.9473377010464987
FL,2013-02-01,6.9,12,1.9329696377795786
FL,2013-03-01,6.7,12,1.9035989509835904
FL,2013-04-01,6.7,12,1.9035989509835904
FL,2013-05-01,6.4,12,1.8578592709325787
FL,2013-06-01,6.1,12,1.8099267731835038
FL,2013-07-01,5.3,12,1.6695918352538475
FL,2013-08-01,5.1,12,1.631199404215613
FL,2013-09-01,5,12,1.6114359150967734
FL,2013-10-01,4.8,12,1.5706970841176697
FL,2013-11-01,4.8,12,1.5706970841176697
FL,2013-12-01,4.8,12,1.5706970841176697
FL,2014-01-01,4.7,12,1.5496879080283263
FL,2014-02-01,4.5,12,1.506297153514587
FL,2014-03-01,4.2,12,1.43746264769429
FL,2014-04-01,4.1,12,1.413423028508143
FL,2014-05-01,4.1,12,1.413423028508143
FL,2014-06-01,4,12,1.3887912413184778
FL,2014-07-01,3.9,12,1.3635373739972743
FL,2014-08-01,3.9,12,1.3635373739972743
FL,2014-09-01,3.8,12,1.3376291891386094
FL,2014-10-01,3.6,12,1.2837077723447896
FL,2014-11-01,3.6,12,1.2837077723447896
FL,2014-12-01,3.6,12,1.2837077723447896
FL,2015-01-01,3.5,12,1.2556160374777743
FL,2015-02-01,3.3,12,1.1969481893889715
FL,2015-03-01,3.2,12,1.1662709371419244
FL,2015-04-01,3,12,1.1019400787607843
FL,2015-05-01,2.9,12,1.068153081183401
FL,2015-06-01,2.8,12,1.0331844833456543
FL,2015-07-01,2.7,12,0.9969486348916096
FL,2015-08-01,2.6,12,0.959350221334602
FL,2015-09-01,2.5,12,0.9202827531436925
FL,2015-10-01,2.4,12,0.8796267475025635
FL,2015-11-01,2.3,12,0.837247524533702
FL,2015-12-01,2.3,12,0.837247524533702
FL,2016-01-01,2.2,12,0.7929925155296614
FL,2016-02-01,2.4,12,0.8796267475025635
FL,2016-03-01,2.1,12,0.7466879474879751
FL,2016-04-01,2,12,0.6981347220709843
FL,2016-05-01,2,12,0.6981347220709843
FL,2016-06-01,1.8,12,0.5933268452777344
FL,2016-07-01,1.8,12,0.5933268452777344
FL,2016-08-01,1.8,12,0.5933268452777344
FL,2016-09-01,1.7,12,0.5364933705145685
FL,2016-10-01,1.7,12,0.5364933705145685
FL,2016-11-01,1.7,12,0.5364933705145685
FL,2016-12-01,1.7,12,0.5364933705145685
FL,2017-01-01,1.7,12,0.5364933705145685
FL,2017-02-01,1.6,12,0.4762341789963717
FL,2017-03-01,1.6,12,0.4762341789963717
FL,2017-04-01,1.5,12,0.412109650826833
FL,2017-05-01,1.4,12,0.34358970439007686
FL,2017-06-01,1.4,12,0.34358970439007686
FL,2017-07-01,1.3,12,0.2700271372130602
FL,2017-08-01,1.3,12,0.2700271372130602
FL,2017-09-01,1.2,12,0.1906203596086497
FL,2017-10-01,1.1,12,0.10436001532424286
FL,2017-11-01,1,12,0.009950330853168092
FL,2017-12-01,1,12,0.009950330853168092
FL,2018-01-01,1.1,12,0.10436001532424286
FL,2018-02-01,1.2,12,0.1906203596086497
FL,2018-03-01,1.2,12,0.1906203596086497
FL,2018-04-01,1.2,12,0.1906203596086497
FL,2018-05-01,1.3,12,0.2700271372130602
FL,2018-06-01,1.3,12,0.2700271372130602
FL,2018-07-01,1.3,12,0.2700271372130602
FL,2018-08-01,1.2,12,0.1906203596086497
FL,2018-09-01,1.2,12,0.1906203596086497
FL,2018-10-01,1.2,12,0.1906203596086497
FL,2018-11-01,1.1,12,0.10436001532424286
FL,2018-12-01,1.2,12,0.1906203596086497
FL,2019-01-01,1.2,12,0.1906203596086497
FL,2019-02-01,1.1,12,0.10436001532424286
FL,2019-03-01,1.1,12,0.10436001532424286
FL,2019-04-01,1,12,0.009950330853168092
FL,2019-05-01,0.9,12,-0.09431067947124129
FL,2019-06-01,0.9,12,-0.09431067947124129
FL,2019-07-01,0.9,12,-0.09431067947124129
FL,2019-08-01,1,12,0.009950330853168092
FL,2019-09-01,1,12,0.009950330853168092
FL,2019-10-01,1,12,0.009950330853168092
FL,2019-11-01,1,12,0.009950330853168092
FL,2019-12-01,1,12,0.009950330853168092
FL,2020-01-01,1,12,0.009950330853168092
FL,2020-02-01,1,12,0.009950330853168092
FL,2020-03-01,0.9,12,-0.09431067947124129
FL,2020-04-01,0.9,12,-0.09431067947124129
FL,2020-05-01,0.8,12,-0.21072103131565253
FL,2020-06-01,0.8,12,-0.21072103131565253
FL,2020-07-01,0.8,12,-0.21072103131565253
FL,2020-08-01,0.7,12,-0.342490308946776
FL,2020-09-01,0.7,12,-0.342490308946776
FL,2020-10-01,0.7,12,-0.342490308946776
FL,2020-11-01,0.7,12,-0.342490308946776
FL,2020-12-01,0.7,12,-0.342490308946776
FL,2021-01-01,0.7,12,-0.342490308946776
FL,2021-02-01,0.7,12,-0.342490308946776
FL,2021-03-01,0.6,12,-0.4942963218147801
FL,2021-04-01,0.6,12,-0.4942963218147801
FL,2021-05-01,0.6,12,-0.4942963218147801
FL,2021-06-01,0.5,12,-0.6733445532637656
FL,2021-07-01,0.6,12,-0.4942963218147801
FL,2021-08-01,0.6,12,-0.4942963218147801
FL,2021-09-01,0.6,12,-0.4942963218147801
FL,2021-10-01,0.6,12,-0.4942963218147801
FL,2021-11-01,0.6,12,-0.4942963218147801
FL,2021-12-01,0.6,12,-0.4942963218147801
FL,2022-01-01,0.6,12,-0.4942963218147801
FL,2022-02-01,0.6,12,-0.4942963218147801
FL,2022-03-01,0.5,12,-0.6733445532637656
FL,2022-04-01,0.5,12,-0.6733445532637656
FL,2022-05-01,0.5,12,-0.6733445532637656
FL,2022-06-01,0.5,12,-0.6733445532637656
FL,2022-07-01,0.5,12,-0.6733445532637656
FL,2022-08-01,0.5,12,-0.6733445532637656
FL,2022-09-01,0.5,12,-0.6733445532637656
FL,2022-10-01,0.5,12,-0.6733445532637656
FL,2022-11-01,0.5,12,-0.6733445532637656
FL,2022-12-01,0.5,12,-0.6733445532637656
FL,2023-01-01,0.6,12,-0.4942963218147801
FL,2023-02-01,0.6,12,-0.4942963218147801
FL,2023-03-01,0.6,12,-0.4942963218147801
FL,2023-04-01,0.6,12,-0.4942963218147801
FL,2023-05-01,0.6,12,-0.4942963218147801
FL,2023-06-01,0.6,12,-0.4942963218147801
FL,2023-07-01,0.6,12,-0.4942963218147801
FL,2023-08-01,0.6,12,-0.4942963218147801
FL,2023-09-01,0.6,12,-0.4942963218147801
FL,2023-10-01,0.6,12,-0.4942963218147801
FL,2023-11-01,0.6,12,-0.4942963218147801
FL,2023-12-01,0.7,12,-0.342490308946776
FL,2024-01-01,0.8,12,-0.21072103131565253
FL,2024-02-01,0.8,12,-0.21072103131565253
FL,2024-03-01,0.8,12,-0.21072103131565253
FL,2024-04-01,0.7,12,-0.342490308946776
FL,2024-05-01,0.7,12,-0.342490308946776
FL,2024-06-01,0.7,12,-0.342490308946776
FL,2024-07-01,0.8,12,-0.21072103131565253
FL,2024-08-01,0.8,12,-0.21072103131565253
FL,2024-09-01,0.9,12,-0.09431067947124129
FL,2024-10-01,0.8,12,-0.21072103131565253
FL,2024-11-01,0.8,12,-0.21072103131565253
FL,2024-12-01,0.8,12,-0.21072103131565253
FL,2025-01-01,0.9,12,-0.09431067947124129
FL,2025-02-01,1,12,0.009950330853168092
FL,2025-03-01,1,12,0.009950330853168092
GA,2008-01-01,2.1,13,0.7466879474879751
GA,2008-02-01,2,13,0.6981347220709843
GA,2008-03-01,2.1,13,0.7466879474879751
GA,2008-04-01,2.1,13,0.7466879474879751
GA,2008-05-01,2.1,13,0.7466879474879751
GA,2008-06-01,2.1,13,0.7466879474879751
GA,2008-07-01,2.3,13,0.837247524533702
GA,2008-08-01,2.3,13,0.837247524533702
GA,2008-09-01,2.4,13,0.8796267475025635
GA,2008-10-01,2.6,13,0.959350221334602
GA,2008-11-01,2.8,13,1.0331844833456543
GA,2008-12-01,3.1,13,1.1346227261911428
GA,2009-01-01,3.4,13,1.2267122912954254
GA,2009-02-01,3.5,13,1.2556160374777743
GA,2009-03-01,3.6,13,1.2837077723447896
GA,2009-04-01,3.8,13,1.3376291891386094
GA,2009-05-01,4,13,1.3887912413184778
GA,2009-06-01,4.2,13,1.43746264769429
GA,2009-07-01,4.5,13,1.506297153514587
GA,2009-08-01,4.7,13,1.5496879080283263
GA,2009-09-01,5,13,1.6114359150967734
GA,2009-10-01,5.4,13,1.6882490928583902
GA,2009-11-01,5.6,13,1.7245507195346048
GA,2009-12-01,5.8,13,1.7595805708638197
GA,2010-01-01,5.9,13,1.776645831418007
GA,2010-02-01,6,13,1.7934247485471162
GA,2010-03-01,5.8,13,1.7595805708638197
GA,2010-04-01,5.5,13,1.706564623164823
GA,2010-05-01,5.5,13,1.706564623164823
GA,2010-06-01,5.4,13,1.6882490928583902
GA,2010-07-01,5.3,13,1.6695918352538475
GA,2010-08-01,5.1,13,1.631199404215613
GA,2010-09-01,5.1,13,1.631199404215613
GA,2010-10-01,5,13,1.6114359150967734
GA,2010-11-01,4.8,13,1.5706970841176697
GA,2010-12-01,4.9,13,1.5912739418064292
GA,2011-01-01,4.8,13,1.5706970841176697
GA,2011-02-01,4.6,13,1.528227857008557
GA,2011-03-01,4.6,13,1.528227857008557
GA,2011-04-01,4.4,13,1.4838746894587547
GA,2011-05-01,4.4,13,1.4838746894587547
GA,2011-06-01,4.3,13,1.4609379041156563
GA,2011-07-01,4.2,13,1.43746264769429
GA,2011-08-01,4.2,13,1.43746264769429
GA,2011-09-01,4.2,13,1.43746264769429
GA,2011-10-01,4.3,13,1.4609379041156563
GA,2011-11-01,4.4,13,1.4838746894587547
GA,2011-12-01,4.4,13,1.4838746894587547
GA,2012-01-01,4.5,13,1.506297153514587
GA,2012-02-01,4.4,13,1.4838746894587547
GA,2012-03-01,4.2,13,1.43746264769429
GA,2012-04-01,4.1,13,1.413423028508143
GA,2012-05-01,4.2,13,1.43746264769429
GA,2012-06-01,4.1,13,1.413423028508143
GA,2012-07-01,4.1,13,1.413423028508143
GA,2012-08-01,3.9,13,1.3635373739972743
GA,2012-09-01,3.9,13,1.3635373739972743
GA,2012-10-01,3.9,13,1.3635373739972743
GA,2012-11-01,3.9,13,1.3635373739972743
GA,2012-12-01,3.8,13,1.3376291891386094
GA,2013-01-01,3.8,13,1.3376291891386094
GA,2013-02-01,3.7,13,1.3110318766193438
GA,2013-03-01,3.7,13,1.3110318766193438
GA,2013-04-01,3.4,13,1.2267122912954254
GA,2013-05-01,3.3,13,1.1969481893889715
GA,2013-06-01,3.1,13,1.1346227261911428
GA,2013-07-01,3,13,1.1019400787607843
GA,2013-08-01,2.9,13,1.068153081183401
GA,2013-09-01,2.8,13,1.0331844833456543
GA,2013-10-01,2.8,13,1.0331844833456543
GA,2013-11-01,2.8,13,1.0331844833456543
GA,2013-12-01,2.9,13,1.068153081183401
GA,2014-01-01,2.8,13,1.0331844833456543
GA,2014-02-01,2.7,13,0.9969486348916096
GA,2014-03-01,2.6,13,0.959350221334602
GA,2014-04-01,2.5,13,0.9202827531436925
GA,2014-05-01,2.5,13,0.9202827531436925
GA,2014-06-01,2.4,13,0.8796267475025635
GA,2014-07-01,2.4,13,0.8796267475025635
GA,2014-08-01,2.4,13,0.8796267475025635
GA,2014-09-01,2.3,13,0.837247524533702
GA,2014-10-01,2.3,13,0.837247524533702
GA,2014-11-01,2.3,13,0.837247524533702
GA,2014-12-01,2.3,13,0.837247524533702
GA,2015-01-01,2.3,13,0.837247524533702
GA,2015-02-01,2.2,13,0.7929925155296614
GA,2015-03-01,2,13,0.6981347220709843
GA,2015-04-01,1.9,13,0.6471032420585384
GA,2015-05-01,1.9,13,0.6471032420585384
GA,2015-06-01,1.9,13,0.6471032420585384
GA,2015-07-01,1.8,13,0.5933268452777344
GA,2015-08-01,1.8,13,0.5933268452777344
GA,2015-09-01,1.8,13,0.5933268452777344
GA,2015-10-01,1.7,13,0.5364933705145685
GA,2015-11-01,1.7,13,0.5364933705145685
GA,2015-12-01,1.7,13,0.5364933705145685
GA,2016-01-01,1.7,13,0.5364933705145685
GA,2016-02-01,1.8,13,0.5933268452777344
GA,2016-03-01,1.6,13,0.4762341789963717
GA,2016-04-01,1.5,13,0.412109650826833
GA,2016-05-01,1.5,13,0.412109650826833
GA,2016-06-01,1.4,13,0.34358970439007686
GA,2016-07-01,1.4,13,0.34358970439007686
GA,2016-08-01,1.4,13,0.34358970439007686
GA,2016-09-01,1.4,13,0.34358970439007686
GA,2016-10-01,1.4,13,0.34358970439007686
GA,2016-11-01,1.4,13,0.34358970439007686
GA,2016-12-01,1.4,13,0.34358970439007686
GA,2017-01-01,1.4,13,0.34358970439007686
GA,2017-02-01,1.4,13,0.34358970439007686
GA,2017-03-01,1.3,13,0.2700271372130602
GA,2017-04-01,1.2,13,0.1906203596086497
GA,2017-05-01,1.2,13,0.1906203596086497
GA,2017-06-01,1.2,13,0.1906203596086497
GA,2017-07-01,1.2,13,0.1906203596086497
GA,2017-08-01,1.2,13,0.1906203596086497
GA,2017-09-01,1.2,13,0.1906203596086497
GA,2017-10-01,1.1,13,0.10436001532424286
GA,2017-11-01,1.1,13,0.10436001532424286
GA,2017-12-01,1.1,13,0.10436001532424286
GA,2018-01-01,1.2,13,0.1906203596086497
GA,2018-02-01,1.2,13,0.1906203596086497
GA,2018-03-01,1,13,0.009950330853168092
GA,2018-04-01,1,13,0.009950330853168092
GA,2018-05-01,0.9,13,-0.09431067947124129
GA,2018-06-01,1,13,0.009950330853168092
GA,2018-07-01,1,13,0.009950330853168092
GA,2018-08-01,1,13,0.009950330853168092
GA,2018-09-01,1,13,0.009950330853168092
GA,2018-10-01,1,13,0.009950330853168092
GA,2018-11-01,1,13,0.009950330853168092
GA,2018-12-01,1,13,0.009950330853168092
GA,2019-01-01,1,13,0.009950330853168092
GA,2019-02-01,1,13,0.009950330853168092
GA,2019-03-01,0.9,13,-0.09431067947124129
GA,2019-04-01,0.8,13,-0.21072103131565253
GA,2019-05-01,0.9,13,-0.09431067947124129
GA,2019-06-01,0.8,13,-0.21072103131565253
GA,2019-07-01,0.8,13,-0.21072103131565253
GA,2019-08-01,0.9,13,-0.09431067947124129
GA,2019-09-01,0.9,13,-0.09431067947124129
GA,2019-10-01,0.9,13,-0.09431067947124129
GA,2019-11-01,1,13,0.009950330853168092
GA,2019-12-01,1,13,0.009950330853168092
GA,2020-01-01,1,13,0.009950330853168092
GA,2020-02-01,1,13,0.009950330853168092
GA,2020-03-01,0.9,13,-0.09431067947124129
GA,2020-04-01,0.8,13,-0.21072103131565253
GA,2020-05-01,0.8,13,-0.21072103131565253
GA,2020-06-01,0.7,13,-0.342490308946776
GA,2020-07-01,0.7,13,-0.342490308946776
GA,2020-08-01,0.7,13,-0.342490308946776
GA,2020-09-01,0.7,13,-0.342490308946776
GA,2020-10-01,0.6,13,-0.4942963218147801
GA,2020-11-01,0.6,13,-0.4942963218147801
GA,2020-12-01,0.6,13,-0.4942963218147801
GA,2021-01-01,0.6,13,-0.4942963218147801
GA,2021-02-01,0.6,13,-0.4942963218147801
GA,2021-03-01,0.6,13,-0.4942963218147801
GA,2021-04-01,0.5,13,-0.6733445532637656
GA,2021-05-01,0.5,13,-0.6733445532637656
GA,2021-06-01,0.5,13,-0.6733445532637656
GA,2021-07-01,0.5,13,-0.6733445532637656
GA,2021-08-01,0.5,13,-0.6733445532637656
GA,2021-09-01,0.5,13,-0.6733445532637656
GA,2021-10-01,0.6,13,-0.4942963218147801
GA,2021-11-01,0.6,13,-0.4942963218147801
GA,2021-12-01,0.6,13,-0.4942963218147801
GA,2022-01-01,0.6,13,-0.4942963218147801
GA,2022-02-01,0.6,13,-0.4942963218147801
GA,2022-03-01,0.5,13,-0.6733445532637656
GA,2022-04-01,0.7,13,-0.342490308946776
GA,2022-05-01,0.5,13,-0.6733445532637656
GA,2022-06-01,0.5,13,-0.6733445532637656
GA,2022-07-01,0.4,13,-0.8915981192837835
GA,2022-08-01,0.5,13,-0.6733445532637656
GA,2022-09-01,0.5,13,-0.6733445532637656
GA,2022-10-01,0.5,13,-0.6733445532637656
GA,2022-11-01,0.6,13,-0.4942963218147801
GA,2022-12-01,0.6,13,-0.4942963218147801
GA,2023-01-01,0.7,13,-0.342490308946776
GA,2023-02-01,0.6,13,-0.4942963218147801
GA,2023-03-01,0.6,13,-0.4942963218147801
GA,2023-04-01,0.6,13,-0.4942963218147801
GA,2023-05-01,0.6,13,-0.4942963218147801
GA,2023-06-01,0.6,13,-0.4942963218147801
GA,2023-07-01,0.6,13,-0.4942963218147801
GA,2023-08-01,0.7,13,-0.342490308946776
GA,2023-09-01,0.7,13,-0.342490308946776
GA,2023-10-01,0.7,13,-0.342490308946776
GA,2023-11-01,0.7,13,-0.342490308946776
GA,2023-12-01,0.8,13,-0.21072103131565253
GA,2024-01-01,0.8,13,-0.21072103131565253
GA,2024-02-01,0.8,13,-0.21072103131565253
GA,2024-03-01,0.8,13,-0.21072103131565253
GA,2024-04-01,0.8,13,-0.21072103131565253
GA,2024-05-01,0.8,13,-0.21072103131565253
GA,2024-06-01,0.8,13,-0.21072103131565253
GA,2024-07-01,0.9,13,-0.09431067947124129
GA,2024-08-01,0.9,13,-0.09431067947124129
GA,2024-09-01,0.9,13,-0.09431067947124129
GA,2024-10-01,0.9,13,-0.09431067947124129
GA,2024-11-01,0.9,13,-0.09431067947124129
GA,2024-12-01,1,13,0.009950330853168092
GA,2025-01-01,1.1,13,0.10436001532424286
GA,2025-02-01,1.1,13,0.10436001532424286
GA,2025-03-01,1,13,0.009950330853168092
HI,2008-01-01,0.8,15,-0.21072103131565253
HI,2008-02-01,0.9,15,-0.09431067947124129
HI,2008-03-01,1,15,0.009950330853168092
HI,2008-04-01,1.1,15,0.10436001532424286
HI,2008-05-01,1.1,15,0.10436001532424286
HI,2008-06-01,1.1,15,0.10436001532424286
HI,2008-07-01,1.3,15,0.2700271372130602
HI,2008-08-01,1.4,15,0.34358970439007686
HI,2008-09-01,1.5,15,0.412109650826833
HI,2008-10-01,1.6,15,0.4762341789963717
HI,2008-11-01,1.6,15,0.4762341789963717
HI,2008-12-01,1.9,15,0.6471032420585384
HI,2009-01-01,2.3,15,0.837247524533702
HI,2009-02-01,2.6,15,0.959350221334602
HI,2009-03-01,2.8,15,1.0331844833456543
HI,2009-04-01,3,15,1.1019400787607843
HI,2009-05-01,3.3,15,1.1969481893889715
HI,2009-06-01,3.5,15,1.2556160374777743
HI,2009-07-01,3.6,15,1.2837077723447896
HI,2009-08-01,3.8,15,1.3376291891386094
HI,2009-09-01,3.9,15,1.3635373739972743
HI,2009-10-01,4,15,1.3887912413184778
HI,2009-11-01,4.1,15,1.413423028508143
HI,2009-12-01,4.1,15,1.413423028508143
HI,2010-01-01,4.2,15,1.43746264769429
HI,2010-02-01,4.2,15,1.43746264769429
HI,2010-03-01,4.2,15,1.43746264769429
HI,2010-04-01,4.2,15,1.43746264769429
HI,2010-05-01,4.1,15,1.413423028508143
HI,2010-06-01,4.1,15,1.413423028508143
HI,2010-07-01,4,15,1.3887912413184778
HI,2010-08-01,3.9,15,1.3635373739972743
HI,2010-09-01,3.8,15,1.3376291891386094
HI,2010-10-01,3.7,15,1.3110318766193438
HI,2010-11-01,3.7,15,1.3110318766193438
HI,2010-12-01,3.7,15,1.3110318766193438
HI,2011-01-01,3.6,15,1.2837077723447896
HI,2011-02-01,3.4,15,1.2267122912954254
HI,2011-03-01,3.4,15,1.2267122912954254
HI,2011-04-01,3.4,15,1.2267122912954254
HI,2011-05-01,3.4,15,1.2267122912954254
HI,2011-06-01,3.5,15,1.2556160374777743
HI,2011-07-01,3.5,15,1.2556160374777743
HI,2011-08-01,3.7,15,1.3110318766193438
HI,2011-09-01,3.8,15,1.3376291891386094
HI,2011-10-01,3.8,15,1.3376291891386094
HI,2011-11-01,3.8,15,1.3376291891386094
HI,2011-12-01,3.6,15,1.2837077723447896
HI,2012-01-01,3.7,15,1.3110318766193438
HI,2012-02-01,3.7,15,1.3110318766193438
HI,2012-03-01,3.9,15,1.3635373739972743
HI,2012-04-01,3.8,15,1.3376291891386094
HI,2012-05-01,3.8,15,1.3376291891386094
HI,2012-06-01,3.7,15,1.3110318766193438
HI,2012-07-01,3.5,15,1.2556160374777743
HI,2012-08-01,3.5,15,1.2556160374777743
HI,2012-09-01,3.4,15,1.2267122912954254
HI,2012-10-01,3.4,15,1.2267122912954254
HI,2012-11-01,3.3,15,1.1969481893889715
HI,2012-12-01,3.2,15,1.1662709371419244
HI,2013-01-01,3.1,15,1.1346227261911428
HI,2013-02-01,3,15,1.1019400787607843
HI,2013-03-01,3.1,15,1.1346227261911428
HI,2013-04-01,3.2,15,1.1662709371419244
HI,2013-05-01,3,15,1.1019400787607843
HI,2013-06-01,2.9,15,1.068153081183401
HI,2013-07-01,2.5,15,0.9202827531436925
HI,2013-08-01,2.3,15,0.837247524533702
HI,2013-09-01,2.4,15,0.8796267475025635
HI,2013-10-01,2.3,15,0.837247524533702
HI,2013-11-01,2.3,15,0.837247524533702
HI,2013-12-01,2.4,15,0.8796267475025635
HI,2014-01-01,2.4,15,0.8796267475025635
HI,2014-02-01,2.3,15,0.837247524533702
HI,2014-03-01,2.2,15,0.7929925155296614
HI,2014-04-01,2.1,15,0.7466879474879751
HI,2014-05-01,2.2,15,0.7929925155296614
HI,2014-06-01,2.3,15,0.837247524533702
HI,2014-07-01,2.2,15,0.7929925155296614
HI,2014-08-01,2.3,15,0.837247524533702
HI,2014-09-01,2.3,15,0.837247524533702
HI,2014-10-01,2.2,15,0.7929925155296614
HI,2014-11-01,2.2,15,0.7929925155296614
HI,2014-12-01,2.1,15,0.7466879474879751
HI,2015-01-01,2,15,0.6981347220709843
HI,2015-02-01,2,15,0.6981347220709843
HI,2015-03-01,2,15,0.6981347220709843
HI,2015-04-01,1.9,15,0.6471032420585384
HI,2015-05-01,1.8,15,0.5933268452777344
HI,2015-06-01,1.7,15,0.5364933705145685
HI,2015-07-01,1.6,15,0.4762341789963717
HI,2015-08-01,1.5,15,0.412109650826833
HI,2015-09-01,1.5,15,0.412109650826833
HI,2015-10-01,1.5,15,0.412109650826833
HI,2015-11-01,1.5,15,0.412109650826833
HI,2015-12-01,1.4,15,0.34358970439007686
HI,2016-01-01,1.3,15,0.2700271372130602
HI,2016-02-01,1.4,15,0.34358970439007686
HI,2016-03-01,1.3,15,0.2700271372130602
HI,2016-04-01,1.2,15,0.1906203596086497
HI,2016-05-01,1.2,15,0.1906203596086497
HI,2016-06-01,1.1,15,0.10436001532424286
HI,2016-07-01,1.1,15,0.10436001532424286
HI,2016-08-01,1.2,15,0.1906203596086497
HI,2016-09-01,1.2,15,0.1906203596086497
HI,2016-10-01,1.2,15,0.1906203596086497
HI,2016-11-01,1.3,15,0.2700271372130602
HI,2016-12-01,1.2,15,0.1906203596086497
HI,2017-01-01,1.1,15,0.10436001532424286
HI,2017-02-01,1.2,15,0.1906203596086497
HI,2017-03-01,1,15,0.009950330853168092
HI,2017-04-01,1,15,0.009950330853168092
HI,2017-05-01,0.9,15,-0.09431067947124129
HI,2017-06-01,1.1,15,0.10436001532424286
HI,2017-07-01,1,15,0.009950330853168092
HI,2017-08-01,1,15,0.009950330853168092
HI,2017-09-01,1,15,0.009950330853168092
HI,2017-10-01,1,15,0.009950330853168092
HI,2017-11-01,1,15,0.009950330853168092
HI,2017-12-01,1,15,0.009950330853168092
HI,2018-01-01,1.1,15,0.10436001532424286
HI,2018-02-01,1,15,0.009950330853168092
HI,2018-03-01,1.1,15,0.10436001532424286
HI,2018-04-01,1,15,0.009950330853168092
HI,2018-05-01,0.9,15,-0.09431067947124129
HI,2018-06-01,0.9,15,-0.09431067947124129
HI,2018-07-01,0.9,15,-0.09431067947124129
HI,2018-08-01,1,15,0.009950330853168092
HI,2018-09-01,0.9,15,-0.09431067947124129
HI,2018-10-01,0.9,15,-0.09431067947124129
HI,2018-11-01,0.9,15,-0.09431067947124129
HI,2018-12-01,0.8,15,-0.21072103131565253
HI,2019-01-01,0.8,15,-0.21072103131565253
HI,2019-02-01,0.8,15,-0.21072103131565253
HI,2019-03-01,0.8,15,-0.21072103131565253
HI,2019-04-01,0.8,15,-0.21072103131565253
HI,2019-05-01,0.7,15,-0.342490308946776
HI,2019-06-01,0.8,15,-0.21072103131565253
HI,2019-07-01,0.7,15,-0.342490308946776
HI,2019-08-01,0.6,15,-0.4942963218147801
HI,2019-09-01,0.7,15,-0.342490308946776
HI,2019-10-01,0.7,15,-0.342490308946776
HI,2019-11-01,0.8,15,-0.21072103131565253
HI,2019-12-01,0.7,15,-0.342490308946776
HI,2020-01-01,0.8,15,-0.21072103131565253
HI,2020-02-01,0.7,15,-0.342490308946776
HI,2020-03-01,0.6,15,-0.4942963218147801
HI,2020-04-01,0.7,15,-0.342490308946776
HI,2020-05-01,0.6,15,-0.4942963218147801
HI,2020-06-01,0.6,15,-0.4942963218147801
HI,2020-07-01,0.6,15,-0.4942963218147801
HI,2020-08-01,0.6,15,-0.4942963218147801
HI,2020-09-01,0.6,15,-0.4942963218147801
HI,2020-10-01,0.6,15,-0.4942963218147801
HI,2020-11-01,0.6,15,-0.4942963218147801
HI,2020-12-01,0.6,15,-0.4942963218147801
HI,2021-01-01,0.5,15,-0.6733445532637656
HI,2021-02-01,0.5,15,-0.6733445532637656
HI,2021-03-01,0.5,15,-0.6733445532637656
HI,2021-04-01,0.5,15,-0.6733445532637656
HI,2021-05-01,0.5,15,-0.6733445532637656
HI,2021-06-01,0.5,15,-0.6733445532637656
HI,2021-07-01,0.5,15,-0.6733445532637656
HI,2021-08-01,0.5,15,-0.6733445532637656
HI,2021-09-01,0.5,15,-0.6733445532637656
HI,2021-10-01,0.4,15,-0.8915981192837835
HI,2021-11-01,0.4,15,-0.8915981192837835
HI,2021-12-01,0.4,15,-0.8915981192837835
HI,2022-01-01,0.4,15,-0.8915981192837835
HI,2022-02-01,0.5,15,-0.6733445532637656
HI,2022-03-01,0.5,15,-0.6733445532637656
HI,2022-04-01,0.5,15,-0.6733445532637656
HI,2022-05-01,0.5,15,-0.6733445532637656
HI,2022-06-01,0.5,15,-0.6733445532637656
HI,2022-07-01,0.5,15,-0.6733445532637656
HI,2022-08-01,0.5,15,-0.6733445532637656
HI,2022-09-01,0.5,15,-0.6733445532637656
HI,2022-10-01,0.5,15,-0.6733445532637656
HI,2022-11-01,0.4,15,-0.8915981192837835
HI,2022-12-01,0.4,15,-0.8915981192837835
HI,2023-01-01,0.5,15,-0.6733445532637656
HI,2023-02-01,0.5,15,-0.6733445532637656
HI,2023-03-01,0.5,15,-0.6733445532637656
HI,2023-04-01,0.5,15,-0.6733445532637656
HI,2023-05-01,0.5,15,-0.6733445532637656
HI,2023-06-01,0.6,15,-0.4942963218147801
HI,2023-07-01,0.6,15,-0.4942963218147801
HI,2023-08-01,0.6,15,-0.4942963218147801
HI,2023-09-01,0.6,15,-0.4942963218147801
HI,2023-10-01,0.6,15,-0.4942963218147801
HI,2023-11-01,0.7,15,-0.342490308946776
HI,2023-12-01,0.7,15,-0.342490308946776
HI,2024-01-01,0.6,15,-0.4942963218147801
HI,2024-02-01,0.6,15,-0.4942963218147801
HI,2024-03-01,0.6,15,-0.4942963218147801
HI,2024-04-01,0.5,15,-0.6733445532637656
HI,2024-05-01,0.5,15,-0.6733445532637656
HI,2024-06-01,0.6,15,-0.4942963218147801
HI,2024-07-01,0.7,15,-0.342490308946776
HI,2024-08-01,0.6,15,-0.4942963218147801
HI,2024-09-01,0.7,15,-0.342490308946776
HI,2024-10-01,0.7,15,-0.342490308946776
HI,2024-11-01,0.6,15,-0.4942963218147801
HI,2024-12-01,0.7,15,-0.342490308946776
HI,2025-01-01,0.8,15,-0.21072103131565253
HI,2025-02-01,0.8,15,-0.21072103131565253
HI,2025-03-01,0.7,15,-0.342490308946776
ID,2008-01-01,0.7,16,-0.342490308946776
ID,2008-02-01,0.8,16,-0.21072103131565253
ID,2008-03-01,0.9,16,-0.09431067947124129
ID,2008-04-01,0.8,16,-0.21072103131565253
ID,2008-05-01,0.9,16,-0.09431067947124129
ID,2008-06-01,0.9,16,-0.09431067947124129
ID,2008-07-01,1.1,16,0.10436001532424286
ID,2008-08-01,1,16,0.009950330853168092
ID,2008-09-01,1.1,16,0.10436001532424286
ID,2008-10-01,1.3,16,0.2700271372130602
ID,2008-11-01,1.4,16,0.34358970439007686
ID,2008-12-01,1.6,16,0.4762341789963717
ID,2009-01-01,1.8,16,0.5933268452777344
ID,2009-02-01,1.9,16,0.6471032420585384
ID,2009-03-01,2.1,16,0.7466879474879751
ID,2009-04-01,2.3,16,0.837247524533702
ID,2009-05-01,2.4,16,0.8796267475025635
ID,2009-06-01,2.7,16,0.9969486348916096
ID,2009-07-01,2.9,16,1.068153081183401
ID,2009-08-01,3,16,1.1019400787607843
ID,2009-09-01,3.2,16,1.1662709371419244
ID,2009-10-01,3.5,16,1.2556160374777743
ID,2009-11-01,3.5,16,1.2556160374777743
ID,2009-12-01,3.5,16,1.2556160374777743
ID,2010-01-01,3.5,16,1.2556160374777743
ID,2010-02-01,3.7,16,1.3110318766193438
ID,2010-03-01,3.5,16,1.2556160374777743
ID,2010-04-01,3.4,16,1.2267122912954254
ID,2010-05-01,3.3,16,1.1969481893889715
ID,2010-06-01,3,16,1.1019400787607843
ID,2010-07-01,3,16,1.1019400787607843
ID,2010-08-01,3.1,16,1.1346227261911428
ID,2010-09-01,3,16,1.1019400787607843
ID,2010-10-01,2.9,16,1.068153081183401
ID,2010-11-01,2.8,16,1.0331844833456543
ID,2010-12-01,2.8,16,1.0331844833456543
ID,2011-01-01,2.9,16,1.068153081183401
ID,2011-02-01,2.8,16,1.0331844833456543
ID,2011-03-01,2.7,16,0.9969486348916096
ID,2011-04-01,2.6,16,0.959350221334602
ID,2011-05-01,2.6,16,0.959350221334602
ID,2011-06-01,2.6,16,0.959350221334602
ID,2011-07-01,2.6,16,0.959350221334602
ID,2011-08-01,2.6,16,0.959350221334602
ID,2011-09-01,2.6,16,0.959350221334602
ID,2011-10-01,2.4,16,0.8796267475025635
ID,2011-11-01,2.4,16,0.8796267475025635
ID,2011-12-01,2.5,16,0.9202827531436925
ID,2012-01-01,2.5,16,0.9202827531436925
ID,2012-02-01,2.5,16,0.9202827531436925
ID,2012-03-01,2.3,16,0.837247524533702
ID,2012-04-01,2.2,16,0.7929925155296614
ID,2012-05-01,2.2,16,0.7929925155296614
ID,2012-06-01,2.3,16,0.837247524533702
ID,2012-07-01,2.3,16,0.837247524533702
ID,2012-08-01,2.2,16,0.7929925155296614
ID,2012-09-01,2.1,16,0.7466879474879751
ID,2012-10-01,2.3,16,0.837247524533702
ID,2012-11-01,2.2,16,0.7929925155296614
ID,2012-12-01,2.1,16,0.7466879474879751
ID,2013-01-01,2.1,16,0.7466879474879751
ID,2013-02-01,2,16,0.6981347220709843
ID,2013-03-01,1.9,16,0.6471032420585384
ID,2013-04-01,1.8,16,0.5933268452777344
ID,2013-05-01,1.7,16,0.5364933705145685
ID,2013-06-01,1.7,16,0.5364933705145685
ID,2013-07-01,1.6,16,0.4762341789963717
ID,2013-08-01,1.6,16,0.4762341789963717
ID,2013-09-01,1.6,16,0.4762341789963717
ID,2013-10-01,1.4,16,0.34358970439007686
ID,2013-11-01,1.4,16,0.34358970439007686
ID,2013-12-01,1.4,16,0.34358970439007686
ID,2014-01-01,1.5,16,0.412109650826833
ID,2014-02-01,1.5,16,0.412109650826833
ID,2014-03-01,1.4,16,0.34358970439007686
ID,2014-04-01,1.3,16,0.2700271372130602
ID,2014-05-01,1.3,16,0.2700271372130602
ID,2014-06-01,1.2,16,0.1906203596086497
ID,2014-07-01,1.2,16,0.1906203596086497
ID,2014-08-01,1.2,16,0.1906203596086497
ID,2014-09-01,1.2,16,0.1906203596086497
ID,2014-10-01,1.1,16,0.10436001532424286
ID,2014-11-01,1.1,16,0.10436001532424286
ID,2014-12-01,1.1,16,0.10436001532424286
ID,2015-01-01,1.2,16,0.1906203596086497
ID,2015-02-01,1.1,16,0.10436001532424286
ID,2015-03-01,1,16,0.009950330853168092
ID,2015-04-01,0.9,16,-0.09431067947124129
ID,2015-05-01,1,16,0.009950330853168092
ID,2015-06-01,1,16,0.009950330853168092
ID,2015-07-01,1,16,0.009950330853168092
ID,2015-08-01,1,16,0.009950330853168092
ID,2015-09-01,1,16,0.009950330853168092
ID,2015-10-01,1,16,0.009950330853168092
ID,2015-11-01,0.8,16,-0.21072103131565253
ID,2015-12-01,0.9,16,-0.09431067947124129
ID,2016-01-01,0.8,16,-0.21072103131565253
ID,2016-02-01,0.8,16,-0.21072103131565253
ID,2016-03-01,0.7,16,-0.342490308946776
ID,2016-04-01,0.7,16,-0.342490308946776
ID,2016-05-01,0.7,16,-0.342490308946776
ID,2016-06-01,0.6,16,-0.4942963218147801
ID,2016-07-01,0.6,16,-0.4942963218147801
ID,2016-08-01,0.7,16,-0.342490308946776
ID,2016-09-01,0.8,16,-0.21072103131565253
ID,2016-10-01,0.8,16,-0.21072103131565253
ID,2016-11-01,0.8,16,-0.21072103131565253
ID,2016-12-01,0.8,16,-0.21072103131565253
ID,2017-01-01,0.7,16,-0.342490308946776
ID,2017-02-01,0.7,16,-0.342490308946776
ID,2017-03-01,0.6,16,-0.4942963218147801
ID,2017-04-01,0.5,16,-0.6733445532637656
ID,2017-05-01,0.5,16,-0.6733445532637656
ID,2017-06-01,0.6,16,-0.4942963218147801
ID,2017-07-01,0.6,16,-0.4942963218147801
ID,2017-08-01,0.5,16,-0.6733445532637656
ID,2017-09-01,0.5,16,-0.6733445532637656
ID,2017-10-01,0.5,16,-0.6733445532637656
ID,2017-11-01,0.6,16,-0.4942963218147801
ID,2017-12-01,0.6,16,-0.4942963218147801
ID,2018-01-01,0.6,16,-0.4942963218147801
ID,2018-02-01,0.5,16,-0.6733445532637656
ID,2018-03-01,0.5,16,-0.6733445532637656
ID,2018-04-01,0.4,16,-0.8915981192837835
ID,2018-05-01,0.5,16,-0.6733445532637656
ID,2018-06-01,0.6,16,-0.4942963218147801
ID,2018-07-01,0.6,16,-0.4942963218147801
ID,2018-08-01,0.5,16,-0.6733445532637656
ID,2018-09-01,0.5,16,-0.6733445532637656
ID,2018-10-01,0.5,16,-0.6733445532637656
ID,2018-11-01,0.5,16,-0.6733445532637656
ID,2018-12-01,0.5,16,-0.6733445532637656
ID,2019-01-01,0.6,16,-0.4942963218147801
ID,2019-02-01,0.5,16,-0.6733445532637656
ID,2019-03-01,0.5,16,-0.6733445532637656
ID,2019-04-01,0.5,16,-0.6733445532637656
ID,2019-05-01,0.5,16,-0.6733445532637656
ID,2019-06-01,0.6,16,-0.4942963218147801
ID,2019-07-01,0.5,16,-0.6733445532637656
ID,2019-08-01,0.5,16,-0.6733445532637656
ID,2019-09-01,0.5,16,-0.6733445532637656
ID,2019-10-01,0.5,16,-0.6733445532637656
ID,2019-11-01,0.5,16,-0.6733445532637656
ID,2019-12-01,0.5,16,-0.6733445532637656
ID,2020-01-01,0.6,16,-0.4942963218147801
ID,2020-02-01,0.5,16,-0.6733445532637656
ID,2020-03-01,0.5,16,-0.6733445532637656
ID,2020-04-01,0.5,16,-0.6733445532637656
ID,2020-05-01,0.4,16,-0.8915981192837835
ID,2020-06-01,0.4,16,-0.8915981192837835
ID,2020-07-01,0.4,16,-0.8915981192837835
ID,2020-08-01,0.4,16,-0.8915981192837835
ID,2020-09-01,0.4,16,-0.8915981192837835
ID,2020-10-01,0.4,16,-0.8915981192837835
ID,2020-11-01,0.4,16,-0.8915981192837835
ID,2020-12-01,0.4,16,-0.8915981192837835
ID,2021-01-01,0.4,16,-0.8915981192837835
ID,2021-02-01,0.3,16,-1.171182981502945
ID,2021-03-01,0.3,16,-1.171182981502945
ID,2021-04-01,0.3,16,-1.171182981502945
ID,2021-05-01,0.3,16,-1.171182981502945
ID,2021-06-01,0.3,16,-1.171182981502945
ID,2021-07-01,0.3,16,-1.171182981502945
ID,2021-08-01,0.3,16,-1.171182981502945
ID,2021-09-01,0.3,16,-1.171182981502945
ID,2021-10-01,0.3,16,-1.171182981502945
ID,2021-11-01,0.3,16,-1.171182981502945
ID,2021-12-01,0.3,16,-1.171182981502945
ID,2022-01-01,0.3,16,-1.171182981502945
ID,2022-02-01,0.3,16,-1.171182981502945
ID,2022-03-01,0.2,16,-1.5606477482646683
ID,2022-04-01,0.2,16,-1.5606477482646683
ID,2022-05-01,0.2,16,-1.5606477482646683
ID,2022-06-01,0.2,16,-1.5606477482646683
ID,2022-07-01,0.3,16,-1.171182981502945
ID,2022-08-01,0.3,16,-1.171182981502945
ID,2022-09-01,0.3,16,-1.171182981502945
ID,2022-10-01,0.3,16,-1.171182981502945
ID,2022-11-01,0.3,16,-1.171182981502945
ID,2022-12-01,0.3,16,-1.171182981502945
ID,2023-01-01,0.3,16,-1.171182981502945
ID,2023-02-01,0.3,16,-1.171182981502945
ID,2023-03-01,0.3,16,-1.171182981502945
ID,2023-04-01,0.3,16,-1.171182981502945
ID,2023-05-01,0.3,16,-1.171182981502945
ID,2023-06-01,0.3,16,-1.171182981502945
ID,2023-07-01,0.4,16,-0.8915981192837835
ID,2023-08-01,0.4,16,-0.8915981192837835
ID,2023-09-01,0.4,16,-0.8915981192837835
ID,2023-10-01,0.3,16,-1.171182981502945
ID,2023-11-01,0.4,16,-0.8915981192837835
ID,2023-12-01,0.4,16,-0.8915981192837835
ID,2024-01-01,0.4,16,-0.8915981192837835
ID,2024-02-01,0.4,16,-0.8915981192837835
ID,2024-03-01,0.3,16,-1.171182981502945
ID,2024-04-01,0.3,16,-1.171182981502945
ID,2024-05-01,0.3,16,-1.171182981502945
ID,2024-06-01,0.4,16,-0.8915981192837835
ID,2024-07-01,0.4,16,-0.8915981192837835
ID,2024-08-01,0.5,16,-0.6733445532637656
ID,2024-09-01,0.5,16,-0.6733445532637656
ID,2024-10-01,0.5,16,-0.6733445532637656
ID,2024-11-01,0.5,16,-0.6733445532637656
ID,2024-12-01,0.5,16,-0.6733445532637656
ID,2025-01-01,0.5,16,-0.6733445532637656
ID,2025-02-01,0.5,16,-0.6733445532637656
ID,2025-03-01,0.4,16,-0.8915981192837835
IL,2008-01-01,1.4,17,0.34358970439007686
IL,2008-02-01,1.4,17,0.34358970439007686
IL,2008-03-01,1.4,17,0.34358970439007686
IL,2008-04-01,1.4,17,0.34358970439007686
IL,2008-05-01,1.4,17,0.34358970439007686
IL,2008-06-01,1.4,17,0.34358970439007686
IL,2008-07-01,1.7,17,0.5364933705145685
IL,2008-08-01,1.7,17,0.5364933705145685
IL,2008-09-01,1.8,17,0.5933268452777344
IL,2008-10-01,2,17,0.6981347220709843
IL,2008-11-01,2.1,17,0.7466879474879751
IL,2008-12-01,2.3,17,0.837247524533702
IL,2009-01-01,2.6,17,0.959350221334602
IL,2009-02-01,2.7,17,0.9969486348916096
IL,2009-03-01,2.9,17,1.068153081183401
IL,2009-04-01,3.1,17,1.1346227261911428
IL,2009-05-01,3.5,17,1.2556160374777743
IL,2009-06-01,3.7,17,1.3110318766193438
IL,2009-07-01,4,17,1.3887912413184778
IL,2009-08-01,4.2,17,1.43746264769429
IL,2009-09-01,4.5,17,1.506297153514587
IL,2009-10-01,4.8,17,1.5706970841176697
IL,2009-11-01,4.9,17,1.5912739418064292
IL,2009-12-01,5,17,1.6114359150967734
IL,2010-01-01,5.1,17,1.631199404215613
IL,2010-02-01,5.1,17,1.631199404215613
IL,2010-03-01,5,17,1.6114359150967734
IL,2010-04-01,4.9,17,1.5912739418064292
IL,2010-05-01,4.8,17,1.5706970841176697
IL,2010-06-01,4.7,17,1.5496879080283263
IL,2010-07-01,4.6,17,1.528227857008557
IL,2010-08-01,4.6,17,1.528227857008557
IL,2010-09-01,4.4,17,1.4838746894587547
IL,2010-10-01,4.4,17,1.4838746894587547
IL,2010-11-01,4.3,17,1.4609379041156563
IL,2010-12-01,4.4,17,1.4838746894587547
IL,2011-01-01,4.4,17,1.4838746894587547
IL,2011-02-01,4.3,17,1.4609379041156563
IL,2011-03-01,4.2,17,1.43746264769429
IL,2011-04-01,4.1,17,1.413423028508143
IL,2011-05-01,4.1,17,1.413423028508143
IL,2011-06-01,4.1,17,1.413423028508143
IL,2011-07-01,4.1,17,1.413423028508143
IL,2011-08-01,4.2,17,1.43746264769429
IL,2011-09-01,4.3,17,1.4609379041156563
IL,2011-10-01,4.4,17,1.4838746894587547
IL,2011-11-01,4.4,17,1.4838746894587547
IL,2011-12-01,4.5,17,1.506297153514587
IL,2012-01-01,4.4,17,1.4838746894587547
IL,2012-02-01,4.4,17,1.4838746894587547
IL,2012-03-01,4.3,17,1.4609379041156563
IL,2012-04-01,4.2,17,1.43746264769429
IL,2012-05-01,4.2,17,1.43746264769429
IL,2012-06-01,4.1,17,1.413423028508143
IL,2012-07-01,4.1,17,1.413423028508143
IL,2012-08-01,4,17,1.3887912413184778
IL,2012-09-01,4,17,1.3887912413184778
IL,2012-10-01,4,17,1.3887912413184778
IL,2012-11-01,4,17,1.3887912413184778
IL,2012-12-01,3.9,17,1.3635373739972743
IL,2013-01-01,3.8,17,1.3376291891386094
IL,2013-02-01,3.7,17,1.3110318766193438
IL,2013-03-01,3.6,17,1.2837077723447896
IL,2013-04-01,3.5,17,1.2556160374777743
IL,2013-05-01,3.4,17,1.2267122912954254
IL,2013-06-01,3.3,17,1.1969481893889715
IL,2013-07-01,3.1,17,1.1346227261911428
IL,2013-08-01,3,17,1.1019400787607843
IL,2013-09-01,2.9,17,1.068153081183401
IL,2013-10-01,2.8,17,1.0331844833456543
IL,2013-11-01,2.8,17,1.0331844833456543
IL,2013-12-01,2.8,17,1.0331844833456543
IL,2014-01-01,2.8,17,1.0331844833456543
IL,2014-02-01,2.7,17,0.9969486348916096
IL,2014-03-01,2.6,17,0.959350221334602
IL,2014-04-01,2.5,17,0.9202827531436925
IL,2014-05-01,2.5,17,0.9202827531436925
IL,2014-06-01,2.5,17,0.9202827531436925
IL,2014-07-01,2.4,17,0.8796267475025635
IL,2014-08-01,2.4,17,0.8796267475025635
IL,2014-09-01,2.4,17,0.8796267475025635
IL,2014-10-01,2.3,17,0.837247524533702
IL,2014-11-01,2.3,17,0.837247524533702
IL,2014-12-01,2.3,17,0.837247524533702
IL,2015-01-01,2.3,17,0.837247524533702
IL,2015-02-01,2.2,17,0.7929925155296614
IL,2015-03-01,2.1,17,0.7466879474879751
IL,2015-04-01,2,17,0.6981347220709843
IL,2015-05-01,2,17,0.6981347220709843
IL,2015-06-01,2,17,0.6981347220709843
IL,2015-07-01,2,17,0.6981347220709843
IL,2015-08-01,2,17,0.6981347220709843
IL,2015-09-01,1.9,17,0.6471032420585384
IL,2015-10-01,1.9,17,0.6471032420585384
IL,2015-11-01,1.9,17,0.6471032420585384
IL,2015-12-01,1.9,17,0.6471032420585384
IL,2016-01-01,1.9,17,0.6471032420585384
IL,2016-02-01,1.9,17,0.6471032420585384
IL,2016-03-01,1.7,17,0.5364933705145685
IL,2016-04-01,1.6,17,0.4762341789963717
IL,2016-05-01,1.6,17,0.4762341789963717
IL,2016-06-01,1.5,17,0.412109650826833
IL,2016-07-01,1.5,17,0.412109650826833
IL,2016-08-01,1.6,17,0.4762341789963717
IL,2016-09-01,1.5,17,0.412109650826833
IL,2016-10-01,1.5,17,0.412109650826833
IL,2016-11-01,1.5,17,0.412109650826833
IL,2016-12-01,1.5,17,0.412109650826833
IL,2017-01-01,1.5,17,0.412109650826833
IL,2017-02-01,1.5,17,0.412109650826833
IL,2017-03-01,1.4,17,0.34358970439007686
IL,2017-04-01,1.3,17,0.2700271372130602
IL,2017-05-01,1.3,17,0.2700271372130602
IL,2017-06-01,1.3,17,0.2700271372130602
IL,2017-07-01,1.3,17,0.2700271372130602
IL,2017-08-01,1.3,17,0.2700271372130602
IL,2017-09-01,1.3,17,0.2700271372130602
IL,2017-10-01,1.3,17,0.2700271372130602
IL,2017-11-01,1.3,17,0.2700271372130602
IL,2017-12-01,1.3,17,0.2700271372130602
IL,2018-01-01,1.3,17,0.2700271372130602
IL,2018-02-01,1.3,17,0.2700271372130602
IL,2018-03-01,1.2,17,0.1906203596086497
IL,2018-04-01,1.1,17,0.10436001532424286
IL,2018-05-01,1.1,17,0.10436001532424286
IL,2018-06-01,1,17,0.009950330853168092
IL,2018-07-01,1.1,17,0.10436001532424286
IL,2018-08-01,1,17,0.009950330853168092
IL,2018-09-01,1.1,17,0.10436001532424286
IL,2018-10-01,1.1,17,0.10436001532424286
IL,2018-11-01,1,17,0.009950330853168092
IL,2018-12-01,1.1,17,0.10436001532424286
IL,2019-01-01,1.1,17,0.10436001532424286
IL,2019-02-01,1,17,0.009950330853168092
IL,2019-03-01,1,17,0.009950330853168092
IL,2019-04-01,0.9,17,-0.09431067947124129
IL,2019-05-01,0.9,17,-0.09431067947124129
IL,2019-06-01,0.9,17,-0.09431067947124129
IL,2019-07-01,1,17,0.009950330853168092
IL,2019-08-01,1,17,0.009950330853168092
IL,2019-09-01,1,17,0.009950330853168092
IL,2019-10-01,1.1,17,0.10436001532424286
IL,2019-11-01,1.1,17,0.10436001532424286
IL,2019-12-01,1.1,17,0.10436001532424286
IL,2020-01-01,1.2,17,0.1906203596086497
IL,2020-02-01,1.1,17,0.10436001532424286
IL,2020-03-01,1,17,0.009950330853168092
IL,2020-04-01,0.9,17,-0.09431067947124129
IL,2020-05-01,0.9,17,-0.09431067947124129
IL,2020-06-01,0.9,17,-0.09431067947124129
IL,2020-07-01,0.9,17,-0.09431067947124129
IL,2020-08-01,0.9,17,-0.09431067947124129
IL,2020-09-01,0.9,17,-0.09431067947124129
IL,2020-10-01,0.8,17,-0.21072103131565253
IL,2020-11-01,0.8,17,-0.21072103131565253
IL,2020-12-01,0.8,17,-0.21072103131565253
IL,2021-01-01,0.8,17,-0.21072103131565253
IL,2021-02-01,0.7,17,-0.342490308946776
IL,2021-03-01,0.7,17,-0.342490308946776
IL,2021-04-01,0.7,17,-0.342490308946776
IL,2021-05-01,0.7,17,-0.342490308946776
IL,2021-06-01,0.7,17,-0.342490308946776
IL,2021-07-01,0.6,17,-0.4942963218147801
IL,2021-08-01,0.7,17,-0.342490308946776
IL,2021-09-01,0.7,17,-0.342490308946776
IL,2021-10-01,0.7,17,-0.342490308946776
IL,2021-11-01,0.6,17,-0.4942963218147801
IL,2021-12-01,0.7,17,-0.342490308946776
IL,2022-01-01,0.7,17,-0.342490308946776
IL,2022-02-01,0.6,17,-0.4942963218147801
IL,2022-03-01,0.6,17,-0.4942963218147801
IL,2022-04-01,0.6,17,-0.4942963218147801
IL,2022-05-01,0.6,17,-0.4942963218147801
IL,2022-06-01,0.6,17,-0.4942963218147801
IL,2022-07-01,0.6,17,-0.4942963218147801
IL,2022-08-01,0.6,17,-0.4942963218147801
IL,2022-09-01,0.6,17,-0.4942963218147801
IL,2022-10-01,0.7,17,-0.342490308946776
IL,2022-11-01,0.7,17,-0.342490308946776
IL,2022-12-01,0.7,17,-0.342490308946776
IL,2023-01-01,0.7,17,-0.342490308946776
IL,2023-02-01,0.7,17,-0.342490308946776
IL,2023-03-01,0.7,17,-0.342490308946776
IL,2023-04-01,0.7,17,-0.342490308946776
IL,2023-05-01,0.7,17,-0.342490308946776
IL,2023-06-01,0.7,17,-0.342490308946776
IL,2023-07-01,0.7,17,-0.342490308946776
IL,2023-08-01,0.6,17,-0.4942963218147801
IL,2023-09-01,0.7,17,-0.342490308946776
IL,2023-10-01,0.6,17,-0.4942963218147801
IL,2023-11-01,0.6,17,-0.4942963218147801
IL,2023-12-01,0.7,17,-0.342490308946776
IL,2024-01-01,0.7,17,-0.342490308946776
IL,2024-02-01,0.7,17,-0.342490308946776
IL,2024-03-01,0.8,17,-0.21072103131565253
IL,2024-04-01,0.8,17,-0.21072103131565253
IL,2024-05-01,0.8,17,-0.21072103131565253
IL,2024-06-01,0.8,17,-0.21072103131565253
IL,2024-07-01,0.8,17,-0.21072103131565253
IL,2024-08-01,0.9,17,-0.09431067947124129
IL,2024-09-01,0.9,17,-0.09431067947124129
IL,2024-10-01,0.9,17,-0.09431067947124129
IL,2024-11-01,0.8,17,-0.21072103131565253
IL,2024-12-01,0.9,17,-0.09431067947124129
IL,2025-01-01,1,17,0.009950330853168092
IL,2025-02-01,1,17,0.009950330853168092
IL,2025-03-01,1,17,0.009950330853168092
IN,2008-01-01,1.7,18,0.5364933705145685
IN,2008-02-01,1.7,18,0.5364933705145685
IN,2008-03-01,1.7,18,0.5364933705145685
IN,2008-04-01,1.7,18,0.5364933705145685
IN,2008-05-01,1.8,18,0.5933268452777344
IN,2008-06-01,1.8,18,0.5933268452777344
IN,2008-07-01,1.9,18,0.6471032420585384
IN,2008-08-01,2,18,0.6981347220709843
IN,2008-09-01,2,18,0.6981347220709843
IN,2008-10-01,2.2,18,0.7929925155296614
IN,2008-11-01,2.4,18,0.8796267475025635
IN,2008-12-01,2.6,18,0.959350221334602
IN,2009-01-01,2.8,18,1.0331844833456543
IN,2009-02-01,2.8,18,1.0331844833456543
IN,2009-03-01,2.8,18,1.0331844833456543
IN,2009-04-01,2.8,18,1.0331844833456543
IN,2009-05-01,3,18,1.1019400787607843
IN,2009-06-01,3.2,18,1.1662709371419244
IN,2009-07-01,3.4,18,1.2267122912954254
IN,2009-08-01,3.6,18,1.2837077723447896
IN,2009-09-01,3.9,18,1.3635373739972743
IN,2009-10-01,4.1,18,1.413423028508143
IN,2009-11-01,4.2,18,1.43746264769429
IN,2009-12-01,4.2,18,1.43746264769429
IN,2010-01-01,4.3,18,1.4609379041156563
IN,2010-02-01,4.2,18,1.43746264769429
IN,2010-03-01,3.9,18,1.3635373739972743
IN,2010-04-01,3.7,18,1.3110318766193438
IN,2010-05-01,3.6,18,1.2837077723447896
IN,2010-06-01,3.5,18,1.2556160374777743
IN,2010-07-01,3.3,18,1.1969481893889715
IN,2010-08-01,3.4,18,1.2267122912954254
IN,2010-09-01,3.4,18,1.2267122912954254
IN,2010-10-01,3.3,18,1.1969481893889715
IN,2010-11-01,3.3,18,1.1969481893889715
IN,2010-12-01,3.3,18,1.1969481893889715
IN,2011-01-01,3.4,18,1.2267122912954254
IN,2011-02-01,3.4,18,1.2267122912954254
IN,2011-03-01,3.2,18,1.1662709371419244
IN,2011-04-01,3.2,18,1.1662709371419244
IN,2011-05-01,3.1,18,1.1346227261911428
IN,2011-06-01,3.1,18,1.1346227261911428
IN,2011-07-01,3.1,18,1.1346227261911428
IN,2011-08-01,3.1,18,1.1346227261911428
IN,2011-09-01,3.2,18,1.1662709371419244
IN,2011-10-01,3.1,18,1.1346227261911428
IN,2011-11-01,3.2,18,1.1662709371419244
IN,2011-12-01,3.2,18,1.1662709371419244
IN,2012-01-01,3.3,18,1.1969481893889715
IN,2012-02-01,3.2,18,1.1662709371419244
IN,2012-03-01,3.2,18,1.1662709371419244
IN,2012-04-01,3,18,1.1019400787607843
IN,2012-05-01,3,18,1.1019400787607843
IN,2012-06-01,3,18,1.1019400787607843
IN,2012-07-01,3,18,1.1019400787607843
IN,2012-08-01,2.9,18,1.068153081183401
IN,2012-09-01,2.9,18,1.068153081183401
IN,2012-10-01,2.9,18,1.068153081183401
IN,2012-11-01,3,18,1.1019400787607843
IN,2012-12-01,3,18,1.1019400787607843
IN,2013-01-01,2.9,18,1.068153081183401
IN,2013-02-01,2.8,18,1.0331844833456543
IN,2013-03-01,2.7,18,0.9969486348916096
IN,2013-04-01,2.6,18,0.959350221334602
IN,2013-05-01,2.5,18,0.9202827531436925
IN,2013-06-01,2.5,18,0.9202827531436925
IN,2013-07-01,2.4,18,0.8796267475025635
IN,2013-08-01,2.3,18,0.837247524533702
IN,2013-09-01,2.3,18,0.837247524533702
IN,2013-10-01,2.3,18,0.837247524533702
IN,2013-11-01,2.3,18,0.837247524533702
IN,2013-12-01,2.3,18,0.837247524533702
IN,2014-01-01,2.3,18,0.837247524533702
IN,2014-02-01,2.2,18,0.7929925155296614
IN,2014-03-01,2.1,18,0.7466879474879751
IN,2014-04-01,2,18,0.6981347220709843
IN,2014-05-01,2.1,18,0.7466879474879751
IN,2014-06-01,2,18,0.6981347220709843
IN,2014-07-01,2,18,0.6981347220709843
IN,2014-08-01,2,18,0.6981347220709843
IN,2014-09-01,2,18,0.6981347220709843
IN,2014-10-01,2,18,0.6981347220709843
IN,2014-11-01,2,18,0.6981347220709843
IN,2014-12-01,2.1,18,0.7466879474879751
IN,2015-01-01,2.1,18,0.7466879474879751
IN,2015-02-01,2,18,0.6981347220709843
IN,2015-03-01,1.8,18,0.5933268452777344
IN,2015-04-01,1.7,18,0.5364933705145685
IN,2015-05-01,1.7,18,0.5364933705145685
IN,2015-06-01,1.7,18,0.5364933705145685
IN,2015-07-01,1.7,18,0.5364933705145685
IN,2015-08-01,1.7,18,0.5364933705145685
IN,2015-09-01,1.6,18,0.4762341789963717
IN,2015-10-01,1.6,18,0.4762341789963717
IN,2015-11-01,1.6,18,0.4762341789963717
IN,2015-12-01,1.6,18,0.4762341789963717
IN,2016-01-01,1.6,18,0.4762341789963717
IN,2016-02-01,1.7,18,0.5364933705145685
IN,2016-03-01,1.5,18,0.412109650826833
IN,2016-04-01,1.4,18,0.34358970439007686
IN,2016-05-01,1.4,18,0.34358970439007686
IN,2016-06-01,1.4,18,0.34358970439007686
IN,2016-07-01,1.4,18,0.34358970439007686
IN,2016-08-01,1.3,18,0.2700271372130602
IN,2016-09-01,1.3,18,0.2700271372130602
IN,2016-10-01,1.3,18,0.2700271372130602
IN,2016-11-01,1.3,18,0.2700271372130602
IN,2016-12-01,1.3,18,0.2700271372130602
IN,2017-01-01,1.4,18,0.34358970439007686
IN,2017-02-01,1.3,18,0.2700271372130602
IN,2017-03-01,1.2,18,0.1906203596086497
IN,2017-04-01,1.1,18,0.10436001532424286
IN,2017-05-01,1.1,18,0.10436001532424286
IN,2017-06-01,1.1,18,0.10436001532424286
IN,2017-07-01,1.1,18,0.10436001532424286
IN,2017-08-01,1.1,18,0.10436001532424286
IN,2017-09-01,1.1,18,0.10436001532424286
IN,2017-10-01,1.1,18,0.10436001532424286
IN,2017-11-01,1.1,18,0.10436001532424286
IN,2017-12-01,1.1,18,0.10436001532424286
IN,2018-01-01,1.2,18,0.1906203596086497
IN,2018-02-01,1.1,18,0.10436001532424286
IN,2018-03-01,1,18,0.009950330853168092
IN,2018-04-01,1,18,0.009950330853168092
IN,2018-05-01,1,18,0.009950330853168092
IN,2018-06-01,0.9,18,-0.09431067947124129
IN,2018-07-01,0.9,18,-0.09431067947124129
IN,2018-08-01,0.9,18,-0.09431067947124129
IN,2018-09-01,1,18,0.009950330853168092
IN,2018-10-01,1,18,0.009950330853168092
IN,2018-11-01,1,18,0.009950330853168092
IN,2018-12-01,1,18,0.009950330853168092
IN,2019-01-01,1,18,0.009950330853168092
IN,2019-02-01,1,18,0.009950330853168092
IN,2019-03-01,1,18,0.009950330853168092
IN,2019-04-01,0.8,18,-0.21072103131565253
IN,2019-05-01,0.8,18,-0.21072103131565253
IN,2019-06-01,0.8,18,-0.21072103131565253
IN,2019-07-01,0.8,18,-0.21072103131565253
IN,2019-08-01,0.9,18,-0.09431067947124129
IN,2019-09-01,0.9,18,-0.09431067947124129
IN,2019-10-01,1,18,0.009950330853168092
IN,2019-11-01,1,18,0.009950330853168092
IN,2019-12-01,1,18,0.009950330853168092
IN,2020-01-01,1,18,0.009950330853168092
IN,2020-02-01,1,18,0.009950330853168092
IN,2020-03-01,1,18,0.009950330853168092
IN,2020-04-01,0.9,18,-0.09431067947124129
IN,2020-05-01,0.8,18,-0.21072103131565253
IN,2020-06-01,0.8,18,-0.21072103131565253
IN,2020-07-01,0.8,18,-0.21072103131565253
IN,2020-08-01,0.8,18,-0.21072103131565253
IN,2020-09-01,0.8,18,-0.21072103131565253
IN,2020-10-01,0.7,18,-0.342490308946776
IN,2020-11-01,0.7,18,-0.342490308946776
IN,2020-12-01,0.7,18,-0.342490308946776
IN,2021-01-01,0.7,18,-0.342490308946776
IN,2021-02-01,0.7,18,-0.342490308946776
IN,2021-03-01,0.7,18,-0.342490308946776
IN,2021-04-01,0.6,18,-0.4942963218147801
IN,2021-05-01,0.6,18,-0.4942963218147801
IN,2021-06-01,0.5,18,-0.6733445532637656
IN,2021-07-01,0.6,18,-0.4942963218147801
IN,2021-08-01,0.6,18,-0.4942963218147801
IN,2021-09-01,0.5,18,-0.6733445532637656
IN,2021-10-01,0.6,18,-0.4942963218147801
IN,2021-11-01,0.6,18,-0.4942963218147801
IN,2021-12-01,0.6,18,-0.4942963218147801
IN,2022-01-01,0.6,18,-0.4942963218147801
IN,2022-02-01,0.6,18,-0.4942963218147801
IN,2022-03-01,0.5,18,-0.6733445532637656
IN,2022-04-01,0.6,18,-0.4942963218147801
IN,2022-05-01,0.6,18,-0.4942963218147801
IN,2022-06-01,0.6,18,-0.4942963218147801
IN,2022-07-01,0.6,18,-0.4942963218147801
IN,2022-08-01,0.6,18,-0.4942963218147801
IN,2022-09-01,0.6,18,-0.4942963218147801
IN,2022-10-01,0.6,18,-0.4942963218147801
IN,2022-11-01,0.7,18,-0.342490308946776
IN,2022-12-01,0.7,18,-0.342490308946776
IN,2023-01-01,0.7,18,-0.342490308946776
IN,2023-02-01,0.7,18,-0.342490308946776
IN,2023-03-01,0.7,18,-0.342490308946776
IN,2023-04-01,0.6,18,-0.4942963218147801
IN,2023-05-01,0.6,18,-0.4942963218147801
IN,2023-06-01,0.6,18,-0.4942963218147801
IN,2023-07-01,0.6,18,-0.4942963218147801
IN,2023-08-01,0.6,18,-0.4942963218147801
IN,2023-09-01,0.7,18,-0.342490308946776
IN,2023-10-01,0.7,18,-0.342490308946776
IN,2023-11-01,0.7,18,-0.342490308946776
IN,2023-12-01,0.7,18,-0.342490308946776
IN,2024-01-01,0.8,18,-0.21072103131565253
IN,2024-02-01,0.7,18,-0.342490308946776
IN,2024-03-01,0.7,18,-0.342490308946776
IN,2024-04-01,0.7,18,-0.342490308946776
IN,2024-05-01,0.7,18,-0.342490308946776
IN,2024-06-01,0.7,18,-0.342490308946776
IN,2024-07-01,0.7,18,-0.342490308946776
IN,2024-08-01,0.7,18,-0.342490308946776
IN,2024-09-01,0.8,18,-0.21072103131565253
IN,2024-10-01,0.8,18,-0.21072103131565253
IN,2024-11-01,0.8,18,-0.21072103131565253
IN,2024-12-01,1,18,0.009950330853168092
IN,2025-01-01,1,18,0.009950330853168092
IN,2025-02-01,0.9,18,-0.09431067947124129
IN,2025-03-01,0.9,18,-0.09431067947124129
IA,2008-01-01,1.1,19,0.10436001532424286
IA,2008-02-01,1.1,19,0.10436001532424286
IA,2008-03-01,1.1,19,0.10436001532424286
IA,2008-04-01,1,19,0.009950330853168092
IA,2008-05-01,1.1,19,0.10436001532424286
IA,2008-06-01,1.1,19,0.10436001532424286
IA,2008-07-01,1.2,19,0.1906203596086497
IA,2008-08-01,1.3,19,0.2700271372130602
IA,2008-09-01,1.3,19,0.2700271372130602
IA,2008-10-01,1.4,19,0.34358970439007686
IA,2008-11-01,1.5,19,0.412109650826833
IA,2008-12-01,1.5,19,0.412109650826833
IA,2009-01-01,1.7,19,0.5364933705145685
IA,2009-02-01,1.6,19,0.4762341789963717
IA,2009-03-01,1.6,19,0.4762341789963717
IA,2009-04-01,1.7,19,0.5364933705145685
IA,2009-05-01,1.8,19,0.5933268452777344
IA,2009-06-01,1.9,19,0.6471032420585384
IA,2009-07-01,2,19,0.6981347220709843
IA,2009-08-01,2,19,0.6981347220709843
IA,2009-09-01,2.2,19,0.7929925155296614
IA,2009-10-01,2.3,19,0.837247524533702
IA,2009-11-01,2.3,19,0.837247524533702
IA,2009-12-01,2.3,19,0.837247524533702
IA,2010-01-01,2.4,19,0.8796267475025635
IA,2010-02-01,2.3,19,0.837247524533702
IA,2010-03-01,2.2,19,0.7929925155296614
IA,2010-04-01,2.2,19,0.7929925155296614
IA,2010-05-01,2.1,19,0.7466879474879751
IA,2010-06-01,2.2,19,0.7929925155296614
IA,2010-07-01,2.1,19,0.7466879474879751
IA,2010-08-01,2,19,0.6981347220709843
IA,2010-09-01,1.9,19,0.6471032420585384
IA,2010-10-01,1.9,19,0.6471032420585384
IA,2010-11-01,2,19,0.6981347220709843
IA,2010-12-01,2,19,0.6981347220709843
IA,2011-01-01,2,19,0.6981347220709843
IA,2011-02-01,1.8,19,0.5933268452777344
IA,2011-03-01,1.8,19,0.5933268452777344
IA,2011-04-01,1.8,19,0.5933268452777344
IA,2011-05-01,1.8,19,0.5933268452777344
IA,2011-06-01,1.8,19,0.5933268452777344
IA,2011-07-01,1.9,19,0.6471032420585384
IA,2011-08-01,1.8,19,0.5933268452777344
IA,2011-09-01,1.9,19,0.6471032420585384
IA,2011-10-01,1.9,19,0.6471032420585384
IA,2011-11-01,1.9,19,0.6471032420585384
IA,2011-12-01,1.9,19,0.6471032420585384
IA,2012-01-01,2,19,0.6981347220709843
IA,2012-02-01,1.9,19,0.6471032420585384
IA,2012-03-01,1.8,19,0.5933268452777344
IA,2012-04-01,1.7,19,0.5364933705145685
IA,2012-05-01,1.7,19,0.5364933705145685
IA,2012-06-01,1.8,19,0.5933268452777344
IA,2012-07-01,1.8,19,0.5933268452777344
IA,2012-08-01,1.8,19,0.5933268452777344
IA,2012-09-01,1.8,19,0.5933268452777344
IA,2012-10-01,1.8,19,0.5933268452777344
IA,2012-11-01,1.7,19,0.5364933705145685
IA,2012-12-01,1.8,19,0.5933268452777344
IA,2013-01-01,1.8,19,0.5933268452777344
IA,2013-02-01,1.7,19,0.5364933705145685
IA,2013-03-01,1.7,19,0.5364933705145685
IA,2013-04-01,1.6,19,0.4762341789963717
IA,2013-05-01,1.6,19,0.4762341789963717
IA,2013-06-01,1.5,19,0.412109650826833
IA,2013-07-01,1.4,19,0.34358970439007686
IA,2013-08-01,1.5,19,0.412109650826833
IA,2013-09-01,1.4,19,0.34358970439007686
IA,2013-10-01,1.4,19,0.34358970439007686
IA,2013-11-01,1.4,19,0.34358970439007686
IA,2013-12-01,1.5,19,0.412109650826833
IA,2014-01-01,1.5,19,0.412109650826833
IA,2014-02-01,1.4,19,0.34358970439007686
IA,2014-03-01,1.3,19,0.2700271372130602
IA,2014-04-01,1.2,19,0.1906203596086497
IA,2014-05-01,1.3,19,0.2700271372130602
IA,2014-06-01,1.3,19,0.2700271372130602
IA,2014-07-01,1.3,19,0.2700271372130602
IA,2014-08-01,1.3,19,0.2700271372130602
IA,2014-09-01,1.3,19,0.2700271372130602
IA,2014-10-01,1.3,19,0.2700271372130602
IA,2014-11-01,1.3,19,0.2700271372130602
IA,2014-12-01,1.3,19,0.2700271372130602
IA,2015-01-01,1.2,19,0.1906203596086497
IA,2015-02-01,1.2,19,0.1906203596086497
IA,2015-03-01,1.1,19,0.10436001532424286
IA,2015-04-01,1.1,19,0.10436001532424286
IA,2015-05-01,1.1,19,0.10436001532424286
IA,2015-06-01,1.1,19,0.10436001532424286
IA,2015-07-01,1.2,19,0.1906203596086497
IA,2015-08-01,1.1,19,0.10436001532424286
IA,2015-09-01,1.1,19,0.10436001532424286
IA,2015-10-01,1.1,19,0.10436001532424286
IA,2015-11-01,1.1,19,0.10436001532424286
IA,2015-12-01,1,19,0.009950330853168092
IA,2016-01-01,1.1,19,0.10436001532424286
IA,2016-02-01,1.1,19,0.10436001532424286
IA,2016-03-01,1,19,0.009950330853168092
IA,2016-04-01,0.9,19,-0.09431067947124129
IA,2016-05-01,0.9,19,-0.09431067947124129
IA,2016-06-01,0.9,19,-0.09431067947124129
IA,2016-07-01,0.9,19,-0.09431067947124129
IA,2016-08-01,0.9,19,-0.09431067947124129
IA,2016-09-01,0.9,19,-0.09431067947124129
IA,2016-10-01,0.9,19,-0.09431067947124129
IA,2016-11-01,0.9,19,-0.09431067947124129
IA,2016-12-01,0.9,19,-0.09431067947124129
IA,2017-01-01,1,19,0.009950330853168092
IA,2017-02-01,1,19,0.009950330853168092
IA,2017-03-01,0.9,19,-0.09431067947124129
IA,2017-04-01,0.9,19,-0.09431067947124129
IA,2017-05-01,0.8,19,-0.21072103131565253
IA,2017-06-01,0.8,19,-0.21072103131565253
IA,2017-07-01,0.9,19,-0.09431067947124129
IA,2017-08-01,0.8,19,-0.21072103131565253
IA,2017-09-01,0.8,19,-0.21072103131565253
IA,2017-10-01,0.9,19,-0.09431067947124129
IA,2017-11-01,0.8,19,-0.21072103131565253
IA,2017-12-01,0.9,19,-0.09431067947124129
IA,2018-01-01,0.9,19,-0.09431067947124129
IA,2018-02-01,0.8,19,-0.21072103131565253
IA,2018-03-01,0.8,19,-0.21072103131565253
IA,2018-04-01,0.7,19,-0.342490308946776
IA,2018-05-01,0.7,19,-0.342490308946776
IA,2018-06-01,0.7,19,-0.342490308946776
IA,2018-07-01,0.7,19,-0.342490308946776
IA,2018-08-01,0.7,19,-0.342490308946776
IA,2018-09-01,0.7,19,-0.342490308946776
IA,2018-10-01,0.7,19,-0.342490308946776
IA,2018-11-01,0.8,19,-0.21072103131565253
IA,2018-12-01,0.9,19,-0.09431067947124129
IA,2019-01-01,0.9,19,-0.09431067947124129
IA,2019-02-01,0.8,19,-0.21072103131565253
IA,2019-03-01,0.8,19,-0.21072103131565253
IA,2019-04-01,0.7,19,-0.342490308946776
IA,2019-05-01,0.7,19,-0.342490308946776
IA,2019-06-01,0.7,19,-0.342490308946776
IA,2019-07-01,0.8,19,-0.21072103131565253
IA,2019-08-01,0.8,19,-0.21072103131565253
IA,2019-09-01,0.8,19,-0.21072103131565253
IA,2019-10-01,0.8,19,-0.21072103131565253
IA,2019-11-01,0.8,19,-0.21072103131565253
IA,2019-12-01,0.8,19,-0.21072103131565253
IA,2020-01-01,0.8,19,-0.21072103131565253
IA,2020-02-01,0.8,19,-0.21072103131565253
IA,2020-03-01,0.7,19,-0.342490308946776
IA,2020-04-01,0.7,19,-0.342490308946776
IA,2020-05-01,0.7,19,-0.342490308946776
IA,2020-06-01,0.6,19,-0.4942963218147801
IA,2020-07-01,0.6,19,-0.4942963218147801
IA,2020-08-01,0.6,19,-0.4942963218147801
IA,2020-09-01,0.6,19,-0.4942963218147801
IA,2020-10-01,0.6,19,-0.4942963218147801
IA,2020-11-01,0.6,19,-0.4942963218147801
IA,2020-12-01,0.6,19,-0.4942963218147801
IA,2021-01-01,0.6,19,-0.4942963218147801
IA,2021-02-01,0.6,19,-0.4942963218147801
IA,2021-03-01,0.6,19,-0.4942963218147801
IA,2021-04-01,0.5,19,-0.6733445532637656
IA,2021-05-01,0.5,19,-0.6733445532637656
IA,2021-06-01,0.5,19,-0.6733445532637656
IA,2021-07-01,0.6,19,-0.4942963218147801
IA,2021-08-01,0.5,19,-0.6733445532637656
IA,2021-09-01,0.5,19,-0.6733445532637656
IA,2021-10-01,0.5,19,-0.6733445532637656
IA,2021-11-01,0.5,19,-0.6733445532637656
IA,2021-12-01,0.5,19,-0.6733445532637656
IA,2022-01-01,0.5,19,-0.6733445532637656
IA,2022-02-01,0.5,19,-0.6733445532637656
IA,2022-03-01,0.5,19,-0.6733445532637656
IA,2022-04-01,0.5,19,-0.6733445532637656
IA,2022-05-01,0.5,19,-0.6733445532637656
IA,2022-06-01,0.5,19,-0.6733445532637656
IA,2022-07-01,0.5,19,-0.6733445532637656
IA,2022-08-01,0.5,19,-0.6733445532637656
IA,2022-09-01,0.5,19,-0.6733445532637656
IA,2022-10-01,0.6,19,-0.4942963218147801
IA,2022-11-01,0.6,19,-0.4942963218147801
IA,2022-12-01,0.6,19,-0.4942963218147801
IA,2023-01-01,0.6,19,-0.4942963218147801
IA,2023-02-01,0.6,19,-0.4942963218147801
IA,2023-03-01,0.5,19,-0.6733445532637656
IA,2023-04-01,0.5,19,-0.6733445532637656
IA,2023-05-01,0.6,19,-0.4942963218147801
IA,2023-06-01,0.6,19,-0.4942963218147801
IA,2023-07-01,0.5,19,-0.6733445532637656
IA,2023-08-01,0.6,19,-0.4942963218147801
IA,2023-09-01,0.6,19,-0.4942963218147801
IA,2023-10-01,0.6,19,-0.4942963218147801
IA,2023-11-01,0.6,19,-0.4942963218147801
IA,2023-12-01,0.7,19,-0.342490308946776
IA,2024-01-01,0.7,19,-0.342490308946776
IA,2024-02-01,0.6,19,-0.4942963218147801
IA,2024-03-01,0.6,19,-0.4942963218147801
IA,2024-04-01,0.6,19,-0.4942963218147801
IA,2024-05-01,0.6,19,-0.4942963218147801
IA,2024-06-01,0.5,19,-0.6733445532637656
IA,2024-07-01,0.6,19,-0.4942963218147801
IA,2024-08-01,0.6,19,-0.4942963218147801
IA,2024-09-01,0.6,19,-0.4942963218147801
IA,2024-10-01,0.6,19,-0.4942963218147801
IA,2024-11-01,0.7,19,-0.342490308946776
IA,2024-12-01,0.7,19,-0.342490308946776
IA,2025-01-01,0.8,19,-0.21072103131565253
IA,2025-02-01,0.7,19,-0.342490308946776
IA,2025-03-01,0.7,19,-0.342490308946776
KS,2008-01-01,1,20,0.009950330853168092
KS,2008-02-01,1,20,0.009950330853168092
KS,2008-03-01,1,20,0.009950330853168092
KS,2008-04-01,1,20,0.009950330853168092
KS,2008-05-01,1,20,0.009950330853168092
KS,2008-06-01,0.9,20,-0.09431067947124129
KS,2008-07-01,1,20,0.009950330853168092
KS,2008-08-01,1,20,0.009950330853168092
KS,2008-09-01,1.1,20,0.10436001532424286
KS,2008-10-01,1.3,20,0.2700271372130602
KS,2008-11-01,1.4,20,0.34358970439007686
KS,2008-12-01,1.5,20,0.412109650826833
KS,2009-01-01,1.6,20,0.4762341789963717
KS,2009-02-01,1.6,20,0.4762341789963717
KS,2009-03-01,1.7,20,0.5364933705145685
KS,2009-04-01,1.7,20,0.5364933705145685
KS,2009-05-01,1.8,20,0.5933268452777344
KS,2009-06-01,1.9,20,0.6471032420585384
KS,2009-07-01,2.1,20,0.7466879474879751
KS,2009-08-01,2.1,20,0.7466879474879751
KS,2009-09-01,2.2,20,0.7929925155296614
KS,2009-10-01,2.2,20,0.7929925155296614
KS,2009-11-01,2.4,20,0.8796267475025635
KS,2009-12-01,2.4,20,0.8796267475025635
KS,2010-01-01,2.5,20,0.9202827531436925
KS,2010-02-01,2.4,20,0.8796267475025635
KS,2010-03-01,2.3,20,0.837247524533702
KS,2010-04-01,2.2,20,0.7929925155296614
KS,2010-05-01,2.3,20,0.837247524533702
KS,2010-06-01,2.2,20,0.7929925155296614
KS,2010-07-01,2.2,20,0.7929925155296614
KS,2010-08-01,2.2,20,0.7929925155296614
KS,2010-09-01,2.3,20,0.837247524533702
KS,2010-10-01,2.3,20,0.837247524533702
KS,2010-11-01,2.3,20,0.837247524533702
KS,2010-12-01,2.4,20,0.8796267475025635
KS,2011-01-01,2.4,20,0.8796267475025635
KS,2011-02-01,2.2,20,0.7929925155296614
KS,2011-03-01,2.1,20,0.7466879474879751
KS,2011-04-01,2,20,0.6981347220709843
KS,2011-05-01,2,20,0.6981347220709843
KS,2011-06-01,2,20,0.6981347220709843
KS,2011-07-01,2,20,0.6981347220709843
KS,2011-08-01,2,20,0.6981347220709843
KS,2011-09-01,2.2,20,0.7929925155296614
KS,2011-10-01,2.3,20,0.837247524533702
KS,2011-11-01,2.3,20,0.837247524533702
KS,2011-12-01,2.2,20,0.7929925155296614
KS,2012-01-01,2.2,20,0.7929925155296614
KS,2012-02-01,2.3,20,0.837247524533702
KS,2012-03-01,2.2,20,0.7929925155296614
KS,2012-04-01,2,20,0.6981347220709843
KS,2012-05-01,2,20,0.6981347220709843
KS,2012-06-01,2.1,20,0.7466879474879751
KS,2012-07-01,2.1,20,0.7466879474879751
KS,2012-08-01,2,20,0.6981347220709843
KS,2012-09-01,2.1,20,0.7466879474879751
KS,2012-10-01,2.1,20,0.7466879474879751
KS,2012-11-01,2,20,0.6981347220709843
KS,2012-12-01,2,20,0.6981347220709843
KS,2013-01-01,2,20,0.6981347220709843
KS,2013-02-01,1.9,20,0.6471032420585384
KS,2013-03-01,1.9,20,0.6471032420585384
KS,2013-04-01,1.7,20,0.5364933705145685
KS,2013-05-01,1.7,20,0.5364933705145685
KS,2013-06-01,1.7,20,0.5364933705145685
KS,2013-07-01,1.7,20,0.5364933705145685
KS,2013-08-01,1.7,20,0.5364933705145685
KS,2013-09-01,1.6,20,0.4762341789963717
KS,2013-10-01,1.6,20,0.4762341789963717
KS,2013-11-01,1.6,20,0.4762341789963717
KS,2013-12-01,1.7,20,0.5364933705145685
KS,2014-01-01,1.7,20,0.5364933705145685
KS,2014-02-01,1.6,20,0.4762341789963717
KS,2014-03-01,1.6,20,0.4762341789963717
KS,2014-04-01,1.5,20,0.412109650826833
KS,2014-05-01,1.5,20,0.412109650826833
KS,2014-06-01,1.5,20,0.412109650826833
KS,2014-07-01,1.5,20,0.412109650826833
KS,2014-08-01,1.5,20,0.412109650826833
KS,2014-09-01,1.6,20,0.4762341789963717
KS,2014-10-01,1.6,20,0.4762341789963717
KS,2014-11-01,1.5,20,0.412109650826833
KS,2014-12-01,1.6,20,0.4762341789963717
KS,2015-01-01,1.5,20,0.412109650826833
KS,2015-02-01,1.5,20,0.412109650826833
KS,2015-03-01,1.4,20,0.34358970439007686
KS,2015-04-01,1.3,20,0.2700271372130602
KS,2015-05-01,1.2,20,0.1906203596086497
KS,2015-06-01,1.2,20,0.1906203596086497
KS,2015-07-01,1.2,20,0.1906203596086497
KS,2015-08-01,1.2,20,0.1906203596086497
KS,2015-09-01,1.2,20,0.1906203596086497
KS,2015-10-01,1.2,20,0.1906203596086497
KS,2015-11-01,1.2,20,0.1906203596086497
KS,2015-12-01,1.2,20,0.1906203596086497
KS,2016-01-01,1.3,20,0.2700271372130602
KS,2016-02-01,1.3,20,0.2700271372130602
KS,2016-03-01,1.1,20,0.10436001532424286
KS,2016-04-01,1.1,20,0.10436001532424286
KS,2016-05-01,1.2,20,0.1906203596086497
KS,2016-06-01,1.1,20,0.10436001532424286
KS,2016-07-01,1.1,20,0.10436001532424286
KS,2016-08-01,1.1,20,0.10436001532424286
KS,2016-09-01,1.1,20,0.10436001532424286
KS,2016-10-01,1.1,20,0.10436001532424286
KS,2016-11-01,1.1,20,0.10436001532424286
KS,2016-12-01,1,20,0.009950330853168092
KS,2017-01-01,1,20,0.009950330853168092
KS,2017-02-01,1,20,0.009950330853168092
KS,2017-03-01,0.9,20,-0.09431067947124129
KS,2017-04-01,0.9,20,-0.09431067947124129
KS,2017-05-01,0.8,20,-0.21072103131565253
KS,2017-06-01,0.8,20,-0.21072103131565253
KS,2017-07-01,0.8,20,-0.21072103131565253
KS,2017-08-01,0.9,20,-0.09431067947124129
KS,2017-09-01,0.9,20,-0.09431067947124129
KS,2017-10-01,0.8,20,-0.21072103131565253
KS,2017-11-01,0.9,20,-0.09431067947124129
KS,2017-12-01,0.9,20,-0.09431067947124129
KS,2018-01-01,1,20,0.009950330853168092
KS,2018-02-01,0.9,20,-0.09431067947124129
KS,2018-03-01,0.8,20,-0.21072103131565253
KS,2018-04-01,0.7,20,-0.342490308946776
KS,2018-05-01,0.7,20,-0.342490308946776
KS,2018-06-01,0.7,20,-0.342490308946776
KS,2018-07-01,0.7,20,-0.342490308946776
KS,2018-08-01,0.7,20,-0.342490308946776
KS,2018-09-01,0.8,20,-0.21072103131565253
KS,2018-10-01,0.8,20,-0.21072103131565253
KS,2018-11-01,0.8,20,-0.21072103131565253
KS,2018-12-01,0.9,20,-0.09431067947124129
KS,2019-01-01,0.9,20,-0.09431067947124129
KS,2019-02-01,0.9,20,-0.09431067947124129
KS,2019-03-01,0.8,20,-0.21072103131565253
KS,2019-04-01,0.7,20,-0.342490308946776
KS,2019-05-01,0.7,20,-0.342490308946776
KS,2019-06-01,0.6,20,-0.4942963218147801
KS,2019-07-01,0.6,20,-0.4942963218147801
KS,2019-08-01,0.7,20,-0.342490308946776
KS,2019-09-01,0.7,20,-0.342490308946776
KS,2019-10-01,0.8,20,-0.21072103131565253
KS,2019-11-01,0.7,20,-0.342490308946776
KS,2019-12-01,0.8,20,-0.21072103131565253
KS,2020-01-01,0.9,20,-0.09431067947124129
KS,2020-02-01,0.9,20,-0.09431067947124129
KS,2020-03-01,0.8,20,-0.21072103131565253
KS,2020-04-01,0.8,20,-0.21072103131565253
KS,2020-05-01,0.6,20,-0.4942963218147801
KS,2020-06-01,0.6,20,-0.4942963218147801
KS,2020-07-01,0.6,20,-0.4942963218147801
KS,2020-08-01,0.7,20,-0.342490308946776
KS,2020-09-01,0.7,20,-0.342490308946776
KS,2020-10-01,0.7,20,-0.342490308946776
KS,2020-11-01,0.7,20,-0.342490308946776
KS,2020-12-01,0.7,20,-0.342490308946776
KS,2021-01-01,0.7,20,-0.342490308946776
KS,2021-02-01,0.6,20,-0.4942963218147801
KS,2021-03-01,0.6,20,-0.4942963218147801
KS,2021-04-01,0.6,20,-0.4942963218147801
KS,2021-05-01,0.5,20,-0.6733445532637656
KS,2021-06-01,0.5,20,-0.6733445532637656
KS,2021-07-01,0.6,20,-0.4942963218147801
KS,2021-08-01,0.6,20,-0.4942963218147801
KS,2021-09-01,0.6,20,-0.4942963218147801
KS,2021-10-01,0.6,20,-0.4942963218147801
KS,2021-11-01,0.6,20,-0.4942963218147801
KS,2021-12-01,0.6,20,-0.4942963218147801
KS,2022-01-01,0.6,20,-0.4942963218147801
KS,2022-02-01,0.6,20,-0.4942963218147801
KS,2022-03-01,0.5,20,-0.6733445532637656
KS,2022-04-01,0.5,20,-0.6733445532637656
KS,2022-05-01,0.5,20,-0.6733445532637656
KS,2022-06-01,0.4,20,-0.8915981192837835
KS,2022-07-01,0.5,20,-0.6733445532637656
KS,2022-08-01,0.4,20,-0.8915981192837835
KS,2022-09-01,0.4,20,-0.8915981192837835
KS,2022-10-01,0.4,20,-0.8915981192837835
KS,2022-11-01,0.4,20,-0.8915981192837835
KS,2022-12-01,0.4,20,-0.8915981192837835
KS,2023-01-01,0.4,20,-0.8915981192837835
KS,2023-02-01,0.4,20,-0.8915981192837835
KS,2023-03-01,0.4,20,-0.8915981192837835
KS,2023-04-01,0.4,20,-0.8915981192837835
KS,2023-05-01,0.4,20,-0.8915981192837835
KS,2023-06-01,0.4,20,-0.8915981192837835
KS,2023-07-01,0.4,20,-0.8915981192837835
KS,2023-08-01,0.5,20,-0.6733445532637656
KS,2023-09-01,0.5,20,-0.6733445532637656
KS,2023-10-01,0.6,20,-0.4942963218147801
KS,2023-11-01,0.6,20,-0.4942963218147801
KS,2023-12-01,0.6,20,-0.4942963218147801
KS,2024-01-01,0.7,20,-0.342490308946776
KS,2024-02-01,0.7,20,-0.342490308946776
KS,2024-03-01,0.6,20,-0.4942963218147801
KS,2024-04-01,0.5,20,-0.6733445532637656
KS,2024-05-01,0.6,20,-0.4942963218147801
KS,2024-06-01,0.6,20,-0.4942963218147801
KS,2024-07-01,0.6,20,-0.4942963218147801
KS,2024-08-01,0.6,20,-0.4942963218147801
KS,2024-09-01,0.7,20,-0.342490308946776
KS,2024-10-01,0.7,20,-0.342490308946776
KS,2024-11-01,0.6,20,-0.4942963218147801
KS,2024-12-01,0.7,20,-0.342490308946776
KS,2025-01-01,0.7,20,-0.342490308946776
KS,2025-02-01,0.8,20,-0.21072103131565253
KS,2025-03-01,0.7,20,-0.342490308946776
KY,2008-01-01,1.2,21,0.1906203596086497
KY,2008-02-01,1.2,21,0.1906203596086497
KY,2008-03-01,1.2,21,0.1906203596086497
KY,2008-04-01,1.2,21,0.1906203596086497
KY,2008-05-01,1.3,21,0.2700271372130602
KY,2008-06-01,1.3,21,0.2700271372130602
KY,2008-07-01,1.4,21,0.34358970439007686
KY,2008-08-01,1.4,21,0.34358970439007686
KY,2008-09-01,1.5,21,0.412109650826833
KY,2008-10-01,1.6,21,0.4762341789963717
KY,2008-11-01,1.7,21,0.5364933705145685
KY,2008-12-01,1.8,21,0.5933268452777344
KY,2009-01-01,2,21,0.6981347220709843
KY,2009-02-01,2.1,21,0.7466879474879751
KY,2009-03-01,2.1,21,0.7466879474879751
KY,2009-04-01,2.2,21,0.7929925155296614
KY,2009-05-01,2.2,21,0.7929925155296614
KY,2009-06-01,2.3,21,0.837247524533702
KY,2009-07-01,2.4,21,0.8796267475025635
KY,2009-08-01,2.6,21,0.959350221334602
KY,2009-09-01,2.7,21,0.9969486348916096
KY,2009-10-01,2.8,21,1.0331844833456543
KY,2009-11-01,2.9,21,1.068153081183401
KY,2009-12-01,2.9,21,1.068153081183401
KY,2010-01-01,2.9,21,1.068153081183401
KY,2010-02-01,2.9,21,1.068153081183401
KY,2010-03-01,2.7,21,0.9969486348916096
KY,2010-04-01,2.6,21,0.959350221334602
KY,2010-05-01,2.6,21,0.959350221334602
KY,2010-06-01,2.7,21,0.9969486348916096
KY,2010-07-01,2.7,21,0.9969486348916096
KY,2010-08-01,2.6,21,0.959350221334602
KY,2010-09-01,2.7,21,0.9969486348916096
KY,2010-10-01,2.7,21,0.9969486348916096
KY,2010-11-01,2.7,21,0.9969486348916096
KY,2010-12-01,2.7,21,0.9969486348916096
KY,2011-01-01,2.7,21,0.9969486348916096
KY,2011-02-01,2.7,21,0.9969486348916096
KY,2011-03-01,2.6,21,0.959350221334602
KY,2011-04-01,2.5,21,0.9202827531436925
KY,2011-05-01,2.5,21,0.9202827531436925
KY,2011-06-01,2.5,21,0.9202827531436925
KY,2011-07-01,2.5,21,0.9202827531436925
KY,2011-08-01,2.6,21,0.959350221334602
KY,2011-09-01,2.6,21,0.959350221334602
KY,2011-10-01,2.7,21,0.9969486348916096
KY,2011-11-01,2.8,21,1.0331844833456543
KY,2011-12-01,2.7,21,0.9969486348916096
KY,2012-01-01,2.8,21,1.0331844833456543
KY,2012-02-01,2.6,21,0.959350221334602
KY,2012-03-01,2.6,21,0.959350221334602
KY,2012-04-01,2.5,21,0.9202827531436925
KY,2012-05-01,2.6,21,0.959350221334602
KY,2012-06-01,2.6,21,0.959350221334602
KY,2012-07-01,2.5,21,0.9202827531436925
KY,2012-08-01,2.4,21,0.8796267475025635
KY,2012-09-01,2.4,21,0.8796267475025635
KY,2012-10-01,2.5,21,0.9202827531436925
KY,2012-11-01,2.5,21,0.9202827531436925
KY,2012-12-01,2.5,21,0.9202827531436925
KY,2013-01-01,2.5,21,0.9202827531436925
KY,2013-02-01,2.5,21,0.9202827531436925
KY,2013-03-01,2.3,21,0.837247524533702
KY,2013-04-01,2.2,21,0.7929925155296614
KY,2013-05-01,2.1,21,0.7466879474879751
KY,2013-06-01,2.1,21,0.7466879474879751
KY,2013-07-01,2.1,21,0.7466879474879751
KY,2013-08-01,2,21,0.6981347220709843
KY,2013-09-01,2,21,0.6981347220709843
KY,2013-10-01,2,21,0.6981347220709843
KY,2013-11-01,2,21,0.6981347220709843
KY,2013-12-01,2.1,21,0.7466879474879751
KY,2014-01-01,2.1,21,0.7466879474879751
KY,2014-02-01,2,21,0.6981347220709843
KY,2014-03-01,1.9,21,0.6471032420585384
KY,2014-04-01,1.8,21,0.5933268452777344
KY,2014-05-01,1.9,21,0.6471032420585384
KY,2014-06-01,1.9,21,0.6471032420585384
KY,2014-07-01,1.9,21,0.6471032420585384
KY,2014-08-01,2,21,0.6981347220709843
KY,2014-09-01,1.9,21,0.6471032420585384
KY,2014-10-01,1.9,21,0.6471032420585384
KY,2014-11-01,2,21,0.6981347220709843
KY,2014-12-01,2,21,0.6981347220709843
KY,2015-01-01,2,21,0.6981347220709843
KY,2015-02-01,1.9,21,0.6471032420585384
KY,2015-03-01,1.8,21,0.5933268452777344
KY,2015-04-01,1.7,21,0.5364933705145685
KY,2015-05-01,1.6,21,0.4762341789963717
KY,2015-06-01,1.6,21,0.4762341789963717
KY,2015-07-01,1.5,21,0.412109650826833
KY,2015-08-01,1.7,21,0.5364933705145685
KY,2015-09-01,1.7,21,0.5364933705145685
KY,2015-10-01,1.7,21,0.5364933705145685
KY,2015-11-01,1.6,21,0.4762341789963717
KY,2015-12-01,1.7,21,0.5364933705145685
KY,2016-01-01,1.7,21,0.5364933705145685
KY,2016-02-01,1.9,21,0.6471032420585384
KY,2016-03-01,1.6,21,0.4762341789963717
KY,2016-04-01,1.5,21,0.412109650826833
KY,2016-05-01,1.4,21,0.34358970439007686
KY,2016-06-01,1.4,21,0.34358970439007686
KY,2016-07-01,1.5,21,0.412109650826833
KY,2016-08-01,1.4,21,0.34358970439007686
KY,2016-09-01,1.4,21,0.34358970439007686
KY,2016-10-01,1.4,21,0.34358970439007686
KY,2016-11-01,1.4,21,0.34358970439007686
KY,2016-12-01,1.4,21,0.34358970439007686
KY,2017-01-01,1.3,21,0.2700271372130602
KY,2017-02-01,1.3,21,0.2700271372130602
KY,2017-03-01,1.2,21,0.1906203596086497
KY,2017-04-01,1.2,21,0.1906203596086497
KY,2017-05-01,1.2,21,0.1906203596086497
KY,2017-06-01,1.2,21,0.1906203596086497
KY,2017-07-01,1.2,21,0.1906203596086497
KY,2017-08-01,1.2,21,0.1906203596086497
KY,2017-09-01,1.2,21,0.1906203596086497
KY,2017-10-01,1.2,21,0.1906203596086497
KY,2017-11-01,1.3,21,0.2700271372130602
KY,2017-12-01,1.2,21,0.1906203596086497
KY,2018-01-01,1.3,21,0.2700271372130602
KY,2018-02-01,1.3,21,0.2700271372130602
KY,2018-03-01,1.2,21,0.1906203596086497
KY,2018-04-01,1.1,21,0.10436001532424286
KY,2018-05-01,1.1,21,0.10436001532424286
KY,2018-06-01,1.2,21,0.1906203596086497
KY,2018-07-01,1.1,21,0.10436001532424286
KY,2018-08-01,1.1,21,0.10436001532424286
KY,2018-09-01,1.1,21,0.10436001532424286
KY,2018-10-01,1.1,21,0.10436001532424286
KY,2018-11-01,1.1,21,0.10436001532424286
KY,2018-12-01,1.1,21,0.10436001532424286
KY,2019-01-01,1.1,21,0.10436001532424286
KY,2019-02-01,1.1,21,0.10436001532424286
KY,2019-03-01,1,21,0.009950330853168092
KY,2019-04-01,0.9,21,-0.09431067947124129
KY,2019-05-01,0.9,21,-0.09431067947124129
KY,2019-06-01,0.9,21,-0.09431067947124129
KY,2019-07-01,0.9,21,-0.09431067947124129
KY,2019-08-01,1,21,0.009950330853168092
KY,2019-09-01,1,21,0.009950330853168092
KY,2019-10-01,1,21,0.009950330853168092
KY,2019-11-01,1,21,0.009950330853168092
KY,2019-12-01,1.1,21,0.10436001532424286
KY,2020-01-01,1.1,21,0.10436001532424286
KY,2020-02-01,1.1,21,0.10436001532424286
KY,2020-03-01,1,21,0.009950330853168092
KY,2020-04-01,0.9,21,-0.09431067947124129
KY,2020-05-01,0.9,21,-0.09431067947124129
KY,2020-06-01,0.8,21,-0.21072103131565253
KY,2020-07-01,0.8,21,-0.21072103131565253
KY,2020-08-01,0.8,21,-0.21072103131565253
KY,2020-09-01,0.8,21,-0.21072103131565253
KY,2020-10-01,0.8,21,-0.21072103131565253
KY,2020-11-01,0.7,21,-0.342490308946776
KY,2020-12-01,0.8,21,-0.21072103131565253
KY,2021-01-01,0.8,21,-0.21072103131565253
KY,2021-02-01,0.8,21,-0.21072103131565253
KY,2021-03-01,0.7,21,-0.342490308946776
KY,2021-04-01,0.7,21,-0.342490308946776
KY,2021-05-01,0.7,21,-0.342490308946776
KY,2021-06-01,0.6,21,-0.4942963218147801
KY,2021-07-01,0.7,21,-0.342490308946776
KY,2021-08-01,0.6,21,-0.4942963218147801
KY,2021-09-01,0.6,21,-0.4942963218147801
KY,2021-10-01,0.6,21,-0.4942963218147801
KY,2021-11-01,0.6,21,-0.4942963218147801
KY,2021-12-01,0.7,21,-0.342490308946776
KY,2022-01-01,0.7,21,-0.342490308946776
KY,2022-02-01,0.7,21,-0.342490308946776
KY,2022-03-01,0.6,21,-0.4942963218147801
KY,2022-04-01,0.8,21,-0.21072103131565253
KY,2022-05-01,0.7,21,-0.342490308946776
KY,2022-06-01,0.6,21,-0.4942963218147801
KY,2022-07-01,0.6,21,-0.4942963218147801
KY,2022-08-01,0.6,21,-0.4942963218147801
KY,2022-09-01,0.7,21,-0.342490308946776
KY,2022-10-01,0.7,21,-0.342490308946776
KY,2022-11-01,0.8,21,-0.21072103131565253
KY,2022-12-01,0.7,21,-0.342490308946776
KY,2023-01-01,0.7,21,-0.342490308946776
KY,2023-02-01,0.7,21,-0.342490308946776
KY,2023-03-01,0.7,21,-0.342490308946776
KY,2023-04-01,0.7,21,-0.342490308946776
KY,2023-05-01,0.7,21,-0.342490308946776
KY,2023-06-01,0.6,21,-0.4942963218147801
KY,2023-07-01,0.7,21,-0.342490308946776
KY,2023-08-01,0.7,21,-0.342490308946776
KY,2023-09-01,0.8,21,-0.21072103131565253
KY,2023-10-01,0.8,21,-0.21072103131565253
KY,2023-11-01,0.9,21,-0.09431067947124129
KY,2023-12-01,0.9,21,-0.09431067947124129
KY,2024-01-01,0.9,21,-0.09431067947124129
KY,2024-02-01,0.9,21,-0.09431067947124129
KY,2024-03-01,0.8,21,-0.21072103131565253
KY,2024-04-01,0.8,21,-0.21072103131565253
KY,2024-05-01,0.8,21,-0.21072103131565253
KY,2024-06-01,0.8,21,-0.21072103131565253
KY,2024-07-01,0.8,21,-0.21072103131565253
KY,2024-08-01,0.8,21,-0.21072103131565253
KY,2024-09-01,0.9,21,-0.09431067947124129
KY,2024-10-01,0.9,21,-0.09431067947124129
KY,2024-11-01,0.9,21,-0.09431067947124129
KY,2024-12-01,1,21,0.009950330853168092
KY,2025-01-01,1.1,21,0.10436001532424286
KY,2025-02-01,1,21,0.009950330853168092
KY,2025-03-01,0.9,21,-0.09431067947124129
LA,2008-01-01,1.4,22,0.34358970439007686
LA,2008-02-01,1.4,22,0.34358970439007686
LA,2008-03-01,1.3,22,0.2700271372130602
LA,2008-04-01,1.3,22,0.2700271372130602
LA,2008-05-01,1.4,22,0.34358970439007686
LA,2008-06-01,1.4,22,0.34358970439007686
LA,2008-07-01,1.5,22,0.412109650826833
LA,2008-08-01,1.6,22,0.4762341789963717
LA,2008-09-01,1.7,22,0.5364933705145685
LA,2008-10-01,1.8,22,0.5933268452777344
LA,2008-11-01,1.9,22,0.6471032420585384
LA,2008-12-01,2.1,22,0.7466879474879751
LA,2009-01-01,2.2,22,0.7929925155296614
LA,2009-02-01,2.2,22,0.7929925155296614
LA,2009-03-01,2.2,22,0.7929925155296614
LA,2009-04-01,2.2,22,0.7929925155296614
LA,2009-05-01,2.3,22,0.837247524533702
LA,2009-06-01,2.4,22,0.8796267475025635
LA,2009-07-01,2.7,22,0.9969486348916096
LA,2009-08-01,2.8,22,1.0331844833456543
LA,2009-09-01,3.1,22,1.1346227261911428
LA,2009-10-01,3.3,22,1.1969481893889715
LA,2009-11-01,3.4,22,1.2267122912954254
LA,2009-12-01,3.6,22,1.2837077723447896
LA,2010-01-01,3.7,22,1.3110318766193438
LA,2010-02-01,3.6,22,1.2837077723447896
LA,2010-03-01,3.5,22,1.2556160374777743
LA,2010-04-01,3.4,22,1.2267122912954254
LA,2010-05-01,3.4,22,1.2267122912954254
LA,2010-06-01,3.4,22,1.2267122912954254
LA,2010-07-01,3.3,22,1.1969481893889715
LA,2010-08-01,3.3,22,1.1969481893889715
LA,2010-09-01,3.4,22,1.2267122912954254
LA,2010-10-01,3.4,22,1.2267122912954254
LA,2010-11-01,3.5,22,1.2556160374777743
LA,2010-12-01,3.5,22,1.2556160374777743
LA,2011-01-01,3.5,22,1.2556160374777743
LA,2011-02-01,3.4,22,1.2267122912954254
LA,2011-03-01,3.2,22,1.1662709371419244
LA,2011-04-01,3.1,22,1.1346227261911428
LA,2011-05-01,3.1,22,1.1346227261911428
LA,2011-06-01,3.1,22,1.1346227261911428
LA,2011-07-01,3.1,22,1.1346227261911428
LA,2011-08-01,3.1,22,1.1346227261911428
LA,2011-09-01,3.1,22,1.1346227261911428
LA,2011-10-01,3.1,22,1.1346227261911428
LA,2011-11-01,3.2,22,1.1662709371419244
LA,2011-12-01,3.1,22,1.1346227261911428
LA,2012-01-01,3.2,22,1.1662709371419244
LA,2012-02-01,3.2,22,1.1662709371419244
LA,2012-03-01,3.2,22,1.1662709371419244
LA,2012-04-01,3,22,1.1019400787607843
LA,2012-05-01,3,22,1.1019400787607843
LA,2012-06-01,2.9,22,1.068153081183401
LA,2012-07-01,2.9,22,1.068153081183401
LA,2012-08-01,3,22,1.1019400787607843
LA,2012-09-01,2.9,22,1.068153081183401
LA,2012-10-01,2.9,22,1.068153081183401
LA,2012-11-01,2.9,22,1.068153081183401
LA,2012-12-01,2.9,22,1.068153081183401
LA,2013-01-01,2.9,22,1.068153081183401
LA,2013-02-01,2.9,22,1.068153081183401
LA,2013-03-01,2.9,22,1.068153081183401
LA,2013-04-01,2.7,22,0.9969486348916096
LA,2013-05-01,2.6,22,0.959350221334602
LA,2013-06-01,2.6,22,0.959350221334602
LA,2013-07-01,2.5,22,0.9202827531436925
LA,2013-08-01,2.5,22,0.9202827531436925
LA,2013-09-01,2.5,22,0.9202827531436925
LA,2013-10-01,2.5,22,0.9202827531436925
LA,2013-11-01,2.5,22,0.9202827531436925
LA,2013-12-01,2.7,22,0.9969486348916096
LA,2014-01-01,2.6,22,0.959350221334602
LA,2014-02-01,2.5,22,0.9202827531436925
LA,2014-03-01,2.4,22,0.8796267475025635
LA,2014-04-01,2.2,22,0.7929925155296614
LA,2014-05-01,2.3,22,0.837247524533702
LA,2014-06-01,2.2,22,0.7929925155296614
LA,2014-07-01,2.3,22,0.837247524533702
LA,2014-08-01,2.2,22,0.7929925155296614
LA,2014-09-01,2.3,22,0.837247524533702
LA,2014-10-01,2.3,22,0.837247524533702
LA,2014-11-01,2.4,22,0.8796267475025635
LA,2014-12-01,2.5,22,0.9202827531436925
LA,2015-01-01,2.4,22,0.8796267475025635
LA,2015-02-01,2.3,22,0.837247524533702
LA,2015-03-01,2.1,22,0.7466879474879751
LA,2015-04-01,2,22,0.6981347220709843
LA,2015-05-01,1.9,22,0.6471032420585384
LA,2015-06-01,1.9,22,0.6471032420585384
LA,2015-07-01,2,22,0.6981347220709843
LA,2015-08-01,1.9,22,0.6471032420585384
LA,2015-09-01,1.9,22,0.6471032420585384
LA,2015-10-01,1.9,22,0.6471032420585384
LA,2015-11-01,1.9,22,0.6471032420585384
LA,2015-12-01,2,22,0.6981347220709843
LA,2016-01-01,2.2,22,0.7929925155296614
LA,2016-02-01,2.3,22,0.837247524533702
LA,2016-03-01,2.1,22,0.7466879474879751
LA,2016-04-01,2,22,0.6981347220709843
LA,2016-05-01,1.9,22,0.6471032420585384
LA,2016-06-01,1.9,22,0.6471032420585384
LA,2016-07-01,2,22,0.6981347220709843
LA,2016-08-01,2,22,0.6981347220709843
LA,2016-09-01,1.9,22,0.6471032420585384
LA,2016-10-01,1.9,22,0.6471032420585384
LA,2016-11-01,2,22,0.6981347220709843
LA,2016-12-01,2.1,22,0.7466879474879751
LA,2017-01-01,2.3,22,0.837247524533702
LA,2017-02-01,2.1,22,0.7466879474879751
LA,2017-03-01,1.9,22,0.6471032420585384
LA,2017-04-01,1.8,22,0.5933268452777344
LA,2017-05-01,1.8,22,0.5933268452777344
LA,2017-06-01,1.8,22,0.5933268452777344
LA,2017-07-01,1.8,22,0.5933268452777344
LA,2017-08-01,1.8,22,0.5933268452777344
LA,2017-09-01,1.8,22,0.5933268452777344
LA,2017-10-01,1.8,22,0.5933268452777344
LA,2017-11-01,1.8,22,0.5933268452777344
LA,2017-12-01,1.8,22,0.5933268452777344
LA,2018-01-01,1.8,22,0.5933268452777344
LA,2018-02-01,1.8,22,0.5933268452777344
LA,2018-03-01,1.7,22,0.5364933705145685
LA,2018-04-01,1.6,22,0.4762341789963717
LA,2018-05-01,1.7,22,0.5364933705145685
LA,2018-06-01,1.7,22,0.5364933705145685
LA,2018-07-01,1.7,22,0.5364933705145685
LA,2018-08-01,1.6,22,0.4762341789963717
LA,2018-09-01,1.7,22,0.5364933705145685
LA,2018-10-01,1.7,22,0.5364933705145685
LA,2018-11-01,1.7,22,0.5364933705145685
LA,2018-12-01,1.8,22,0.5933268452777344
LA,2019-01-01,1.8,22,0.5933268452777344
LA,2019-02-01,1.7,22,0.5364933705145685
LA,2019-03-01,1.5,22,0.412109650826833
LA,2019-04-01,1.4,22,0.34358970439007686
LA,2019-05-01,1.4,22,0.34358970439007686
LA,2019-06-01,1.3,22,0.2700271372130602
LA,2019-07-01,1.4,22,0.34358970439007686
LA,2019-08-01,1.3,22,0.2700271372130602
LA,2019-09-01,1.4,22,0.34358970439007686
LA,2019-10-01,1.5,22,0.412109650826833
LA,2019-11-01,1.4,22,0.34358970439007686
LA,2019-12-01,1.6,22,0.4762341789963717
LA,2020-01-01,1.5,22,0.412109650826833
LA,2020-02-01,1.4,22,0.34358970439007686
LA,2020-03-01,1.3,22,0.2700271372130602
LA,2020-04-01,1.2,22,0.1906203596086497
LA,2020-05-01,1.2,22,0.1906203596086497
LA,2020-06-01,1.1,22,0.10436001532424286
LA,2020-07-01,1.1,22,0.10436001532424286
LA,2020-08-01,1,22,0.009950330853168092
LA,2020-09-01,1,22,0.009950330853168092
LA,2020-10-01,0.9,22,-0.09431067947124129
LA,2020-11-01,0.9,22,-0.09431067947124129
LA,2020-12-01,0.9,22,-0.09431067947124129
LA,2021-01-01,0.9,22,-0.09431067947124129
LA,2021-02-01,0.9,22,-0.09431067947124129
LA,2021-03-01,0.9,22,-0.09431067947124129
LA,2021-04-01,0.8,22,-0.21072103131565253
LA,2021-05-01,0.8,22,-0.21072103131565253
LA,2021-06-01,0.8,22,-0.21072103131565253
LA,2021-07-01,0.9,22,-0.09431067947124129
LA,2021-08-01,0.9,22,-0.09431067947124129
LA,2021-09-01,0.9,22,-0.09431067947124129
LA,2021-10-01,0.9,22,-0.09431067947124129
LA,2021-11-01,0.9,22,-0.09431067947124129
LA,2021-12-01,0.9,22,-0.09431067947124129
LA,2022-01-01,1,22,0.009950330853168092
LA,2022-02-01,1,22,0.009950330853168092
LA,2022-03-01,1,22,0.009950330853168092
LA,2022-04-01,0.9,22,-0.09431067947124129
LA,2022-05-01,1,22,0.009950330853168092
LA,2022-06-01,1,22,0.009950330853168092
LA,2022-07-01,0.9,22,-0.09431067947124129
LA,2022-08-01,1,22,0.009950330853168092
LA,2022-09-01,1,22,0.009950330853168092
LA,2022-10-01,1,22,0.009950330853168092
LA,2022-11-01,1,22,0.009950330853168092
LA,2022-12-01,1,22,0.009950330853168092
LA,2023-01-01,1.1,22,0.10436001532424286
LA,2023-02-01,1.1,22,0.10436001532424286
LA,2023-03-01,1,22,0.009950330853168092
LA,2023-04-01,0.9,22,-0.09431067947124129
LA,2023-05-01,0.9,22,-0.09431067947124129
LA,2023-06-01,0.8,22,-0.21072103131565253
LA,2023-07-01,1,22,0.009950330853168092
LA,2023-08-01,1,22,0.009950330853168092
LA,2023-09-01,1.1,22,0.10436001532424286
LA,2023-10-01,1.1,22,0.10436001532424286
LA,2023-11-01,1.2,22,0.1906203596086497
LA,2023-12-01,1.3,22,0.2700271372130602
LA,2024-01-01,1.4,22,0.34358970439007686
LA,2024-02-01,1.5,22,0.412109650826833
LA,2024-03-01,1.4,22,0.34358970439007686
LA,2024-04-01,1.4,22,0.34358970439007686
LA,2024-05-01,1.3,22,0.2700271372130602
LA,2024-06-01,1.4,22,0.34358970439007686
LA,2024-07-01,1.5,22,0.412109650826833
LA,2024-08-01,1.5,22,0.412109650826833
LA,2024-09-01,1.5,22,0.412109650826833
LA,2024-10-01,1.5,22,0.412109650826833
LA,2024-11-01,1.5,22,0.412109650826833
LA,2024-12-01,1.7,22,0.5364933705145685
LA,2025-01-01,1.9,22,0.6471032420585384
LA,2025-02-01,1.9,22,0.6471032420585384
LA,2025-03-01,1.7,22,0.5364933705145685
ME,2008-01-01,1.2,23,0.1906203596086497
ME,2008-02-01,1.2,23,0.1906203596086497
ME,2008-03-01,1.1,23,0.10436001532424286
ME,2008-04-01,1.2,23,0.1906203596086497
ME,2008-05-01,1.2,23,0.1906203596086497
ME,2008-06-01,1.2,23,0.1906203596086497
ME,2008-07-01,1.3,23,0.2700271372130602
ME,2008-08-01,1.3,23,0.2700271372130602
ME,2008-09-01,1.4,23,0.34358970439007686
ME,2008-10-01,1.5,23,0.412109650826833
ME,2008-11-01,1.6,23,0.4762341789963717
ME,2008-12-01,1.7,23,0.5364933705145685
ME,2009-01-01,2.2,23,0.7929925155296614
ME,2009-02-01,2.4,23,0.8796267475025635
ME,2009-03-01,2.3,23,0.837247524533702
ME,2009-04-01,2.3,23,0.837247524533702
ME,2009-05-01,2.4,23,0.8796267475025635
ME,2009-06-01,2.5,23,0.9202827531436925
ME,2009-07-01,2.8,23,1.0331844833456543
ME,2009-08-01,3,23,1.1019400787607843
ME,2009-09-01,3.1,23,1.1346227261911428
ME,2009-10-01,3.1,23,1.1346227261911428
ME,2009-11-01,3.3,23,1.1969481893889715
ME,2009-12-01,3.3,23,1.1969481893889715
ME,2010-01-01,3.6,23,1.2837077723447896
ME,2010-02-01,3.5,23,1.2556160374777743
ME,2010-03-01,3.4,23,1.2267122912954254
ME,2010-04-01,3.2,23,1.1662709371419244
ME,2010-05-01,3,23,1.1019400787607843
ME,2010-06-01,3,23,1.1019400787607843
ME,2010-07-01,3,23,1.1019400787607843
ME,2010-08-01,3,23,1.1019400787607843
ME,2010-09-01,3,23,1.1019400787607843
ME,2010-10-01,3,23,1.1019400787607843
ME,2010-11-01,3,23,1.1019400787607843
ME,2010-12-01,3,23,1.1019400787607843
ME,2011-01-01,3.2,23,1.1662709371419244
ME,2011-02-01,3.2,23,1.1662709371419244
ME,2011-03-01,3.1,23,1.1346227261911428
ME,2011-04-01,3.1,23,1.1346227261911428
ME,2011-05-01,3,23,1.1019400787607843
ME,2011-06-01,3,23,1.1019400787607843
ME,2011-07-01,3,23,1.1019400787607843
ME,2011-08-01,3,23,1.1019400787607843
ME,2011-09-01,3,23,1.1019400787607843
ME,2011-10-01,3,23,1.1019400787607843
ME,2011-11-01,3.2,23,1.1662709371419244
ME,2011-12-01,3.2,23,1.1662709371419244
ME,2012-01-01,3.3,23,1.1969481893889715
ME,2012-02-01,3.3,23,1.1969481893889715
ME,2012-03-01,3.3,23,1.1969481893889715
ME,2012-04-01,3.2,23,1.1662709371419244
ME,2012-05-01,3.3,23,1.1969481893889715
ME,2012-06-01,3.5,23,1.2556160374777743
ME,2012-07-01,3.4,23,1.2267122912954254
ME,2012-08-01,3.3,23,1.1969481893889715
ME,2012-09-01,3.4,23,1.2267122912954254
ME,2012-10-01,3.3,23,1.1969481893889715
ME,2012-11-01,3.3,23,1.1969481893889715
ME,2012-12-01,3.3,23,1.1969481893889715
ME,2013-01-01,3.3,23,1.1969481893889715
ME,2013-02-01,3.2,23,1.1662709371419244
ME,2013-03-01,3.2,23,1.1662709371419244
ME,2013-04-01,3.3,23,1.1969481893889715
ME,2013-05-01,3.2,23,1.1662709371419244
ME,2013-06-01,3,23,1.1019400787607843
ME,2013-07-01,2.9,23,1.068153081183401
ME,2013-08-01,2.8,23,1.0331844833456543
ME,2013-09-01,2.6,23,0.959350221334602
ME,2013-10-01,2.5,23,0.9202827531436925
ME,2013-11-01,2.5,23,0.9202827531436925
ME,2013-12-01,2.6,23,0.959350221334602
ME,2014-01-01,2.8,23,1.0331844833456543
ME,2014-02-01,2.8,23,1.0331844833456543
ME,2014-03-01,2.7,23,0.9969486348916096
ME,2014-04-01,2.7,23,0.9969486348916096
ME,2014-05-01,2.7,23,0.9969486348916096
ME,2014-06-01,2.6,23,0.959350221334602
ME,2014-07-01,2.6,23,0.959350221334602
ME,2014-08-01,2.6,23,0.959350221334602
ME,2014-09-01,2.5,23,0.9202827531436925
ME,2014-10-01,2.5,23,0.9202827531436925
ME,2014-11-01,2.6,23,0.959350221334602
ME,2014-12-01,2.7,23,0.9969486348916096
ME,2015-01-01,2.7,23,0.9969486348916096
ME,2015-02-01,2.7,23,0.9969486348916096
ME,2015-03-01,2.6,23,0.959350221334602
ME,2015-04-01,2.6,23,0.959350221334602
ME,2015-05-01,2.6,23,0.959350221334602
ME,2015-06-01,2.6,23,0.959350221334602
ME,2015-07-01,2.6,23,0.959350221334602
ME,2015-08-01,2.4,23,0.8796267475025635
ME,2015-09-01,2.5,23,0.9202827531436925
ME,2015-10-01,2.5,23,0.9202827531436925
ME,2015-11-01,2.2,23,0.7929925155296614
ME,2015-12-01,2.2,23,0.7929925155296614
ME,2016-01-01,2.3,23,0.837247524533702
ME,2016-02-01,2.3,23,0.837247524533702
ME,2016-03-01,2.1,23,0.7466879474879751
ME,2016-04-01,1.9,23,0.6471032420585384
ME,2016-05-01,1.9,23,0.6471032420585384
ME,2016-06-01,1.8,23,0.5933268452777344
ME,2016-07-01,1.7,23,0.5364933705145685
ME,2016-08-01,1.8,23,0.5933268452777344
ME,2016-09-01,1.7,23,0.5364933705145685
ME,2016-10-01,1.7,23,0.5364933705145685
ME,2016-11-01,1.7,23,0.5364933705145685
ME,2016-12-01,1.7,23,0.5364933705145685
ME,2017-01-01,1.8,23,0.5933268452777344
ME,2017-02-01,1.8,23,0.5933268452777344
ME,2017-03-01,1.7,23,0.5364933705145685
ME,2017-04-01,1.6,23,0.4762341789963717
ME,2017-05-01,1.5,23,0.412109650826833
ME,2017-06-01,1.5,23,0.412109650826833
ME,2017-07-01,1.5,23,0.412109650826833
ME,2017-08-01,1.5,23,0.412109650826833
ME,2017-09-01,1.4,23,0.34358970439007686
ME,2017-10-01,1.5,23,0.412109650826833
ME,2017-11-01,1.4,23,0.34358970439007686
ME,2017-12-01,1.5,23,0.412109650826833
ME,2018-01-01,1.4,23,0.34358970439007686
ME,2018-02-01,1.4,23,0.34358970439007686
ME,2018-03-01,1.3,23,0.2700271372130602
ME,2018-04-01,1.3,23,0.2700271372130602
ME,2018-05-01,1.3,23,0.2700271372130602
ME,2018-06-01,1.3,23,0.2700271372130602
ME,2018-07-01,1.2,23,0.1906203596086497
ME,2018-08-01,1.2,23,0.1906203596086497
ME,2018-09-01,1.2,23,0.1906203596086497
ME,2018-10-01,1.2,23,0.1906203596086497
ME,2018-11-01,1.1,23,0.10436001532424286
ME,2018-12-01,1.1,23,0.10436001532424286
ME,2019-01-01,1.1,23,0.10436001532424286
ME,2019-02-01,1,23,0.009950330853168092
ME,2019-03-01,1,23,0.009950330853168092
ME,2019-04-01,0.9,23,-0.09431067947124129
ME,2019-05-01,1,23,0.009950330853168092
ME,2019-06-01,1,23,0.009950330853168092
ME,2019-07-01,1,23,0.009950330853168092
ME,2019-08-01,1.1,23,0.10436001532424286
ME,2019-09-01,1,23,0.009950330853168092
ME,2019-10-01,1,23,0.009950330853168092
ME,2019-11-01,1,23,0.009950330853168092
ME,2019-12-01,1.1,23,0.10436001532424286
ME,2020-01-01,1.1,23,0.10436001532424286
ME,2020-02-01,1.1,23,0.10436001532424286
ME,2020-03-01,1.1,23,0.10436001532424286
ME,2020-04-01,0.9,23,-0.09431067947124129
ME,2020-05-01,0.9,23,-0.09431067947124129
ME,2020-06-01,0.9,23,-0.09431067947124129
ME,2020-07-01,0.9,23,-0.09431067947124129
ME,2020-08-01,0.9,23,-0.09431067947124129
ME,2020-09-01,0.8,23,-0.21072103131565253
ME,2020-10-01,0.8,23,-0.21072103131565253
ME,2020-11-01,0.8,23,-0.21072103131565253
ME,2020-12-01,0.7,23,-0.342490308946776
ME,2021-01-01,0.7,23,-0.342490308946776
ME,2021-02-01,0.7,23,-0.342490308946776
ME,2021-03-01,0.7,23,-0.342490308946776
ME,2021-04-01,0.7,23,-0.342490308946776
ME,2021-05-01,0.6,23,-0.4942963218147801
ME,2021-06-01,0.6,23,-0.4942963218147801
ME,2021-07-01,0.7,23,-0.342490308946776
ME,2021-08-01,0.7,23,-0.342490308946776
ME,2021-09-01,0.7,23,-0.342490308946776
ME,2021-10-01,0.7,23,-0.342490308946776
ME,2021-11-01,0.7,23,-0.342490308946776
ME,2021-12-01,0.7,23,-0.342490308946776
ME,2022-01-01,0.7,23,-0.342490308946776
ME,2022-02-01,0.7,23,-0.342490308946776
ME,2022-03-01,0.6,23,-0.4942963218147801
ME,2022-04-01,0.6,23,-0.4942963218147801
ME,2022-05-01,0.5,23,-0.6733445532637656
ME,2022-06-01,0.6,23,-0.4942963218147801
ME,2022-07-01,0.6,23,-0.4942963218147801
ME,2022-08-01,0.7,23,-0.342490308946776
ME,2022-09-01,0.7,23,-0.342490308946776
ME,2022-10-01,0.6,23,-0.4942963218147801
ME,2022-11-01,0.6,23,-0.4942963218147801
ME,2022-12-01,0.7,23,-0.342490308946776
ME,2023-01-01,0.8,23,-0.21072103131565253
ME,2023-02-01,0.7,23,-0.342490308946776
ME,2023-03-01,0.7,23,-0.342490308946776
ME,2023-04-01,0.7,23,-0.342490308946776
ME,2023-05-01,0.6,23,-0.4942963218147801
ME,2023-06-01,0.6,23,-0.4942963218147801
ME,2023-07-01,0.6,23,-0.4942963218147801
ME,2023-08-01,0.7,23,-0.342490308946776
ME,2023-09-01,0.7,23,-0.342490308946776
ME,2023-10-01,0.6,23,-0.4942963218147801
ME,2023-11-01,0.6,23,-0.4942963218147801
ME,2023-12-01,0.7,23,-0.342490308946776
ME,2024-01-01,0.8,23,-0.21072103131565253
ME,2024-02-01,0.7,23,-0.342490308946776
ME,2024-03-01,0.7,23,-0.342490308946776
ME,2024-04-01,0.7,23,-0.342490308946776
ME,2024-05-01,0.7,23,-0.342490308946776
ME,2024-06-01,0.7,23,-0.342490308946776
ME,2024-07-01,0.8,23,-0.21072103131565253
ME,2024-08-01,0.8,23,-0.21072103131565253
ME,2024-09-01,0.8,23,-0.21072103131565253
ME,2024-10-01,0.8,23,-0.21072103131565253
ME,2024-11-01,0.8,23,-0.21072103131565253
ME,2024-12-01,0.9,23,-0.09431067947124129
ME,2025-01-01,1,23,0.009950330853168092
ME,2025-02-01,0.9,23,-0.09431067947124129
ME,2025-03-01,0.8,23,-0.21072103131565253
MD,2008-01-01,1.4,24,0.34358970439007686
MD,2008-02-01,1.5,24,0.412109650826833
MD,2008-03-01,1.6,24,0.4762341789963717
MD,2008-04-01,1.5,24,0.412109650826833
MD,2008-05-01,1.7,24,0.5364933705145685
MD,2008-06-01,1.8,24,0.5933268452777344
MD,2008-07-01,2.1,24,0.7466879474879751
MD,2008-08-01,2.2,24,0.7929925155296614
MD,2008-09-01,2.4,24,0.8796267475025635
MD,2008-10-01,2.6,24,0.959350221334602
MD,2008-11-01,2.8,24,1.0331844833456543
MD,2008-12-01,3.1,24,1.1346227261911428
MD,2009-01-01,3.4,24,1.2267122912954254
MD,2009-02-01,3.6,24,1.2837077723447896
MD,2009-03-01,3.8,24,1.3376291891386094
MD,2009-04-01,3.9,24,1.3635373739972743
MD,2009-05-01,4.2,24,1.43746264769429
MD,2009-06-01,4.4,24,1.4838746894587547
MD,2009-07-01,4.5,24,1.506297153514587
MD,2009-08-01,4.6,24,1.528227857008557
MD,2009-09-01,4.9,24,1.5912739418064292
MD,2009-10-01,5.2,24,1.6505798557652755
MD,2009-11-01,5.4,24,1.6882490928583902
MD,2009-12-01,5.5,24,1.706564623164823
MD,2010-01-01,5.6,24,1.7245507195346048
MD,2010-02-01,5.7,24,1.742219023667919
MD,2010-03-01,5.5,24,1.706564623164823
MD,2010-04-01,5.2,24,1.6505798557652755
MD,2010-05-01,5.1,24,1.631199404215613
MD,2010-06-01,5,24,1.6114359150967734
MD,2010-07-01,4.8,24,1.5706970841176697
MD,2010-08-01,4.9,24,1.5912739418064292
MD,2010-09-01,5,24,1.6114359150967734
MD,2010-10-01,5.1,24,1.631199404215613
MD,2010-11-01,5.2,24,1.6505798557652755
MD,2010-12-01,5.2,24,1.6505798557652755
MD,2011-01-01,5.4,24,1.6882490928583902
MD,2011-02-01,5.4,24,1.6882490928583902
MD,2011-03-01,5.3,24,1.6695918352538475
MD,2011-04-01,5.2,24,1.6505798557652755
MD,2011-05-01,5.2,24,1.6505798557652755
MD,2011-06-01,5.1,24,1.631199404215613
MD,2011-07-01,5.1,24,1.631199404215613
MD,2011-08-01,5.1,24,1.631199404215613
MD,2011-09-01,5.2,24,1.6505798557652755
MD,2011-10-01,5.2,24,1.6505798557652755
MD,2011-11-01,5.3,24,1.6695918352538475
MD,2011-12-01,5.3,24,1.6695918352538475
MD,2012-01-01,5.4,24,1.6882490928583902
MD,2012-02-01,5.3,24,1.6695918352538475
MD,2012-03-01,5.3,24,1.6695918352538475
MD,2012-04-01,5.2,24,1.6505798557652755
MD,2012-05-01,5.3,24,1.6695918352538475
MD,2012-06-01,5.3,24,1.6695918352538475
MD,2012-07-01,5.3,24,1.6695918352538475
MD,2012-08-01,5.2,24,1.6505798557652755
MD,2012-09-01,5.2,24,1.6505798557652755
MD,2012-10-01,5.1,24,1.631199404215613
MD,2012-11-01,5,24,1.6114359150967734
MD,2012-12-01,5.1,24,1.631199404215613
MD,2013-01-01,5,24,1.6114359150967734
MD,2013-02-01,4.9,24,1.5912739418064292
MD,2013-03-01,4.8,24,1.5706970841176697
MD,2013-04-01,4.7,24,1.5496879080283263
MD,2013-05-01,4.4,24,1.4838746894587547
MD,2013-06-01,4.3,24,1.4609379041156563
MD,2013-07-01,4.2,24,1.43746264769429
MD,2013-08-01,4,24,1.3887912413184778
MD,2013-09-01,4,24,1.3887912413184778
MD,2013-10-01,3.8,24,1.3376291891386094
MD,2013-11-01,3.8,24,1.3376291891386094
MD,2013-12-01,3.9,24,1.3635373739972743
MD,2014-01-01,3.8,24,1.3376291891386094
MD,2014-02-01,3.7,24,1.3110318766193438
MD,2014-03-01,3.5,24,1.2556160374777743
MD,2014-04-01,3.4,24,1.2267122912954254
MD,2014-05-01,3.5,24,1.2556160374777743
MD,2014-06-01,3.3,24,1.1969481893889715
MD,2014-07-01,3.2,24,1.1662709371419244
MD,2014-08-01,3.2,24,1.1662709371419244
MD,2014-09-01,3.1,24,1.1346227261911428
MD,2014-10-01,3,24,1.1019400787607843
MD,2014-11-01,3,24,1.1019400787607843
MD,2014-12-01,3.1,24,1.1346227261911428
MD,2015-01-01,3,24,1.1019400787607843
MD,2015-02-01,2.9,24,1.068153081183401
MD,2015-03-01,2.8,24,1.0331844833456543
MD,2015-04-01,2.6,24,0.959350221334602
MD,2015-05-01,2.6,24,0.959350221334602
MD,2015-06-01,2.5,24,0.9202827531436925
MD,2015-07-01,2.5,24,0.9202827531436925
MD,2015-08-01,2.5,24,0.9202827531436925
MD,2015-09-01,2.4,24,0.8796267475025635
MD,2015-10-01,2.4,24,0.8796267475025635
MD,2015-11-01,2.3,24,0.837247524533702
MD,2015-12-01,2.2,24,0.7929925155296614
MD,2016-01-01,2.2,24,0.7929925155296614
MD,2016-02-01,2.4,24,0.8796267475025635
MD,2016-03-01,2.2,24,0.7929925155296614
MD,2016-04-01,2,24,0.6981347220709843
MD,2016-05-01,2,24,0.6981347220709843
MD,2016-06-01,1.9,24,0.6471032420585384
MD,2016-07-01,1.9,24,0.6471032420585384
MD,2016-08-01,1.9,24,0.6471032420585384
MD,2016-09-01,1.8,24,0.5933268452777344
MD,2016-10-01,1.9,24,0.6471032420585384
MD,2016-11-01,1.9,24,0.6471032420585384
MD,2016-12-01,1.9,24,0.6471032420585384
MD,2017-01-01,1.9,24,0.6471032420585384
MD,2017-02-01,1.8,24,0.5933268452777344
MD,2017-03-01,1.7,24,0.5364933705145685
MD,2017-04-01,1.7,24,0.5364933705145685
MD,2017-05-01,1.7,24,0.5364933705145685
MD,2017-06-01,1.6,24,0.4762341789963717
MD,2017-07-01,1.6,24,0.4762341789963717
MD,2017-08-01,1.6,24,0.4762341789963717
MD,2017-09-01,1.6,24,0.4762341789963717
MD,2017-10-01,1.6,24,0.4762341789963717
MD,2017-11-01,1.6,24,0.4762341789963717
MD,2017-12-01,1.6,24,0.4762341789963717
MD,2018-01-01,1.6,24,0.4762341789963717
MD,2018-02-01,1.6,24,0.4762341789963717
MD,2018-03-01,1.5,24,0.412109650826833
MD,2018-04-01,1.4,24,0.34358970439007686
MD,2018-05-01,1.4,24,0.34358970439007686
MD,2018-06-01,1.3,24,0.2700271372130602
MD,2018-07-01,1.3,24,0.2700271372130602
MD,2018-08-01,1.3,24,0.2700271372130602
MD,2018-09-01,1.4,24,0.34358970439007686
MD,2018-10-01,1.3,24,0.2700271372130602
MD,2018-11-01,1.3,24,0.2700271372130602
MD,2018-12-01,1.3,24,0.2700271372130602
MD,2019-01-01,1.3,24,0.2700271372130602
MD,2019-02-01,1.3,24,0.2700271372130602
MD,2019-03-01,1.2,24,0.1906203596086497
MD,2019-04-01,1.1,24,0.10436001532424286
MD,2019-05-01,1.1,24,0.10436001532424286
MD,2019-06-01,1.2,24,0.1906203596086497
MD,2019-07-01,1.1,24,0.10436001532424286
MD,2019-08-01,1.1,24,0.10436001532424286
MD,2019-09-01,1.2,24,0.1906203596086497
MD,2019-10-01,1.2,24,0.1906203596086497
MD,2019-11-01,1.2,24,0.1906203596086497
MD,2019-12-01,1.2,24,0.1906203596086497
MD,2020-01-01,1.2,24,0.1906203596086497
MD,2020-02-01,1.1,24,0.10436001532424286
MD,2020-03-01,1.1,24,0.10436001532424286
MD,2020-04-01,1,24,0.009950330853168092
MD,2020-05-01,0.9,24,-0.09431067947124129
MD,2020-06-01,0.9,24,-0.09431067947124129
MD,2020-07-01,0.8,24,-0.21072103131565253
MD,2020-08-01,0.8,24,-0.21072103131565253
MD,2020-09-01,0.8,24,-0.21072103131565253
MD,2020-10-01,0.7,24,-0.342490308946776
MD,2020-11-01,0.7,24,-0.342490308946776
MD,2020-12-01,0.7,24,-0.342490308946776
MD,2021-01-01,0.7,24,-0.342490308946776
MD,2021-02-01,0.7,24,-0.342490308946776
MD,2021-03-01,0.7,24,-0.342490308946776
MD,2021-04-01,0.7,24,-0.342490308946776
MD,2021-05-01,0.6,24,-0.4942963218147801
MD,2021-06-01,0.6,24,-0.4942963218147801
MD,2021-07-01,0.7,24,-0.342490308946776
MD,2021-08-01,0.6,24,-0.4942963218147801
MD,2021-09-01,0.7,24,-0.342490308946776
MD,2021-10-01,0.6,24,-0.4942963218147801
MD,2021-11-01,0.6,24,-0.4942963218147801
MD,2021-12-01,0.7,24,-0.342490308946776
MD,2022-01-01,0.7,24,-0.342490308946776
MD,2022-02-01,0.6,24,-0.4942963218147801
MD,2022-03-01,0.6,24,-0.4942963218147801
MD,2022-04-01,0.8,24,-0.21072103131565253
MD,2022-05-01,0.6,24,-0.4942963218147801
MD,2022-06-01,0.6,24,-0.4942963218147801
MD,2022-07-01,0.6,24,-0.4942963218147801
MD,2022-08-01,0.6,24,-0.4942963218147801
MD,2022-09-01,0.6,24,-0.4942963218147801
MD,2022-10-01,0.6,24,-0.4942963218147801
MD,2022-11-01,0.7,24,-0.342490308946776
MD,2022-12-01,0.7,24,-0.342490308946776
MD,2023-01-01,0.7,24,-0.342490308946776
MD,2023-02-01,0.7,24,-0.342490308946776
MD,2023-03-01,0.6,24,-0.4942963218147801
MD,2023-04-01,0.7,24,-0.342490308946776
MD,2023-05-01,0.6,24,-0.4942963218147801
MD,2023-06-01,0.6,24,-0.4942963218147801
MD,2023-07-01,0.7,24,-0.342490308946776
MD,2023-08-01,0.6,24,-0.4942963218147801
MD,2023-09-01,0.7,24,-0.342490308946776
MD,2023-10-01,0.8,24,-0.21072103131565253
MD,2023-11-01,0.8,24,-0.21072103131565253
MD,2023-12-01,0.8,24,-0.21072103131565253
MD,2024-01-01,0.9,24,-0.09431067947124129
MD,2024-02-01,0.9,24,-0.09431067947124129
MD,2024-03-01,0.9,24,-0.09431067947124129
MD,2024-04-01,0.8,24,-0.21072103131565253
MD,2024-05-01,0.8,24,-0.21072103131565253
MD,2024-06-01,0.8,24,-0.21072103131565253
MD,2024-07-01,0.8,24,-0.21072103131565253
MD,2024-08-01,0.9,24,-0.09431067947124129
MD,2024-09-01,0.9,24,-0.09431067947124129
MD,2024-10-01,0.9,24,-0.09431067947124129
MD,2024-11-01,1,24,0.009950330853168092
MD,2024-12-01,1,24,0.009950330853168092
MD,2025-01-01,1.1,24,0.10436001532424286
MD,2025-02-01,1,24,0.009950330853168092
MD,2025-03-01,0.9,24,-0.09431067947124129
MA,2008-01-01,1.2,25,0.1906203596086497
MA,2008-02-01,1.2,25,0.1906203596086497
MA,2008-03-01,1.2,25,0.1906203596086497
MA,2008-04-01,1.3,25,0.2700271372130602
MA,2008-05-01,1.3,25,0.2700271372130602
MA,2008-06-01,1.5,25,0.412109650826833
MA,2008-07-01,1.6,25,0.4762341789963717
MA,2008-08-01,1.8,25,0.5933268452777344
MA,2008-09-01,1.9,25,0.6471032420585384
MA,2008-10-01,2.1,25,0.7466879474879751
MA,2008-11-01,2.2,25,0.7929925155296614
MA,2008-12-01,2.4,25,0.8796267475025635
MA,2009-01-01,2.5,25,0.9202827531436925
MA,2009-02-01,2.6,25,0.959350221334602
MA,2009-03-01,2.7,25,0.9969486348916096
MA,2009-04-01,2.8,25,1.0331844833456543
MA,2009-05-01,2.9,25,1.068153081183401
MA,2009-06-01,3.1,25,1.1346227261911428
MA,2009-07-01,3.2,25,1.1662709371419244
MA,2009-08-01,3.2,25,1.1662709371419244
MA,2009-09-01,3.6,25,1.2837077723447896
MA,2009-10-01,3.7,25,1.3110318766193438
MA,2009-11-01,3.7,25,1.3110318766193438
MA,2009-12-01,3.8,25,1.3376291891386094
MA,2010-01-01,3.9,25,1.3635373739972743
MA,2010-02-01,3.9,25,1.3635373739972743
MA,2010-03-01,3.8,25,1.3376291891386094
MA,2010-04-01,3.6,25,1.2837077723447896
MA,2010-05-01,3.6,25,1.2837077723447896
MA,2010-06-01,3.5,25,1.2556160374777743
MA,2010-07-01,3.5,25,1.2556160374777743
MA,2010-08-01,3.4,25,1.2267122912954254
MA,2010-09-01,3.4,25,1.2267122912954254
MA,2010-10-01,3.4,25,1.2267122912954254
MA,2010-11-01,3.5,25,1.2556160374777743
MA,2010-12-01,3.5,25,1.2556160374777743
MA,2011-01-01,3.5,25,1.2556160374777743
MA,2011-02-01,3.5,25,1.2556160374777743
MA,2011-03-01,3.4,25,1.2267122912954254
MA,2011-04-01,3.4,25,1.2267122912954254
MA,2011-05-01,3.4,25,1.2267122912954254
MA,2011-06-01,3.3,25,1.1969481893889715
MA,2011-07-01,3.3,25,1.1969481893889715
MA,2011-08-01,3.2,25,1.1662709371419244
MA,2011-09-01,3.3,25,1.1969481893889715
MA,2011-10-01,3.3,25,1.1969481893889715
MA,2011-11-01,3.4,25,1.2267122912954254
MA,2011-12-01,3.4,25,1.2267122912954254
MA,2012-01-01,3.4,25,1.2267122912954254
MA,2012-02-01,3.4,25,1.2267122912954254
MA,2012-03-01,3.3,25,1.1969481893889715
MA,2012-04-01,3.2,25,1.1662709371419244
MA,2012-05-01,3.2,25,1.1662709371419244
MA,2012-06-01,3.1,25,1.1346227261911428
MA,2012-07-01,3.1,25,1.1346227261911428
MA,2012-08-01,3,25,1.1019400787607843
MA,2012-09-01,3,25,1.1019400787607843
MA,2012-10-01,2.9,25,1.068153081183401
MA,2012-11-01,2.8,25,1.0331844833456543
MA,2012-12-01,2.8,25,1.0331844833456543
MA,2013-01-01,2.8,25,1.0331844833456543
MA,2013-02-01,2.8,25,1.0331844833456543
MA,2013-03-01,2.8,25,1.0331844833456543
MA,2013-04-01,2.8,25,1.0331844833456543
MA,2013-05-01,2.7,25,0.9969486348916096
MA,2013-06-01,2.7,25,0.9969486348916096
MA,2013-07-01,2.6,25,0.959350221334602
MA,2013-08-01,2.6,25,0.959350221334602
MA,2013-09-01,2.6,25,0.959350221334602
MA,2013-10-01,2.5,25,0.9202827531436925
MA,2013-11-01,2.5,25,0.9202827531436925
MA,2013-12-01,2.6,25,0.959350221334602
MA,2014-01-01,2.6,25,0.959350221334602
MA,2014-02-01,2.6,25,0.959350221334602
MA,2014-03-01,2.4,25,0.8796267475025635
MA,2014-04-01,2.3,25,0.837247524533702
MA,2014-05-01,2.4,25,0.8796267475025635
MA,2014-06-01,2.3,25,0.837247524533702
MA,2014-07-01,2.3,25,0.837247524533702
MA,2014-08-01,2.3,25,0.837247524533702
MA,2014-09-01,2.3,25,0.837247524533702
MA,2014-10-01,2.3,25,0.837247524533702
MA,2014-11-01,2.3,25,0.837247524533702
MA,2014-12-01,2.3,25,0.837247524533702
MA,2015-01-01,2.3,25,0.837247524533702
MA,2015-02-01,2.2,25,0.7929925155296614
MA,2015-03-01,2.2,25,0.7929925155296614
MA,2015-04-01,2.1,25,0.7466879474879751
MA,2015-05-01,2.1,25,0.7466879474879751
MA,2015-06-01,2,25,0.6981347220709843
MA,2015-07-01,2,25,0.6981347220709843
MA,2015-08-01,1.9,25,0.6471032420585384
MA,2015-09-01,1.9,25,0.6471032420585384
MA,2015-10-01,1.9,25,0.6471032420585384
MA,2015-11-01,1.8,25,0.5933268452777344
MA,2015-12-01,1.8,25,0.5933268452777344
MA,2016-01-01,1.7,25,0.5364933705145685
MA,2016-02-01,1.8,25,0.5933268452777344
MA,2016-03-01,1.6,25,0.4762341789963717
MA,2016-04-01,1.5,25,0.412109650826833
MA,2016-05-01,1.5,25,0.412109650826833
MA,2016-06-01,1.4,25,0.34358970439007686
MA,2016-07-01,1.4,25,0.34358970439007686
MA,2016-08-01,1.4,25,0.34358970439007686
MA,2016-09-01,1.4,25,0.34358970439007686
MA,2016-10-01,1.4,25,0.34358970439007686
MA,2016-11-01,1.3,25,0.2700271372130602
MA,2016-12-01,1.3,25,0.2700271372130602
MA,2017-01-01,1.3,25,0.2700271372130602
MA,2017-02-01,1.3,25,0.2700271372130602
MA,2017-03-01,1.2,25,0.1906203596086497
MA,2017-04-01,1.2,25,0.1906203596086497
MA,2017-05-01,1.2,25,0.1906203596086497
MA,2017-06-01,1.2,25,0.1906203596086497
MA,2017-07-01,1.1,25,0.10436001532424286
MA,2017-08-01,1.1,25,0.10436001532424286
MA,2017-09-01,1.1,25,0.10436001532424286
MA,2017-10-01,1.1,25,0.10436001532424286
MA,2017-11-01,1.1,25,0.10436001532424286
MA,2017-12-01,1.1,25,0.10436001532424286
MA,2018-01-01,1.1,25,0.10436001532424286
MA,2018-02-01,1.1,25,0.10436001532424286
MA,2018-03-01,1,25,0.009950330853168092
MA,2018-04-01,1,25,0.009950330853168092
MA,2018-05-01,1,25,0.009950330853168092
MA,2018-06-01,0.9,25,-0.09431067947124129
MA,2018-07-01,0.9,25,-0.09431067947124129
MA,2018-08-01,0.8,25,-0.21072103131565253
MA,2018-09-01,0.8,25,-0.21072103131565253
MA,2018-10-01,0.8,25,-0.21072103131565253
MA,2018-11-01,0.8,25,-0.21072103131565253
MA,2018-12-01,0.9,25,-0.09431067947124129
MA,2019-01-01,0.9,25,-0.09431067947124129
MA,2019-02-01,0.9,25,-0.09431067947124129
MA,2019-03-01,0.8,25,-0.21072103131565253
MA,2019-04-01,0.7,25,-0.342490308946776
MA,2019-05-01,0.7,25,-0.342490308946776
MA,2019-06-01,0.7,25,-0.342490308946776
MA,2019-07-01,0.7,25,-0.342490308946776
MA,2019-08-01,0.7,25,-0.342490308946776
MA,2019-09-01,0.8,25,-0.21072103131565253
MA,2019-10-01,0.8,25,-0.21072103131565253
MA,2019-11-01,0.8,25,-0.21072103131565253
MA,2019-12-01,0.8,25,-0.21072103131565253
MA,2020-01-01,0.8,25,-0.21072103131565253
MA,2020-02-01,0.8,25,-0.21072103131565253
MA,2020-03-01,0.7,25,-0.342490308946776
MA,2020-04-01,0.7,25,-0.342490308946776
MA,2020-05-01,0.7,25,-0.342490308946776
MA,2020-06-01,0.6,25,-0.4942963218147801
MA,2020-07-01,0.6,25,-0.4942963218147801
MA,2020-08-01,0.6,25,-0.4942963218147801
MA,2020-09-01,0.6,25,-0.4942963218147801
MA,2020-10-01,0.5,25,-0.6733445532637656
MA,2020-11-01,0.5,25,-0.6733445532637656
MA,2020-12-01,0.5,25,-0.6733445532637656
MA,2021-01-01,0.5,25,-0.6733445532637656
MA,2021-02-01,0.5,25,-0.6733445532637656
MA,2021-03-01,0.5,25,-0.6733445532637656
MA,2021-04-01,0.5,25,-0.6733445532637656
MA,2021-05-01,0.4,25,-0.8915981192837835
MA,2021-06-01,0.4,25,-0.8915981192837835
MA,2021-07-01,0.4,25,-0.8915981192837835
MA,2021-08-01,0.4,25,-0.8915981192837835
MA,2021-09-01,0.4,25,-0.8915981192837835
MA,2021-10-01,0.4,25,-0.8915981192837835
MA,2021-11-01,0.4,25,-0.8915981192837835
MA,2021-12-01,0.4,25,-0.8915981192837835
MA,2022-01-01,0.4,25,-0.8915981192837835
MA,2022-02-01,0.4,25,-0.8915981192837835
MA,2022-03-01,0.4,25,-0.8915981192837835
MA,2022-04-01,0.4,25,-0.8915981192837835
MA,2022-05-01,0.4,25,-0.8915981192837835
MA,2022-06-01,0.4,25,-0.8915981192837835
MA,2022-07-01,0.4,25,-0.8915981192837835
MA,2022-08-01,0.4,25,-0.8915981192837835
MA,2022-09-01,0.4,25,-0.8915981192837835
MA,2022-10-01,0.4,25,-0.8915981192837835
MA,2022-11-01,0.4,25,-0.8915981192837835
MA,2022-12-01,0.4,25,-0.8915981192837835
MA,2023-01-01,0.4,25,-0.8915981192837835
MA,2023-02-01,0.4,25,-0.8915981192837835
MA,2023-03-01,0.4,25,-0.8915981192837835
MA,2023-04-01,0.4,25,-0.8915981192837835
MA,2023-05-01,0.4,25,-0.8915981192837835
MA,2023-06-01,0.4,25,-0.8915981192837835
MA,2023-07-01,0.4,25,-0.8915981192837835
MA,2023-08-01,0.4,25,-0.8915981192837835
MA,2023-09-01,0.5,25,-0.6733445532637656
MA,2023-10-01,0.4,25,-0.8915981192837835
MA,2023-11-01,0.4,25,-0.8915981192837835
MA,2023-12-01,0.4,25,-0.8915981192837835
MA,2024-01-01,0.5,25,-0.6733445532637656
MA,2024-02-01,0.5,25,-0.6733445532637656
MA,2024-03-01,0.4,25,-0.8915981192837835
MA,2024-04-01,0.4,25,-0.8915981192837835
MA,2024-05-01,0.4,25,-0.8915981192837835
MA,2024-06-01,0.4,25,-0.8915981192837835
MA,2024-07-01,0.5,25,-0.6733445532637656
MA,2024-08-01,0.5,25,-0.6733445532637656
MA,2024-09-01,0.5,25,-0.6733445532637656
MA,2024-10-01,0.5,25,-0.6733445532637656
MA,2024-11-01,0.5,25,-0.6733445532637656
MA,2024-12-01,0.5,25,-0.6733445532637656
MA,2025-01-01,0.6,25,-0.4942963218147801
MA,2025-02-01,0.5,25,-0.6733445532637656
MA,2025-03-01,0.5,25,-0.6733445532637656
MI,2008-01-01,2,26,0.6981347220709843
MI,2008-02-01,2,26,0.6981347220709843
MI,2008-03-01,2,26,0.6981347220709843
MI,2008-04-01,1.9,26,0.6471032420585384
MI,2008-05-01,1.9,26,0.6471032420585384
MI,2008-06-01,2,26,0.6981347220709843
MI,2008-07-01,2.2,26,0.7929925155296614
MI,2008-08-01,2.2,26,0.7929925155296614
MI,2008-09-01,2.3,26,0.837247524533702
MI,2008-10-01,2.5,26,0.9202827531436925
MI,2008-11-01,2.7,26,0.9969486348916096
MI,2008-12-01,2.9,26,1.068153081183401
MI,2009-01-01,3.1,26,1.1346227261911428
MI,2009-02-01,3.2,26,1.1662709371419244
MI,2009-03-01,3.3,26,1.1969481893889715
MI,2009-04-01,3.4,26,1.2267122912954254
MI,2009-05-01,3.6,26,1.2837077723447896
MI,2009-06-01,3.7,26,1.3110318766193438
MI,2009-07-01,4.1,26,1.413423028508143
MI,2009-08-01,4.3,26,1.4609379041156563
MI,2009-09-01,4.7,26,1.5496879080283263
MI,2009-10-01,5,26,1.6114359150967734
MI,2009-11-01,5.1,26,1.631199404215613
MI,2009-12-01,5.2,26,1.6505798557652755
MI,2010-01-01,5.1,26,1.631199404215613
MI,2010-02-01,5.1,26,1.631199404215613
MI,2010-03-01,4.9,26,1.5912739418064292
MI,2010-04-01,4.6,26,1.528227857008557
MI,2010-05-01,4.6,26,1.528227857008557
MI,2010-06-01,4.4,26,1.4838746894587547
MI,2010-07-01,4.3,26,1.4609379041156563
MI,2010-08-01,4.2,26,1.43746264769429
MI,2010-09-01,4.1,26,1.413423028508143
MI,2010-10-01,3.9,26,1.3635373739972743
MI,2010-11-01,3.9,26,1.3635373739972743
MI,2010-12-01,3.8,26,1.3376291891386094
MI,2011-01-01,3.9,26,1.3635373739972743
MI,2011-02-01,3.8,26,1.3376291891386094
MI,2011-03-01,3.7,26,1.3110318766193438
MI,2011-04-01,3.5,26,1.2556160374777743
MI,2011-05-01,3.5,26,1.2556160374777743
MI,2011-06-01,3.5,26,1.2556160374777743
MI,2011-07-01,3.5,26,1.2556160374777743
MI,2011-08-01,3.5,26,1.2556160374777743
MI,2011-09-01,3.5,26,1.2556160374777743
MI,2011-10-01,3.5,26,1.2556160374777743
MI,2011-11-01,3.5,26,1.2556160374777743
MI,2011-12-01,3.5,26,1.2556160374777743
MI,2012-01-01,3.5,26,1.2556160374777743
MI,2012-02-01,3.4,26,1.2267122912954254
MI,2012-03-01,3.3,26,1.1969481893889715
MI,2012-04-01,3.1,26,1.1346227261911428
MI,2012-05-01,3.2,26,1.1662709371419244
MI,2012-06-01,3,26,1.1019400787607843
MI,2012-07-01,3,26,1.1019400787607843
MI,2012-08-01,2.9,26,1.068153081183401
MI,2012-09-01,3,26,1.1019400787607843
MI,2012-10-01,3,26,1.1019400787607843
MI,2012-11-01,3,26,1.1019400787607843
MI,2012-12-01,3,26,1.1019400787607843
MI,2013-01-01,2.9,26,1.068153081183401
MI,2013-02-01,2.8,26,1.0331844833456543
MI,2013-03-01,2.7,26,0.9969486348916096
MI,2013-04-01,2.5,26,0.9202827531436925
MI,2013-05-01,2.4,26,0.8796267475025635
MI,2013-06-01,2.3,26,0.837247524533702
MI,2013-07-01,2.2,26,0.7929925155296614
MI,2013-08-01,2.1,26,0.7466879474879751
MI,2013-09-01,2,26,0.6981347220709843
MI,2013-10-01,1.9,26,0.6471032420585384
MI,2013-11-01,1.9,26,0.6471032420585384
MI,2013-12-01,2,26,0.6981347220709843
MI,2014-01-01,2,26,0.6981347220709843
MI,2014-02-01,1.9,26,0.6471032420585384
MI,2014-03-01,1.8,26,0.5933268452777344
MI,2014-04-01,1.7,26,0.5364933705145685
MI,2014-05-01,1.7,26,0.5364933705145685
MI,2014-06-01,1.8,26,0.5933268452777344
MI,2014-07-01,1.7,26,0.5364933705145685
MI,2014-08-01,1.7,26,0.5364933705145685
MI,2014-09-01,1.7,26,0.5364933705145685
MI,2014-10-01,1.7,26,0.5364933705145685
MI,2014-11-01,1.6,26,0.4762341789963717
MI,2014-12-01,1.7,26,0.5364933705145685
MI,2015-01-01,1.6,26,0.4762341789963717
MI,2015-02-01,1.5,26,0.412109650826833
MI,2015-03-01,1.4,26,0.34358970439007686
MI,2015-04-01,1.3,26,0.2700271372130602
MI,2015-05-01,1.3,26,0.2700271372130602
MI,2015-06-01,1.3,26,0.2700271372130602
MI,2015-07-01,1.3,26,0.2700271372130602
MI,2015-08-01,1.2,26,0.1906203596086497
MI,2015-09-01,1.2,26,0.1906203596086497
MI,2015-10-01,1.2,26,0.1906203596086497
MI,2015-11-01,1.2,26,0.1906203596086497
MI,2015-12-01,1.2,26,0.1906203596086497
MI,2016-01-01,1.2,26,0.1906203596086497
MI,2016-02-01,1.2,26,0.1906203596086497
MI,2016-03-01,1.1,26,0.10436001532424286
MI,2016-04-01,0.9,26,-0.09431067947124129
MI,2016-05-01,1,26,0.009950330853168092
MI,2016-06-01,0.9,26,-0.09431067947124129
MI,2016-07-01,0.9,26,-0.09431067947124129
MI,2016-08-01,0.9,26,-0.09431067947124129
MI,2016-09-01,0.9,26,-0.09431067947124129
MI,2016-10-01,0.9,26,-0.09431067947124129
MI,2016-11-01,0.9,26,-0.09431067947124129
MI,2016-12-01,0.9,26,-0.09431067947124129
MI,2017-01-01,0.9,26,-0.09431067947124129
MI,2017-02-01,0.9,26,-0.09431067947124129
MI,2017-03-01,0.8,26,-0.21072103131565253
MI,2017-04-01,0.7,26,-0.342490308946776
MI,2017-05-01,0.7,26,-0.342490308946776
MI,2017-06-01,0.7,26,-0.342490308946776
MI,2017-07-01,0.7,26,-0.342490308946776
MI,2017-08-01,0.7,26,-0.342490308946776
MI,2017-09-01,0.7,26,-0.342490308946776
MI,2017-10-01,0.7,26,-0.342490308946776
MI,2017-11-01,0.7,26,-0.342490308946776
MI,2017-12-01,0.8,26,-0.21072103131565253
MI,2018-01-01,0.8,26,-0.21072103131565253
MI,2018-02-01,0.8,26,-0.21072103131565253
MI,2018-03-01,0.7,26,-0.342490308946776
MI,2018-04-01,0.6,26,-0.4942963218147801
MI,2018-05-01,0.6,26,-0.4942963218147801
MI,2018-06-01,0.6,26,-0.4942963218147801
MI,2018-07-01,0.6,26,-0.4942963218147801
MI,2018-08-01,0.6,26,-0.4942963218147801
MI,2018-09-01,0.7,26,-0.342490308946776
MI,2018-10-01,0.6,26,-0.4942963218147801
MI,2018-11-01,0.6,26,-0.4942963218147801
MI,2018-12-01,0.6,26,-0.4942963218147801
MI,2019-01-01,0.6,26,-0.4942963218147801
MI,2019-02-01,0.6,26,-0.4942963218147801
MI,2019-03-01,0.6,26,-0.4942963218147801
MI,2019-04-01,0.5,26,-0.6733445532637656
MI,2019-05-01,0.5,26,-0.6733445532637656
MI,2019-06-01,0.5,26,-0.6733445532637656
MI,2019-07-01,0.5,26,-0.6733445532637656
MI,2019-08-01,0.5,26,-0.6733445532637656
MI,2019-09-01,0.6,26,-0.4942963218147801
MI,2019-10-01,0.6,26,-0.4942963218147801
MI,2019-11-01,0.6,26,-0.4942963218147801
MI,2019-12-01,0.6,26,-0.4942963218147801
MI,2020-01-01,0.6,26,-0.4942963218147801
MI,2020-02-01,0.6,26,-0.4942963218147801
MI,2020-03-01,0.6,26,-0.4942963218147801
MI,2020-04-01,0.5,26,-0.6733445532637656
MI,2020-05-01,0.5,26,-0.6733445532637656
MI,2020-06-01,0.5,26,-0.6733445532637656
MI,2020-07-01,0.5,26,-0.6733445532637656
MI,2020-08-01,0.5,26,-0.6733445532637656
MI,2020-09-01,0.5,26,-0.6733445532637656
MI,2020-10-01,0.5,26,-0.6733445532637656
MI,2020-11-01,0.4,26,-0.8915981192837835
MI,2020-12-01,0.5,26,-0.6733445532637656
MI,2021-01-01,0.5,26,-0.6733445532637656
MI,2021-02-01,0.5,26,-0.6733445532637656
MI,2021-03-01,0.4,26,-0.8915981192837835
MI,2021-04-01,0.4,26,-0.8915981192837835
MI,2021-05-01,0.4,26,-0.8915981192837835
MI,2021-06-01,0.4,26,-0.8915981192837835
MI,2021-07-01,0.4,26,-0.8915981192837835
MI,2021-08-01,0.4,26,-0.8915981192837835
MI,2021-09-01,0.4,26,-0.8915981192837835
MI,2021-10-01,0.4,26,-0.8915981192837835
MI,2021-11-01,0.4,26,-0.8915981192837835
MI,2021-12-01,0.4,26,-0.8915981192837835
MI,2022-01-01,0.5,26,-0.6733445532637656
MI,2022-02-01,0.4,26,-0.8915981192837835
MI,2022-03-01,0.4,26,-0.8915981192837835
MI,2022-04-01,0.4,26,-0.8915981192837835
MI,2022-05-01,0.4,26,-0.8915981192837835
MI,2022-06-01,0.4,26,-0.8915981192837835
MI,2022-07-01,0.4,26,-0.8915981192837835
MI,2022-08-01,0.5,26,-0.6733445532637656
MI,2022-09-01,0.4,26,-0.8915981192837835
MI,2022-10-01,0.5,26,-0.6733445532637656
MI,2022-11-01,0.4,26,-0.8915981192837835
MI,2022-12-01,0.5,26,-0.6733445532637656
MI,2023-01-01,0.5,26,-0.6733445532637656
MI,2023-02-01,0.5,26,-0.6733445532637656
MI,2023-03-01,0.5,26,-0.6733445532637656
MI,2023-04-01,0.4,26,-0.8915981192837835
MI,2023-05-01,0.4,26,-0.8915981192837835
MI,2023-06-01,0.4,26,-0.8915981192837835
MI,2023-07-01,0.5,26,-0.6733445532637656
MI,2023-08-01,0.5,26,-0.6733445532637656
MI,2023-09-01,0.5,26,-0.6733445532637656
MI,2023-10-01,0.5,26,-0.6733445532637656
MI,2023-11-01,0.5,26,-0.6733445532637656
MI,2023-12-01,0.6,26,-0.4942963218147801
MI,2024-01-01,0.6,26,-0.4942963218147801
MI,2024-02-01,0.6,26,-0.4942963218147801
MI,2024-03-01,0.6,26,-0.4942963218147801
MI,2024-04-01,0.5,26,-0.6733445532637656
MI,2024-05-01,0.5,26,-0.6733445532637656
MI,2024-06-01,0.6,26,-0.4942963218147801
MI,2024-07-01,0.6,26,-0.4942963218147801
MI,2024-08-01,0.6,26,-0.4942963218147801
MI,2024-09-01,0.7,26,-0.342490308946776
MI,2024-10-01,0.7,26,-0.342490308946776
MI,2024-11-01,0.7,26,-0.342490308946776
MI,2024-12-01,0.8,26,-0.21072103131565253
MI,2025-01-01,0.8,26,-0.21072103131565253
MI,2025-02-01,0.7,26,-0.342490308946776
MI,2025-03-01,0.7,26,-0.342490308946776
MN,2008-01-01,1.3,27,0.2700271372130602
MN,2008-02-01,1.3,27,0.2700271372130602
MN,2008-03-01,1.3,27,0.2700271372130602
MN,2008-04-01,1.2,27,0.1906203596086497
MN,2008-05-01,1.2,27,0.1906203596086497
MN,2008-06-01,1.3,27,0.2700271372130602
MN,2008-07-01,1.4,27,0.34358970439007686
MN,2008-08-01,1.4,27,0.34358970439007686
MN,2008-09-01,1.5,27,0.412109650826833
MN,2008-10-01,1.6,27,0.4762341789963717
MN,2008-11-01,1.7,27,0.5364933705145685
MN,2008-12-01,1.8,27,0.5933268452777344
MN,2009-01-01,2,27,0.6981347220709843
MN,2009-02-01,2.1,27,0.7466879474879751
MN,2009-03-01,2.2,27,0.7929925155296614
MN,2009-04-01,2.4,27,0.8796267475025635
MN,2009-05-01,2.6,27,0.959350221334602
MN,2009-06-01,2.7,27,0.9969486348916096
MN,2009-07-01,2.9,27,1.068153081183401
MN,2009-08-01,2.9,27,1.068153081183401
MN,2009-09-01,3.1,27,1.1346227261911428
MN,2009-10-01,3.2,27,1.1662709371419244
MN,2009-11-01,3.3,27,1.1969481893889715
MN,2009-12-01,3.3,27,1.1969481893889715
MN,2010-01-01,3.4,27,1.2267122912954254
MN,2010-02-01,3.4,27,1.2267122912954254
MN,2010-03-01,3.3,27,1.1969481893889715
MN,2010-04-01,3.1,27,1.1346227261911428
MN,2010-05-01,3,27,1.1019400787607843
MN,2010-06-01,2.9,27,1.068153081183401
MN,2010-07-01,2.8,27,1.0331844833456543
MN,2010-08-01,2.7,27,0.9969486348916096
MN,2010-09-01,2.7,27,0.9969486348916096
MN,2010-10-01,2.6,27,0.959350221334602
MN,2010-11-01,2.6,27,0.959350221334602
MN,2010-12-01,2.6,27,0.959350221334602
MN,2011-01-01,2.6,27,0.959350221334602
MN,2011-02-01,2.6,27,0.959350221334602
MN,2011-03-01,2.4,27,0.8796267475025635
MN,2011-04-01,2.4,27,0.8796267475025635
MN,2011-05-01,2.4,27,0.8796267475025635
MN,2011-06-01,2.3,27,0.837247524533702
MN,2011-07-01,2.3,27,0.837247524533702
MN,2011-08-01,2.3,27,0.837247524533702
MN,2011-09-01,2.3,27,0.837247524533702
MN,2011-10-01,2.3,27,0.837247524533702
MN,2011-11-01,2.3,27,0.837247524533702
MN,2011-12-01,2.3,27,0.837247524533702
MN,2012-01-01,2.3,27,0.837247524533702
MN,2012-02-01,2.3,27,0.837247524533702
MN,2012-03-01,2.2,27,0.7929925155296614
MN,2012-04-01,2.2,27,0.7929925155296614
MN,2012-05-01,2.1,27,0.7466879474879751
MN,2012-06-01,2,27,0.6981347220709843
MN,2012-07-01,2,27,0.6981347220709843
MN,2012-08-01,2,27,0.6981347220709843
MN,2012-09-01,2,27,0.6981347220709843
MN,2012-10-01,2,27,0.6981347220709843
MN,2012-11-01,2,27,0.6981347220709843
MN,2012-12-01,1.8,27,0.5933268452777344
MN,2013-01-01,1.8,27,0.5933268452777344
MN,2013-02-01,1.8,27,0.5933268452777344
MN,2013-03-01,1.7,27,0.5364933705145685
MN,2013-04-01,1.6,27,0.4762341789963717
MN,2013-05-01,1.5,27,0.412109650826833
MN,2013-06-01,1.5,27,0.412109650826833
MN,2013-07-01,1.4,27,0.34358970439007686
MN,2013-08-01,1.4,27,0.34358970439007686
MN,2013-09-01,1.4,27,0.34358970439007686
MN,2013-10-01,1.4,27,0.34358970439007686
MN,2013-11-01,1.4,27,0.34358970439007686
MN,2013-12-01,1.4,27,0.34358970439007686
MN,2014-01-01,1.4,27,0.34358970439007686
MN,2014-02-01,1.3,27,0.2700271372130602
MN,2014-03-01,1.3,27,0.2700271372130602
MN,2014-04-01,1.3,27,0.2700271372130602
MN,2014-05-01,1.2,27,0.1906203596086497
MN,2014-06-01,1.2,27,0.1906203596086497
MN,2014-07-01,1.2,27,0.1906203596086497
MN,2014-08-01,1.2,27,0.1906203596086497
MN,2014-09-01,1.2,27,0.1906203596086497
MN,2014-10-01,1.2,27,0.1906203596086497
MN,2014-11-01,1.2,27,0.1906203596086497
MN,2014-12-01,1.2,27,0.1906203596086497
MN,2015-01-01,1.1,27,0.10436001532424286
MN,2015-02-01,1.1,27,0.10436001532424286
MN,2015-03-01,1,27,0.009950330853168092
MN,2015-04-01,1,27,0.009950330853168092
MN,2015-05-01,1,27,0.009950330853168092
MN,2015-06-01,1,27,0.009950330853168092
MN,2015-07-01,0.9,27,-0.09431067947124129
MN,2015-08-01,0.9,27,-0.09431067947124129
MN,2015-09-01,0.9,27,-0.09431067947124129
MN,2015-10-01,0.9,27,-0.09431067947124129
MN,2015-11-01,0.9,27,-0.09431067947124129
MN,2015-12-01,0.9,27,-0.09431067947124129
MN,2016-01-01,0.9,27,-0.09431067947124129
MN,2016-02-01,0.9,27,-0.09431067947124129
MN,2016-03-01,0.8,27,-0.21072103131565253
MN,2016-04-01,0.8,27,-0.21072103131565253
MN,2016-05-01,0.8,27,-0.21072103131565253
MN,2016-06-01,0.7,27,-0.342490308946776
MN,2016-07-01,0.7,27,-0.342490308946776
MN,2016-08-01,0.7,27,-0.342490308946776
MN,2016-09-01,0.7,27,-0.342490308946776
MN,2016-10-01,0.7,27,-0.342490308946776
MN,2016-11-01,0.7,27,-0.342490308946776
MN,2016-12-01,0.7,27,-0.342490308946776
MN,2017-01-01,0.7,27,-0.342490308946776
MN,2017-02-01,0.8,27,-0.21072103131565253
MN,2017-03-01,0.7,27,-0.342490308946776
MN,2017-04-01,0.7,27,-0.342490308946776
MN,2017-05-01,0.6,27,-0.4942963218147801
MN,2017-06-01,0.7,27,-0.342490308946776
MN,2017-07-01,0.6,27,-0.4942963218147801
MN,2017-08-01,0.6,27,-0.4942963218147801
MN,2017-09-01,0.6,27,-0.4942963218147801
MN,2017-10-01,0.6,27,-0.4942963218147801
MN,2017-11-01,0.6,27,-0.4942963218147801
MN,2017-12-01,0.6,27,-0.4942963218147801
MN,2018-01-01,0.6,27,-0.4942963218147801
MN,2018-02-01,0.6,27,-0.4942963218147801
MN,2018-03-01,0.5,27,-0.6733445532637656
MN,2018-04-01,0.5,27,-0.6733445532637656
MN,2018-05-01,0.5,27,-0.6733445532637656
MN,2018-06-01,0.5,27,-0.6733445532637656
MN,2018-07-01,0.5,27,-0.6733445532637656
MN,2018-08-01,0.5,27,-0.6733445532637656
MN,2018-09-01,0.5,27,-0.6733445532637656
MN,2018-10-01,0.5,27,-0.6733445532637656
MN,2018-11-01,0.5,27,-0.6733445532637656
MN,2018-12-01,0.5,27,-0.6733445532637656
MN,2019-01-01,0.5,27,-0.6733445532637656
MN,2019-02-01,0.5,27,-0.6733445532637656
MN,2019-03-01,0.5,27,-0.6733445532637656
MN,2019-04-01,0.4,27,-0.8915981192837835
MN,2019-05-01,0.4,27,-0.8915981192837835
MN,2019-06-01,0.5,27,-0.6733445532637656
MN,2019-07-01,0.5,27,-0.6733445532637656
MN,2019-08-01,0.5,27,-0.6733445532637656
MN,2019-09-01,0.5,27,-0.6733445532637656
MN,2019-10-01,0.6,27,-0.4942963218147801
MN,2019-11-01,0.6,27,-0.4942963218147801
MN,2019-12-01,0.6,27,-0.4942963218147801
MN,2020-01-01,0.6,27,-0.4942963218147801
MN,2020-02-01,0.6,27,-0.4942963218147801
MN,2020-03-01,0.6,27,-0.4942963218147801
MN,2020-04-01,0.5,27,-0.6733445532637656
MN,2020-05-01,0.5,27,-0.6733445532637656
MN,2020-06-01,0.4,27,-0.8915981192837835
MN,2020-07-01,0.4,27,-0.8915981192837835
MN,2020-08-01,0.4,27,-0.8915981192837835
MN,2020-09-01,0.4,27,-0.8915981192837835
MN,2020-10-01,0.4,27,-0.8915981192837835
MN,2020-11-01,0.4,27,-0.8915981192837835
MN,2020-12-01,0.4,27,-0.8915981192837835
MN,2021-01-01,0.4,27,-0.8915981192837835
MN,2021-02-01,0.4,27,-0.8915981192837835
MN,2021-03-01,0.4,27,-0.8915981192837835
MN,2021-04-01,0.4,27,-0.8915981192837835
MN,2021-05-01,0.3,27,-1.171182981502945
MN,2021-06-01,0.3,27,-1.171182981502945
MN,2021-07-01,0.4,27,-0.8915981192837835
MN,2021-08-01,0.4,27,-0.8915981192837835
MN,2021-09-01,0.4,27,-0.8915981192837835
MN,2021-10-01,0.3,27,-1.171182981502945
MN,2021-11-01,0.4,27,-0.8915981192837835
MN,2021-12-01,0.4,27,-0.8915981192837835
MN,2022-01-01,0.4,27,-0.8915981192837835
MN,2022-02-01,0.4,27,-0.8915981192837835
MN,2022-03-01,0.4,27,-0.8915981192837835
MN,2022-04-01,0.4,27,-0.8915981192837835
MN,2022-05-01,0.4,27,-0.8915981192837835
MN,2022-06-01,0.4,27,-0.8915981192837835
MN,2022-07-01,0.4,27,-0.8915981192837835
MN,2022-08-01,0.4,27,-0.8915981192837835
MN,2022-09-01,0.4,27,-0.8915981192837835
MN,2022-10-01,0.3,27,-1.171182981502945
MN,2022-11-01,0.4,27,-0.8915981192837835
MN,2022-12-01,0.4,27,-0.8915981192837835
MN,2023-01-01,0.4,27,-0.8915981192837835
MN,2023-02-01,0.4,27,-0.8915981192837835
MN,2023-03-01,0.4,27,-0.8915981192837835
MN,2023-04-01,0.4,27,-0.8915981192837835
MN,2023-05-01,0.3,27,-1.171182981502945
MN,2023-06-01,0.3,27,-1.171182981502945
MN,2023-07-01,0.4,27,-0.8915981192837835
MN,2023-08-01,0.4,27,-0.8915981192837835
MN,2023-09-01,0.4,27,-0.8915981192837835
MN,2023-10-01,0.4,27,-0.8915981192837835
MN,2023-11-01,0.4,27,-0.8915981192837835
MN,2023-12-01,0.4,27,-0.8915981192837835
MN,2024-01-01,0.5,27,-0.6733445532637656
MN,2024-02-01,0.5,27,-0.6733445532637656
MN,2024-03-01,0.5,27,-0.6733445532637656
MN,2024-04-01,0.4,27,-0.8915981192837835
MN,2024-05-01,0.5,27,-0.6733445532637656
MN,2024-06-01,0.5,27,-0.6733445532637656
MN,2024-07-01,0.5,27,-0.6733445532637656
MN,2024-08-01,0.5,27,-0.6733445532637656
MN,2024-09-01,0.5,27,-0.6733445532637656
MN,2024-10-01,0.6,27,-0.4942963218147801
MN,2024-11-01,0.5,27,-0.6733445532637656
MN,2024-12-01,0.6,27,-0.4942963218147801
MN,2025-01-01,0.6,27,-0.4942963218147801
MN,2025-02-01,0.5,27,-0.6733445532637656
MN,2025-03-01,0.5,27,-0.6733445532637656
MS,2008-01-01,2.1,28,0.7466879474879751
MS,2008-02-01,2.3,28,0.837247524533702
MS,2008-03-01,2.1,28,0.7466879474879751
MS,2008-04-01,2.1,28,0.7466879474879751
MS,2008-05-01,2.2,28,0.7929925155296614
MS,2008-06-01,2.1,28,0.7466879474879751
MS,2008-07-01,2.3,28,0.837247524533702
MS,2008-08-01,2.3,28,0.837247524533702
MS,2008-09-01,2.3,28,0.837247524533702
MS,2008-10-01,2.6,28,0.959350221334602
MS,2008-11-01,2.8,28,1.0331844833456543
MS,2008-12-01,3,28,1.1019400787607843
MS,2009-01-01,3.2,28,1.1662709371419244
MS,2009-02-01,3.1,28,1.1346227261911428
MS,2009-03-01,3.2,28,1.1662709371419244
MS,2009-04-01,3.2,28,1.1662709371419244
MS,2009-05-01,3.5,28,1.2556160374777743
MS,2009-06-01,3.7,28,1.3110318766193438
MS,2009-07-01,3.9,28,1.3635373739972743
MS,2009-08-01,4,28,1.3887912413184778
MS,2009-09-01,4.4,28,1.4838746894587547
MS,2009-10-01,4.6,28,1.528227857008557
MS,2009-11-01,4.7,28,1.5496879080283263
MS,2009-12-01,4.9,28,1.5912739418064292
MS,2010-01-01,5.2,28,1.6505798557652755
MS,2010-02-01,5.2,28,1.6505798557652755
MS,2010-03-01,4.9,28,1.5912739418064292
MS,2010-04-01,4.7,28,1.5496879080283263
MS,2010-05-01,4.8,28,1.5706970841176697
MS,2010-06-01,4.7,28,1.5496879080283263
MS,2010-07-01,4.6,28,1.528227857008557
MS,2010-08-01,4.5,28,1.506297153514587
MS,2010-09-01,4.6,28,1.528227857008557
MS,2010-10-01,4.6,28,1.528227857008557
MS,2010-11-01,4.6,28,1.528227857008557
MS,2010-12-01,4.5,28,1.506297153514587
MS,2011-01-01,4.5,28,1.506297153514587
MS,2011-02-01,4.4,28,1.4838746894587547
MS,2011-03-01,4.1,28,1.413423028508143
MS,2011-04-01,4,28,1.3887912413184778
MS,2011-05-01,3.9,28,1.3635373739972743
MS,2011-06-01,4,28,1.3887912413184778
MS,2011-07-01,4.1,28,1.413423028508143
MS,2011-08-01,4.1,28,1.413423028508143
MS,2011-09-01,4.1,28,1.413423028508143
MS,2011-10-01,4.1,28,1.413423028508143
MS,2011-11-01,4.2,28,1.43746264769429
MS,2011-12-01,4.3,28,1.4609379041156563
MS,2012-01-01,4.4,28,1.4838746894587547
MS,2012-02-01,4.4,28,1.4838746894587547
MS,2012-03-01,4.1,28,1.413423028508143
MS,2012-04-01,4,28,1.3887912413184778
MS,2012-05-01,4,28,1.3887912413184778
MS,2012-06-01,4,28,1.3887912413184778
MS,2012-07-01,4,28,1.3887912413184778
MS,2012-08-01,3.9,28,1.3635373739972743
MS,2012-09-01,4,28,1.3887912413184778
MS,2012-10-01,3.9,28,1.3635373739972743
MS,2012-11-01,3.9,28,1.3635373739972743
MS,2012-12-01,4,28,1.3887912413184778
MS,2013-01-01,3.9,28,1.3635373739972743
MS,2013-02-01,3.7,28,1.3110318766193438
MS,2013-03-01,3.5,28,1.2556160374777743
MS,2013-04-01,3.3,28,1.1969481893889715
MS,2013-05-01,3.1,28,1.1346227261911428
MS,2013-06-01,3.2,28,1.1662709371419244
MS,2013-07-01,3,28,1.1019400787607843
MS,2013-08-01,3.1,28,1.1346227261911428
MS,2013-09-01,3.1,28,1.1346227261911428
MS,2013-10-01,3.1,28,1.1346227261911428
MS,2013-11-01,3,28,1.1019400787607843
MS,2013-12-01,3.2,28,1.1662709371419244
MS,2014-01-01,3.3,28,1.1969481893889715
MS,2014-02-01,3,28,1.1019400787607843
MS,2014-03-01,2.9,28,1.068153081183401
MS,2014-04-01,2.7,28,0.9969486348916096
MS,2014-05-01,2.8,28,1.0331844833456543
MS,2014-06-01,2.9,28,1.068153081183401
MS,2014-07-01,2.7,28,0.9969486348916096
MS,2014-08-01,2.7,28,0.9969486348916096
MS,2014-09-01,2.8,28,1.0331844833456543
MS,2014-10-01,2.7,28,0.9969486348916096
MS,2014-11-01,2.7,28,0.9969486348916096
MS,2014-12-01,2.8,28,1.0331844833456543
MS,2015-01-01,2.8,28,1.0331844833456543
MS,2015-02-01,2.6,28,0.959350221334602
MS,2015-03-01,2.6,28,0.959350221334602
MS,2015-04-01,2.4,28,0.8796267475025635
MS,2015-05-01,2.4,28,0.8796267475025635
MS,2015-06-01,2.4,28,0.8796267475025635
MS,2015-07-01,2.3,28,0.837247524533702
MS,2015-08-01,2.3,28,0.837247524533702
MS,2015-09-01,2.4,28,0.8796267475025635
MS,2015-10-01,2.4,28,0.8796267475025635
MS,2015-11-01,2.3,28,0.837247524533702
MS,2015-12-01,2.5,28,0.9202827531436925
MS,2016-01-01,2.5,28,0.9202827531436925
MS,2016-02-01,2.5,28,0.9202827531436925
MS,2016-03-01,2.3,28,0.837247524533702
MS,2016-04-01,2,28,0.6981347220709843
MS,2016-05-01,2,28,0.6981347220709843
MS,2016-06-01,2,28,0.6981347220709843
MS,2016-07-01,1.9,28,0.6471032420585384
MS,2016-08-01,1.9,28,0.6471032420585384
MS,2016-09-01,1.9,28,0.6471032420585384
MS,2016-10-01,2,28,0.6981347220709843
MS,2016-11-01,1.9,28,0.6471032420585384
MS,2016-12-01,2,28,0.6981347220709843
MS,2017-01-01,2,28,0.6981347220709843
MS,2017-02-01,2,28,0.6981347220709843
MS,2017-03-01,1.8,28,0.5933268452777344
MS,2017-04-01,1.8,28,0.5933268452777344
MS,2017-05-01,1.8,28,0.5933268452777344
MS,2017-06-01,1.8,28,0.5933268452777344
MS,2017-07-01,1.8,28,0.5933268452777344
MS,2017-08-01,1.8,28,0.5933268452777344
MS,2017-09-01,1.8,28,0.5933268452777344
MS,2017-10-01,1.9,28,0.6471032420585384
MS,2017-11-01,1.9,28,0.6471032420585384
MS,2017-12-01,1.9,28,0.6471032420585384
MS,2018-01-01,1.9,28,0.6471032420585384
MS,2018-02-01,1.9,28,0.6471032420585384
MS,2018-03-01,1.6,28,0.4762341789963717
MS,2018-04-01,1.6,28,0.4762341789963717
MS,2018-05-01,1.6,28,0.4762341789963717
MS,2018-06-01,1.5,28,0.412109650826833
MS,2018-07-01,1.5,28,0.412109650826833
MS,2018-08-01,1.6,28,0.4762341789963717
MS,2018-09-01,1.7,28,0.5364933705145685
MS,2018-10-01,1.7,28,0.5364933705145685
MS,2018-11-01,1.7,28,0.5364933705145685
MS,2018-12-01,1.8,28,0.5933268452777344
MS,2019-01-01,1.8,28,0.5933268452777344
MS,2019-02-01,1.6,28,0.4762341789963717
MS,2019-03-01,1.5,28,0.412109650826833
MS,2019-04-01,1.3,28,0.2700271372130602
MS,2019-05-01,1.2,28,0.1906203596086497
MS,2019-06-01,1.2,28,0.1906203596086497
MS,2019-07-01,1.3,28,0.2700271372130602
MS,2019-08-01,1.3,28,0.2700271372130602
MS,2019-09-01,1.3,28,0.2700271372130602
MS,2019-10-01,1.4,28,0.34358970439007686
MS,2019-11-01,1.3,28,0.2700271372130602
MS,2019-12-01,1.4,28,0.34358970439007686
MS,2020-01-01,1.7,28,0.5364933705145685
MS,2020-02-01,1.6,28,0.4762341789963717
MS,2020-03-01,1.4,28,0.34358970439007686
MS,2020-04-01,1.2,28,0.1906203596086497
MS,2020-05-01,1.3,28,0.2700271372130602
MS,2020-06-01,1.1,28,0.10436001532424286
MS,2020-07-01,1.1,28,0.10436001532424286
MS,2020-08-01,1.2,28,0.1906203596086497
MS,2020-09-01,1.2,28,0.1906203596086497
MS,2020-10-01,1.1,28,0.10436001532424286
MS,2020-11-01,1.1,28,0.10436001532424286
MS,2020-12-01,1,28,0.009950330853168092
MS,2021-01-01,1.1,28,0.10436001532424286
MS,2021-02-01,1.1,28,0.10436001532424286
MS,2021-03-01,1.1,28,0.10436001532424286
MS,2021-04-01,1,28,0.009950330853168092
MS,2021-05-01,0.9,28,-0.09431067947124129
MS,2021-06-01,0.9,28,-0.09431067947124129
MS,2021-07-01,1,28,0.009950330853168092
MS,2021-08-01,1,28,0.009950330853168092
MS,2021-09-01,0.9,28,-0.09431067947124129
MS,2021-10-01,1,28,0.009950330853168092
MS,2021-11-01,1,28,0.009950330853168092
MS,2021-12-01,1.1,28,0.10436001532424286
MS,2022-01-01,1.1,28,0.10436001532424286
MS,2022-02-01,1.1,28,0.10436001532424286
MS,2022-03-01,1,28,0.009950330853168092
MS,2022-04-01,1,28,0.009950330853168092
MS,2022-05-01,0.9,28,-0.09431067947124129
MS,2022-06-01,0.9,28,-0.09431067947124129
MS,2022-07-01,1,28,0.009950330853168092
MS,2022-08-01,0.9,28,-0.09431067947124129
MS,2022-09-01,1,28,0.009950330853168092
MS,2022-10-01,1,28,0.009950330853168092
MS,2022-11-01,1,28,0.009950330853168092
MS,2022-12-01,1,28,0.009950330853168092
MS,2023-01-01,1.2,28,0.1906203596086497
MS,2023-02-01,1.1,28,0.10436001532424286
MS,2023-03-01,1,28,0.009950330853168092
MS,2023-04-01,0.9,28,-0.09431067947124129
MS,2023-05-01,0.9,28,-0.09431067947124129
MS,2023-06-01,0.9,28,-0.09431067947124129
MS,2023-07-01,1,28,0.009950330853168092
MS,2023-08-01,1.1,28,0.10436001532424286
MS,2023-09-01,1.1,28,0.10436001532424286
MS,2023-10-01,1.1,28,0.10436001532424286
MS,2023-11-01,1.2,28,0.1906203596086497
MS,2023-12-01,1.3,28,0.2700271372130602
MS,2024-01-01,1.3,28,0.2700271372130602
MS,2024-02-01,1.2,28,0.1906203596086497
MS,2024-03-01,1.1,28,0.10436001532424286
MS,2024-04-01,1.1,28,0.10436001532424286
MS,2024-05-01,1.1,28,0.10436001532424286
MS,2024-06-01,1.2,28,0.1906203596086497
MS,2024-07-01,1.3,28,0.2700271372130602
MS,2024-08-01,1.3,28,0.2700271372130602
MS,2024-09-01,1.3,28,0.2700271372130602
MS,2024-10-01,1.3,28,0.2700271372130602
MS,2024-11-01,1.4,28,0.34358970439007686
MS,2024-12-01,1.5,28,0.412109650826833
MS,2025-01-01,1.6,28,0.4762341789963717
MS,2025-02-01,1.6,28,0.4762341789963717
MS,2025-03-01,1.4,28,0.34358970439007686
MO,2008-01-01,1.4,29,0.34358970439007686
MO,2008-02-01,1.4,29,0.34358970439007686
MO,2008-03-01,1.4,29,0.34358970439007686
MO,2008-04-01,1.3,29,0.2700271372130602
MO,2008-05-01,1.4,29,0.34358970439007686
MO,2008-06-01,1.4,29,0.34358970439007686
MO,2008-07-01,1.5,29,0.412109650826833
MO,2008-08-01,1.6,29,0.4762341789963717
MO,2008-09-01,1.8,29,0.5933268452777344
MO,2008-10-01,1.9,29,0.6471032420585384
MO,2008-11-01,2,29,0.6981347220709843
MO,2008-12-01,2.1,29,0.7466879474879751
MO,2009-01-01,2.2,29,0.7929925155296614
MO,2009-02-01,2.3,29,0.837247524533702
MO,2009-03-01,2.3,29,0.837247524533702
MO,2009-04-01,2.4,29,0.8796267475025635
MO,2009-05-01,2.6,29,0.959350221334602
MO,2009-06-01,2.6,29,0.959350221334602
MO,2009-07-01,2.8,29,1.0331844833456543
MO,2009-08-01,2.9,29,1.068153081183401
MO,2009-09-01,3.1,29,1.1346227261911428
MO,2009-10-01,3.2,29,1.1662709371419244
MO,2009-11-01,3.3,29,1.1969481893889715
MO,2009-12-01,3.3,29,1.1969481893889715
MO,2010-01-01,3.4,29,1.2267122912954254
MO,2010-02-01,3.3,29,1.1969481893889715
MO,2010-03-01,3.1,29,1.1346227261911428
MO,2010-04-01,3,29,1.1019400787607843
MO,2010-05-01,3,29,1.1019400787607843
MO,2010-06-01,2.8,29,1.0331844833456543
MO,2010-07-01,2.8,29,1.0331844833456543
MO,2010-08-01,2.8,29,1.0331844833456543
MO,2010-09-01,2.8,29,1.0331844833456543
MO,2010-10-01,2.8,29,1.0331844833456543
MO,2010-11-01,2.8,29,1.0331844833456543
MO,2010-12-01,2.7,29,0.9969486348916096
MO,2011-01-01,2.8,29,1.0331844833456543
MO,2011-02-01,2.8,29,1.0331844833456543
MO,2011-03-01,2.7,29,0.9969486348916096
MO,2011-04-01,2.6,29,0.959350221334602
MO,2011-05-01,2.6,29,0.959350221334602
MO,2011-06-01,2.5,29,0.9202827531436925
MO,2011-07-01,2.6,29,0.959350221334602
MO,2011-08-01,2.6,29,0.959350221334602
MO,2011-09-01,2.7,29,0.9969486348916096
MO,2011-10-01,2.7,29,0.9969486348916096
MO,2011-11-01,2.8,29,1.0331844833456543
MO,2011-12-01,2.9,29,1.068153081183401
MO,2012-01-01,2.9,29,1.068153081183401
MO,2012-02-01,2.9,29,1.068153081183401
MO,2012-03-01,2.8,29,1.0331844833456543
MO,2012-04-01,2.6,29,0.959350221334602
MO,2012-05-01,2.6,29,0.959350221334602
MO,2012-06-01,2.6,29,0.959350221334602
MO,2012-07-01,2.6,29,0.959350221334602
MO,2012-08-01,2.5,29,0.9202827531436925
MO,2012-09-01,2.6,29,0.959350221334602
MO,2012-10-01,2.6,29,0.959350221334602
MO,2012-11-01,2.6,29,0.959350221334602
MO,2012-12-01,2.6,29,0.959350221334602
MO,2013-01-01,2.6,29,0.959350221334602
MO,2013-02-01,2.5,29,0.9202827531436925
MO,2013-03-01,2.4,29,0.8796267475025635
MO,2013-04-01,2.2,29,0.7929925155296614
MO,2013-05-01,2.2,29,0.7929925155296614
MO,2013-06-01,2.1,29,0.7466879474879751
MO,2013-07-01,2.1,29,0.7466879474879751
MO,2013-08-01,2,29,0.6981347220709843
MO,2013-09-01,2,29,0.6981347220709843
MO,2013-10-01,1.9,29,0.6471032420585384
MO,2013-11-01,2.1,29,0.7466879474879751
MO,2013-12-01,2.1,29,0.7466879474879751
MO,2014-01-01,2.1,29,0.7466879474879751
MO,2014-02-01,2,29,0.6981347220709843
MO,2014-03-01,1.9,29,0.6471032420585384
MO,2014-04-01,1.8,29,0.5933268452777344
MO,2014-05-01,1.8,29,0.5933268452777344
MO,2014-06-01,1.8,29,0.5933268452777344
MO,2014-07-01,1.7,29,0.5364933705145685
MO,2014-08-01,1.7,29,0.5364933705145685
MO,2014-09-01,1.7,29,0.5364933705145685
MO,2014-10-01,1.7,29,0.5364933705145685
MO,2014-11-01,1.8,29,0.5933268452777344
MO,2014-12-01,1.8,29,0.5933268452777344
MO,2015-01-01,1.8,29,0.5933268452777344
MO,2015-02-01,1.7,29,0.5364933705145685
MO,2015-03-01,1.6,29,0.4762341789963717
MO,2015-04-01,1.5,29,0.412109650826833
MO,2015-05-01,1.5,29,0.412109650826833
MO,2015-06-01,1.4,29,0.34358970439007686
MO,2015-07-01,1.3,29,0.2700271372130602
MO,2015-08-01,1.3,29,0.2700271372130602
MO,2015-09-01,1.3,29,0.2700271372130602
MO,2015-10-01,1.3,29,0.2700271372130602
MO,2015-11-01,1.3,29,0.2700271372130602
MO,2015-12-01,1.4,29,0.34358970439007686
MO,2016-01-01,1.4,29,0.34358970439007686
MO,2016-02-01,1.4,29,0.34358970439007686
MO,2016-03-01,1.3,29,0.2700271372130602
MO,2016-04-01,1.1,29,0.10436001532424286
MO,2016-05-01,1.1,29,0.10436001532424286
MO,2016-06-01,1.1,29,0.10436001532424286
MO,2016-07-01,1.1,29,0.10436001532424286
MO,2016-08-01,1.1,29,0.10436001532424286
MO,2016-09-01,1.1,29,0.10436001532424286
MO,2016-10-01,1.1,29,0.10436001532424286
MO,2016-11-01,1.1,29,0.10436001532424286
MO,2016-12-01,1.1,29,0.10436001532424286
MO,2017-01-01,1.1,29,0.10436001532424286
MO,2017-02-01,1,29,0.009950330853168092
MO,2017-03-01,0.9,29,-0.09431067947124129
MO,2017-04-01,0.9,29,-0.09431067947124129
MO,2017-05-01,0.9,29,-0.09431067947124129
MO,2017-06-01,0.9,29,-0.09431067947124129
MO,2017-07-01,0.8,29,-0.21072103131565253
MO,2017-08-01,0.8,29,-0.21072103131565253
MO,2017-09-01,0.9,29,-0.09431067947124129
MO,2017-10-01,0.9,29,-0.09431067947124129
MO,2017-11-01,1,29,0.009950330853168092
MO,2017-12-01,1,29,0.009950330853168092
MO,2018-01-01,0.9,29,-0.09431067947124129
MO,2018-02-01,0.9,29,-0.09431067947124129
MO,2018-03-01,0.8,29,-0.21072103131565253
MO,2018-04-01,0.7,29,-0.342490308946776
MO,2018-05-01,0.8,29,-0.21072103131565253
MO,2018-06-01,0.7,29,-0.342490308946776
MO,2018-07-01,0.7,29,-0.342490308946776
MO,2018-08-01,0.7,29,-0.342490308946776
MO,2018-09-01,0.8,29,-0.21072103131565253
MO,2018-10-01,0.7,29,-0.342490308946776
MO,2018-11-01,0.7,29,-0.342490308946776
MO,2018-12-01,0.8,29,-0.21072103131565253
MO,2019-01-01,0.8,29,-0.21072103131565253
MO,2019-02-01,0.8,29,-0.21072103131565253
MO,2019-03-01,0.7,29,-0.342490308946776
MO,2019-04-01,0.6,29,-0.4942963218147801
MO,2019-05-01,0.7,29,-0.342490308946776
MO,2019-06-01,0.7,29,-0.342490308946776
MO,2019-07-01,0.7,29,-0.342490308946776
MO,2019-08-01,0.7,29,-0.342490308946776
MO,2019-09-01,0.7,29,-0.342490308946776
MO,2019-10-01,0.7,29,-0.342490308946776
MO,2019-11-01,0.8,29,-0.21072103131565253
MO,2019-12-01,0.8,29,-0.21072103131565253
MO,2020-01-01,0.8,29,-0.21072103131565253
MO,2020-02-01,0.8,29,-0.21072103131565253
MO,2020-03-01,0.7,29,-0.342490308946776
MO,2020-04-01,0.7,29,-0.342490308946776
MO,2020-05-01,0.6,29,-0.4942963218147801
MO,2020-06-01,0.6,29,-0.4942963218147801
MO,2020-07-01,0.6,29,-0.4942963218147801
MO,2020-08-01,0.6,29,-0.4942963218147801
MO,2020-09-01,0.6,29,-0.4942963218147801
MO,2020-10-01,0.6,29,-0.4942963218147801
MO,2020-11-01,0.6,29,-0.4942963218147801
MO,2020-12-01,0.6,29,-0.4942963218147801
MO,2021-01-01,0.6,29,-0.4942963218147801
MO,2021-02-01,0.6,29,-0.4942963218147801
MO,2021-03-01,0.5,29,-0.6733445532637656
MO,2021-04-01,0.5,29,-0.6733445532637656
MO,2021-05-01,0.5,29,-0.6733445532637656
MO,2021-06-01,0.5,29,-0.6733445532637656
MO,2021-07-01,0.5,29,-0.6733445532637656
MO,2021-08-01,0.5,29,-0.6733445532637656
MO,2021-09-01,0.5,29,-0.6733445532637656
MO,2021-10-01,0.5,29,-0.6733445532637656
MO,2021-11-01,0.5,29,-0.6733445532637656
MO,2021-12-01,0.5,29,-0.6733445532637656
MO,2022-01-01,0.5,29,-0.6733445532637656
MO,2022-02-01,0.5,29,-0.6733445532637656
MO,2022-03-01,0.4,29,-0.8915981192837835
MO,2022-04-01,0.5,29,-0.6733445532637656
MO,2022-05-01,0.4,29,-0.8915981192837835
MO,2022-06-01,0.4,29,-0.8915981192837835
MO,2022-07-01,0.4,29,-0.8915981192837835
MO,2022-08-01,0.5,29,-0.6733445532637656
MO,2022-09-01,0.4,29,-0.8915981192837835
MO,2022-10-01,0.4,29,-0.8915981192837835
MO,2022-11-01,0.4,29,-0.8915981192837835
MO,2022-12-01,0.5,29,-0.6733445532637656
MO,2023-01-01,0.5,29,-0.6733445532637656
MO,2023-02-01,0.5,29,-0.6733445532637656
MO,2023-03-01,0.5,29,-0.6733445532637656
MO,2023-04-01,0.5,29,-0.6733445532637656
MO,2023-05-01,0.4,29,-0.8915981192837835
MO,2023-06-01,0.5,29,-0.6733445532637656
MO,2023-07-01,0.5,29,-0.6733445532637656
MO,2023-08-01,0.5,29,-0.6733445532637656
MO,2023-09-01,0.5,29,-0.6733445532637656
MO,2023-10-01,0.5,29,-0.6733445532637656
MO,2023-11-01,0.6,29,-0.4942963218147801
MO,2023-12-01,0.6,29,-0.4942963218147801
MO,2024-01-01,0.6,29,-0.4942963218147801
MO,2024-02-01,0.6,29,-0.4942963218147801
MO,2024-03-01,0.6,29,-0.4942963218147801
MO,2024-04-01,0.5,29,-0.6733445532637656
MO,2024-05-01,0.6,29,-0.4942963218147801
MO,2024-06-01,0.5,29,-0.6733445532637656
MO,2024-07-01,0.6,29,-0.4942963218147801
MO,2024-08-01,0.7,29,-0.342490308946776
MO,2024-09-01,0.7,29,-0.342490308946776
MO,2024-10-01,0.7,29,-0.342490308946776
MO,2024-11-01,0.7,29,-0.342490308946776
MO,2024-12-01,0.7,29,-0.342490308946776
MO,2025-01-01,0.8,29,-0.21072103131565253
MO,2025-02-01,0.8,29,-0.21072103131565253
MO,2025-03-01,0.8,29,-0.21072103131565253
MT,2008-01-01,0.6,30,-0.4942963218147801
MT,2008-02-01,0.5,30,-0.6733445532637656
MT,2008-03-01,0.5,30,-0.6733445532637656
MT,2008-04-01,0.5,30,-0.6733445532637656
MT,2008-05-01,0.5,30,-0.6733445532637656
MT,2008-06-01,0.6,30,-0.4942963218147801
MT,2008-07-01,0.6,30,-0.4942963218147801
MT,2008-08-01,0.6,30,-0.4942963218147801
MT,2008-09-01,0.7,30,-0.342490308946776
MT,2008-10-01,0.8,30,-0.21072103131565253
MT,2008-11-01,0.9,30,-0.09431067947124129
MT,2008-12-01,1,30,0.009950330853168092
MT,2009-01-01,1.1,30,0.10436001532424286
MT,2009-02-01,1.2,30,0.1906203596086497
MT,2009-03-01,1.3,30,0.2700271372130602
MT,2009-04-01,1.4,30,0.34358970439007686
MT,2009-05-01,1.6,30,0.4762341789963717
MT,2009-06-01,1.8,30,0.5933268452777344
MT,2009-07-01,1.9,30,0.6471032420585384
MT,2009-08-01,1.8,30,0.5933268452777344
MT,2009-09-01,2,30,0.6981347220709843
MT,2009-10-01,2.1,30,0.7466879474879751
MT,2009-11-01,2.1,30,0.7466879474879751
MT,2009-12-01,2.2,30,0.7929925155296614
MT,2010-01-01,2.2,30,0.7929925155296614
MT,2010-02-01,2.1,30,0.7466879474879751
MT,2010-03-01,2.1,30,0.7466879474879751
MT,2010-04-01,2.1,30,0.7466879474879751
MT,2010-05-01,2,30,0.6981347220709843
MT,2010-06-01,1.9,30,0.6471032420585384
MT,2010-07-01,1.9,30,0.6471032420585384
MT,2010-08-01,2,30,0.6981347220709843
MT,2010-09-01,2.1,30,0.7466879474879751
MT,2010-10-01,1.9,30,0.6471032420585384
MT,2010-11-01,1.8,30,0.5933268452777344
MT,2010-12-01,2,30,0.6981347220709843
MT,2011-01-01,1.9,30,0.6471032420585384
MT,2011-02-01,1.9,30,0.6471032420585384
MT,2011-03-01,1.9,30,0.6471032420585384
MT,2011-04-01,1.8,30,0.5933268452777344
MT,2011-05-01,1.7,30,0.5364933705145685
MT,2011-06-01,1.7,30,0.5364933705145685
MT,2011-07-01,1.7,30,0.5364933705145685
MT,2011-08-01,1.7,30,0.5364933705145685
MT,2011-09-01,1.6,30,0.4762341789963717
MT,2011-10-01,1.5,30,0.412109650826833
MT,2011-11-01,1.6,30,0.4762341789963717
MT,2011-12-01,1.7,30,0.5364933705145685
MT,2012-01-01,1.8,30,0.5933268452777344
MT,2012-02-01,1.8,30,0.5933268452777344
MT,2012-03-01,1.8,30,0.5933268452777344
MT,2012-04-01,1.5,30,0.412109650826833
MT,2012-05-01,1.5,30,0.412109650826833
MT,2012-06-01,1.6,30,0.4762341789963717
MT,2012-07-01,1.6,30,0.4762341789963717
MT,2012-08-01,1.5,30,0.412109650826833
MT,2012-09-01,1.6,30,0.4762341789963717
MT,2012-10-01,1.6,30,0.4762341789963717
MT,2012-11-01,1.6,30,0.4762341789963717
MT,2012-12-01,1.4,30,0.34358970439007686
MT,2013-01-01,1.4,30,0.34358970439007686
MT,2013-02-01,1.3,30,0.2700271372130602
MT,2013-03-01,1.3,30,0.2700271372130602
MT,2013-04-01,1.3,30,0.2700271372130602
MT,2013-05-01,1.2,30,0.1906203596086497
MT,2013-06-01,1.2,30,0.1906203596086497
MT,2013-07-01,1,30,0.009950330853168092
MT,2013-08-01,1.1,30,0.10436001532424286
MT,2013-09-01,1,30,0.009950330853168092
MT,2013-10-01,1,30,0.009950330853168092
MT,2013-11-01,0.9,30,-0.09431067947124129
MT,2013-12-01,1.1,30,0.10436001532424286
MT,2014-01-01,1.1,30,0.10436001532424286
MT,2014-02-01,1.1,30,0.10436001532424286
MT,2014-03-01,1.1,30,0.10436001532424286
MT,2014-04-01,1.2,30,0.1906203596086497
MT,2014-05-01,1.2,30,0.1906203596086497
MT,2014-06-01,1.1,30,0.10436001532424286
MT,2014-07-01,1.1,30,0.10436001532424286
MT,2014-08-01,1.1,30,0.10436001532424286
MT,2014-09-01,1.1,30,0.10436001532424286
MT,2014-10-01,1.1,30,0.10436001532424286
MT,2014-11-01,1.1,30,0.10436001532424286
MT,2014-12-01,1.1,30,0.10436001532424286
MT,2015-01-01,1.1,30,0.10436001532424286
MT,2015-02-01,1.1,30,0.10436001532424286
MT,2015-03-01,1,30,0.009950330853168092
MT,2015-04-01,0.8,30,-0.21072103131565253
MT,2015-05-01,0.7,30,-0.342490308946776
MT,2015-06-01,0.8,30,-0.21072103131565253
MT,2015-07-01,0.9,30,-0.09431067947124129
MT,2015-08-01,1,30,0.009950330853168092
MT,2015-09-01,0.9,30,-0.09431067947124129
MT,2015-10-01,0.9,30,-0.09431067947124129
MT,2015-11-01,0.9,30,-0.09431067947124129
MT,2015-12-01,0.9,30,-0.09431067947124129
MT,2016-01-01,0.9,30,-0.09431067947124129
MT,2016-02-01,0.9,30,-0.09431067947124129
MT,2016-03-01,0.8,30,-0.21072103131565253
MT,2016-04-01,0.8,30,-0.21072103131565253
MT,2016-05-01,0.8,30,-0.21072103131565253
MT,2016-06-01,0.8,30,-0.21072103131565253
MT,2016-07-01,0.9,30,-0.09431067947124129
MT,2016-08-01,0.8,30,-0.21072103131565253
MT,2016-09-01,0.8,30,-0.21072103131565253
MT,2016-10-01,0.8,30,-0.21072103131565253
MT,2016-11-01,0.8,30,-0.21072103131565253
MT,2016-12-01,0.9,30,-0.09431067947124129
MT,2017-01-01,1,30,0.009950330853168092
MT,2017-02-01,0.9,30,-0.09431067947124129
MT,2017-03-01,0.8,30,-0.21072103131565253
MT,2017-04-01,0.8,30,-0.21072103131565253
MT,2017-05-01,0.7,30,-0.342490308946776
MT,2017-06-01,0.8,30,-0.21072103131565253
MT,2017-07-01,0.8,30,-0.21072103131565253
MT,2017-08-01,0.7,30,-0.342490308946776
MT,2017-09-01,0.8,30,-0.21072103131565253
MT,2017-10-01,0.8,30,-0.21072103131565253
MT,2017-11-01,0.7,30,-0.342490308946776
MT,2017-12-01,0.7,30,-0.342490308946776
MT,2018-01-01,0.8,30,-0.21072103131565253
MT,2018-02-01,0.7,30,-0.342490308946776
MT,2018-03-01,0.8,30,-0.21072103131565253
MT,2018-04-01,0.7,30,-0.342490308946776
MT,2018-05-01,0.7,30,-0.342490308946776
MT,2018-06-01,0.7,30,-0.342490308946776
MT,2018-07-01,0.5,30,-0.6733445532637656
MT,2018-08-01,0.6,30,-0.4942963218147801
MT,2018-09-01,0.6,30,-0.4942963218147801
MT,2018-10-01,0.6,30,-0.4942963218147801
MT,2018-11-01,0.6,30,-0.4942963218147801
MT,2018-12-01,0.7,30,-0.342490308946776
MT,2019-01-01,0.7,30,-0.342490308946776
MT,2019-02-01,0.7,30,-0.342490308946776
MT,2019-03-01,0.7,30,-0.342490308946776
MT,2019-04-01,0.6,30,-0.4942963218147801
MT,2019-05-01,0.5,30,-0.6733445532637656
MT,2019-06-01,0.5,30,-0.6733445532637656
MT,2019-07-01,0.5,30,-0.6733445532637656
MT,2019-08-01,0.5,30,-0.6733445532637656
MT,2019-09-01,0.5,30,-0.6733445532637656
MT,2019-10-01,0.5,30,-0.6733445532637656
MT,2019-11-01,0.5,30,-0.6733445532637656
MT,2019-12-01,0.7,30,-0.342490308946776
MT,2020-01-01,0.6,30,-0.4942963218147801
MT,2020-02-01,0.6,30,-0.4942963218147801
MT,2020-03-01,0.5,30,-0.6733445532637656
MT,2020-04-01,0.5,30,-0.6733445532637656
MT,2020-05-01,0.5,30,-0.6733445532637656
MT,2020-06-01,0.5,30,-0.6733445532637656
MT,2020-07-01,0.4,30,-0.8915981192837835
MT,2020-08-01,0.4,30,-0.8915981192837835
MT,2020-09-01,0.5,30,-0.6733445532637656
MT,2020-10-01,0.4,30,-0.8915981192837835
MT,2020-11-01,0.4,30,-0.8915981192837835
MT,2020-12-01,0.4,30,-0.8915981192837835
MT,2021-01-01,0.4,30,-0.8915981192837835
MT,2021-02-01,0.4,30,-0.8915981192837835
MT,2021-03-01,0.3,30,-1.171182981502945
MT,2021-04-01,0.3,30,-1.171182981502945
MT,2021-05-01,0.3,30,-1.171182981502945
MT,2021-06-01,0.3,30,-1.171182981502945
MT,2021-07-01,0.4,30,-0.8915981192837835
MT,2021-08-01,0.3,30,-1.171182981502945
MT,2021-09-01,0.3,30,-1.171182981502945
MT,2021-10-01,0.3,30,-1.171182981502945
MT,2021-11-01,0.3,30,-1.171182981502945
MT,2021-12-01,0.4,30,-0.8915981192837835
MT,2022-01-01,0.4,30,-0.8915981192837835
MT,2022-02-01,0.4,30,-0.8915981192837835
MT,2022-03-01,0.3,30,-1.171182981502945
MT,2022-04-01,0.3,30,-1.171182981502945
MT,2022-05-01,0.3,30,-1.171182981502945
MT,2022-06-01,0.3,30,-1.171182981502945
MT,2022-07-01,0.3,30,-1.171182981502945
MT,2022-08-01,0.3,30,-1.171182981502945
MT,2022-09-01,0.3,30,-1.171182981502945
MT,2022-10-01,0.3,30,-1.171182981502945
MT,2022-11-01,0.3,30,-1.171182981502945
MT,2022-12-01,0.3,30,-1.171182981502945
MT,2023-01-01,0.4,30,-0.8915981192837835
MT,2023-02-01,0.3,30,-1.171182981502945
MT,2023-03-01,0.4,30,-0.8915981192837835
MT,2023-04-01,0.4,30,-0.8915981192837835
MT,2023-05-01,0.4,30,-0.8915981192837835
MT,2023-06-01,0.4,30,-0.8915981192837835
MT,2023-07-01,0.3,30,-1.171182981502945
MT,2023-08-01,0.3,30,-1.171182981502945
MT,2023-09-01,0.3,30,-1.171182981502945
MT,2023-10-01,0.3,30,-1.171182981502945
MT,2023-11-01,0.2,30,-1.5606477482646683
MT,2023-12-01,0.3,30,-1.171182981502945
MT,2024-01-01,0.4,30,-0.8915981192837835
MT,2024-02-01,0.4,30,-0.8915981192837835
MT,2024-03-01,0.4,30,-0.8915981192837835
MT,2024-04-01,0.4,30,-0.8915981192837835
MT,2024-05-01,0.5,30,-0.6733445532637656
MT,2024-06-01,0.5,30,-0.6733445532637656
MT,2024-07-01,0.5,30,-0.6733445532637656
MT,2024-08-01,0.5,30,-0.6733445532637656
MT,2024-09-01,0.6,30,-0.4942963218147801
MT,2024-10-01,0.6,30,-0.4942963218147801
MT,2024-11-01,0.6,30,-0.4942963218147801
MT,2024-12-01,0.5,30,-0.6733445532637656
MT,2025-01-01,0.5,30,-0.6733445532637656
MT,2025-02-01,0.5,30,-0.6733445532637656
MT,2025-03-01,0.5,30,-0.6733445532637656
NE,2008-01-01,1.1,31,0.10436001532424286
NE,2008-02-01,1,31,0.009950330853168092
NE,2008-03-01,0.9,31,-0.09431067947124129
NE,2008-04-01,0.9,31,-0.09431067947124129
NE,2008-05-01,0.9,31,-0.09431067947124129
NE,2008-06-01,0.9,31,-0.09431067947124129
NE,2008-07-01,0.9,31,-0.09431067947124129
NE,2008-08-01,0.9,31,-0.09431067947124129
NE,2008-09-01,1,31,0.009950330853168092
NE,2008-10-01,1.1,31,0.10436001532424286
NE,2008-11-01,1.2,31,0.1906203596086497
NE,2008-12-01,1.3,31,0.2700271372130602
NE,2009-01-01,1.4,31,0.34358970439007686
NE,2009-02-01,1.4,31,0.34358970439007686
NE,2009-03-01,1.3,31,0.2700271372130602
NE,2009-04-01,1.2,31,0.1906203596086497
NE,2009-05-01,1.4,31,0.34358970439007686
NE,2009-06-01,1.6,31,0.4762341789963717
NE,2009-07-01,1.7,31,0.5364933705145685
NE,2009-08-01,1.8,31,0.5933268452777344
NE,2009-09-01,1.9,31,0.6471032420585384
NE,2009-10-01,1.9,31,0.6471032420585384
NE,2009-11-01,1.9,31,0.6471032420585384
NE,2009-12-01,2,31,0.6981347220709843
NE,2010-01-01,2,31,0.6981347220709843
NE,2010-02-01,1.8,31,0.5933268452777344
NE,2010-03-01,1.7,31,0.5364933705145685
NE,2010-04-01,1.6,31,0.4762341789963717
NE,2010-05-01,1.6,31,0.4762341789963717
NE,2010-06-01,1.6,31,0.4762341789963717
NE,2010-07-01,1.5,31,0.412109650826833
NE,2010-08-01,1.6,31,0.4762341789963717
NE,2010-09-01,1.6,31,0.4762341789963717
NE,2010-10-01,1.5,31,0.412109650826833
NE,2010-11-01,1.6,31,0.4762341789963717
NE,2010-12-01,1.6,31,0.4762341789963717
NE,2011-01-01,1.7,31,0.5364933705145685
NE,2011-02-01,1.7,31,0.5364933705145685
NE,2011-03-01,1.5,31,0.412109650826833
NE,2011-04-01,1.6,31,0.4762341789963717
NE,2011-05-01,1.6,31,0.4762341789963717
NE,2011-06-01,1.6,31,0.4762341789963717
NE,2011-07-01,1.4,31,0.34358970439007686
NE,2011-08-01,1.4,31,0.34358970439007686
NE,2011-09-01,1.5,31,0.412109650826833
NE,2011-10-01,1.5,31,0.412109650826833
NE,2011-11-01,1.4,31,0.34358970439007686
NE,2011-12-01,1.5,31,0.412109650826833
NE,2012-01-01,1.6,31,0.4762341789963717
NE,2012-02-01,1.6,31,0.4762341789963717
NE,2012-03-01,1.5,31,0.412109650826833
NE,2012-04-01,1.5,31,0.412109650826833
NE,2012-05-01,1.5,31,0.412109650826833
NE,2012-06-01,1.5,31,0.412109650826833
NE,2012-07-01,1.6,31,0.4762341789963717
NE,2012-08-01,1.5,31,0.412109650826833
NE,2012-09-01,1.5,31,0.412109650826833
NE,2012-10-01,1.6,31,0.4762341789963717
NE,2012-11-01,1.6,31,0.4762341789963717
NE,2012-12-01,1.7,31,0.5364933705145685
NE,2013-01-01,1.5,31,0.412109650826833
NE,2013-02-01,1.6,31,0.4762341789963717
NE,2013-03-01,1.5,31,0.412109650826833
NE,2013-04-01,1.3,31,0.2700271372130602
NE,2013-05-01,1.3,31,0.2700271372130602
NE,2013-06-01,1.3,31,0.2700271372130602
NE,2013-07-01,1.2,31,0.1906203596086497
NE,2013-08-01,1.3,31,0.2700271372130602
NE,2013-09-01,1.2,31,0.1906203596086497
NE,2013-10-01,1.3,31,0.2700271372130602
NE,2013-11-01,1.3,31,0.2700271372130602
NE,2013-12-01,1.3,31,0.2700271372130602
NE,2014-01-01,1.3,31,0.2700271372130602
NE,2014-02-01,1.2,31,0.1906203596086497
NE,2014-03-01,1.1,31,0.10436001532424286
NE,2014-04-01,1,31,0.009950330853168092
NE,2014-05-01,1,31,0.009950330853168092
NE,2014-06-01,1.1,31,0.10436001532424286
NE,2014-07-01,1,31,0.009950330853168092
NE,2014-08-01,1.1,31,0.10436001532424286
NE,2014-09-01,1.1,31,0.10436001532424286
NE,2014-10-01,1.1,31,0.10436001532424286
NE,2014-11-01,1.1,31,0.10436001532424286
NE,2014-12-01,1.2,31,0.1906203596086497
NE,2015-01-01,1.1,31,0.10436001532424286
NE,2015-02-01,1,31,0.009950330853168092
NE,2015-03-01,0.9,31,-0.09431067947124129
NE,2015-04-01,0.9,31,-0.09431067947124129
NE,2015-05-01,0.8,31,-0.21072103131565253
NE,2015-06-01,0.9,31,-0.09431067947124129
NE,2015-07-01,0.8,31,-0.21072103131565253
NE,2015-08-01,0.9,31,-0.09431067947124129
NE,2015-09-01,0.9,31,-0.09431067947124129
NE,2015-10-01,0.9,31,-0.09431067947124129
NE,2015-11-01,0.8,31,-0.21072103131565253
NE,2015-12-01,0.9,31,-0.09431067947124129
NE,2016-01-01,0.9,31,-0.09431067947124129
NE,2016-02-01,0.9,31,-0.09431067947124129
NE,2016-03-01,0.8,31,-0.21072103131565253
NE,2016-04-01,0.7,31,-0.342490308946776
NE,2016-05-01,0.7,31,-0.342490308946776
NE,2016-06-01,0.7,31,-0.342490308946776
NE,2016-07-01,0.7,31,-0.342490308946776
NE,2016-08-01,0.8,31,-0.21072103131565253
NE,2016-09-01,0.8,31,-0.21072103131565253
NE,2016-10-01,0.8,31,-0.21072103131565253
NE,2016-11-01,0.8,31,-0.21072103131565253
NE,2016-12-01,0.8,31,-0.21072103131565253
NE,2017-01-01,0.7,31,-0.342490308946776
NE,2017-02-01,0.7,31,-0.342490308946776
NE,2017-03-01,0.6,31,-0.4942963218147801
NE,2017-04-01,0.6,31,-0.4942963218147801
NE,2017-05-01,0.6,31,-0.4942963218147801
NE,2017-06-01,0.6,31,-0.4942963218147801
NE,2017-07-01,0.6,31,-0.4942963218147801
NE,2017-08-01,0.5,31,-0.6733445532637656
NE,2017-09-01,0.6,31,-0.4942963218147801
NE,2017-10-01,0.6,31,-0.4942963218147801
NE,2017-11-01,0.6,31,-0.4942963218147801
NE,2017-12-01,0.7,31,-0.342490308946776
NE,2018-01-01,0.6,31,-0.4942963218147801
NE,2018-02-01,0.6,31,-0.4942963218147801
NE,2018-03-01,0.5,31,-0.6733445532637656
NE,2018-04-01,0.6,31,-0.4942963218147801
NE,2018-05-01,0.6,31,-0.4942963218147801
NE,2018-06-01,0.6,31,-0.4942963218147801
NE,2018-07-01,0.6,31,-0.4942963218147801
NE,2018-08-01,0.6,31,-0.4942963218147801
NE,2018-09-01,0.6,31,-0.4942963218147801
NE,2018-10-01,0.5,31,-0.6733445532637656
NE,2018-11-01,0.5,31,-0.6733445532637656
NE,2018-12-01,0.5,31,-0.6733445532637656
NE,2019-01-01,0.6,31,-0.4942963218147801
NE,2019-02-01,0.6,31,-0.4942963218147801
NE,2019-03-01,0.5,31,-0.6733445532637656
NE,2019-04-01,0.5,31,-0.6733445532637656
NE,2019-05-01,0.4,31,-0.8915981192837835
NE,2019-06-01,0.5,31,-0.6733445532637656
NE,2019-07-01,0.5,31,-0.6733445532637656
NE,2019-08-01,0.5,31,-0.6733445532637656
NE,2019-09-01,0.5,31,-0.6733445532637656
NE,2019-10-01,0.5,31,-0.6733445532637656
NE,2019-11-01,0.5,31,-0.6733445532637656
NE,2019-12-01,0.5,31,-0.6733445532637656
NE,2020-01-01,0.6,31,-0.4942963218147801
NE,2020-02-01,0.5,31,-0.6733445532637656
NE,2020-03-01,0.5,31,-0.6733445532637656
NE,2020-04-01,0.4,31,-0.8915981192837835
NE,2020-05-01,0.4,31,-0.8915981192837835
NE,2020-06-01,0.3,31,-1.171182981502945
NE,2020-07-01,0.3,31,-1.171182981502945
NE,2020-08-01,0.4,31,-0.8915981192837835
NE,2020-09-01,0.4,31,-0.8915981192837835
NE,2020-10-01,0.4,31,-0.8915981192837835
NE,2020-11-01,0.4,31,-0.8915981192837835
NE,2020-12-01,0.4,31,-0.8915981192837835
NE,2021-01-01,0.4,31,-0.8915981192837835
NE,2021-02-01,0.4,31,-0.8915981192837835
NE,2021-03-01,0.4,31,-0.8915981192837835
NE,2021-04-01,0.3,31,-1.171182981502945
NE,2021-05-01,0.3,31,-1.171182981502945
NE,2021-06-01,0.3,31,-1.171182981502945
NE,2021-07-01,0.3,31,-1.171182981502945
NE,2021-08-01,0.4,31,-0.8915981192837835
NE,2021-09-01,0.4,31,-0.8915981192837835
NE,2021-10-01,0.4,31,-0.8915981192837835
NE,2021-11-01,0.4,31,-0.8915981192837835
NE,2021-12-01,0.3,31,-1.171182981502945
NE,2022-01-01,0.3,31,-1.171182981502945
NE,2022-02-01,0.3,31,-1.171182981502945
NE,2022-03-01,0.2,31,-1.5606477482646683
NE,2022-04-01,0.3,31,-1.171182981502945
NE,2022-05-01,0.3,31,-1.171182981502945
NE,2022-06-01,0.3,31,-1.171182981502945
NE,2022-07-01,0.3,31,-1.171182981502945
NE,2022-08-01,0.3,31,-1.171182981502945
NE,2022-09-01,0.3,31,-1.171182981502945
NE,2022-10-01,0.4,31,-0.8915981192837835
NE,2022-11-01,0.3,31,-1.171182981502945
NE,2022-12-01,0.3,31,-1.171182981502945
NE,2023-01-01,0.3,31,-1.171182981502945
NE,2023-02-01,0.3,31,-1.171182981502945
NE,2023-03-01,0.3,31,-1.171182981502945
NE,2023-04-01,0.4,31,-0.8915981192837835
NE,2023-05-01,0.3,31,-1.171182981502945
NE,2023-06-01,0.3,31,-1.171182981502945
NE,2023-07-01,0.4,31,-0.8915981192837835
NE,2023-08-01,0.4,31,-0.8915981192837835
NE,2023-09-01,0.3,31,-1.171182981502945
NE,2023-10-01,0.4,31,-0.8915981192837835
NE,2023-11-01,0.4,31,-0.8915981192837835
NE,2023-12-01,0.5,31,-0.6733445532637656
NE,2024-01-01,0.5,31,-0.6733445532637656
NE,2024-02-01,0.5,31,-0.6733445532637656
NE,2024-03-01,0.6,31,-0.4942963218147801
NE,2024-04-01,0.4,31,-0.8915981192837835
NE,2024-05-01,0.5,31,-0.6733445532637656
NE,2024-06-01,0.5,31,-0.6733445532637656
NE,2024-07-01,0.5,31,-0.6733445532637656
NE,2024-08-01,0.5,31,-0.6733445532637656
NE,2024-09-01,0.5,31,-0.6733445532637656
NE,2024-10-01,0.5,31,-0.6733445532637656
NE,2024-11-01,0.5,31,-0.6733445532637656
NE,2024-12-01,0.5,31,-0.6733445532637656
NE,2025-01-01,0.6,31,-0.4942963218147801
NE,2025-02-01,0.7,31,-0.342490308946776
NE,2025-03-01,0.6,31,-0.4942963218147801
NV,2008-01-01,2.4,32,0.8796267475025635
NV,2008-02-01,2.5,32,0.9202827531436925
NV,2008-03-01,2.6,32,0.959350221334602
NV,2008-04-01,2.8,32,1.0331844833456543
NV,2008-05-01,2.8,32,1.0331844833456543
NV,2008-06-01,3,32,1.1019400787607843
NV,2008-07-01,3.3,32,1.1969481893889715
NV,2008-08-01,3.3,32,1.1969481893889715
NV,2008-09-01,3.5,32,1.2556160374777743
NV,2008-10-01,3.9,32,1.3635373739972743
NV,2008-11-01,4.2,32,1.43746264769429
NV,2008-12-01,4.8,32,1.5706970841176697
NV,2009-01-01,5.5,32,1.706564623164823
NV,2009-02-01,6.1,32,1.8099267731835038
NV,2009-03-01,6.5,32,1.873339456220478
NV,2009-04-01,7,32,1.9473377010464987
NV,2009-05-01,7.5,32,2.0162354657760435
NV,2009-06-01,7.7,32,2.0425181875752383
NV,2009-07-01,8.3,32,2.1174596088673567
NV,2009-08-01,8.4,32,2.1294214739848565
NV,2009-09-01,9.2,32,2.2202898502672155
NV,2009-10-01,9.8,32,2.2834022735772717
NV,2009-11-01,10.1,32,2.3135250330323798
NV,2009-12-01,10.3,32,2.333114298028869
NV,2010-01-01,10.7,32,2.3711778844596574
NV,2010-02-01,10.7,32,2.3711778844596574
NV,2010-03-01,10.3,32,2.333114298028869
NV,2010-04-01,10.1,32,2.3135250330323798
NV,2010-05-01,10,32,2.303584593327129
NV,2010-06-01,9.2,32,2.2202898502672155
NV,2010-07-01,8.7,32,2.164471790864411
NV,2010-08-01,8.5,32,2.1412419425852827
NV,2010-09-01,8.3,32,2.1174596088673567
NV,2010-10-01,8,32,2.080690761080268
NV,2010-11-01,8.1,32,2.0930978681273213
NV,2010-12-01,7.9,32,2.0681277817795625
NV,2011-01-01,7.7,32,2.0425181875752383
NV,2011-02-01,7.6,32,2.0294631718735943
NV,2011-03-01,7.2,32,1.9754689512968577
NV,2011-04-01,7.2,32,1.9754689512968577
NV,2011-05-01,7.1,32,1.9615022438151495
NV,2011-06-01,7,32,1.9473377010464987
NV,2011-07-01,7,32,1.9473377010464987
NV,2011-08-01,6.9,32,1.9329696377795786
NV,2011-09-01,6.8,32,1.918392120161421
NV,2011-10-01,6.9,32,1.9329696377795786
NV,2011-11-01,7,32,1.9473377010464987
NV,2011-12-01,6.8,32,1.918392120161421
NV,2012-01-01,6.9,32,1.9329696377795786
NV,2012-02-01,7,32,1.9473377010464987
NV,2012-03-01,7.1,32,1.9615022438151495
NV,2012-04-01,7,32,1.9473377010464987
NV,2012-05-01,7.2,32,1.9754689512968577
NV,2012-06-01,7.3,32,1.9892432737616872
NV,2012-07-01,7.2,32,1.9754689512968577
NV,2012-08-01,7,32,1.9473377010464987
NV,2012-09-01,6.8,32,1.918392120161421
NV,2012-10-01,6.8,32,1.918392120161421
NV,2012-11-01,6.5,32,1.873339456220478
NV,2012-12-01,6.2,32,1.8261608959453874
NV,2013-01-01,6.1,32,1.8099267731835038
NV,2013-02-01,6,32,1.7934247485471162
NV,2013-03-01,5.7,32,1.742219023667919
NV,2013-04-01,5.6,32,1.7245507195346048
NV,2013-05-01,5.2,32,1.6505798557652755
NV,2013-06-01,5,32,1.6114359150967734
NV,2013-07-01,4.8,32,1.5706970841176697
NV,2013-08-01,4.5,32,1.506297153514587
NV,2013-09-01,4.3,32,1.4609379041156563
NV,2013-10-01,3.8,32,1.3376291891386094
NV,2013-11-01,3.9,32,1.3635373739972743
NV,2013-12-01,4,32,1.3887912413184778
NV,2014-01-01,4,32,1.3887912413184778
NV,2014-02-01,3.9,32,1.3635373739972743
NV,2014-03-01,3.7,32,1.3110318766193438
NV,2014-04-01,3.5,32,1.2556160374777743
NV,2014-05-01,3.5,32,1.2556160374777743
NV,2014-06-01,3.4,32,1.2267122912954254
NV,2014-07-01,3.3,32,1.1969481893889715
NV,2014-08-01,3.2,32,1.1662709371419244
NV,2014-09-01,3.1,32,1.1346227261911428
NV,2014-10-01,3.1,32,1.1346227261911428
NV,2014-11-01,3,32,1.1019400787607843
NV,2014-12-01,3,32,1.1019400787607843
NV,2015-01-01,3,32,1.1019400787607843
NV,2015-02-01,2.8,32,1.0331844833456543
NV,2015-03-01,2.7,32,0.9969486348916096
NV,2015-04-01,2.7,32,0.9969486348916096
NV,2015-05-01,2.6,32,0.959350221334602
NV,2015-06-01,2.6,32,0.959350221334602
NV,2015-07-01,2.5,32,0.9202827531436925
NV,2015-08-01,2.4,32,0.8796267475025635
NV,2015-09-01,2.3,32,0.837247524533702
NV,2015-10-01,2.3,32,0.837247524533702
NV,2015-11-01,2.1,32,0.7466879474879751
NV,2015-12-01,2.1,32,0.7466879474879751
NV,2016-01-01,2.1,32,0.7466879474879751
NV,2016-02-01,2.1,32,0.7466879474879751
NV,2016-03-01,1.9,32,0.6471032420585384
NV,2016-04-01,1.7,32,0.5364933705145685
NV,2016-05-01,1.9,32,0.6471032420585384
NV,2016-06-01,1.6,32,0.4762341789963717
NV,2016-07-01,1.6,32,0.4762341789963717
NV,2016-08-01,1.6,32,0.4762341789963717
NV,2016-09-01,1.5,32,0.412109650826833
NV,2016-10-01,1.4,32,0.34358970439007686
NV,2016-11-01,1.3,32,0.2700271372130602
NV,2016-12-01,1.4,32,0.34358970439007686
NV,2017-01-01,1.4,32,0.34358970439007686
NV,2017-02-01,1.3,32,0.2700271372130602
NV,2017-03-01,1.2,32,0.1906203596086497
NV,2017-04-01,1.2,32,0.1906203596086497
NV,2017-05-01,1.2,32,0.1906203596086497
NV,2017-06-01,1.2,32,0.1906203596086497
NV,2017-07-01,1.2,32,0.1906203596086497
NV,2017-08-01,1.1,32,0.10436001532424286
NV,2017-09-01,1.1,32,0.10436001532424286
NV,2017-10-01,1.1,32,0.10436001532424286
NV,2017-11-01,1,32,0.009950330853168092
NV,2017-12-01,1.1,32,0.10436001532424286
NV,2018-01-01,1,32,0.009950330853168092
NV,2018-02-01,0.9,32,-0.09431067947124129
NV,2018-03-01,0.9,32,-0.09431067947124129
NV,2018-04-01,0.8,32,-0.21072103131565253
NV,2018-05-01,0.8,32,-0.21072103131565253
NV,2018-06-01,0.8,32,-0.21072103131565253
NV,2018-07-01,0.8,32,-0.21072103131565253
NV,2018-08-01,0.7,32,-0.342490308946776
NV,2018-09-01,0.7,32,-0.342490308946776
NV,2018-10-01,0.6,32,-0.4942963218147801
NV,2018-11-01,0.6,32,-0.4942963218147801
NV,2018-12-01,0.7,32,-0.342490308946776
NV,2019-01-01,0.7,32,-0.342490308946776
NV,2019-02-01,0.7,32,-0.342490308946776
NV,2019-03-01,0.6,32,-0.4942963218147801
NV,2019-04-01,0.5,32,-0.6733445532637656
NV,2019-05-01,0.5,32,-0.6733445532637656
NV,2019-06-01,0.5,32,-0.6733445532637656
NV,2019-07-01,0.6,32,-0.4942963218147801
NV,2019-08-01,0.6,32,-0.4942963218147801
NV,2019-09-01,0.6,32,-0.4942963218147801
NV,2019-10-01,0.6,32,-0.4942963218147801
NV,2019-11-01,0.6,32,-0.4942963218147801
NV,2019-12-01,0.6,32,-0.4942963218147801
NV,2020-01-01,0.7,32,-0.342490308946776
NV,2020-02-01,0.7,32,-0.342490308946776
NV,2020-03-01,0.7,32,-0.342490308946776
NV,2020-04-01,0.6,32,-0.4942963218147801
NV,2020-05-01,0.5,32,-0.6733445532637656
NV,2020-06-01,0.5,32,-0.6733445532637656
NV,2020-07-01,0.5,32,-0.6733445532637656
NV,2020-08-01,0.5,32,-0.6733445532637656
NV,2020-09-01,0.5,32,-0.6733445532637656
NV,2020-10-01,0.5,32,-0.6733445532637656
NV,2020-11-01,0.5,32,-0.6733445532637656
NV,2020-12-01,0.5,32,-0.6733445532637656
NV,2021-01-01,0.4,32,-0.8915981192837835
NV,2021-02-01,0.4,32,-0.8915981192837835
NV,2021-03-01,0.4,32,-0.8915981192837835
NV,2021-04-01,0.4,32,-0.8915981192837835
NV,2021-05-01,0.4,32,-0.8915981192837835
NV,2021-06-01,0.4,32,-0.8915981192837835
NV,2021-07-01,0.4,32,-0.8915981192837835
NV,2021-08-01,0.4,32,-0.8915981192837835
NV,2021-09-01,0.4,32,-0.8915981192837835
NV,2021-10-01,0.4,32,-0.8915981192837835
NV,2021-11-01,0.3,32,-1.171182981502945
NV,2021-12-01,0.4,32,-0.8915981192837835
NV,2022-01-01,0.3,32,-1.171182981502945
NV,2022-02-01,0.3,32,-1.171182981502945
NV,2022-03-01,0.3,32,-1.171182981502945
NV,2022-04-01,0.3,32,-1.171182981502945
NV,2022-05-01,0.3,32,-1.171182981502945
NV,2022-06-01,0.3,32,-1.171182981502945
NV,2022-07-01,0.3,32,-1.171182981502945
NV,2022-08-01,0.3,32,-1.171182981502945
NV,2022-09-01,0.3,32,-1.171182981502945
NV,2022-10-01,0.4,32,-0.8915981192837835
NV,2022-11-01,0.4,32,-0.8915981192837835
NV,2022-12-01,0.4,32,-0.8915981192837835
NV,2023-01-01,0.4,32,-0.8915981192837835
NV,2023-02-01,0.4,32,-0.8915981192837835
NV,2023-03-01,0.3,32,-1.171182981502945
NV,2023-04-01,0.4,32,-0.8915981192837835
NV,2023-05-01,0.4,32,-0.8915981192837835
NV,2023-06-01,0.4,32,-0.8915981192837835
NV,2023-07-01,0.4,32,-0.8915981192837835
NV,2023-08-01,0.4,32,-0.8915981192837835
NV,2023-09-01,0.4,32,-0.8915981192837835
NV,2023-10-01,0.5,32,-0.6733445532637656
NV,2023-11-01,0.5,32,-0.6733445532637656
NV,2023-12-01,0.6,32,-0.4942963218147801
NV,2024-01-01,0.6,32,-0.4942963218147801
NV,2024-02-01,0.5,32,-0.6733445532637656
NV,2024-03-01,0.5,32,-0.6733445532637656
NV,2024-04-01,0.5,32,-0.6733445532637656
NV,2024-05-01,0.5,32,-0.6733445532637656
NV,2024-06-01,0.6,32,-0.4942963218147801
NV,2024-07-01,0.6,32,-0.4942963218147801
NV,2024-08-01,0.7,32,-0.342490308946776
NV,2024-09-01,0.6,32,-0.4942963218147801
NV,2024-10-01,0.6,32,-0.4942963218147801
NV,2024-11-01,0.6,32,-0.4942963218147801
NV,2024-12-01,0.7,32,-0.342490308946776
NV,2025-01-01,0.7,32,-0.342490308946776
NV,2025-02-01,0.7,32,-0.342490308946776
NV,2025-03-01,0.7,32,-0.342490308946776
NH,2008-01-01,1,33,0.009950330853168092
NH,2008-02-01,1.2,33,0.1906203596086497
NH,2008-03-01,1.1,33,0.10436001532424286
NH,2008-04-01,1.1,33,0.10436001532424286
NH,2008-05-01,1.1,33,0.10436001532424286
NH,2008-06-01,1.1,33,0.10436001532424286
NH,2008-07-01,1.1,33,0.10436001532424286
NH,2008-08-01,1.2,33,0.1906203596086497
NH,2008-09-01,1.2,33,0.1906203596086497
NH,2008-10-01,1.3,33,0.2700271372130602
NH,2008-11-01,1.5,33,0.412109650826833
NH,2008-12-01,1.6,33,0.4762341789963717
NH,2009-01-01,1.8,33,0.5933268452777344
NH,2009-02-01,1.9,33,0.6471032420585384
NH,2009-03-01,2.1,33,0.7466879474879751
NH,2009-04-01,2,33,0.6981347220709843
NH,2009-05-01,2.3,33,0.837247524533702
NH,2009-06-01,2.4,33,0.8796267475025635
NH,2009-07-01,2.5,33,0.9202827531436925
NH,2009-08-01,2.8,33,1.0331844833456543
NH,2009-09-01,3,33,1.1019400787607843
NH,2009-10-01,3.1,33,1.1346227261911428
NH,2009-11-01,3.2,33,1.1662709371419244
NH,2009-12-01,3.3,33,1.1969481893889715
NH,2010-01-01,3.3,33,1.1969481893889715
NH,2010-02-01,3.3,33,1.1969481893889715
NH,2010-03-01,3.2,33,1.1662709371419244
NH,2010-04-01,3,33,1.1019400787607843
NH,2010-05-01,2.9,33,1.068153081183401
NH,2010-06-01,2.8,33,1.0331844833456543
NH,2010-07-01,2.8,33,1.0331844833456543
NH,2010-08-01,2.8,33,1.0331844833456543
NH,2010-09-01,2.7,33,0.9969486348916096
NH,2010-10-01,2.4,33,0.8796267475025635
NH,2010-11-01,2.5,33,0.9202827531436925
NH,2010-12-01,2.5,33,0.9202827531436925
NH,2011-01-01,2.5,33,0.9202827531436925
NH,2011-02-01,2.4,33,0.8796267475025635
NH,2011-03-01,2.3,33,0.837247524533702
NH,2011-04-01,2.5,33,0.9202827531436925
NH,2011-05-01,2.5,33,0.9202827531436925
NH,2011-06-01,2.3,33,0.837247524533702
NH,2011-07-01,2.2,33,0.7929925155296614
NH,2011-08-01,2.2,33,0.7929925155296614
NH,2011-09-01,2.3,33,0.837247524533702
NH,2011-10-01,2.5,33,0.9202827531436925
NH,2011-11-01,2.5,33,0.9202827531436925
NH,2011-12-01,2.4,33,0.8796267475025635
NH,2012-01-01,2.4,33,0.8796267475025635
NH,2012-02-01,2.3,33,0.837247524533702
NH,2012-03-01,2.2,33,0.7929925155296614
NH,2012-04-01,2.1,33,0.7466879474879751
NH,2012-05-01,2.1,33,0.7466879474879751
NH,2012-06-01,2,33,0.6981347220709843
NH,2012-07-01,2,33,0.6981347220709843
NH,2012-08-01,1.9,33,0.6471032420585384
NH,2012-09-01,1.9,33,0.6471032420585384
NH,2012-10-01,1.9,33,0.6471032420585384
NH,2012-11-01,1.9,33,0.6471032420585384
NH,2012-12-01,1.9,33,0.6471032420585384
NH,2013-01-01,1.9,33,0.6471032420585384
NH,2013-02-01,1.9,33,0.6471032420585384
NH,2013-03-01,1.9,33,0.6471032420585384
NH,2013-04-01,1.7,33,0.5364933705145685
NH,2013-05-01,1.7,33,0.5364933705145685
NH,2013-06-01,1.5,33,0.412109650826833
NH,2013-07-01,1.5,33,0.412109650826833
NH,2013-08-01,1.5,33,0.412109650826833
NH,2013-09-01,1.5,33,0.412109650826833
NH,2013-10-01,1.4,33,0.34358970439007686
NH,2013-11-01,1.4,33,0.34358970439007686
NH,2013-12-01,1.3,33,0.2700271372130602
NH,2014-01-01,1.4,33,0.34358970439007686
NH,2014-02-01,1.4,33,0.34358970439007686
NH,2014-03-01,1.3,33,0.2700271372130602
NH,2014-04-01,1.3,33,0.2700271372130602
NH,2014-05-01,1.4,33,0.34358970439007686
NH,2014-06-01,1.4,33,0.34358970439007686
NH,2014-07-01,1.4,33,0.34358970439007686
NH,2014-08-01,1.5,33,0.412109650826833
NH,2014-09-01,1.5,33,0.412109650826833
NH,2014-10-01,1.4,33,0.34358970439007686
NH,2014-11-01,1.4,33,0.34358970439007686
NH,2014-12-01,1.4,33,0.34358970439007686
NH,2015-01-01,1.4,33,0.34358970439007686
NH,2015-02-01,1.4,33,0.34358970439007686
NH,2015-03-01,1.3,33,0.2700271372130602
NH,2015-04-01,1.3,33,0.2700271372130602
NH,2015-05-01,1.2,33,0.1906203596086497
NH,2015-06-01,1.2,33,0.1906203596086497
NH,2015-07-01,1.2,33,0.1906203596086497
NH,2015-08-01,1.2,33,0.1906203596086497
NH,2015-09-01,1.1,33,0.10436001532424286
NH,2015-10-01,1.2,33,0.1906203596086497
NH,2015-11-01,1.1,33,0.10436001532424286
NH,2015-12-01,1.1,33,0.10436001532424286
NH,2016-01-01,1.2,33,0.1906203596086497
NH,2016-02-01,1.1,33,0.10436001532424286
NH,2016-03-01,1.1,33,0.10436001532424286
NH,2016-04-01,0.9,33,-0.09431067947124129
NH,2016-05-01,1,33,0.009950330853168092
NH,2016-06-01,1,33,0.009950330853168092
NH,2016-07-01,1.1,33,0.10436001532424286
NH,2016-08-01,0.9,33,-0.09431067947124129
NH,2016-09-01,0.8,33,-0.21072103131565253
NH,2016-10-01,0.9,33,-0.09431067947124129
NH,2016-11-01,1,33,0.009950330853168092
NH,2016-12-01,1,33,0.009950330853168092
NH,2017-01-01,1,33,0.009950330853168092
NH,2017-02-01,1,33,0.009950330853168092
NH,2017-03-01,0.9,33,-0.09431067947124129
NH,2017-04-01,0.9,33,-0.09431067947124129
NH,2017-05-01,0.7,33,-0.342490308946776
NH,2017-06-01,0.8,33,-0.21072103131565253
NH,2017-07-01,0.8,33,-0.21072103131565253
NH,2017-08-01,0.6,33,-0.4942963218147801
NH,2017-09-01,0.7,33,-0.342490308946776
NH,2017-10-01,0.6,33,-0.4942963218147801
NH,2017-11-01,0.7,33,-0.342490308946776
NH,2017-12-01,0.7,33,-0.342490308946776
NH,2018-01-01,0.7,33,-0.342490308946776
NH,2018-02-01,0.8,33,-0.21072103131565253
NH,2018-03-01,0.7,33,-0.342490308946776
NH,2018-04-01,0.6,33,-0.4942963218147801
NH,2018-05-01,0.6,33,-0.4942963218147801
NH,2018-06-01,0.6,33,-0.4942963218147801
NH,2018-07-01,0.6,33,-0.4942963218147801
NH,2018-08-01,0.5,33,-0.6733445532637656
NH,2018-09-01,0.5,33,-0.6733445532637656
NH,2018-10-01,0.6,33,-0.4942963218147801
NH,2018-11-01,0.5,33,-0.6733445532637656
NH,2018-12-01,0.6,33,-0.4942963218147801
NH,2019-01-01,0.6,33,-0.4942963218147801
NH,2019-02-01,0.5,33,-0.6733445532637656
NH,2019-03-01,0.5,33,-0.6733445532637656
NH,2019-04-01,0.4,33,-0.8915981192837835
NH,2019-05-01,0.4,33,-0.8915981192837835
NH,2019-06-01,0.5,33,-0.6733445532637656
NH,2019-07-01,0.5,33,-0.6733445532637656
NH,2019-08-01,0.6,33,-0.4942963218147801
NH,2019-09-01,0.5,33,-0.6733445532637656
NH,2019-10-01,0.6,33,-0.4942963218147801
NH,2019-11-01,0.6,33,-0.4942963218147801
NH,2019-12-01,0.6,33,-0.4942963218147801
NH,2020-01-01,0.6,33,-0.4942963218147801
NH,2020-02-01,0.5,33,-0.6733445532637656
NH,2020-03-01,0.5,33,-0.6733445532637656
NH,2020-04-01,0.5,33,-0.6733445532637656
NH,2020-05-01,0.5,33,-0.6733445532637656
NH,2020-06-01,0.5,33,-0.6733445532637656
NH,2020-07-01,0.6,33,-0.4942963218147801
NH,2020-08-01,0.5,33,-0.6733445532637656
NH,2020-09-01,0.4,33,-0.8915981192837835
NH,2020-10-01,0.4,33,-0.8915981192837835
NH,2020-11-01,0.4,33,-0.8915981192837835
NH,2020-12-01,0.4,33,-0.8915981192837835
NH,2021-01-01,0.4,33,-0.8915981192837835
NH,2021-02-01,0.4,33,-0.8915981192837835
NH,2021-03-01,0.4,33,-0.8915981192837835
NH,2021-04-01,0.3,33,-1.171182981502945
NH,2021-05-01,0.3,33,-1.171182981502945
NH,2021-06-01,0.3,33,-1.171182981502945
NH,2021-07-01,0.3,33,-1.171182981502945
NH,2021-08-01,0.3,33,-1.171182981502945
NH,2021-09-01,0.3,33,-1.171182981502945
NH,2021-10-01,0.3,33,-1.171182981502945
NH,2021-11-01,0.3,33,-1.171182981502945
NH,2021-12-01,0.3,33,-1.171182981502945
NH,2022-01-01,0.3,33,-1.171182981502945
NH,2022-02-01,0.4,33,-0.8915981192837835
NH,2022-03-01,0.4,33,-0.8915981192837835
NH,2022-04-01,0.4,33,-0.8915981192837835
NH,2022-05-01,0.3,33,-1.171182981502945
NH,2022-06-01,0.3,33,-1.171182981502945
NH,2022-07-01,0.4,33,-0.8915981192837835
NH,2022-08-01,0.4,33,-0.8915981192837835
NH,2022-09-01,0.3,33,-1.171182981502945
NH,2022-10-01,0.4,33,-0.8915981192837835
NH,2022-11-01,0.4,33,-0.8915981192837835
NH,2022-12-01,0.4,33,-0.8915981192837835
NH,2023-01-01,0.4,33,-0.8915981192837835
NH,2023-02-01,0.4,33,-0.8915981192837835
NH,2023-03-01,0.4,33,-0.8915981192837835
NH,2023-04-01,0.4,33,-0.8915981192837835
NH,2023-05-01,0.3,33,-1.171182981502945
NH,2023-06-01,0.3,33,-1.171182981502945
NH,2023-07-01,0.4,33,-0.8915981192837835
NH,2023-08-01,0.4,33,-0.8915981192837835
NH,2023-09-01,0.4,33,-0.8915981192837835
NH,2023-10-01,0.4,33,-0.8915981192837835
NH,2023-11-01,0.4,33,-0.8915981192837835
NH,2023-12-01,0.4,33,-0.8915981192837835
NH,2024-01-01,0.4,33,-0.8915981192837835
NH,2024-02-01,0.5,33,-0.6733445532637656
NH,2024-03-01,0.4,33,-0.8915981192837835
NH,2024-04-01,0.4,33,-0.8915981192837835
NH,2024-05-01,0.4,33,-0.8915981192837835
NH,2024-06-01,0.5,33,-0.6733445532637656
NH,2024-07-01,0.5,33,-0.6733445532637656
NH,2024-08-01,0.5,33,-0.6733445532637656
NH,2024-09-01,0.5,33,-0.6733445532637656
NH,2024-10-01,0.5,33,-0.6733445532637656
NH,2024-11-01,0.5,33,-0.6733445532637656
NH,2024-12-01,0.6,33,-0.4942963218147801
NH,2025-01-01,0.7,33,-0.342490308946776
NH,2025-02-01,0.7,33,-0.342490308946776
NH,2025-03-01,0.6,33,-0.4942963218147801
NJ,2008-01-01,1.4,34,0.34358970439007686
NJ,2008-02-01,1.5,34,0.412109650826833
NJ,2008-03-01,1.5,34,0.412109650826833
NJ,2008-04-01,1.5,34,0.412109650826833
NJ,2008-05-01,1.5,34,0.412109650826833
NJ,2008-06-01,1.6,34,0.4762341789963717
NJ,2008-07-01,1.8,34,0.5933268452777344
NJ,2008-08-01,1.8,34,0.5933268452777344
NJ,2008-09-01,1.8,34,0.5933268452777344
NJ,2008-10-01,2.1,34,0.7466879474879751
NJ,2008-11-01,2.2,34,0.7929925155296614
NJ,2008-12-01,2.4,34,0.8796267475025635
NJ,2009-01-01,2.6,34,0.959350221334602
NJ,2009-02-01,2.9,34,1.068153081183401
NJ,2009-03-01,3,34,1.1019400787607843
NJ,2009-04-01,3.3,34,1.1969481893889715
NJ,2009-05-01,3.5,34,1.2556160374777743
NJ,2009-06-01,3.7,34,1.3110318766193438
NJ,2009-07-01,3.8,34,1.3376291891386094
NJ,2009-08-01,3.9,34,1.3635373739972743
NJ,2009-09-01,4.4,34,1.4838746894587547
NJ,2009-10-01,4.6,34,1.528227857008557
NJ,2009-11-01,4.7,34,1.5496879080283263
NJ,2009-12-01,4.7,34,1.5496879080283263
NJ,2010-01-01,4.8,34,1.5706970841176697
NJ,2010-02-01,5,34,1.6114359150967734
NJ,2010-03-01,4.9,34,1.5912739418064292
NJ,2010-04-01,4.7,34,1.5496879080283263
NJ,2010-05-01,4.6,34,1.528227857008557
NJ,2010-06-01,4.5,34,1.506297153514587
NJ,2010-07-01,4.4,34,1.4838746894587547
NJ,2010-08-01,4.4,34,1.4838746894587547
NJ,2010-09-01,4.4,34,1.4838746894587547
NJ,2010-10-01,4.4,34,1.4838746894587547
NJ,2010-11-01,4.4,34,1.4838746894587547
NJ,2010-12-01,4.4,34,1.4838746894587547
NJ,2011-01-01,4.7,34,1.5496879080283263
NJ,2011-02-01,5,34,1.6114359150967734
NJ,2011-03-01,5.1,34,1.631199404215613
NJ,2011-04-01,5.2,34,1.6505798557652755
NJ,2011-05-01,5.3,34,1.6695918352538475
NJ,2011-06-01,5.3,34,1.6695918352538475
NJ,2011-07-01,5.4,34,1.6882490928583902
NJ,2011-08-01,5.4,34,1.6882490928583902
NJ,2011-09-01,5.6,34,1.7245507195346048
NJ,2011-10-01,5.7,34,1.742219023667919
NJ,2011-11-01,5.9,34,1.776645831418007
NJ,2011-12-01,6,34,1.7934247485471162
NJ,2012-01-01,6.2,34,1.8261608959453874
NJ,2012-02-01,6.3,34,1.8421356765531218
NJ,2012-03-01,6.2,34,1.8261608959453874
NJ,2012-04-01,6.2,34,1.8261608959453874
NJ,2012-05-01,6.2,34,1.8261608959453874
NJ,2012-06-01,6.2,34,1.8261608959453874
NJ,2012-07-01,6.2,34,1.8261608959453874
NJ,2012-08-01,6.2,34,1.8261608959453874
NJ,2012-09-01,6.2,34,1.8261608959453874
NJ,2012-10-01,5.9,34,1.776645831418007
NJ,2012-11-01,5.5,34,1.706564623164823
NJ,2012-12-01,5.7,34,1.742219023667919
NJ,2013-01-01,5.7,34,1.742219023667919
NJ,2013-02-01,5.5,34,1.706564623164823
NJ,2013-03-01,5.6,34,1.7245507195346048
NJ,2013-04-01,5.5,34,1.706564623164823
NJ,2013-05-01,5.6,34,1.7245507195346048
NJ,2013-06-01,5.4,34,1.6882490928583902
NJ,2013-07-01,5.3,34,1.6695918352538475
NJ,2013-08-01,5.2,34,1.6505798557652755
NJ,2013-09-01,5.2,34,1.6505798557652755
NJ,2013-10-01,4.9,34,1.5912739418064292
NJ,2013-11-01,4.9,34,1.5912739418064292
NJ,2013-12-01,5,34,1.6114359150967734
NJ,2014-01-01,4.9,34,1.5912739418064292
NJ,2014-02-01,4.8,34,1.5706970841176697
NJ,2014-03-01,4.6,34,1.528227857008557
NJ,2014-04-01,4.4,34,1.4838746894587547
NJ,2014-05-01,4.5,34,1.506297153514587
NJ,2014-06-01,4.4,34,1.4838746894587547
NJ,2014-07-01,4.3,34,1.4609379041156563
NJ,2014-08-01,4.2,34,1.43746264769429
NJ,2014-09-01,4.1,34,1.413423028508143
NJ,2014-10-01,3.9,34,1.3635373739972743
NJ,2014-11-01,4,34,1.3887912413184778
NJ,2014-12-01,4,34,1.3887912413184778
NJ,2015-01-01,4,34,1.3887912413184778
NJ,2015-02-01,4,34,1.3887912413184778
NJ,2015-03-01,3.9,34,1.3635373739972743
NJ,2015-04-01,3.8,34,1.3376291891386094
NJ,2015-05-01,3.7,34,1.3110318766193438
NJ,2015-06-01,3.7,34,1.3110318766193438
NJ,2015-07-01,3.6,34,1.2837077723447896
NJ,2015-08-01,3.5,34,1.2556160374777743
NJ,2015-09-01,3.3,34,1.1969481893889715
NJ,2015-10-01,3.3,34,1.1969481893889715
NJ,2015-11-01,3.2,34,1.1662709371419244
NJ,2015-12-01,3.2,34,1.1662709371419244
NJ,2016-01-01,3.2,34,1.1662709371419244
NJ,2016-02-01,3.6,34,1.2837077723447896
NJ,2016-03-01,3.1,34,1.1346227261911428
NJ,2016-04-01,2.8,34,1.0331844833456543
NJ,2016-05-01,2.8,34,1.0331844833456543
NJ,2016-06-01,2.8,34,1.0331844833456543
NJ,2016-07-01,2.8,34,1.0331844833456543
NJ,2016-08-01,2.8,34,1.0331844833456543
NJ,2016-09-01,2.6,34,0.959350221334602
NJ,2016-10-01,2.6,34,0.959350221334602
NJ,2016-11-01,2.6,34,0.959350221334602
NJ,2016-12-01,2.6,34,0.959350221334602
NJ,2017-01-01,2.6,34,0.959350221334602
NJ,2017-02-01,2.5,34,0.9202827531436925
NJ,2017-03-01,2.4,34,0.8796267475025635
NJ,2017-04-01,2.3,34,0.837247524533702
NJ,2017-05-01,2.2,34,0.7929925155296614
NJ,2017-06-01,2.2,34,0.7929925155296614
NJ,2017-07-01,2,34,0.6981347220709843
NJ,2017-08-01,1.9,34,0.6471032420585384
NJ,2017-09-01,2,34,0.6981347220709843
NJ,2017-10-01,1.9,34,0.6471032420585384
NJ,2017-11-01,1.9,34,0.6471032420585384
NJ,2017-12-01,1.9,34,0.6471032420585384
NJ,2018-01-01,1.8,34,0.5933268452777344
NJ,2018-02-01,1.8,34,0.5933268452777344
NJ,2018-03-01,1.7,34,0.5364933705145685
NJ,2018-04-01,1.6,34,0.4762341789963717
NJ,2018-05-01,1.5,34,0.412109650826833
NJ,2018-06-01,1.5,34,0.412109650826833
NJ,2018-07-01,1.5,34,0.412109650826833
NJ,2018-08-01,1.5,34,0.412109650826833
NJ,2018-09-01,1.4,34,0.34358970439007686
NJ,2018-10-01,1.4,34,0.34358970439007686
NJ,2018-11-01,1.4,34,0.34358970439007686
NJ,2018-12-01,1.4,34,0.34358970439007686
NJ,2019-01-01,1.4,34,0.34358970439007686
NJ,2019-02-01,1.4,34,0.34358970439007686
NJ,2019-03-01,1.3,34,0.2700271372130602
NJ,2019-04-01,1.2,34,0.1906203596086497
NJ,2019-05-01,1.1,34,0.10436001532424286
NJ,2019-06-01,1.2,34,0.1906203596086497
NJ,2019-07-01,1.2,34,0.1906203596086497
NJ,2019-08-01,1.2,34,0.1906203596086497
NJ,2019-09-01,1.3,34,0.2700271372130602
NJ,2019-10-01,1.3,34,0.2700271372130602
NJ,2019-11-01,1.3,34,0.2700271372130602
NJ,2019-12-01,1.3,34,0.2700271372130602
NJ,2020-01-01,1.3,34,0.2700271372130602
NJ,2020-02-01,1.2,34,0.1906203596086497
NJ,2020-03-01,1.2,34,0.1906203596086497
NJ,2020-04-01,1.1,34,0.10436001532424286
NJ,2020-05-01,1,34,0.009950330853168092
NJ,2020-06-01,1,34,0.009950330853168092
NJ,2020-07-01,1,34,0.009950330853168092
NJ,2020-08-01,1,34,0.009950330853168092
NJ,2020-09-01,1,34,0.009950330853168092
NJ,2020-10-01,0.9,34,-0.09431067947124129
NJ,2020-11-01,0.9,34,-0.09431067947124129
NJ,2020-12-01,0.9,34,-0.09431067947124129
NJ,2021-01-01,0.9,34,-0.09431067947124129
NJ,2021-02-01,0.8,34,-0.21072103131565253
NJ,2021-03-01,0.8,34,-0.21072103131565253
NJ,2021-04-01,0.7,34,-0.342490308946776
NJ,2021-05-01,0.7,34,-0.342490308946776
NJ,2021-06-01,0.7,34,-0.342490308946776
NJ,2021-07-01,0.7,34,-0.342490308946776
NJ,2021-08-01,0.7,34,-0.342490308946776
NJ,2021-09-01,0.7,34,-0.342490308946776
NJ,2021-10-01,0.7,34,-0.342490308946776
NJ,2021-11-01,0.6,34,-0.4942963218147801
NJ,2021-12-01,0.7,34,-0.342490308946776
NJ,2022-01-01,0.7,34,-0.342490308946776
NJ,2022-02-01,0.7,34,-0.342490308946776
NJ,2022-03-01,0.6,34,-0.4942963218147801
NJ,2022-04-01,0.6,34,-0.4942963218147801
NJ,2022-05-01,0.7,34,-0.342490308946776
NJ,2022-06-01,0.6,34,-0.4942963218147801
NJ,2022-07-01,0.7,34,-0.342490308946776
NJ,2022-08-01,0.7,34,-0.342490308946776
NJ,2022-09-01,0.7,34,-0.342490308946776
NJ,2022-10-01,0.7,34,-0.342490308946776
NJ,2022-11-01,0.7,34,-0.342490308946776
NJ,2022-12-01,0.7,34,-0.342490308946776
NJ,2023-01-01,0.7,34,-0.342490308946776
NJ,2023-02-01,0.7,34,-0.342490308946776
NJ,2023-03-01,0.7,34,-0.342490308946776
NJ,2023-04-01,0.7,34,-0.342490308946776
NJ,2023-05-01,0.6,34,-0.4942963218147801
NJ,2023-06-01,0.6,34,-0.4942963218147801
NJ,2023-07-01,0.6,34,-0.4942963218147801
NJ,2023-08-01,0.6,34,-0.4942963218147801
NJ,2023-09-01,0.6,34,-0.4942963218147801
NJ,2023-10-01,0.6,34,-0.4942963218147801
NJ,2023-11-01,0.6,34,-0.4942963218147801
NJ,2023-12-01,0.7,34,-0.342490308946776
NJ,2024-01-01,0.7,34,-0.342490308946776
NJ,2024-02-01,0.7,34,-0.342490308946776
NJ,2024-03-01,0.7,34,-0.342490308946776
NJ,2024-04-01,0.7,34,-0.342490308946776
NJ,2024-05-01,0.6,34,-0.4942963218147801
NJ,2024-06-01,0.7,34,-0.342490308946776
NJ,2024-07-01,0.7,34,-0.342490308946776
NJ,2024-08-01,0.7,34,-0.342490308946776
NJ,2024-09-01,0.8,34,-0.21072103131565253
NJ,2024-10-01,0.8,34,-0.21072103131565253
NJ,2024-11-01,0.8,34,-0.21072103131565253
NJ,2024-12-01,0.8,34,-0.21072103131565253
NJ,2025-01-01,0.8,34,-0.21072103131565253
NJ,2025-02-01,0.8,34,-0.21072103131565253
NJ,2025-03-01,0.8,34,-0.21072103131565253
NM,2008-01-01,1,35,0.009950330853168092
NM,2008-02-01,0.9,35,-0.09431067947124129
NM,2008-03-01,0.9,35,-0.09431067947124129
NM,2008-04-01,0.9,35,-0.09431067947124129
NM,2008-05-01,1,35,0.009950330853168092
NM,2008-06-01,1.1,35,0.10436001532424286
NM,2008-07-01,1.1,35,0.10436001532424286
NM,2008-08-01,1.2,35,0.1906203596086497
NM,2008-09-01,1.3,35,0.2700271372130602
NM,2008-10-01,1.4,35,0.34358970439007686
NM,2008-11-01,1.5,35,0.412109650826833
NM,2008-12-01,1.6,35,0.4762341789963717
NM,2009-01-01,1.8,35,0.5933268452777344
NM,2009-02-01,1.9,35,0.6471032420585384
NM,2009-03-01,2,35,0.6981347220709843
NM,2009-04-01,2.2,35,0.7929925155296614
NM,2009-05-01,2.2,35,0.7929925155296614
NM,2009-06-01,2.3,35,0.837247524533702
NM,2009-07-01,2.5,35,0.9202827531436925
NM,2009-08-01,2.6,35,0.959350221334602
NM,2009-09-01,2.7,35,0.9969486348916096
NM,2009-10-01,3,35,1.1019400787607843
NM,2009-11-01,3,35,1.1019400787607843
NM,2009-12-01,3,35,1.1019400787607843
NM,2010-01-01,3.1,35,1.1346227261911428
NM,2010-02-01,3.2,35,1.1662709371419244
NM,2010-03-01,3.1,35,1.1346227261911428
NM,2010-04-01,3,35,1.1019400787607843
NM,2010-05-01,2.9,35,1.068153081183401
NM,2010-06-01,2.7,35,0.9969486348916096
NM,2010-07-01,2.8,35,1.0331844833456543
NM,2010-08-01,2.9,35,1.068153081183401
NM,2010-09-01,2.9,35,1.068153081183401
NM,2010-10-01,2.8,35,1.0331844833456543
NM,2010-11-01,2.9,35,1.068153081183401
NM,2010-12-01,2.9,35,1.068153081183401
NM,2011-01-01,2.9,35,1.068153081183401
NM,2011-02-01,3.1,35,1.1346227261911428
NM,2011-03-01,3,35,1.1019400787607843
NM,2011-04-01,2.9,35,1.068153081183401
NM,2011-05-01,2.9,35,1.068153081183401
NM,2011-06-01,3,35,1.1019400787607843
NM,2011-07-01,3,35,1.1019400787607843
NM,2011-08-01,3,35,1.1019400787607843
NM,2011-09-01,2.9,35,1.068153081183401
NM,2011-10-01,2.9,35,1.068153081183401
NM,2011-11-01,3,35,1.1019400787607843
NM,2011-12-01,3,35,1.1019400787607843
NM,2012-01-01,2.9,35,1.068153081183401
NM,2012-02-01,3,35,1.1019400787607843
NM,2012-03-01,3,35,1.1019400787607843
NM,2012-04-01,2.9,35,1.068153081183401
NM,2012-05-01,3.1,35,1.1346227261911428
NM,2012-06-01,3.1,35,1.1346227261911428
NM,2012-07-01,3.2,35,1.1662709371419244
NM,2012-08-01,3.1,35,1.1346227261911428
NM,2012-09-01,3,35,1.1019400787607843
NM,2012-10-01,3.1,35,1.1346227261911428
NM,2012-11-01,3,35,1.1019400787607843
NM,2012-12-01,2.9,35,1.068153081183401
NM,2013-01-01,2.9,35,1.068153081183401
NM,2013-02-01,2.7,35,0.9969486348916096
NM,2013-03-01,2.7,35,0.9969486348916096
NM,2013-04-01,2.8,35,1.0331844833456543
NM,2013-05-01,2.6,35,0.959350221334602
NM,2013-06-01,2.5,35,0.9202827531436925
NM,2013-07-01,2.3,35,0.837247524533702
NM,2013-08-01,2.3,35,0.837247524533702
NM,2013-09-01,2.3,35,0.837247524533702
NM,2013-10-01,2.2,35,0.7929925155296614
NM,2013-11-01,2.1,35,0.7466879474879751
NM,2013-12-01,2.1,35,0.7466879474879751
NM,2014-01-01,2.2,35,0.7929925155296614
NM,2014-02-01,2.1,35,0.7466879474879751
NM,2014-03-01,2,35,0.6981347220709843
NM,2014-04-01,1.9,35,0.6471032420585384
NM,2014-05-01,2,35,0.6981347220709843
NM,2014-06-01,2,35,0.6981347220709843
NM,2014-07-01,2,35,0.6981347220709843
NM,2014-08-01,2.1,35,0.7466879474879751
NM,2014-09-01,2,35,0.6981347220709843
NM,2014-10-01,2.1,35,0.7466879474879751
NM,2014-11-01,2.2,35,0.7929925155296614
NM,2014-12-01,2.2,35,0.7929925155296614
NM,2015-01-01,2.2,35,0.7929925155296614
NM,2015-02-01,2.2,35,0.7929925155296614
NM,2015-03-01,2,35,0.6981347220709843
NM,2015-04-01,1.9,35,0.6471032420585384
NM,2015-05-01,2,35,0.6981347220709843
NM,2015-06-01,1.9,35,0.6471032420585384
NM,2015-07-01,1.8,35,0.5933268452777344
NM,2015-08-01,1.8,35,0.5933268452777344
NM,2015-09-01,1.7,35,0.5364933705145685
NM,2015-10-01,1.6,35,0.4762341789963717
NM,2015-11-01,1.6,35,0.4762341789963717
NM,2015-12-01,1.7,35,0.5364933705145685
NM,2016-01-01,1.8,35,0.5933268452777344
NM,2016-02-01,2.1,35,0.7466879474879751
NM,2016-03-01,1.7,35,0.5364933705145685
NM,2016-04-01,1.6,35,0.4762341789963717
NM,2016-05-01,1.6,35,0.4762341789963717
NM,2016-06-01,1.6,35,0.4762341789963717
NM,2016-07-01,1.6,35,0.4762341789963717
NM,2016-08-01,1.6,35,0.4762341789963717
NM,2016-09-01,1.5,35,0.412109650826833
NM,2016-10-01,1.6,35,0.4762341789963717
NM,2016-11-01,1.5,35,0.412109650826833
NM,2016-12-01,1.5,35,0.412109650826833
NM,2017-01-01,1.6,35,0.4762341789963717
NM,2017-02-01,1.6,35,0.4762341789963717
NM,2017-03-01,1.5,35,0.412109650826833
NM,2017-04-01,1.5,35,0.412109650826833
NM,2017-05-01,1.4,35,0.34358970439007686
NM,2017-06-01,1.5,35,0.412109650826833
NM,2017-07-01,1.5,35,0.412109650826833
NM,2017-08-01,1.4,35,0.34358970439007686
NM,2017-09-01,1.5,35,0.412109650826833
NM,2017-10-01,1.5,35,0.412109650826833
NM,2017-11-01,1.4,35,0.34358970439007686
NM,2017-12-01,1.4,35,0.34358970439007686
NM,2018-01-01,1.3,35,0.2700271372130602
NM,2018-02-01,1.3,35,0.2700271372130602
NM,2018-03-01,1.2,35,0.1906203596086497
NM,2018-04-01,1.1,35,0.10436001532424286
NM,2018-05-01,1.1,35,0.10436001532424286
NM,2018-06-01,1.1,35,0.10436001532424286
NM,2018-07-01,1.1,35,0.10436001532424286
NM,2018-08-01,1.1,35,0.10436001532424286
NM,2018-09-01,1.1,35,0.10436001532424286
NM,2018-10-01,1,35,0.009950330853168092
NM,2018-11-01,1,35,0.009950330853168092
NM,2018-12-01,1.1,35,0.10436001532424286
NM,2019-01-01,1.1,35,0.10436001532424286
NM,2019-02-01,1.1,35,0.10436001532424286
NM,2019-03-01,1.1,35,0.10436001532424286
NM,2019-04-01,1,35,0.009950330853168092
NM,2019-05-01,0.9,35,-0.09431067947124129
NM,2019-06-01,0.9,35,-0.09431067947124129
NM,2019-07-01,0.9,35,-0.09431067947124129
NM,2019-08-01,0.9,35,-0.09431067947124129
NM,2019-09-01,0.9,35,-0.09431067947124129
NM,2019-10-01,0.9,35,-0.09431067947124129
NM,2019-11-01,0.9,35,-0.09431067947124129
NM,2019-12-01,0.8,35,-0.21072103131565253
NM,2020-01-01,1,35,0.009950330853168092
NM,2020-02-01,0.9,35,-0.09431067947124129
NM,2020-03-01,0.9,35,-0.09431067947124129
NM,2020-04-01,0.8,35,-0.21072103131565253
NM,2020-05-01,0.8,35,-0.21072103131565253
NM,2020-06-01,0.7,35,-0.342490308946776
NM,2020-07-01,0.8,35,-0.21072103131565253
NM,2020-08-01,0.8,35,-0.21072103131565253
NM,2020-09-01,0.8,35,-0.21072103131565253
NM,2020-10-01,0.7,35,-0.342490308946776
NM,2020-11-01,0.7,35,-0.342490308946776
NM,2020-12-01,0.8,35,-0.21072103131565253
NM,2021-01-01,0.8,35,-0.21072103131565253
NM,2021-02-01,0.7,35,-0.342490308946776
NM,2021-03-01,0.6,35,-0.4942963218147801
NM,2021-04-01,0.7,35,-0.342490308946776
NM,2021-05-01,0.6,35,-0.4942963218147801
NM,2021-06-01,0.5,35,-0.6733445532637656
NM,2021-07-01,0.5,35,-0.6733445532637656
NM,2021-08-01,0.6,35,-0.4942963218147801
NM,2021-09-01,0.5,35,-0.6733445532637656
NM,2021-10-01,0.6,35,-0.4942963218147801
NM,2021-11-01,0.6,35,-0.4942963218147801
NM,2021-12-01,0.7,35,-0.342490308946776
NM,2022-01-01,0.7,35,-0.342490308946776
NM,2022-02-01,0.6,35,-0.4942963218147801
NM,2022-03-01,0.6,35,-0.4942963218147801
NM,2022-04-01,0.6,35,-0.4942963218147801
NM,2022-05-01,0.6,35,-0.4942963218147801
NM,2022-06-01,0.6,35,-0.4942963218147801
NM,2022-07-01,0.6,35,-0.4942963218147801
NM,2022-08-01,0.7,35,-0.342490308946776
NM,2022-09-01,0.7,35,-0.342490308946776
NM,2022-10-01,0.7,35,-0.342490308946776
NM,2022-11-01,0.8,35,-0.21072103131565253
NM,2022-12-01,0.8,35,-0.21072103131565253
NM,2023-01-01,0.8,35,-0.21072103131565253
NM,2023-02-01,0.7,35,-0.342490308946776
NM,2023-03-01,0.7,35,-0.342490308946776
NM,2023-04-01,0.7,35,-0.342490308946776
NM,2023-05-01,0.6,35,-0.4942963218147801
NM,2023-06-01,0.6,35,-0.4942963218147801
NM,2023-07-01,0.6,35,-0.4942963218147801
NM,2023-08-01,0.6,35,-0.4942963218147801
NM,2023-09-01,0.6,35,-0.4942963218147801
NM,2023-10-01,0.6,35,-0.4942963218147801
NM,2023-11-01,0.6,35,-0.4942963218147801
NM,2023-12-01,0.8,35,-0.21072103131565253
NM,2024-01-01,0.8,35,-0.21072103131565253
NM,2024-02-01,0.7,35,-0.342490308946776
NM,2024-03-01,0.7,35,-0.342490308946776
NM,2024-04-01,0.6,35,-0.4942963218147801
NM,2024-05-01,0.7,35,-0.342490308946776
NM,2024-06-01,0.7,35,-0.342490308946776
NM,2024-07-01,0.7,35,-0.342490308946776
NM,2024-08-01,0.7,35,-0.342490308946776
NM,2024-09-01,0.9,35,-0.09431067947124129
NM,2024-10-01,0.8,35,-0.21072103131565253
NM,2024-11-01,0.8,35,-0.21072103131565253
NM,2024-12-01,0.8,35,-0.21072103131565253
NM,2025-01-01,1,35,0.009950330853168092
NM,2025-02-01,0.8,35,-0.21072103131565253
NM,2025-03-01,0.8,35,-0.21072103131565253
NY,2008-01-01,1.2,36,0.1906203596086497
NY,2008-02-01,1.2,36,0.1906203596086497
NY,2008-03-01,1.2,36,0.1906203596086497
NY,2008-04-01,1.2,36,0.1906203596086497
NY,2008-05-01,1.3,36,0.2700271372130602
NY,2008-06-01,1.4,36,0.34358970439007686
NY,2008-07-01,1.5,36,0.412109650826833
NY,2008-08-01,1.5,36,0.412109650826833
NY,2008-09-01,1.6,36,0.4762341789963717
NY,2008-10-01,1.9,36,0.6471032420585384
NY,2008-11-01,2.1,36,0.7466879474879751
NY,2008-12-01,2.3,36,0.837247524533702
NY,2009-01-01,2.5,36,0.9202827531436925
NY,2009-02-01,2.7,36,0.9969486348916096
NY,2009-03-01,2.9,36,1.068153081183401
NY,2009-04-01,3,36,1.1019400787607843
NY,2009-05-01,3.1,36,1.1346227261911428
NY,2009-06-01,3.2,36,1.1662709371419244
NY,2009-07-01,3.4,36,1.2267122912954254
NY,2009-08-01,3.6,36,1.2837077723447896
NY,2009-09-01,3.9,36,1.3635373739972743
NY,2009-10-01,4.1,36,1.413423028508143
NY,2009-11-01,4.2,36,1.43746264769429
NY,2009-12-01,4.2,36,1.43746264769429
NY,2010-01-01,4.4,36,1.4838746894587547
NY,2010-02-01,4.5,36,1.506297153514587
NY,2010-03-01,4.5,36,1.506297153514587
NY,2010-04-01,4.4,36,1.4838746894587547
NY,2010-05-01,4.4,36,1.4838746894587547
NY,2010-06-01,4.4,36,1.4838746894587547
NY,2010-07-01,4.3,36,1.4609379041156563
NY,2010-08-01,4.2,36,1.43746264769429
NY,2010-09-01,4.2,36,1.43746264769429
NY,2010-10-01,4.3,36,1.4609379041156563
NY,2010-11-01,4.3,36,1.4609379041156563
NY,2010-12-01,4.3,36,1.4609379041156563
NY,2011-01-01,4.5,36,1.506297153514587
NY,2011-02-01,4.6,36,1.528227857008557
NY,2011-03-01,4.5,36,1.506297153514587
NY,2011-04-01,4.4,36,1.4838746894587547
NY,2011-05-01,4.4,36,1.4838746894587547
NY,2011-06-01,4.4,36,1.4838746894587547
NY,2011-07-01,4.4,36,1.4838746894587547
NY,2011-08-01,4.4,36,1.4838746894587547
NY,2011-09-01,4.5,36,1.506297153514587
NY,2011-10-01,4.5,36,1.506297153514587
NY,2011-11-01,4.6,36,1.528227857008557
NY,2011-12-01,4.7,36,1.5496879080283263
NY,2012-01-01,4.8,36,1.5706970841176697
NY,2012-02-01,4.8,36,1.5706970841176697
NY,2012-03-01,4.7,36,1.5496879080283263
NY,2012-04-01,4.6,36,1.528227857008557
NY,2012-05-01,4.6,36,1.528227857008557
NY,2012-06-01,4.6,36,1.528227857008557
NY,2012-07-01,4.6,36,1.528227857008557
NY,2012-08-01,4.5,36,1.506297153514587
NY,2012-09-01,4.5,36,1.506297153514587
NY,2012-10-01,4.4,36,1.4838746894587547
NY,2012-11-01,4.2,36,1.43746264769429
NY,2012-12-01,4.2,36,1.43746264769429
NY,2013-01-01,4.2,36,1.43746264769429
NY,2013-02-01,4.1,36,1.413423028508143
NY,2013-03-01,4.2,36,1.43746264769429
NY,2013-04-01,4.1,36,1.413423028508143
NY,2013-05-01,4.2,36,1.43746264769429
NY,2013-06-01,4.2,36,1.43746264769429
NY,2013-07-01,3.9,36,1.3635373739972743
NY,2013-08-01,3.8,36,1.3376291891386094
NY,2013-09-01,3.8,36,1.3376291891386094
NY,2013-10-01,3.7,36,1.3110318766193438
NY,2013-11-01,3.9,36,1.3635373739972743
NY,2013-12-01,3.9,36,1.3635373739972743
NY,2014-01-01,3.8,36,1.3376291891386094
NY,2014-02-01,3.7,36,1.3110318766193438
NY,2014-03-01,3.5,36,1.2556160374777743
NY,2014-04-01,3.5,36,1.2556160374777743
NY,2014-05-01,3.6,36,1.2837077723447896
NY,2014-06-01,3.6,36,1.2837077723447896
NY,2014-07-01,3.5,36,1.2556160374777743
NY,2014-08-01,3.6,36,1.2837077723447896
NY,2014-09-01,3.6,36,1.2837077723447896
NY,2014-10-01,3.4,36,1.2267122912954254
NY,2014-11-01,3.4,36,1.2267122912954254
NY,2014-12-01,3.4,36,1.2267122912954254
NY,2015-01-01,3.4,36,1.2267122912954254
NY,2015-02-01,3.3,36,1.1969481893889715
NY,2015-03-01,3.2,36,1.1662709371419244
NY,2015-04-01,3.1,36,1.1346227261911428
NY,2015-05-01,3.1,36,1.1346227261911428
NY,2015-06-01,3.1,36,1.1346227261911428
NY,2015-07-01,3,36,1.1019400787607843
NY,2015-08-01,2.9,36,1.068153081183401
NY,2015-09-01,2.8,36,1.0331844833456543
NY,2015-10-01,2.8,36,1.0331844833456543
NY,2015-11-01,2.7,36,0.9969486348916096
NY,2015-12-01,2.6,36,0.959350221334602
NY,2016-01-01,2.6,36,0.959350221334602
NY,2016-02-01,2.9,36,1.068153081183401
NY,2016-03-01,2.6,36,0.959350221334602
NY,2016-04-01,2.4,36,0.8796267475025635
NY,2016-05-01,2.3,36,0.837247524533702
NY,2016-06-01,2.3,36,0.837247524533702
NY,2016-07-01,2.3,36,0.837247524533702
NY,2016-08-01,2.3,36,0.837247524533702
NY,2016-09-01,2.2,36,0.7929925155296614
NY,2016-10-01,2.2,36,0.7929925155296614
NY,2016-11-01,2.2,36,0.7929925155296614
NY,2016-12-01,2.2,36,0.7929925155296614
NY,2017-01-01,2.2,36,0.7929925155296614
NY,2017-02-01,2.1,36,0.7466879474879751
NY,2017-03-01,2.1,36,0.7466879474879751
NY,2017-04-01,1.9,36,0.6471032420585384
NY,2017-05-01,1.9,36,0.6471032420585384
NY,2017-06-01,1.9,36,0.6471032420585384
NY,2017-07-01,1.8,36,0.5933268452777344
NY,2017-08-01,1.8,36,0.5933268452777344
NY,2017-09-01,1.8,36,0.5933268452777344
NY,2017-10-01,1.8,36,0.5933268452777344
NY,2017-11-01,1.8,36,0.5933268452777344
NY,2017-12-01,1.8,36,0.5933268452777344
NY,2018-01-01,1.7,36,0.5364933705145685
NY,2018-02-01,1.7,36,0.5364933705145685
NY,2018-03-01,1.6,36,0.4762341789963717
NY,2018-04-01,1.5,36,0.412109650826833
NY,2018-05-01,1.5,36,0.412109650826833
NY,2018-06-01,1.5,36,0.412109650826833
NY,2018-07-01,1.4,36,0.34358970439007686
NY,2018-08-01,1.4,36,0.34358970439007686
NY,2018-09-01,1.4,36,0.34358970439007686
NY,2018-10-01,1.4,36,0.34358970439007686
NY,2018-11-01,1.4,36,0.34358970439007686
NY,2018-12-01,1.4,36,0.34358970439007686
NY,2019-01-01,1.4,36,0.34358970439007686
NY,2019-02-01,1.3,36,0.2700271372130602
NY,2019-03-01,1.3,36,0.2700271372130602
NY,2019-04-01,1.2,36,0.1906203596086497
NY,2019-05-01,1.2,36,0.1906203596086497
NY,2019-06-01,1.2,36,0.1906203596086497
NY,2019-07-01,1.1,36,0.10436001532424286
NY,2019-08-01,1.2,36,0.1906203596086497
NY,2019-09-01,1.2,36,0.1906203596086497
NY,2019-10-01,1.2,36,0.1906203596086497
NY,2019-11-01,1.2,36,0.1906203596086497
NY,2019-12-01,1.3,36,0.2700271372130602
NY,2020-01-01,1.3,36,0.2700271372130602
NY,2020-02-01,1.3,36,0.2700271372130602
NY,2020-03-01,1.2,36,0.1906203596086497
NY,2020-04-01,1.1,36,0.10436001532424286
NY,2020-05-01,1.1,36,0.10436001532424286
NY,2020-06-01,1,36,0.009950330853168092
NY,2020-07-01,1,36,0.009950330853168092
NY,2020-08-01,1.1,36,0.10436001532424286
NY,2020-09-01,1,36,0.009950330853168092
NY,2020-10-01,1,36,0.009950330853168092
NY,2020-11-01,0.9,36,-0.09431067947124129
NY,2020-12-01,0.9,36,-0.09431067947124129
NY,2021-01-01,0.9,36,-0.09431067947124129
NY,2021-02-01,0.9,36,-0.09431067947124129
NY,2021-03-01,0.9,36,-0.09431067947124129
NY,2021-04-01,0.9,36,-0.09431067947124129
NY,2021-05-01,0.8,36,-0.21072103131565253
NY,2021-06-01,0.8,36,-0.21072103131565253
NY,2021-07-01,0.8,36,-0.21072103131565253
NY,2021-08-01,0.8,36,-0.21072103131565253
NY,2021-09-01,0.8,36,-0.21072103131565253
NY,2021-10-01,0.8,36,-0.21072103131565253
NY,2021-11-01,0.7,36,-0.342490308946776
NY,2021-12-01,0.8,36,-0.21072103131565253
NY,2022-01-01,0.8,36,-0.21072103131565253
NY,2022-02-01,0.8,36,-0.21072103131565253
NY,2022-03-01,0.8,36,-0.21072103131565253
NY,2022-04-01,0.8,36,-0.21072103131565253
NY,2022-05-01,0.8,36,-0.21072103131565253
NY,2022-06-01,0.8,36,-0.21072103131565253
NY,2022-07-01,0.8,36,-0.21072103131565253
NY,2022-08-01,0.8,36,-0.21072103131565253
NY,2022-09-01,0.8,36,-0.21072103131565253
NY,2022-10-01,0.8,36,-0.21072103131565253
NY,2022-11-01,0.8,36,-0.21072103131565253
NY,2022-12-01,0.8,36,-0.21072103131565253
NY,2023-01-01,0.9,36,-0.09431067947124129
NY,2023-02-01,0.8,36,-0.21072103131565253
NY,2023-03-01,0.8,36,-0.21072103131565253
NY,2023-04-01,0.8,36,-0.21072103131565253
NY,2023-05-01,0.7,36,-0.342490308946776
NY,2023-06-01,0.7,36,-0.342490308946776
NY,2023-07-01,0.8,36,-0.21072103131565253
NY,2023-08-01,0.8,36,-0.21072103131565253
NY,2023-09-01,0.8,36,-0.21072103131565253
NY,2023-10-01,0.7,36,-0.342490308946776
NY,2023-11-01,0.7,36,-0.342490308946776
NY,2023-12-01,0.8,36,-0.21072103131565253
NY,2024-01-01,0.9,36,-0.09431067947124129
NY,2024-02-01,0.9,36,-0.09431067947124129
NY,2024-03-01,0.8,36,-0.21072103131565253
NY,2024-04-01,0.9,36,-0.09431067947124129
NY,2024-05-01,0.9,36,-0.09431067947124129
NY,2024-06-01,0.8,36,-0.21072103131565253
NY,2024-07-01,0.9,36,-0.09431067947124129
NY,2024-08-01,0.9,36,-0.09431067947124129
NY,2024-09-01,0.9,36,-0.09431067947124129
NY,2024-10-01,0.9,36,-0.09431067947124129
NY,2024-11-01,0.9,36,-0.09431067947124129
NY,2024-12-01,0.9,36,-0.09431067947124129
NY,2025-01-01,1,36,0.009950330853168092
NY,2025-02-01,1,36,0.009950330853168092
NY,2025-03-01,0.9,36,-0.09431067947124129
NC,2008-01-01,1.3,37,0.2700271372130602
NC,2008-02-01,1.3,37,0.2700271372130602
NC,2008-03-01,1.2,37,0.1906203596086497
NC,2008-04-01,1.2,37,0.1906203596086497
NC,2008-05-01,1.2,37,0.1906203596086497
NC,2008-06-01,1.3,37,0.2700271372130602
NC,2008-07-01,1.3,37,0.2700271372130602
NC,2008-08-01,1.4,37,0.34358970439007686
NC,2008-09-01,1.4,37,0.34358970439007686
NC,2008-10-01,1.6,37,0.4762341789963717
NC,2008-11-01,1.7,37,0.5364933705145685
NC,2008-12-01,1.9,37,0.6471032420585384
NC,2009-01-01,2.2,37,0.7929925155296614
NC,2009-02-01,2.3,37,0.837247524533702
NC,2009-03-01,2.4,37,0.8796267475025635
NC,2009-04-01,2.5,37,0.9202827531436925
NC,2009-05-01,2.7,37,0.9969486348916096
NC,2009-06-01,2.9,37,1.068153081183401
NC,2009-07-01,2.9,37,1.068153081183401
NC,2009-08-01,3.1,37,1.1346227261911428
NC,2009-09-01,3.3,37,1.1969481893889715
NC,2009-10-01,3.5,37,1.2556160374777743
NC,2009-11-01,3.7,37,1.3110318766193438
NC,2009-12-01,3.8,37,1.3376291891386094
NC,2010-01-01,3.9,37,1.3635373739972743
NC,2010-02-01,3.9,37,1.3635373739972743
NC,2010-03-01,3.8,37,1.3376291891386094
NC,2010-04-01,3.7,37,1.3110318766193438
NC,2010-05-01,3.6,37,1.2837077723447896
NC,2010-06-01,3.6,37,1.2837077723447896
NC,2010-07-01,3.5,37,1.2556160374777743
NC,2010-08-01,3.4,37,1.2267122912954254
NC,2010-09-01,3.4,37,1.2267122912954254
NC,2010-10-01,3.4,37,1.2267122912954254
NC,2010-11-01,3.3,37,1.1969481893889715
NC,2010-12-01,3.3,37,1.1969481893889715
NC,2011-01-01,3.4,37,1.2267122912954254
NC,2011-02-01,3.3,37,1.1969481893889715
NC,2011-03-01,3.2,37,1.1662709371419244
NC,2011-04-01,3.1,37,1.1346227261911428
NC,2011-05-01,3.2,37,1.1662709371419244
NC,2011-06-01,3.1,37,1.1346227261911428
NC,2011-07-01,3.2,37,1.1662709371419244
NC,2011-08-01,3.2,37,1.1662709371419244
NC,2011-09-01,3.3,37,1.1969481893889715
NC,2011-10-01,3.3,37,1.1969481893889715
NC,2011-11-01,3.4,37,1.2267122912954254
NC,2011-12-01,3.4,37,1.2267122912954254
NC,2012-01-01,3.5,37,1.2556160374777743
NC,2012-02-01,3.4,37,1.2267122912954254
NC,2012-03-01,3.2,37,1.1662709371419244
NC,2012-04-01,3.2,37,1.1662709371419244
NC,2012-05-01,3.3,37,1.1969481893889715
NC,2012-06-01,3.3,37,1.1969481893889715
NC,2012-07-01,3.3,37,1.1969481893889715
NC,2012-08-01,3.2,37,1.1662709371419244
NC,2012-09-01,3.2,37,1.1662709371419244
NC,2012-10-01,3.2,37,1.1662709371419244
NC,2012-11-01,3.2,37,1.1662709371419244
NC,2012-12-01,3.1,37,1.1346227261911428
NC,2013-01-01,3.1,37,1.1346227261911428
NC,2013-02-01,3,37,1.1019400787607843
NC,2013-03-01,2.9,37,1.068153081183401
NC,2013-04-01,2.8,37,1.0331844833456543
NC,2013-05-01,2.6,37,0.959350221334602
NC,2013-06-01,2.5,37,0.9202827531436925
NC,2013-07-01,2.4,37,0.8796267475025635
NC,2013-08-01,2.3,37,0.837247524533702
NC,2013-09-01,2.2,37,0.7929925155296614
NC,2013-10-01,2.3,37,0.837247524533702
NC,2013-11-01,2.3,37,0.837247524533702
NC,2013-12-01,2.4,37,0.8796267475025635
NC,2014-01-01,2.4,37,0.8796267475025635
NC,2014-02-01,2.3,37,0.837247524533702
NC,2014-03-01,2.2,37,0.7929925155296614
NC,2014-04-01,2.1,37,0.7466879474879751
NC,2014-05-01,2.2,37,0.7929925155296614
NC,2014-06-01,2.1,37,0.7466879474879751
NC,2014-07-01,2,37,0.6981347220709843
NC,2014-08-01,2,37,0.6981347220709843
NC,2014-09-01,2,37,0.6981347220709843
NC,2014-10-01,2,37,0.6981347220709843
NC,2014-11-01,2.1,37,0.7466879474879751
NC,2014-12-01,2.2,37,0.7929925155296614
NC,2015-01-01,2.2,37,0.7929925155296614
NC,2015-02-01,2,37,0.6981347220709843
NC,2015-03-01,1.9,37,0.6471032420585384
NC,2015-04-01,1.8,37,0.5933268452777344
NC,2015-05-01,1.8,37,0.5933268452777344
NC,2015-06-01,1.8,37,0.5933268452777344
NC,2015-07-01,1.8,37,0.5933268452777344
NC,2015-08-01,1.7,37,0.5364933705145685
NC,2015-09-01,1.7,37,0.5364933705145685
NC,2015-10-01,1.7,37,0.5364933705145685
NC,2015-11-01,1.7,37,0.5364933705145685
NC,2015-12-01,1.7,37,0.5364933705145685
NC,2016-01-01,1.7,37,0.5364933705145685
NC,2016-02-01,1.8,37,0.5933268452777344
NC,2016-03-01,1.6,37,0.4762341789963717
NC,2016-04-01,1.5,37,0.412109650826833
NC,2016-05-01,1.5,37,0.412109650826833
NC,2016-06-01,1.4,37,0.34358970439007686
NC,2016-07-01,1.4,37,0.34358970439007686
NC,2016-08-01,1.4,37,0.34358970439007686
NC,2016-09-01,1.4,37,0.34358970439007686
NC,2016-10-01,1.4,37,0.34358970439007686
NC,2016-11-01,1.3,37,0.2700271372130602
NC,2016-12-01,1.4,37,0.34358970439007686
NC,2017-01-01,1.5,37,0.412109650826833
NC,2017-02-01,1.5,37,0.412109650826833
NC,2017-03-01,1.4,37,0.34358970439007686
NC,2017-04-01,1.3,37,0.2700271372130602
NC,2017-05-01,1.2,37,0.1906203596086497
NC,2017-06-01,1.3,37,0.2700271372130602
NC,2017-07-01,1.3,37,0.2700271372130602
NC,2017-08-01,1.3,37,0.2700271372130602
NC,2017-09-01,1.3,37,0.2700271372130602
NC,2017-10-01,1.3,37,0.2700271372130602
NC,2017-11-01,1.3,37,0.2700271372130602
NC,2017-12-01,1.3,37,0.2700271372130602
NC,2018-01-01,1.3,37,0.2700271372130602
NC,2018-02-01,1.2,37,0.1906203596086497
NC,2018-03-01,1.2,37,0.1906203596086497
NC,2018-04-01,1.1,37,0.10436001532424286
NC,2018-05-01,1,37,0.009950330853168092
NC,2018-06-01,1,37,0.009950330853168092
NC,2018-07-01,1,37,0.009950330853168092
NC,2018-08-01,1,37,0.009950330853168092
NC,2018-09-01,1,37,0.009950330853168092
NC,2018-10-01,1,37,0.009950330853168092
NC,2018-11-01,1,37,0.009950330853168092
NC,2018-12-01,1,37,0.009950330853168092
NC,2019-01-01,1.1,37,0.10436001532424286
NC,2019-02-01,1.1,37,0.10436001532424286
NC,2019-03-01,1,37,0.009950330853168092
NC,2019-04-01,0.9,37,-0.09431067947124129
NC,2019-05-01,0.9,37,-0.09431067947124129
NC,2019-06-01,0.9,37,-0.09431067947124129
NC,2019-07-01,1,37,0.009950330853168092
NC,2019-08-01,1,37,0.009950330853168092
NC,2019-09-01,0.9,37,-0.09431067947124129
NC,2019-10-01,1,37,0.009950330853168092
NC,2019-11-01,0.9,37,-0.09431067947124129
NC,2019-12-01,1,37,0.009950330853168092
NC,2020-01-01,1,37,0.009950330853168092
NC,2020-02-01,1,37,0.009950330853168092
NC,2020-03-01,0.9,37,-0.09431067947124129
NC,2020-04-01,0.8,37,-0.21072103131565253
NC,2020-05-01,0.8,37,-0.21072103131565253
NC,2020-06-01,0.7,37,-0.342490308946776
NC,2020-07-01,0.7,37,-0.342490308946776
NC,2020-08-01,0.7,37,-0.342490308946776
NC,2020-09-01,0.7,37,-0.342490308946776
NC,2020-10-01,0.6,37,-0.4942963218147801
NC,2020-11-01,0.6,37,-0.4942963218147801
NC,2020-12-01,0.6,37,-0.4942963218147801
NC,2021-01-01,0.6,37,-0.4942963218147801
NC,2021-02-01,0.6,37,-0.4942963218147801
NC,2021-03-01,0.6,37,-0.4942963218147801
NC,2021-04-01,0.5,37,-0.6733445532637656
NC,2021-05-01,0.5,37,-0.6733445532637656
NC,2021-06-01,0.5,37,-0.6733445532637656
NC,2021-07-01,0.6,37,-0.4942963218147801
NC,2021-08-01,0.6,37,-0.4942963218147801
NC,2021-09-01,0.6,37,-0.4942963218147801
NC,2021-10-01,0.6,37,-0.4942963218147801
NC,2021-11-01,0.6,37,-0.4942963218147801
NC,2021-12-01,0.6,37,-0.4942963218147801
NC,2022-01-01,0.6,37,-0.4942963218147801
NC,2022-02-01,0.6,37,-0.4942963218147801
NC,2022-03-01,0.6,37,-0.4942963218147801
NC,2022-04-01,0.7,37,-0.342490308946776
NC,2022-05-01,0.5,37,-0.6733445532637656
NC,2022-06-01,0.5,37,-0.6733445532637656
NC,2022-07-01,0.5,37,-0.6733445532637656
NC,2022-08-01,0.5,37,-0.6733445532637656
NC,2022-09-01,0.5,37,-0.6733445532637656
NC,2022-10-01,0.5,37,-0.6733445532637656
NC,2022-11-01,0.5,37,-0.6733445532637656
NC,2022-12-01,0.5,37,-0.6733445532637656
NC,2023-01-01,0.5,37,-0.6733445532637656
NC,2023-02-01,0.5,37,-0.6733445532637656
NC,2023-03-01,0.4,37,-0.8915981192837835
NC,2023-04-01,0.4,37,-0.8915981192837835
NC,2023-05-01,0.4,37,-0.8915981192837835
NC,2023-06-01,0.4,37,-0.8915981192837835
NC,2023-07-01,0.4,37,-0.8915981192837835
NC,2023-08-01,0.5,37,-0.6733445532637656
NC,2023-09-01,0.5,37,-0.6733445532637656
NC,2023-10-01,0.5,37,-0.6733445532637656
NC,2023-11-01,0.5,37,-0.6733445532637656
NC,2023-12-01,0.6,37,-0.4942963218147801
NC,2024-01-01,0.6,37,-0.4942963218147801
NC,2024-02-01,0.6,37,-0.4942963218147801
NC,2024-03-01,0.6,37,-0.4942963218147801
NC,2024-04-01,0.5,37,-0.6733445532637656
NC,2024-05-01,0.5,37,-0.6733445532637656
NC,2024-06-01,0.5,37,-0.6733445532637656
NC,2024-07-01,0.6,37,-0.4942963218147801
NC,2024-08-01,0.6,37,-0.4942963218147801
NC,2024-09-01,0.7,37,-0.342490308946776
NC,2024-10-01,0.7,37,-0.342490308946776
NC,2024-11-01,0.7,37,-0.342490308946776
NC,2024-12-01,0.8,37,-0.21072103131565253
NC,2025-01-01,0.9,37,-0.09431067947124129
NC,2025-02-01,0.8,37,-0.21072103131565253
NC,2025-03-01,0.7,37,-0.342490308946776
ND,2008-01-01,0.5,38,-0.6733445532637656
ND,2008-02-01,0.4,38,-0.8915981192837835
ND,2008-03-01,0.3,38,-1.171182981502945
ND,2008-04-01,0.4,38,-0.8915981192837835
ND,2008-05-01,0.4,38,-0.8915981192837835
ND,2008-06-01,0.5,38,-0.6733445532637656
ND,2008-07-01,0.4,38,-0.8915981192837835
ND,2008-08-01,0.5,38,-0.6733445532637656
ND,2008-09-01,0.5,38,-0.6733445532637656
ND,2008-10-01,0.6,38,-0.4942963218147801
ND,2008-11-01,0.5,38,-0.6733445532637656
ND,2008-12-01,0.4,38,-0.8915981192837835
ND,2009-01-01,0.6,38,-0.4942963218147801
ND,2009-02-01,0.7,38,-0.342490308946776
ND,2009-03-01,0.8,38,-0.21072103131565253
ND,2009-04-01,0.8,38,-0.21072103131565253
ND,2009-05-01,0.7,38,-0.342490308946776
ND,2009-06-01,0.8,38,-0.21072103131565253
ND,2009-07-01,0.8,38,-0.21072103131565253
ND,2009-08-01,0.8,38,-0.21072103131565253
ND,2009-09-01,1,38,0.009950330853168092
ND,2009-10-01,1,38,0.009950330853168092
ND,2009-11-01,0.8,38,-0.21072103131565253
ND,2009-12-01,0.9,38,-0.09431067947124129
ND,2010-01-01,0.9,38,-0.09431067947124129
ND,2010-02-01,1,38,0.009950330853168092
ND,2010-03-01,1.1,38,0.10436001532424286
ND,2010-04-01,0.9,38,-0.09431067947124129
ND,2010-05-01,0.9,38,-0.09431067947124129
ND,2010-06-01,0.9,38,-0.09431067947124129
ND,2010-07-01,0.9,38,-0.09431067947124129
ND,2010-08-01,0.8,38,-0.21072103131565253
ND,2010-09-01,1,38,0.009950330853168092
ND,2010-10-01,0.9,38,-0.09431067947124129
ND,2010-11-01,0.9,38,-0.09431067947124129
ND,2010-12-01,1,38,0.009950330853168092
ND,2011-01-01,0.9,38,-0.09431067947124129
ND,2011-02-01,1,38,0.009950330853168092
ND,2011-03-01,0.8,38,-0.21072103131565253
ND,2011-04-01,0.8,38,-0.21072103131565253
ND,2011-05-01,0.8,38,-0.21072103131565253
ND,2011-06-01,0.8,38,-0.21072103131565253
ND,2011-07-01,0.8,38,-0.21072103131565253
ND,2011-08-01,0.8,38,-0.21072103131565253
ND,2011-09-01,0.9,38,-0.09431067947124129
ND,2011-10-01,1,38,0.009950330853168092
ND,2011-11-01,0.9,38,-0.09431067947124129
ND,2011-12-01,0.9,38,-0.09431067947124129
ND,2012-01-01,0.8,38,-0.21072103131565253
ND,2012-02-01,0.7,38,-0.342490308946776
ND,2012-03-01,0.8,38,-0.21072103131565253
ND,2012-04-01,0.8,38,-0.21072103131565253
ND,2012-05-01,0.7,38,-0.342490308946776
ND,2012-06-01,0.7,38,-0.342490308946776
ND,2012-07-01,0.7,38,-0.342490308946776
ND,2012-08-01,0.7,38,-0.342490308946776
ND,2012-09-01,0.9,38,-0.09431067947124129
ND,2012-10-01,0.9,38,-0.09431067947124129
ND,2012-11-01,0.9,38,-0.09431067947124129
ND,2012-12-01,0.7,38,-0.342490308946776
ND,2013-01-01,0.6,38,-0.4942963218147801
ND,2013-02-01,0.6,38,-0.4942963218147801
ND,2013-03-01,0.6,38,-0.4942963218147801
ND,2013-04-01,0.6,38,-0.4942963218147801
ND,2013-05-01,0.6,38,-0.4942963218147801
ND,2013-06-01,0.6,38,-0.4942963218147801
ND,2013-07-01,0.5,38,-0.6733445532637656
ND,2013-08-01,0.5,38,-0.6733445532637656
ND,2013-09-01,0.6,38,-0.4942963218147801
ND,2013-10-01,0.5,38,-0.6733445532637656
ND,2013-11-01,0.5,38,-0.6733445532637656
ND,2013-12-01,0.5,38,-0.6733445532637656
ND,2014-01-01,0.6,38,-0.4942963218147801
ND,2014-02-01,0.7,38,-0.342490308946776
ND,2014-03-01,0.6,38,-0.4942963218147801
ND,2014-04-01,0.6,38,-0.4942963218147801
ND,2014-05-01,0.6,38,-0.4942963218147801
ND,2014-06-01,0.6,38,-0.4942963218147801
ND,2014-07-01,0.6,38,-0.4942963218147801
ND,2014-08-01,0.6,38,-0.4942963218147801
ND,2014-09-01,0.6,38,-0.4942963218147801
ND,2014-10-01,0.6,38,-0.4942963218147801
ND,2014-11-01,0.6,38,-0.4942963218147801
ND,2014-12-01,0.6,38,-0.4942963218147801
ND,2015-01-01,0.6,38,-0.4942963218147801
ND,2015-02-01,0.5,38,-0.6733445532637656
ND,2015-03-01,0.4,38,-0.8915981192837835
ND,2015-04-01,0.4,38,-0.8915981192837835
ND,2015-05-01,0.4,38,-0.8915981192837835
ND,2015-06-01,0.5,38,-0.6733445532637656
ND,2015-07-01,0.5,38,-0.6733445532637656
ND,2015-08-01,0.5,38,-0.6733445532637656
ND,2015-09-01,0.5,38,-0.6733445532637656
ND,2015-10-01,0.5,38,-0.6733445532637656
ND,2015-11-01,0.5,38,-0.6733445532637656
ND,2015-12-01,0.5,38,-0.6733445532637656
ND,2016-01-01,0.5,38,-0.6733445532637656
ND,2016-02-01,0.5,38,-0.6733445532637656
ND,2016-03-01,0.4,38,-0.8915981192837835
ND,2016-04-01,0.4,38,-0.8915981192837835
ND,2016-05-01,0.5,38,-0.6733445532637656
ND,2016-06-01,0.5,38,-0.6733445532637656
ND,2016-07-01,0.5,38,-0.6733445532637656
ND,2016-08-01,0.6,38,-0.4942963218147801
ND,2016-09-01,0.5,38,-0.6733445532637656
ND,2016-10-01,0.5,38,-0.6733445532637656
ND,2016-11-01,0.6,38,-0.4942963218147801
ND,2016-12-01,0.7,38,-0.342490308946776
ND,2017-01-01,0.7,38,-0.342490308946776
ND,2017-02-01,0.8,38,-0.21072103131565253
ND,2017-03-01,0.8,38,-0.21072103131565253
ND,2017-04-01,0.7,38,-0.342490308946776
ND,2017-05-01,0.8,38,-0.21072103131565253
ND,2017-06-01,0.7,38,-0.342490308946776
ND,2017-07-01,0.8,38,-0.21072103131565253
ND,2017-08-01,0.7,38,-0.342490308946776
ND,2017-09-01,0.6,38,-0.4942963218147801
ND,2017-10-01,0.6,38,-0.4942963218147801
ND,2017-11-01,0.7,38,-0.342490308946776
ND,2017-12-01,0.8,38,-0.21072103131565253
ND,2018-01-01,0.8,38,-0.21072103131565253
ND,2018-02-01,0.7,38,-0.342490308946776
ND,2018-03-01,0.8,38,-0.21072103131565253
ND,2018-04-01,0.7,38,-0.342490308946776
ND,2018-05-01,0.6,38,-0.4942963218147801
ND,2018-06-01,0.6,38,-0.4942963218147801
ND,2018-07-01,0.6,38,-0.4942963218147801
ND,2018-08-01,0.6,38,-0.4942963218147801
ND,2018-09-01,0.6,38,-0.4942963218147801
ND,2018-10-01,0.6,38,-0.4942963218147801
ND,2018-11-01,0.5,38,-0.6733445532637656
ND,2018-12-01,0.5,38,-0.6733445532637656
ND,2019-01-01,0.6,38,-0.4942963218147801
ND,2019-02-01,0.5,38,-0.6733445532637656
ND,2019-03-01,0.5,38,-0.6733445532637656
ND,2019-04-01,0.5,38,-0.6733445532637656
ND,2019-05-01,0.5,38,-0.6733445532637656
ND,2019-06-01,0.6,38,-0.4942963218147801
ND,2019-07-01,0.4,38,-0.8915981192837835
ND,2019-08-01,0.4,38,-0.8915981192837835
ND,2019-09-01,0.4,38,-0.8915981192837835
ND,2019-10-01,0.5,38,-0.6733445532637656
ND,2019-11-01,0.5,38,-0.6733445532637656
ND,2019-12-01,0.6,38,-0.4942963218147801
ND,2020-01-01,0.7,38,-0.342490308946776
ND,2020-02-01,0.7,38,-0.342490308946776
ND,2020-03-01,0.7,38,-0.342490308946776
ND,2020-04-01,0.7,38,-0.342490308946776
ND,2020-05-01,0.7,38,-0.342490308946776
ND,2020-06-01,0.7,38,-0.342490308946776
ND,2020-07-01,0.6,38,-0.4942963218147801
ND,2020-08-01,0.5,38,-0.6733445532637656
ND,2020-09-01,0.4,38,-0.8915981192837835
ND,2020-10-01,0.4,38,-0.8915981192837835
ND,2020-11-01,0.4,38,-0.8915981192837835
ND,2020-12-01,0.4,38,-0.8915981192837835
ND,2021-01-01,0.4,38,-0.8915981192837835
ND,2021-02-01,0.3,38,-1.171182981502945
ND,2021-03-01,0.4,38,-0.8915981192837835
ND,2021-04-01,0.4,38,-0.8915981192837835
ND,2021-05-01,0.4,38,-0.8915981192837835
ND,2021-06-01,0.4,38,-0.8915981192837835
ND,2021-07-01,0.4,38,-0.8915981192837835
ND,2021-08-01,0.4,38,-0.8915981192837835
ND,2021-09-01,0.4,38,-0.8915981192837835
ND,2021-10-01,0.5,38,-0.6733445532637656
ND,2021-11-01,0.5,38,-0.6733445532637656
ND,2021-12-01,0.5,38,-0.6733445532637656
ND,2022-01-01,0.5,38,-0.6733445532637656
ND,2022-02-01,0.4,38,-0.8915981192837835
ND,2022-03-01,0.3,38,-1.171182981502945
ND,2022-04-01,0.4,38,-0.8915981192837835
ND,2022-05-01,0.4,38,-0.8915981192837835
ND,2022-06-01,0.5,38,-0.6733445532637656
ND,2022-07-01,0.5,38,-0.6733445532637656
ND,2022-08-01,0.4,38,-0.8915981192837835
ND,2022-09-01,0.3,38,-1.171182981502945
ND,2022-10-01,0.3,38,-1.171182981502945
ND,2022-11-01,0.3,38,-1.171182981502945
ND,2022-12-01,0.4,38,-0.8915981192837835
ND,2023-01-01,0.5,38,-0.6733445532637656
ND,2023-02-01,0.4,38,-0.8915981192837835
ND,2023-03-01,0.4,38,-0.8915981192837835
ND,2023-04-01,0.4,38,-0.8915981192837835
ND,2023-05-01,0.4,38,-0.8915981192837835
ND,2023-06-01,0.3,38,-1.171182981502945
ND,2023-07-01,0.4,38,-0.8915981192837835
ND,2023-08-01,0.5,38,-0.6733445532637656
ND,2023-09-01,0.4,38,-0.8915981192837835
ND,2023-10-01,0.4,38,-0.8915981192837835
ND,2023-11-01,0.4,38,-0.8915981192837835
ND,2023-12-01,0.4,38,-0.8915981192837835
ND,2024-01-01,0.5,38,-0.6733445532637656
ND,2024-02-01,0.5,38,-0.6733445532637656
ND,2024-03-01,0.5,38,-0.6733445532637656
ND,2024-04-01,0.4,38,-0.8915981192837835
ND,2024-05-01,0.6,38,-0.4942963218147801
ND,2024-06-01,0.6,38,-0.4942963218147801
ND,2024-07-01,0.7,38,-0.342490308946776
ND,2024-08-01,0.7,38,-0.342490308946776
ND,2024-09-01,0.7,38,-0.342490308946776
ND,2024-10-01,0.7,38,-0.342490308946776
ND,2024-11-01,0.6,38,-0.4942963218147801
ND,2024-12-01,0.8,38,-0.21072103131565253
ND,2025-01-01,0.9,38,-0.09431067947124129
ND,2025-02-01,0.9,38,-0.09431067947124129
ND,2025-03-01,0.7,38,-0.342490308946776
OH,2008-01-01,1.6,39,0.4762341789963717
OH,2008-02-01,1.6,39,0.4762341789963717
OH,2008-03-01,1.6,39,0.4762341789963717
OH,2008-04-01,1.5,39,0.412109650826833
OH,2008-05-01,1.6,39,0.4762341789963717
OH,2008-06-01,1.7,39,0.5364933705145685
OH,2008-07-01,1.8,39,0.5933268452777344
OH,2008-08-01,1.9,39,0.6471032420585384
OH,2008-09-01,1.9,39,0.6471032420585384
OH,2008-10-01,2.1,39,0.7466879474879751
OH,2008-11-01,2.2,39,0.7929925155296614
OH,2008-12-01,2.4,39,0.8796267475025635
OH,2009-01-01,2.5,39,0.9202827531436925
OH,2009-02-01,2.5,39,0.9202827531436925
OH,2009-03-01,2.6,39,0.959350221334602
OH,2009-04-01,2.7,39,0.9969486348916096
OH,2009-05-01,2.8,39,1.0331844833456543
OH,2009-06-01,2.9,39,1.068153081183401
OH,2009-07-01,3,39,1.1019400787607843
OH,2009-08-01,3.2,39,1.1662709371419244
OH,2009-09-01,3.4,39,1.2267122912954254
OH,2009-10-01,3.6,39,1.2837077723447896
OH,2009-11-01,3.7,39,1.3110318766193438
OH,2009-12-01,3.8,39,1.3376291891386094
OH,2010-01-01,3.8,39,1.3376291891386094
OH,2010-02-01,3.8,39,1.3376291891386094
OH,2010-03-01,3.6,39,1.2837077723447896
OH,2010-04-01,3.5,39,1.2556160374777743
OH,2010-05-01,3.4,39,1.2267122912954254
OH,2010-06-01,3.4,39,1.2267122912954254
OH,2010-07-01,3.4,39,1.2267122912954254
OH,2010-08-01,3.3,39,1.1969481893889715
OH,2010-09-01,3.3,39,1.1969481893889715
OH,2010-10-01,3.3,39,1.1969481893889715
OH,2010-11-01,3.3,39,1.1969481893889715
OH,2010-12-01,3.4,39,1.2267122912954254
OH,2011-01-01,3.4,39,1.2267122912954254
OH,2011-02-01,3.3,39,1.1969481893889715
OH,2011-03-01,3.2,39,1.1662709371419244
OH,2011-04-01,3.1,39,1.1346227261911428
OH,2011-05-01,3.1,39,1.1346227261911428
OH,2011-06-01,3.1,39,1.1346227261911428
OH,2011-07-01,3.1,39,1.1346227261911428
OH,2011-08-01,3.1,39,1.1346227261911428
OH,2011-09-01,3.2,39,1.1662709371419244
OH,2011-10-01,3.2,39,1.1662709371419244
OH,2011-11-01,3.3,39,1.1969481893889715
OH,2011-12-01,3.3,39,1.1969481893889715
OH,2012-01-01,3.3,39,1.1969481893889715
OH,2012-02-01,3.3,39,1.1969481893889715
OH,2012-03-01,3.2,39,1.1662709371419244
OH,2012-04-01,3.1,39,1.1346227261911428
OH,2012-05-01,3.1,39,1.1346227261911428
OH,2012-06-01,3.1,39,1.1346227261911428
OH,2012-07-01,3,39,1.1019400787607843
OH,2012-08-01,3,39,1.1019400787607843
OH,2012-09-01,3,39,1.1019400787607843
OH,2012-10-01,3,39,1.1019400787607843
OH,2012-11-01,3.1,39,1.1346227261911428
OH,2012-12-01,3,39,1.1019400787607843
OH,2013-01-01,3,39,1.1019400787607843
OH,2013-02-01,3,39,1.1019400787607843
OH,2013-03-01,2.9,39,1.068153081183401
OH,2013-04-01,2.8,39,1.0331844833456543
OH,2013-05-01,2.7,39,0.9969486348916096
OH,2013-06-01,2.7,39,0.9969486348916096
OH,2013-07-01,2.5,39,0.9202827531436925
OH,2013-08-01,2.5,39,0.9202827531436925
OH,2013-09-01,2.5,39,0.9202827531436925
OH,2013-10-01,2.4,39,0.8796267475025635
OH,2013-11-01,2.4,39,0.8796267475025635
OH,2013-12-01,2.4,39,0.8796267475025635
OH,2014-01-01,2.4,39,0.8796267475025635
OH,2014-02-01,2.3,39,0.837247524533702
OH,2014-03-01,2.2,39,0.7929925155296614
OH,2014-04-01,2.2,39,0.7929925155296614
OH,2014-05-01,2.2,39,0.7929925155296614
OH,2014-06-01,2.1,39,0.7466879474879751
OH,2014-07-01,2,39,0.6981347220709843
OH,2014-08-01,2,39,0.6981347220709843
OH,2014-09-01,2,39,0.6981347220709843
OH,2014-10-01,2,39,0.6981347220709843
OH,2014-11-01,2,39,0.6981347220709843
OH,2014-12-01,2.1,39,0.7466879474879751
OH,2015-01-01,2,39,0.6981347220709843
OH,2015-02-01,2,39,0.6981347220709843
OH,2015-03-01,1.8,39,0.5933268452777344
OH,2015-04-01,1.8,39,0.5933268452777344
OH,2015-05-01,1.7,39,0.5364933705145685
OH,2015-06-01,1.7,39,0.5364933705145685
OH,2015-07-01,1.7,39,0.5364933705145685
OH,2015-08-01,1.6,39,0.4762341789963717
OH,2015-09-01,1.7,39,0.5364933705145685
OH,2015-10-01,1.6,39,0.4762341789963717
OH,2015-11-01,1.6,39,0.4762341789963717
OH,2015-12-01,1.6,39,0.4762341789963717
OH,2016-01-01,1.6,39,0.4762341789963717
OH,2016-02-01,1.8,39,0.5933268452777344
OH,2016-03-01,1.6,39,0.4762341789963717
OH,2016-04-01,1.5,39,0.412109650826833
OH,2016-05-01,1.4,39,0.34358970439007686
OH,2016-06-01,1.4,39,0.34358970439007686
OH,2016-07-01,1.5,39,0.412109650826833
OH,2016-08-01,1.4,39,0.34358970439007686
OH,2016-09-01,1.4,39,0.34358970439007686
OH,2016-10-01,1.4,39,0.34358970439007686
OH,2016-11-01,1.3,39,0.2700271372130602
OH,2016-12-01,1.4,39,0.34358970439007686
OH,2017-01-01,1.4,39,0.34358970439007686
OH,2017-02-01,1.3,39,0.2700271372130602
OH,2017-03-01,1.3,39,0.2700271372130602
OH,2017-04-01,1.2,39,0.1906203596086497
OH,2017-05-01,1.2,39,0.1906203596086497
OH,2017-06-01,1.2,39,0.1906203596086497
OH,2017-07-01,1.2,39,0.1906203596086497
OH,2017-08-01,1.2,39,0.1906203596086497
OH,2017-09-01,1.2,39,0.1906203596086497
OH,2017-10-01,1.2,39,0.1906203596086497
OH,2017-11-01,1.1,39,0.10436001532424286
OH,2017-12-01,1.2,39,0.1906203596086497
OH,2018-01-01,1.1,39,0.10436001532424286
OH,2018-02-01,1.1,39,0.10436001532424286
OH,2018-03-01,1,39,0.009950330853168092
OH,2018-04-01,0.9,39,-0.09431067947124129
OH,2018-05-01,0.8,39,-0.21072103131565253
OH,2018-06-01,0.9,39,-0.09431067947124129
OH,2018-07-01,0.9,39,-0.09431067947124129
OH,2018-08-01,0.9,39,-0.09431067947124129
OH,2018-09-01,0.9,39,-0.09431067947124129
OH,2018-10-01,0.9,39,-0.09431067947124129
OH,2018-11-01,0.9,39,-0.09431067947124129
OH,2018-12-01,0.9,39,-0.09431067947124129
OH,2019-01-01,0.9,39,-0.09431067947124129
OH,2019-02-01,0.9,39,-0.09431067947124129
OH,2019-03-01,0.9,39,-0.09431067947124129
OH,2019-04-01,0.8,39,-0.21072103131565253
OH,2019-05-01,0.8,39,-0.21072103131565253
OH,2019-06-01,0.8,39,-0.21072103131565253
OH,2019-07-01,0.8,39,-0.21072103131565253
OH,2019-08-01,0.8,39,-0.21072103131565253
OH,2019-09-01,0.8,39,-0.21072103131565253
OH,2019-10-01,0.9,39,-0.09431067947124129
OH,2019-11-01,0.9,39,-0.09431067947124129
OH,2019-12-01,0.9,39,-0.09431067947124129
OH,2020-01-01,1,39,0.009950330853168092
OH,2020-02-01,0.9,39,-0.09431067947124129
OH,2020-03-01,0.9,39,-0.09431067947124129
OH,2020-04-01,0.7,39,-0.342490308946776
OH,2020-05-01,0.7,39,-0.342490308946776
OH,2020-06-01,0.7,39,-0.342490308946776
OH,2020-07-01,0.7,39,-0.342490308946776
OH,2020-08-01,0.7,39,-0.342490308946776
OH,2020-09-01,0.7,39,-0.342490308946776
OH,2020-10-01,0.7,39,-0.342490308946776
OH,2020-11-01,0.7,39,-0.342490308946776
OH,2020-12-01,0.7,39,-0.342490308946776
OH,2021-01-01,0.7,39,-0.342490308946776
OH,2021-02-01,0.7,39,-0.342490308946776
OH,2021-03-01,0.6,39,-0.4942963218147801
OH,2021-04-01,0.6,39,-0.4942963218147801
OH,2021-05-01,0.6,39,-0.4942963218147801
OH,2021-06-01,0.6,39,-0.4942963218147801
OH,2021-07-01,0.6,39,-0.4942963218147801
OH,2021-08-01,0.6,39,-0.4942963218147801
OH,2021-09-01,0.6,39,-0.4942963218147801
OH,2021-10-01,0.6,39,-0.4942963218147801
OH,2021-11-01,0.6,39,-0.4942963218147801
OH,2021-12-01,0.6,39,-0.4942963218147801
OH,2022-01-01,0.6,39,-0.4942963218147801
OH,2022-02-01,0.6,39,-0.4942963218147801
OH,2022-03-01,0.6,39,-0.4942963218147801
OH,2022-04-01,0.6,39,-0.4942963218147801
OH,2022-05-01,0.6,39,-0.4942963218147801
OH,2022-06-01,0.6,39,-0.4942963218147801
OH,2022-07-01,0.6,39,-0.4942963218147801
OH,2022-08-01,0.6,39,-0.4942963218147801
OH,2022-09-01,0.6,39,-0.4942963218147801
OH,2022-10-01,0.6,39,-0.4942963218147801
OH,2022-11-01,0.6,39,-0.4942963218147801
OH,2022-12-01,0.6,39,-0.4942963218147801
OH,2023-01-01,0.7,39,-0.342490308946776
OH,2023-02-01,0.6,39,-0.4942963218147801
OH,2023-03-01,0.6,39,-0.4942963218147801
OH,2023-04-01,0.6,39,-0.4942963218147801
OH,2023-05-01,0.6,39,-0.4942963218147801
OH,2023-06-01,0.6,39,-0.4942963218147801
OH,2023-07-01,0.6,39,-0.4942963218147801
OH,2023-08-01,0.6,39,-0.4942963218147801
OH,2023-09-01,0.6,39,-0.4942963218147801
OH,2023-10-01,0.7,39,-0.342490308946776
OH,2023-11-01,0.7,39,-0.342490308946776
OH,2023-12-01,0.7,39,-0.342490308946776
OH,2024-01-01,0.8,39,-0.21072103131565253
OH,2024-02-01,0.7,39,-0.342490308946776
OH,2024-03-01,0.7,39,-0.342490308946776
OH,2024-04-01,0.7,39,-0.342490308946776
OH,2024-05-01,0.7,39,-0.342490308946776
OH,2024-06-01,0.7,39,-0.342490308946776
OH,2024-07-01,0.8,39,-0.21072103131565253
OH,2024-08-01,0.8,39,-0.21072103131565253
OH,2024-09-01,0.8,39,-0.21072103131565253
OH,2024-10-01,0.8,39,-0.21072103131565253
OH,2024-11-01,0.8,39,-0.21072103131565253
OH,2024-12-01,0.9,39,-0.09431067947124129
OH,2025-01-01,1,39,0.009950330853168092
OH,2025-02-01,0.9,39,-0.09431067947124129
OH,2025-03-01,0.8,39,-0.21072103131565253
OK,2008-01-01,1.3,40,0.2700271372130602
OK,2008-02-01,1.3,40,0.2700271372130602
OK,2008-03-01,1.3,40,0.2700271372130602
OK,2008-04-01,1.2,40,0.1906203596086497
OK,2008-05-01,1.2,40,0.1906203596086497
OK,2008-06-01,1.1,40,0.10436001532424286
OK,2008-07-01,1.2,40,0.1906203596086497
OK,2008-08-01,1.3,40,0.2700271372130602
OK,2008-09-01,1.4,40,0.34358970439007686
OK,2008-10-01,1.4,40,0.34358970439007686
OK,2008-11-01,1.5,40,0.412109650826833
OK,2008-12-01,1.7,40,0.5364933705145685
OK,2009-01-01,1.8,40,0.5933268452777344
OK,2009-02-01,1.8,40,0.5933268452777344
OK,2009-03-01,1.9,40,0.6471032420585384
OK,2009-04-01,1.9,40,0.6471032420585384
OK,2009-05-01,2,40,0.6981347220709843
OK,2009-06-01,2.2,40,0.7929925155296614
OK,2009-07-01,2.2,40,0.7929925155296614
OK,2009-08-01,2.3,40,0.837247524533702
OK,2009-09-01,2.6,40,0.959350221334602
OK,2009-10-01,2.8,40,1.0331844833456543
OK,2009-11-01,2.8,40,1.0331844833456543
OK,2009-12-01,2.9,40,1.068153081183401
OK,2010-01-01,3,40,1.1019400787607843
OK,2010-02-01,3,40,1.1019400787607843
OK,2010-03-01,2.8,40,1.0331844833456543
OK,2010-04-01,2.7,40,0.9969486348916096
OK,2010-05-01,2.6,40,0.959350221334602
OK,2010-06-01,2.6,40,0.959350221334602
OK,2010-07-01,2.6,40,0.959350221334602
OK,2010-08-01,2.6,40,0.959350221334602
OK,2010-09-01,2.6,40,0.959350221334602
OK,2010-10-01,2.6,40,0.959350221334602
OK,2010-11-01,2.6,40,0.959350221334602
OK,2010-12-01,2.6,40,0.959350221334602
OK,2011-01-01,2.6,40,0.959350221334602
OK,2011-02-01,2.6,40,0.959350221334602
OK,2011-03-01,2.5,40,0.9202827531436925
OK,2011-04-01,2.5,40,0.9202827531436925
OK,2011-05-01,2.4,40,0.8796267475025635
OK,2011-06-01,2.4,40,0.8796267475025635
OK,2011-07-01,2.5,40,0.9202827531436925
OK,2011-08-01,2.5,40,0.9202827531436925
OK,2011-09-01,2.6,40,0.959350221334602
OK,2011-10-01,2.7,40,0.9969486348916096
OK,2011-11-01,2.7,40,0.9969486348916096
OK,2011-12-01,2.6,40,0.959350221334602
OK,2012-01-01,2.8,40,1.0331844833456543
OK,2012-02-01,2.8,40,1.0331844833456543
OK,2012-03-01,2.7,40,0.9969486348916096
OK,2012-04-01,2.6,40,0.959350221334602
OK,2012-05-01,2.7,40,0.9969486348916096
OK,2012-06-01,2.7,40,0.9969486348916096
OK,2012-07-01,2.7,40,0.9969486348916096
OK,2012-08-01,2.7,40,0.9969486348916096
OK,2012-09-01,2.6,40,0.959350221334602
OK,2012-10-01,2.6,40,0.959350221334602
OK,2012-11-01,2.6,40,0.959350221334602
OK,2012-12-01,2.6,40,0.959350221334602
OK,2013-01-01,2.5,40,0.9202827531436925
OK,2013-02-01,2.4,40,0.8796267475025635
OK,2013-03-01,2.3,40,0.837247524533702
OK,2013-04-01,2.1,40,0.7466879474879751
OK,2013-05-01,2.1,40,0.7466879474879751
OK,2013-06-01,2,40,0.6981347220709843
OK,2013-07-01,1.9,40,0.6471032420585384
OK,2013-08-01,1.9,40,0.6471032420585384
OK,2013-09-01,1.9,40,0.6471032420585384
OK,2013-10-01,2,40,0.6981347220709843
OK,2013-11-01,2,40,0.6981347220709843
OK,2013-12-01,2,40,0.6981347220709843
OK,2014-01-01,2.1,40,0.7466879474879751
OK,2014-02-01,2,40,0.6981347220709843
OK,2014-03-01,1.8,40,0.5933268452777344
OK,2014-04-01,1.8,40,0.5933268452777344
OK,2014-05-01,1.8,40,0.5933268452777344
OK,2014-06-01,1.8,40,0.5933268452777344
OK,2014-07-01,1.9,40,0.6471032420585384
OK,2014-08-01,1.9,40,0.6471032420585384
OK,2014-09-01,1.9,40,0.6471032420585384
OK,2014-10-01,1.9,40,0.6471032420585384
OK,2014-11-01,1.9,40,0.6471032420585384
OK,2014-12-01,1.9,40,0.6471032420585384
OK,2015-01-01,1.9,40,0.6471032420585384
OK,2015-02-01,1.8,40,0.5933268452777344
OK,2015-03-01,1.7,40,0.5364933705145685
OK,2015-04-01,1.6,40,0.4762341789963717
OK,2015-05-01,1.5,40,0.412109650826833
OK,2015-06-01,1.4,40,0.34358970439007686
OK,2015-07-01,1.5,40,0.412109650826833
OK,2015-08-01,1.4,40,0.34358970439007686
OK,2015-09-01,1.5,40,0.412109650826833
OK,2015-10-01,1.5,40,0.412109650826833
OK,2015-11-01,1.6,40,0.4762341789963717
OK,2015-12-01,1.6,40,0.4762341789963717
OK,2016-01-01,1.7,40,0.5364933705145685
OK,2016-02-01,1.9,40,0.6471032420585384
OK,2016-03-01,1.6,40,0.4762341789963717
OK,2016-04-01,1.6,40,0.4762341789963717
OK,2016-05-01,1.6,40,0.4762341789963717
OK,2016-06-01,1.5,40,0.412109650826833
OK,2016-07-01,1.5,40,0.412109650826833
OK,2016-08-01,1.5,40,0.412109650826833
OK,2016-09-01,1.5,40,0.412109650826833
OK,2016-10-01,1.5,40,0.412109650826833
OK,2016-11-01,1.6,40,0.4762341789963717
OK,2016-12-01,1.6,40,0.4762341789963717
OK,2017-01-01,1.7,40,0.5364933705145685
OK,2017-02-01,1.6,40,0.4762341789963717
OK,2017-03-01,1.4,40,0.34358970439007686
OK,2017-04-01,1.4,40,0.34358970439007686
OK,2017-05-01,1.4,40,0.34358970439007686
OK,2017-06-01,1.5,40,0.412109650826833
OK,2017-07-01,1.5,40,0.412109650826833
OK,2017-08-01,1.5,40,0.412109650826833
OK,2017-09-01,1.5,40,0.412109650826833
OK,2017-10-01,1.5,40,0.412109650826833
OK,2017-11-01,1.5,40,0.412109650826833
OK,2017-12-01,1.5,40,0.412109650826833
OK,2018-01-01,1.4,40,0.34358970439007686
OK,2018-02-01,1.4,40,0.34358970439007686
OK,2018-03-01,1.3,40,0.2700271372130602
OK,2018-04-01,1.2,40,0.1906203596086497
OK,2018-05-01,1.2,40,0.1906203596086497
OK,2018-06-01,1.2,40,0.1906203596086497
OK,2018-07-01,1.2,40,0.1906203596086497
OK,2018-08-01,1.2,40,0.1906203596086497
OK,2018-09-01,1.2,40,0.1906203596086497
OK,2018-10-01,1.2,40,0.1906203596086497
OK,2018-11-01,1.3,40,0.2700271372130602
OK,2018-12-01,1.3,40,0.2700271372130602
OK,2019-01-01,1.3,40,0.2700271372130602
OK,2019-02-01,1.3,40,0.2700271372130602
OK,2019-03-01,1.2,40,0.1906203596086497
OK,2019-04-01,1.1,40,0.10436001532424286
OK,2019-05-01,1.1,40,0.10436001532424286
OK,2019-06-01,1.1,40,0.10436001532424286
OK,2019-07-01,1,40,0.009950330853168092
OK,2019-08-01,1,40,0.009950330853168092
OK,2019-09-01,1.2,40,0.1906203596086497
OK,2019-10-01,1.2,40,0.1906203596086497
OK,2019-11-01,1.2,40,0.1906203596086497
OK,2019-12-01,1.2,40,0.1906203596086497
OK,2020-01-01,1.3,40,0.2700271372130602
OK,2020-02-01,1.2,40,0.1906203596086497
OK,2020-03-01,1.2,40,0.1906203596086497
OK,2020-04-01,1.1,40,0.10436001532424286
OK,2020-05-01,1,40,0.009950330853168092
OK,2020-06-01,1,40,0.009950330853168092
OK,2020-07-01,0.9,40,-0.09431067947124129
OK,2020-08-01,0.9,40,-0.09431067947124129
OK,2020-09-01,0.9,40,-0.09431067947124129
OK,2020-10-01,0.8,40,-0.21072103131565253
OK,2020-11-01,0.9,40,-0.09431067947124129
OK,2020-12-01,0.9,40,-0.09431067947124129
OK,2021-01-01,0.8,40,-0.21072103131565253
OK,2021-02-01,0.8,40,-0.21072103131565253
OK,2021-03-01,0.7,40,-0.342490308946776
OK,2021-04-01,0.7,40,-0.342490308946776
OK,2021-05-01,0.6,40,-0.4942963218147801
OK,2021-06-01,0.7,40,-0.342490308946776
OK,2021-07-01,0.7,40,-0.342490308946776
OK,2021-08-01,0.7,40,-0.342490308946776
OK,2021-09-01,0.7,40,-0.342490308946776
OK,2021-10-01,0.6,40,-0.4942963218147801
OK,2021-11-01,0.7,40,-0.342490308946776
OK,2021-12-01,0.7,40,-0.342490308946776
OK,2022-01-01,0.7,40,-0.342490308946776
OK,2022-02-01,0.8,40,-0.21072103131565253
OK,2022-03-01,0.7,40,-0.342490308946776
OK,2022-04-01,0.8,40,-0.21072103131565253
OK,2022-05-01,0.7,40,-0.342490308946776
OK,2022-06-01,0.7,40,-0.342490308946776
OK,2022-07-01,0.6,40,-0.4942963218147801
OK,2022-08-01,0.7,40,-0.342490308946776
OK,2022-09-01,0.7,40,-0.342490308946776
OK,2022-10-01,0.7,40,-0.342490308946776
OK,2022-11-01,0.8,40,-0.21072103131565253
OK,2022-12-01,0.8,40,-0.21072103131565253
OK,2023-01-01,0.8,40,-0.21072103131565253
OK,2023-02-01,0.8,40,-0.21072103131565253
OK,2023-03-01,0.7,40,-0.342490308946776
OK,2023-04-01,0.7,40,-0.342490308946776
OK,2023-05-01,0.8,40,-0.21072103131565253
OK,2023-06-01,0.8,40,-0.21072103131565253
OK,2023-07-01,0.8,40,-0.21072103131565253
OK,2023-08-01,0.8,40,-0.21072103131565253
OK,2023-09-01,0.9,40,-0.09431067947124129
OK,2023-10-01,0.8,40,-0.21072103131565253
OK,2023-11-01,0.8,40,-0.21072103131565253
OK,2023-12-01,0.9,40,-0.09431067947124129
OK,2024-01-01,0.9,40,-0.09431067947124129
OK,2024-02-01,0.9,40,-0.09431067947124129
OK,2024-03-01,0.9,40,-0.09431067947124129
OK,2024-04-01,0.8,40,-0.21072103131565253
OK,2024-05-01,0.9,40,-0.09431067947124129
OK,2024-06-01,0.9,40,-0.09431067947124129
OK,2024-07-01,1,40,0.009950330853168092
OK,2024-08-01,0.9,40,-0.09431067947124129
OK,2024-09-01,1,40,0.009950330853168092
OK,2024-10-01,1,40,0.009950330853168092
OK,2024-11-01,1,40,0.009950330853168092
OK,2024-12-01,1.1,40,0.10436001532424286
OK,2025-01-01,1.2,40,0.1906203596086497
OK,2025-02-01,1.1,40,0.10436001532424286
OK,2025-03-01,1,40,0.009950330853168092
OR,2008-01-01,0.7,41,-0.342490308946776
OR,2008-02-01,0.7,41,-0.342490308946776
OR,2008-03-01,0.8,41,-0.21072103131565253
OR,2008-04-01,0.8,41,-0.21072103131565253
OR,2008-05-01,0.9,41,-0.09431067947124129
OR,2008-06-01,0.9,41,-0.09431067947124129
OR,2008-07-01,0.9,41,-0.09431067947124129
OR,2008-08-01,1,41,0.009950330853168092
OR,2008-09-01,1.1,41,0.10436001532424286
OR,2008-10-01,1.3,41,0.2700271372130602
OR,2008-11-01,1.4,41,0.34358970439007686
OR,2008-12-01,1.5,41,0.412109650826833
OR,2009-01-01,1.7,41,0.5364933705145685
OR,2009-02-01,1.9,41,0.6471032420585384
OR,2009-03-01,2.1,41,0.7466879474879751
OR,2009-04-01,2.2,41,0.7929925155296614
OR,2009-05-01,2.4,41,0.8796267475025635
OR,2009-06-01,2.5,41,0.9202827531436925
OR,2009-07-01,2.7,41,0.9969486348916096
OR,2009-08-01,2.9,41,1.068153081183401
OR,2009-09-01,3.1,41,1.1346227261911428
OR,2009-10-01,3.2,41,1.1662709371419244
OR,2009-11-01,3.3,41,1.1969481893889715
OR,2009-12-01,3.3,41,1.1969481893889715
OR,2010-01-01,3.4,41,1.2267122912954254
OR,2010-02-01,3.3,41,1.1969481893889715
OR,2010-03-01,3.2,41,1.1662709371419244
OR,2010-04-01,3.1,41,1.1346227261911428
OR,2010-05-01,3.1,41,1.1346227261911428
OR,2010-06-01,3.1,41,1.1346227261911428
OR,2010-07-01,3,41,1.1019400787607843
OR,2010-08-01,3,41,1.1019400787607843
OR,2010-09-01,2.9,41,1.068153081183401
OR,2010-10-01,2.9,41,1.068153081183401
OR,2010-11-01,2.8,41,1.0331844833456543
OR,2010-12-01,2.8,41,1.0331844833456543
OR,2011-01-01,3,41,1.1019400787607843
OR,2011-02-01,3.1,41,1.1346227261911428
OR,2011-03-01,3.2,41,1.1662709371419244
OR,2011-04-01,3.1,41,1.1346227261911428
OR,2011-05-01,3,41,1.1019400787607843
OR,2011-06-01,2.9,41,1.068153081183401
OR,2011-07-01,2.9,41,1.068153081183401
OR,2011-08-01,3,41,1.1019400787607843
OR,2011-09-01,3,41,1.1019400787607843
OR,2011-10-01,3,41,1.1019400787607843
OR,2011-11-01,3,41,1.1019400787607843
OR,2011-12-01,3,41,1.1019400787607843
OR,2012-01-01,3.1,41,1.1346227261911428
OR,2012-02-01,3.1,41,1.1346227261911428
OR,2012-03-01,3,41,1.1019400787607843
OR,2012-04-01,3,41,1.1019400787607843
OR,2012-05-01,3.1,41,1.1346227261911428
OR,2012-06-01,3,41,1.1019400787607843
OR,2012-07-01,3,41,1.1019400787607843
OR,2012-08-01,3,41,1.1019400787607843
OR,2012-09-01,3,41,1.1019400787607843
OR,2012-10-01,2.9,41,1.068153081183401
OR,2012-11-01,2.9,41,1.068153081183401
OR,2012-12-01,2.8,41,1.0331844833456543
OR,2013-01-01,2.7,41,0.9969486348916096
OR,2013-02-01,2.7,41,0.9969486348916096
OR,2013-03-01,2.7,41,0.9969486348916096
OR,2013-04-01,2.6,41,0.959350221334602
OR,2013-05-01,2.5,41,0.9202827531436925
OR,2013-06-01,2.4,41,0.8796267475025635
OR,2013-07-01,2.3,41,0.837247524533702
OR,2013-08-01,2.2,41,0.7929925155296614
OR,2013-09-01,2.1,41,0.7466879474879751
OR,2013-10-01,2,41,0.6981347220709843
OR,2013-11-01,2.1,41,0.7466879474879751
OR,2013-12-01,2.1,41,0.7466879474879751
OR,2014-01-01,2.1,41,0.7466879474879751
OR,2014-02-01,2.1,41,0.7466879474879751
OR,2014-03-01,2,41,0.6981347220709843
OR,2014-04-01,1.9,41,0.6471032420585384
OR,2014-05-01,1.9,41,0.6471032420585384
OR,2014-06-01,1.9,41,0.6471032420585384
OR,2014-07-01,1.9,41,0.6471032420585384
OR,2014-08-01,1.9,41,0.6471032420585384
OR,2014-09-01,1.8,41,0.5933268452777344
OR,2014-10-01,1.7,41,0.5364933705145685
OR,2014-11-01,1.7,41,0.5364933705145685
OR,2014-12-01,1.7,41,0.5364933705145685
OR,2015-01-01,1.6,41,0.4762341789963717
OR,2015-02-01,1.6,41,0.4762341789963717
OR,2015-03-01,1.5,41,0.412109650826833
OR,2015-04-01,1.5,41,0.412109650826833
OR,2015-05-01,1.5,41,0.412109650826833
OR,2015-06-01,1.4,41,0.34358970439007686
OR,2015-07-01,1.4,41,0.34358970439007686
OR,2015-08-01,1.4,41,0.34358970439007686
OR,2015-09-01,1.3,41,0.2700271372130602
OR,2015-10-01,1.2,41,0.1906203596086497
OR,2015-11-01,1.2,41,0.1906203596086497
OR,2015-12-01,1.1,41,0.10436001532424286
OR,2016-01-01,1.2,41,0.1906203596086497
OR,2016-02-01,1.2,41,0.1906203596086497
OR,2016-03-01,1,41,0.009950330853168092
OR,2016-04-01,1,41,0.009950330853168092
OR,2016-05-01,1,41,0.009950330853168092
OR,2016-06-01,1,41,0.009950330853168092
OR,2016-07-01,0.9,41,-0.09431067947124129
OR,2016-08-01,1,41,0.009950330853168092
OR,2016-09-01,1,41,0.009950330853168092
OR,2016-10-01,0.8,41,-0.21072103131565253
OR,2016-11-01,0.8,41,-0.21072103131565253
OR,2016-12-01,0.8,41,-0.21072103131565253
OR,2017-01-01,0.8,41,-0.21072103131565253
OR,2017-02-01,0.8,41,-0.21072103131565253
OR,2017-03-01,0.7,41,-0.342490308946776
OR,2017-04-01,0.7,41,-0.342490308946776
OR,2017-05-01,0.7,41,-0.342490308946776
OR,2017-06-01,0.7,41,-0.342490308946776
OR,2017-07-01,0.7,41,-0.342490308946776
OR,2017-08-01,0.6,41,-0.4942963218147801
OR,2017-09-01,0.6,41,-0.4942963218147801
OR,2017-10-01,0.6,41,-0.4942963218147801
OR,2017-11-01,0.6,41,-0.4942963218147801
OR,2017-12-01,0.6,41,-0.4942963218147801
OR,2018-01-01,0.5,41,-0.6733445532637656
OR,2018-02-01,0.5,41,-0.6733445532637656
OR,2018-03-01,0.5,41,-0.6733445532637656
OR,2018-04-01,0.5,41,-0.6733445532637656
OR,2018-05-01,0.4,41,-0.8915981192837835
OR,2018-06-01,0.4,41,-0.8915981192837835
OR,2018-07-01,0.4,41,-0.8915981192837835
OR,2018-08-01,0.4,41,-0.8915981192837835
OR,2018-09-01,0.4,41,-0.8915981192837835
OR,2018-10-01,0.5,41,-0.6733445532637656
OR,2018-11-01,0.4,41,-0.8915981192837835
OR,2018-12-01,0.4,41,-0.8915981192837835
OR,2019-01-01,0.4,41,-0.8915981192837835
OR,2019-02-01,0.4,41,-0.8915981192837835
OR,2019-03-01,0.4,41,-0.8915981192837835
OR,2019-04-01,0.4,41,-0.8915981192837835
OR,2019-05-01,0.4,41,-0.8915981192837835
OR,2019-06-01,0.4,41,-0.8915981192837835
OR,2019-07-01,0.4,41,-0.8915981192837835
OR,2019-08-01,0.4,41,-0.8915981192837835
OR,2019-09-01,0.4,41,-0.8915981192837835
OR,2019-10-01,0.4,41,-0.8915981192837835
OR,2019-11-01,0.4,41,-0.8915981192837835
OR,2019-12-01,0.5,41,-0.6733445532637656
OR,2020-01-01,0.5,41,-0.6733445532637656
OR,2020-02-01,0.4,41,-0.8915981192837835
OR,2020-03-01,0.4,41,-0.8915981192837835
OR,2020-04-01,0.4,41,-0.8915981192837835
OR,2020-05-01,0.4,41,-0.8915981192837835
OR,2020-06-01,0.4,41,-0.8915981192837835
OR,2020-07-01,0.4,41,-0.8915981192837835
OR,2020-08-01,0.4,41,-0.8915981192837835
OR,2020-09-01,0.3,41,-1.171182981502945
OR,2020-10-01,0.3,41,-1.171182981502945
OR,2020-11-01,0.3,41,-1.171182981502945
OR,2020-12-01,0.3,41,-1.171182981502945
OR,2021-01-01,0.3,41,-1.171182981502945
OR,2021-02-01,0.2,41,-1.5606477482646683
OR,2021-03-01,0.2,41,-1.5606477482646683
OR,2021-04-01,0.3,41,-1.171182981502945
OR,2021-05-01,0.2,41,-1.5606477482646683
OR,2021-06-01,0.2,41,-1.5606477482646683
OR,2021-07-01,0.2,41,-1.5606477482646683
OR,2021-08-01,0.2,41,-1.5606477482646683
OR,2021-09-01,0.3,41,-1.171182981502945
OR,2021-10-01,0.2,41,-1.5606477482646683
OR,2021-11-01,0.3,41,-1.171182981502945
OR,2021-12-01,0.3,41,-1.171182981502945
OR,2022-01-01,0.3,41,-1.171182981502945
OR,2022-02-01,0.3,41,-1.171182981502945
OR,2022-03-01,0.3,41,-1.171182981502945
OR,2022-04-01,0.2,41,-1.5606477482646683
OR,2022-05-01,0.2,41,-1.5606477482646683
OR,2022-06-01,0.2,41,-1.5606477482646683
OR,2022-07-01,0.2,41,-1.5606477482646683
OR,2022-08-01,0.2,41,-1.5606477482646683
OR,2022-09-01,0.2,41,-1.5606477482646683
OR,2022-10-01,0.3,41,-1.171182981502945
OR,2022-11-01,0.2,41,-1.5606477482646683
OR,2022-12-01,0.3,41,-1.171182981502945
OR,2023-01-01,0.3,41,-1.171182981502945
OR,2023-02-01,0.3,41,-1.171182981502945
OR,2023-03-01,0.3,41,-1.171182981502945
OR,2023-04-01,0.3,41,-1.171182981502945
OR,2023-05-01,0.3,41,-1.171182981502945
OR,2023-06-01,0.3,41,-1.171182981502945
OR,2023-07-01,0.3,41,-1.171182981502945
OR,2023-08-01,0.3,41,-1.171182981502945
OR,2023-09-01,0.3,41,-1.171182981502945
OR,2023-10-01,0.3,41,-1.171182981502945
OR,2023-11-01,0.3,41,-1.171182981502945
OR,2023-12-01,0.4,41,-0.8915981192837835
OR,2024-01-01,0.4,41,-0.8915981192837835
OR,2024-02-01,0.4,41,-0.8915981192837835
OR,2024-03-01,0.4,41,-0.8915981192837835
OR,2024-04-01,0.4,41,-0.8915981192837835
OR,2024-05-01,0.4,41,-0.8915981192837835
OR,2024-06-01,0.4,41,-0.8915981192837835
OR,2024-07-01,0.4,41,-0.8915981192837835
OR,2024-08-01,0.5,41,-0.6733445532637656
OR,2024-09-01,0.5,41,-0.6733445532637656
OR,2024-10-01,0.5,41,-0.6733445532637656
OR,2024-11-01,0.5,41,-0.6733445532637656
OR,2024-12-01,0.5,41,-0.6733445532637656
OR,2025-01-01,0.6,41,-0.4942963218147801
OR,2025-02-01,0.5,41,-0.6733445532637656
OR,2025-03-01,0.5,41,-0.6733445532637656
PA,2008-01-01,1.3,42,0.2700271372130602
PA,2008-02-01,1.3,42,0.2700271372130602
PA,2008-03-01,1.3,42,0.2700271372130602
PA,2008-04-01,1.2,42,0.1906203596086497
PA,2008-05-01,1.2,42,0.1906203596086497
PA,2008-06-01,1.3,42,0.2700271372130602
PA,2008-07-01,1.5,42,0.412109650826833
PA,2008-08-01,1.5,42,0.412109650826833
PA,2008-09-01,1.6,42,0.4762341789963717
PA,2008-10-01,1.7,42,0.5364933705145685
PA,2008-11-01,1.8,42,0.5933268452777344
PA,2008-12-01,2,42,0.6981347220709843
PA,2009-01-01,2.1,42,0.7466879474879751
PA,2009-02-01,2.2,42,0.7929925155296614
PA,2009-03-01,2.2,42,0.7929925155296614
PA,2009-04-01,2.3,42,0.837247524533702
PA,2009-05-01,2.4,42,0.8796267475025635
PA,2009-06-01,2.4,42,0.8796267475025635
PA,2009-07-01,2.5,42,0.9202827531436925
PA,2009-08-01,2.7,42,0.9969486348916096
PA,2009-09-01,2.9,42,1.068153081183401
PA,2009-10-01,3,42,1.1019400787607843
PA,2009-11-01,3.2,42,1.1662709371419244
PA,2009-12-01,3.3,42,1.1969481893889715
PA,2010-01-01,3.3,42,1.1969481893889715
PA,2010-02-01,3.3,42,1.1969481893889715
PA,2010-03-01,3.1,42,1.1346227261911428
PA,2010-04-01,3,42,1.1019400787607843
PA,2010-05-01,3,42,1.1019400787607843
PA,2010-06-01,2.9,42,1.068153081183401
PA,2010-07-01,2.9,42,1.068153081183401
PA,2010-08-01,2.9,42,1.068153081183401
PA,2010-09-01,2.9,42,1.068153081183401
PA,2010-10-01,2.9,42,1.068153081183401
PA,2010-11-01,2.9,42,1.068153081183401
PA,2010-12-01,2.9,42,1.068153081183401
PA,2011-01-01,3,42,1.1019400787607843
PA,2011-02-01,3,42,1.1019400787607843
PA,2011-03-01,3,42,1.1019400787607843
PA,2011-04-01,2.9,42,1.068153081183401
PA,2011-05-01,2.9,42,1.068153081183401
PA,2011-06-01,2.9,42,1.068153081183401
PA,2011-07-01,2.9,42,1.068153081183401
PA,2011-08-01,3,42,1.1019400787607843
PA,2011-09-01,3.1,42,1.1346227261911428
PA,2011-10-01,3.2,42,1.1662709371419244
PA,2011-11-01,3.3,42,1.1969481893889715
PA,2011-12-01,3.3,42,1.1969481893889715
PA,2012-01-01,3.4,42,1.2267122912954254
PA,2012-02-01,3.3,42,1.1969481893889715
PA,2012-03-01,3.2,42,1.1662709371419244
PA,2012-04-01,3.2,42,1.1662709371419244
PA,2012-05-01,3.2,42,1.1662709371419244
PA,2012-06-01,3.2,42,1.1662709371419244
PA,2012-07-01,3.2,42,1.1662709371419244
PA,2012-08-01,3.2,42,1.1662709371419244
PA,2012-09-01,3.2,42,1.1662709371419244
PA,2012-10-01,3.2,42,1.1662709371419244
PA,2012-11-01,3.2,42,1.1662709371419244
PA,2012-12-01,3.3,42,1.1969481893889715
PA,2013-01-01,3.4,42,1.2267122912954254
PA,2013-02-01,3.4,42,1.2267122912954254
PA,2013-03-01,3.2,42,1.1662709371419244
PA,2013-04-01,3.1,42,1.1346227261911428
PA,2013-05-01,3,42,1.1019400787607843
PA,2013-06-01,2.9,42,1.068153081183401
PA,2013-07-01,2.9,42,1.068153081183401
PA,2013-08-01,2.8,42,1.0331844833456543
PA,2013-09-01,2.8,42,1.0331844833456543
PA,2013-10-01,2.8,42,1.0331844833456543
PA,2013-11-01,2.8,42,1.0331844833456543
PA,2013-12-01,2.8,42,1.0331844833456543
PA,2014-01-01,2.8,42,1.0331844833456543
PA,2014-02-01,2.7,42,0.9969486348916096
PA,2014-03-01,2.6,42,0.959350221334602
PA,2014-04-01,2.4,42,0.8796267475025635
PA,2014-05-01,2.5,42,0.9202827531436925
PA,2014-06-01,2.5,42,0.9202827531436925
PA,2014-07-01,2.5,42,0.9202827531436925
PA,2014-08-01,2.5,42,0.9202827531436925
PA,2014-09-01,2.5,42,0.9202827531436925
PA,2014-10-01,2.4,42,0.8796267475025635
PA,2014-11-01,2.4,42,0.8796267475025635
PA,2014-12-01,2.5,42,0.9202827531436925
PA,2015-01-01,2.4,42,0.8796267475025635
PA,2015-02-01,2.4,42,0.8796267475025635
PA,2015-03-01,2.2,42,0.7929925155296614
PA,2015-04-01,2.2,42,0.7929925155296614
PA,2015-05-01,2.1,42,0.7466879474879751
PA,2015-06-01,2.1,42,0.7466879474879751
PA,2015-07-01,2.1,42,0.7466879474879751
PA,2015-08-01,2.1,42,0.7466879474879751
PA,2015-09-01,2.1,42,0.7466879474879751
PA,2015-10-01,2,42,0.6981347220709843
PA,2015-11-01,2,42,0.6981347220709843
PA,2015-12-01,2,42,0.6981347220709843
PA,2016-01-01,2.1,42,0.7466879474879751
PA,2016-02-01,2.2,42,0.7929925155296614
PA,2016-03-01,2,42,0.6981347220709843
PA,2016-04-01,1.8,42,0.5933268452777344
PA,2016-05-01,1.7,42,0.5364933705145685
PA,2016-06-01,1.7,42,0.5364933705145685
PA,2016-07-01,1.7,42,0.5364933705145685
PA,2016-08-01,1.8,42,0.5933268452777344
PA,2016-09-01,1.8,42,0.5933268452777344
PA,2016-10-01,1.8,42,0.5933268452777344
PA,2016-11-01,1.8,42,0.5933268452777344
PA,2016-12-01,1.8,42,0.5933268452777344
PA,2017-01-01,1.8,42,0.5933268452777344
PA,2017-02-01,1.8,42,0.5933268452777344
PA,2017-03-01,1.7,42,0.5364933705145685
PA,2017-04-01,1.6,42,0.4762341789963717
PA,2017-05-01,1.6,42,0.4762341789963717
PA,2017-06-01,1.6,42,0.4762341789963717
PA,2017-07-01,1.5,42,0.412109650826833
PA,2017-08-01,1.6,42,0.4762341789963717
PA,2017-09-01,1.6,42,0.4762341789963717
PA,2017-10-01,1.5,42,0.412109650826833
PA,2017-11-01,1.6,42,0.4762341789963717
PA,2017-12-01,1.6,42,0.4762341789963717
PA,2018-01-01,1.6,42,0.4762341789963717
PA,2018-02-01,1.5,42,0.412109650826833
PA,2018-03-01,1.4,42,0.34358970439007686
PA,2018-04-01,1.3,42,0.2700271372130602
PA,2018-05-01,1.2,42,0.1906203596086497
PA,2018-06-01,1.2,42,0.1906203596086497
PA,2018-07-01,1.2,42,0.1906203596086497
PA,2018-08-01,1.3,42,0.2700271372130602
PA,2018-09-01,1.3,42,0.2700271372130602
PA,2018-10-01,1.3,42,0.2700271372130602
PA,2018-11-01,1.3,42,0.2700271372130602
PA,2018-12-01,1.3,42,0.2700271372130602
PA,2019-01-01,1.3,42,0.2700271372130602
PA,2019-02-01,1.3,42,0.2700271372130602
PA,2019-03-01,1.1,42,0.10436001532424286
PA,2019-04-01,1,42,0.009950330853168092
PA,2019-05-01,1,42,0.009950330853168092
PA,2019-06-01,1.1,42,0.10436001532424286
PA,2019-07-01,1,42,0.009950330853168092
PA,2019-08-01,1.1,42,0.10436001532424286
PA,2019-09-01,1.1,42,0.10436001532424286
PA,2019-10-01,1.1,42,0.10436001532424286
PA,2019-11-01,1.1,42,0.10436001532424286
PA,2019-12-01,1.2,42,0.1906203596086497
PA,2020-01-01,1.2,42,0.1906203596086497
PA,2020-02-01,1.1,42,0.10436001532424286
PA,2020-03-01,1.1,42,0.10436001532424286
PA,2020-04-01,1,42,0.009950330853168092
PA,2020-05-01,1,42,0.009950330853168092
PA,2020-06-01,0.9,42,-0.09431067947124129
PA,2020-07-01,0.9,42,-0.09431067947124129
PA,2020-08-01,0.9,42,-0.09431067947124129
PA,2020-09-01,0.9,42,-0.09431067947124129
PA,2020-10-01,0.8,42,-0.21072103131565253
PA,2020-11-01,0.8,42,-0.21072103131565253
PA,2020-12-01,0.8,42,-0.21072103131565253
PA,2021-01-01,0.8,42,-0.21072103131565253
PA,2021-02-01,0.8,42,-0.21072103131565253
PA,2021-03-01,0.8,42,-0.21072103131565253
PA,2021-04-01,0.7,42,-0.342490308946776
PA,2021-05-01,0.7,42,-0.342490308946776
PA,2021-06-01,0.7,42,-0.342490308946776
PA,2021-07-01,0.7,42,-0.342490308946776
PA,2021-08-01,0.7,42,-0.342490308946776
PA,2021-09-01,0.7,42,-0.342490308946776
PA,2021-10-01,0.7,42,-0.342490308946776
PA,2021-11-01,0.7,42,-0.342490308946776
PA,2021-12-01,0.7,42,-0.342490308946776
PA,2022-01-01,0.7,42,-0.342490308946776
PA,2022-02-01,0.7,42,-0.342490308946776
PA,2022-03-01,0.7,42,-0.342490308946776
PA,2022-04-01,0.7,42,-0.342490308946776
PA,2022-05-01,0.7,42,-0.342490308946776
PA,2022-06-01,0.7,42,-0.342490308946776
PA,2022-07-01,0.7,42,-0.342490308946776
PA,2022-08-01,0.7,42,-0.342490308946776
PA,2022-09-01,0.7,42,-0.342490308946776
PA,2022-10-01,0.7,42,-0.342490308946776
PA,2022-11-01,0.7,42,-0.342490308946776
PA,2022-12-01,0.7,42,-0.342490308946776
PA,2023-01-01,0.8,42,-0.21072103131565253
PA,2023-02-01,0.7,42,-0.342490308946776
PA,2023-03-01,0.7,42,-0.342490308946776
PA,2023-04-01,0.7,42,-0.342490308946776
PA,2023-05-01,0.7,42,-0.342490308946776
PA,2023-06-01,0.7,42,-0.342490308946776
PA,2023-07-01,0.7,42,-0.342490308946776
PA,2023-08-01,0.7,42,-0.342490308946776
PA,2023-09-01,0.7,42,-0.342490308946776
PA,2023-10-01,0.8,42,-0.21072103131565253
PA,2023-11-01,0.8,42,-0.21072103131565253
PA,2023-12-01,0.8,42,-0.21072103131565253
PA,2024-01-01,0.8,42,-0.21072103131565253
PA,2024-02-01,0.8,42,-0.21072103131565253
PA,2024-03-01,0.7,42,-0.342490308946776
PA,2024-04-01,0.7,42,-0.342490308946776
PA,2024-05-01,0.7,42,-0.342490308946776
PA,2024-06-01,0.7,42,-0.342490308946776
PA,2024-07-01,0.8,42,-0.21072103131565253
PA,2024-08-01,0.8,42,-0.21072103131565253
PA,2024-09-01,0.9,42,-0.09431067947124129
PA,2024-10-01,0.9,42,-0.09431067947124129
PA,2024-11-01,0.9,42,-0.09431067947124129
PA,2024-12-01,0.9,42,-0.09431067947124129
PA,2025-01-01,0.9,42,-0.09431067947124129
PA,2025-02-01,0.9,42,-0.09431067947124129
PA,2025-03-01,0.9,42,-0.09431067947124129
RI,2008-01-01,1.8,44,0.5933268452777344
RI,2008-02-01,1.9,44,0.6471032420585384
RI,2008-03-01,1.9,44,0.6471032420585384
RI,2008-04-01,1.9,44,0.6471032420585384
RI,2008-05-01,1.8,44,0.5933268452777344
RI,2008-06-01,1.9,44,0.6471032420585384
RI,2008-07-01,2.3,44,0.837247524533702
RI,2008-08-01,2.4,44,0.8796267475025635
RI,2008-09-01,2.4,44,0.8796267475025635
RI,2008-10-01,2.5,44,0.9202827531436925
RI,2008-11-01,2.7,44,0.9969486348916096
RI,2008-12-01,2.9,44,1.068153081183401
RI,2009-01-01,3.2,44,1.1662709371419244
RI,2009-02-01,3.3,44,1.1969481893889715
RI,2009-03-01,3.4,44,1.2267122912954254
RI,2009-04-01,3.3,44,1.1969481893889715
RI,2009-05-01,3.7,44,1.3110318766193438
RI,2009-06-01,3.8,44,1.3376291891386094
RI,2009-07-01,4.3,44,1.4609379041156563
RI,2009-08-01,4.5,44,1.506297153514587
RI,2009-09-01,4.9,44,1.5912739418064292
RI,2009-10-01,5.2,44,1.6505798557652755
RI,2009-11-01,5.1,44,1.631199404215613
RI,2009-12-01,5.1,44,1.631199404215613
RI,2010-01-01,5.3,44,1.6695918352538475
RI,2010-02-01,5.5,44,1.706564623164823
RI,2010-03-01,5.4,44,1.6882490928583902
RI,2010-04-01,5.1,44,1.631199404215613
RI,2010-05-01,5.3,44,1.6695918352538475
RI,2010-06-01,4.9,44,1.5912739418064292
RI,2010-07-01,4.8,44,1.5706970841176697
RI,2010-08-01,4.8,44,1.5706970841176697
RI,2010-09-01,4.8,44,1.5706970841176697
RI,2010-10-01,4.8,44,1.5706970841176697
RI,2010-11-01,4.9,44,1.5912739418064292
RI,2010-12-01,4.7,44,1.5496879080283263
RI,2011-01-01,4.8,44,1.5706970841176697
RI,2011-02-01,4.8,44,1.5706970841176697
RI,2011-03-01,4.7,44,1.5496879080283263
RI,2011-04-01,4.6,44,1.528227857008557
RI,2011-05-01,4.7,44,1.5496879080283263
RI,2011-06-01,4.6,44,1.528227857008557
RI,2011-07-01,4.4,44,1.4838746894587547
RI,2011-08-01,4.3,44,1.4609379041156563
RI,2011-09-01,4.3,44,1.4609379041156563
RI,2011-10-01,4.2,44,1.43746264769429
RI,2011-11-01,4.1,44,1.413423028508143
RI,2011-12-01,4.1,44,1.413423028508143
RI,2012-01-01,4.2,44,1.43746264769429
RI,2012-02-01,4.2,44,1.43746264769429
RI,2012-03-01,4.2,44,1.43746264769429
RI,2012-04-01,4.1,44,1.413423028508143
RI,2012-05-01,4.3,44,1.4609379041156563
RI,2012-06-01,4.5,44,1.506297153514587
RI,2012-07-01,4.4,44,1.4838746894587547
RI,2012-08-01,4.4,44,1.4838746894587547
RI,2012-09-01,4.4,44,1.4838746894587547
RI,2012-10-01,4.3,44,1.4609379041156563
RI,2012-11-01,4.1,44,1.413423028508143
RI,2012-12-01,4.2,44,1.43746264769429
RI,2013-01-01,4.2,44,1.43746264769429
RI,2013-02-01,4.1,44,1.413423028508143
RI,2013-03-01,4.1,44,1.413423028508143
RI,2013-04-01,3.9,44,1.3635373739972743
RI,2013-05-01,3.8,44,1.3376291891386094
RI,2013-06-01,3.5,44,1.2556160374777743
RI,2013-07-01,3.5,44,1.2556160374777743
RI,2013-08-01,3.5,44,1.2556160374777743
RI,2013-09-01,3.4,44,1.2267122912954254
RI,2013-10-01,3.2,44,1.1662709371419244
RI,2013-11-01,3.2,44,1.1662709371419244
RI,2013-12-01,3.3,44,1.1969481893889715
RI,2014-01-01,3.3,44,1.1969481893889715
RI,2014-02-01,3.1,44,1.1346227261911428
RI,2014-03-01,2.9,44,1.068153081183401
RI,2014-04-01,2.7,44,0.9969486348916096
RI,2014-05-01,2.8,44,1.0331844833456543
RI,2014-06-01,2.8,44,1.0331844833456543
RI,2014-07-01,2.8,44,1.0331844833456543
RI,2014-08-01,2.8,44,1.0331844833456543
RI,2014-09-01,2.9,44,1.068153081183401
RI,2014-10-01,2.9,44,1.068153081183401
RI,2014-11-01,2.9,44,1.068153081183401
RI,2014-12-01,2.9,44,1.068153081183401
RI,2015-01-01,3,44,1.1019400787607843
RI,2015-02-01,2.8,44,1.0331844833456543
RI,2015-03-01,2.8,44,1.0331844833456543
RI,2015-04-01,2.8,44,1.0331844833456543
RI,2015-05-01,2.6,44,0.959350221334602
RI,2015-06-01,2.7,44,0.9969486348916096
RI,2015-07-01,2.7,44,0.9969486348916096
RI,2015-08-01,2.8,44,1.0331844833456543
RI,2015-09-01,2.8,44,1.0331844833456543
RI,2015-10-01,2.8,44,1.0331844833456543
RI,2015-11-01,2.7,44,0.9969486348916096
RI,2015-12-01,2.6,44,0.959350221334602
RI,2016-01-01,2.5,44,0.9202827531436925
RI,2016-02-01,2.5,44,0.9202827531436925
RI,2016-03-01,2.2,44,0.7929925155296614
RI,2016-04-01,2.1,44,0.7466879474879751
RI,2016-05-01,2,44,0.6981347220709843
RI,2016-06-01,2,44,0.6981347220709843
RI,2016-07-01,1.9,44,0.6471032420585384
RI,2016-08-01,1.8,44,0.5933268452777344
RI,2016-09-01,1.7,44,0.5364933705145685
RI,2016-10-01,1.7,44,0.5364933705145685
RI,2016-11-01,1.8,44,0.5933268452777344
RI,2016-12-01,1.8,44,0.5933268452777344
RI,2017-01-01,1.7,44,0.5364933705145685
RI,2017-02-01,1.8,44,0.5933268452777344
RI,2017-03-01,1.7,44,0.5364933705145685
RI,2017-04-01,1.7,44,0.5364933705145685
RI,2017-05-01,1.5,44,0.412109650826833
RI,2017-06-01,1.4,44,0.34358970439007686
RI,2017-07-01,1.4,44,0.34358970439007686
RI,2017-08-01,1.5,44,0.412109650826833
RI,2017-09-01,1.5,44,0.412109650826833
RI,2017-10-01,1.4,44,0.34358970439007686
RI,2017-11-01,1.3,44,0.2700271372130602
RI,2017-12-01,1.2,44,0.1906203596086497
RI,2018-01-01,1.2,44,0.1906203596086497
RI,2018-02-01,1.2,44,0.1906203596086497
RI,2018-03-01,1.2,44,0.1906203596086497
RI,2018-04-01,1.1,44,0.10436001532424286
RI,2018-05-01,1,44,0.009950330853168092
RI,2018-06-01,1.1,44,0.10436001532424286
RI,2018-07-01,1.1,44,0.10436001532424286
RI,2018-08-01,1.2,44,0.1906203596086497
RI,2018-09-01,1.1,44,0.10436001532424286
RI,2018-10-01,1,44,0.009950330853168092
RI,2018-11-01,1.1,44,0.10436001532424286
RI,2018-12-01,1.1,44,0.10436001532424286
RI,2019-01-01,1.1,44,0.10436001532424286
RI,2019-02-01,1,44,0.009950330853168092
RI,2019-03-01,1.1,44,0.10436001532424286
RI,2019-04-01,1.1,44,0.10436001532424286
RI,2019-05-01,1.1,44,0.10436001532424286
RI,2019-06-01,1,44,0.009950330853168092
RI,2019-07-01,1,44,0.009950330853168092
RI,2019-08-01,1.1,44,0.10436001532424286
RI,2019-09-01,1,44,0.009950330853168092
RI,2019-10-01,0.9,44,-0.09431067947124129
RI,2019-11-01,1,44,0.009950330853168092
RI,2019-12-01,1,44,0.009950330853168092
RI,2020-01-01,1.1,44,0.10436001532424286
RI,2020-02-01,1.1,44,0.10436001532424286
RI,2020-03-01,1,44,0.009950330853168092
RI,2020-04-01,0.9,44,-0.09431067947124129
RI,2020-05-01,0.8,44,-0.21072103131565253
RI,2020-06-01,0.8,44,-0.21072103131565253
RI,2020-07-01,0.7,44,-0.342490308946776
RI,2020-08-01,0.6,44,-0.4942963218147801
RI,2020-09-01,0.6,44,-0.4942963218147801
RI,2020-10-01,0.6,44,-0.4942963218147801
RI,2020-11-01,0.6,44,-0.4942963218147801
RI,2020-12-01,0.6,44,-0.4942963218147801
RI,2021-01-01,0.7,44,-0.342490308946776
RI,2021-02-01,0.6,44,-0.4942963218147801
RI,2021-03-01,0.6,44,-0.4942963218147801
RI,2021-04-01,0.6,44,-0.4942963218147801
RI,2021-05-01,0.6,44,-0.4942963218147801
RI,2021-06-01,0.6,44,-0.4942963218147801
RI,2021-07-01,0.5,44,-0.6733445532637656
RI,2021-08-01,0.6,44,-0.4942963218147801
RI,2021-09-01,0.5,44,-0.6733445532637656
RI,2021-10-01,0.5,44,-0.6733445532637656
RI,2021-11-01,0.5,44,-0.6733445532637656
RI,2021-12-01,0.5,44,-0.6733445532637656
RI,2022-01-01,0.5,44,-0.6733445532637656
RI,2022-02-01,0.5,44,-0.6733445532637656
RI,2022-03-01,0.6,44,-0.4942963218147801
RI,2022-04-01,0.5,44,-0.6733445532637656
RI,2022-05-01,0.5,44,-0.6733445532637656
RI,2022-06-01,0.6,44,-0.4942963218147801
RI,2022-07-01,0.6,44,-0.4942963218147801
RI,2022-08-01,0.6,44,-0.4942963218147801
RI,2022-09-01,0.6,44,-0.4942963218147801
RI,2022-10-01,0.7,44,-0.342490308946776
RI,2022-11-01,0.6,44,-0.4942963218147801
RI,2022-12-01,0.6,44,-0.4942963218147801
RI,2023-01-01,0.6,44,-0.4942963218147801
RI,2023-02-01,0.5,44,-0.6733445532637656
RI,2023-03-01,0.5,44,-0.6733445532637656
RI,2023-04-01,0.6,44,-0.4942963218147801
RI,2023-05-01,0.5,44,-0.6733445532637656
RI,2023-06-01,0.5,44,-0.6733445532637656
RI,2023-07-01,0.5,44,-0.6733445532637656
RI,2023-08-01,0.4,44,-0.8915981192837835
RI,2023-09-01,0.5,44,-0.6733445532637656
RI,2023-10-01,0.5,44,-0.6733445532637656
RI,2023-11-01,0.6,44,-0.4942963218147801
RI,2023-12-01,0.5,44,-0.6733445532637656
RI,2024-01-01,0.5,44,-0.6733445532637656
RI,2024-02-01,0.6,44,-0.4942963218147801
RI,2024-03-01,0.7,44,-0.342490308946776
RI,2024-04-01,0.5,44,-0.6733445532637656
RI,2024-05-01,0.6,44,-0.4942963218147801
RI,2024-06-01,0.6,44,-0.4942963218147801
RI,2024-07-01,0.8,44,-0.21072103131565253
RI,2024-08-01,0.9,44,-0.09431067947124129
RI,2024-09-01,0.8,44,-0.21072103131565253
RI,2024-10-01,0.7,44,-0.342490308946776
RI,2024-11-01,0.7,44,-0.342490308946776
RI,2024-12-01,0.9,44,-0.09431067947124129
RI,2025-01-01,0.8,44,-0.21072103131565253
RI,2025-02-01,0.8,44,-0.21072103131565253
RI,2025-03-01,0.8,44,-0.21072103131565253
SC,2008-01-01,1.4,45,0.34358970439007686
SC,2008-02-01,1.5,45,0.412109650826833
SC,2008-03-01,1.4,45,0.34358970439007686
SC,2008-04-01,1.3,45,0.2700271372130602
SC,2008-05-01,1.4,45,0.34358970439007686
SC,2008-06-01,1.5,45,0.412109650826833
SC,2008-07-01,1.6,45,0.4762341789963717
SC,2008-08-01,1.6,45,0.4762341789963717
SC,2008-09-01,1.7,45,0.5364933705145685
SC,2008-10-01,1.8,45,0.5933268452777344
SC,2008-11-01,1.9,45,0.6471032420585384
SC,2008-12-01,2.2,45,0.7929925155296614
SC,2009-01-01,2.3,45,0.837247524533702
SC,2009-02-01,2.3,45,0.837247524533702
SC,2009-03-01,2.3,45,0.837247524533702
SC,2009-04-01,2.5,45,0.9202827531436925
SC,2009-05-01,2.7,45,0.9969486348916096
SC,2009-06-01,2.9,45,1.068153081183401
SC,2009-07-01,3.2,45,1.1662709371419244
SC,2009-08-01,3.3,45,1.1969481893889715
SC,2009-09-01,3.7,45,1.3110318766193438
SC,2009-10-01,3.7,45,1.3110318766193438
SC,2009-11-01,4,45,1.3887912413184778
SC,2009-12-01,4,45,1.3887912413184778
SC,2010-01-01,4.1,45,1.413423028508143
SC,2010-02-01,4.1,45,1.413423028508143
SC,2010-03-01,3.9,45,1.3635373739972743
SC,2010-04-01,3.7,45,1.3110318766193438
SC,2010-05-01,3.7,45,1.3110318766193438
SC,2010-06-01,3.7,45,1.3110318766193438
SC,2010-07-01,3.7,45,1.3110318766193438
SC,2010-08-01,3.6,45,1.2837077723447896
SC,2010-09-01,3.5,45,1.2556160374777743
SC,2010-10-01,3.6,45,1.2837077723447896
SC,2010-11-01,3.5,45,1.2556160374777743
SC,2010-12-01,3.5,45,1.2556160374777743
SC,2011-01-01,3.6,45,1.2837077723447896
SC,2011-02-01,3.5,45,1.2556160374777743
SC,2011-03-01,3.3,45,1.1969481893889715
SC,2011-04-01,3.3,45,1.1969481893889715
SC,2011-05-01,3.3,45,1.1969481893889715
SC,2011-06-01,3.3,45,1.1969481893889715
SC,2011-07-01,3.4,45,1.2267122912954254
SC,2011-08-01,3.4,45,1.2267122912954254
SC,2011-09-01,3.6,45,1.2837077723447896
SC,2011-10-01,3.6,45,1.2837077723447896
SC,2011-11-01,3.6,45,1.2837077723447896
SC,2011-12-01,3.6,45,1.2837077723447896
SC,2012-01-01,3.6,45,1.2837077723447896
SC,2012-02-01,3.5,45,1.2556160374777743
SC,2012-03-01,3.4,45,1.2267122912954254
SC,2012-04-01,3.2,45,1.1662709371419244
SC,2012-05-01,3.4,45,1.2267122912954254
SC,2012-06-01,3.4,45,1.2267122912954254
SC,2012-07-01,3.4,45,1.2267122912954254
SC,2012-08-01,3.4,45,1.2267122912954254
SC,2012-09-01,3.3,45,1.1969481893889715
SC,2012-10-01,3.3,45,1.1969481893889715
SC,2012-11-01,3.3,45,1.1969481893889715
SC,2012-12-01,3.3,45,1.1969481893889715
SC,2013-01-01,3.3,45,1.1969481893889715
SC,2013-02-01,3.2,45,1.1662709371419244
SC,2013-03-01,3.1,45,1.1346227261911428
SC,2013-04-01,3.1,45,1.1346227261911428
SC,2013-05-01,2.9,45,1.068153081183401
SC,2013-06-01,2.8,45,1.0331844833456543
SC,2013-07-01,2.6,45,0.959350221334602
SC,2013-08-01,2.4,45,0.8796267475025635
SC,2013-09-01,2.5,45,0.9202827531436925
SC,2013-10-01,2.5,45,0.9202827531436925
SC,2013-11-01,2.4,45,0.8796267475025635
SC,2013-12-01,2.5,45,0.9202827531436925
SC,2014-01-01,2.6,45,0.959350221334602
SC,2014-02-01,2.5,45,0.9202827531436925
SC,2014-03-01,2.3,45,0.837247524533702
SC,2014-04-01,2.3,45,0.837247524533702
SC,2014-05-01,2.4,45,0.8796267475025635
SC,2014-06-01,2.4,45,0.8796267475025635
SC,2014-07-01,2.2,45,0.7929925155296614
SC,2014-08-01,2.2,45,0.7929925155296614
SC,2014-09-01,2.2,45,0.7929925155296614
SC,2014-10-01,2.2,45,0.7929925155296614
SC,2014-11-01,2.3,45,0.837247524533702
SC,2014-12-01,2.4,45,0.8796267475025635
SC,2015-01-01,2.3,45,0.837247524533702
SC,2015-02-01,2.2,45,0.7929925155296614
SC,2015-03-01,2.1,45,0.7466879474879751
SC,2015-04-01,2,45,0.6981347220709843
SC,2015-05-01,2.1,45,0.7466879474879751
SC,2015-06-01,2.1,45,0.7466879474879751
SC,2015-07-01,2,45,0.6981347220709843
SC,2015-08-01,2,45,0.6981347220709843
SC,2015-09-01,2,45,0.6981347220709843
SC,2015-10-01,1.9,45,0.6471032420585384
SC,2015-11-01,1.8,45,0.5933268452777344
SC,2015-12-01,1.9,45,0.6471032420585384
SC,2016-01-01,1.9,45,0.6471032420585384
SC,2016-02-01,2.1,45,0.7466879474879751
SC,2016-03-01,1.9,45,0.6471032420585384
SC,2016-04-01,1.7,45,0.5364933705145685
SC,2016-05-01,1.7,45,0.5364933705145685
SC,2016-06-01,1.7,45,0.5364933705145685
SC,2016-07-01,1.6,45,0.4762341789963717
SC,2016-08-01,1.7,45,0.5364933705145685
SC,2016-09-01,1.6,45,0.4762341789963717
SC,2016-10-01,1.7,45,0.5364933705145685
SC,2016-11-01,1.7,45,0.5364933705145685
SC,2016-12-01,1.7,45,0.5364933705145685
SC,2017-01-01,1.8,45,0.5933268452777344
SC,2017-02-01,1.7,45,0.5364933705145685
SC,2017-03-01,1.6,45,0.4762341789963717
SC,2017-04-01,1.6,45,0.4762341789963717
SC,2017-05-01,1.5,45,0.412109650826833
SC,2017-06-01,1.5,45,0.412109650826833
SC,2017-07-01,1.4,45,0.34358970439007686
SC,2017-08-01,1.4,45,0.34358970439007686
SC,2017-09-01,1.5,45,0.412109650826833
SC,2017-10-01,1.4,45,0.34358970439007686
SC,2017-11-01,1.4,45,0.34358970439007686
SC,2017-12-01,1.4,45,0.34358970439007686
SC,2018-01-01,1.4,45,0.34358970439007686
SC,2018-02-01,1.4,45,0.34358970439007686
SC,2018-03-01,1.4,45,0.34358970439007686
SC,2018-04-01,1.3,45,0.2700271372130602
SC,2018-05-01,1.2,45,0.1906203596086497
SC,2018-06-01,1.2,45,0.1906203596086497
SC,2018-07-01,1.2,45,0.1906203596086497
SC,2018-08-01,1.2,45,0.1906203596086497
SC,2018-09-01,1.2,45,0.1906203596086497
SC,2018-10-01,1.2,45,0.1906203596086497
SC,2018-11-01,1.2,45,0.1906203596086497
SC,2018-12-01,1.2,45,0.1906203596086497
SC,2019-01-01,1.3,45,0.2700271372130602
SC,2019-02-01,1.2,45,0.1906203596086497
SC,2019-03-01,1.1,45,0.10436001532424286
SC,2019-04-01,1,45,0.009950330853168092
SC,2019-05-01,1,45,0.009950330853168092
SC,2019-06-01,1,45,0.009950330853168092
SC,2019-07-01,1,45,0.009950330853168092
SC,2019-08-01,1,45,0.009950330853168092
SC,2019-09-01,1,45,0.009950330853168092
SC,2019-10-01,1.1,45,0.10436001532424286
SC,2019-11-01,1.1,45,0.10436001532424286
SC,2019-12-01,1.2,45,0.1906203596086497
SC,2020-01-01,1.2,45,0.1906203596086497
SC,2020-02-01,1.1,45,0.10436001532424286
SC,2020-03-01,1,45,0.009950330853168092
SC,2020-04-01,1,45,0.009950330853168092
SC,2020-05-01,0.9,45,-0.09431067947124129
SC,2020-06-01,0.8,45,-0.21072103131565253
SC,2020-07-01,0.8,45,-0.21072103131565253
SC,2020-08-01,0.8,45,-0.21072103131565253
SC,2020-09-01,0.8,45,-0.21072103131565253
SC,2020-10-01,0.7,45,-0.342490308946776
SC,2020-11-01,0.7,45,-0.342490308946776
SC,2020-12-01,0.7,45,-0.342490308946776
SC,2021-01-01,0.7,45,-0.342490308946776
SC,2021-02-01,0.7,45,-0.342490308946776
SC,2021-03-01,0.7,45,-0.342490308946776
SC,2021-04-01,0.6,45,-0.4942963218147801
SC,2021-05-01,0.6,45,-0.4942963218147801
SC,2021-06-01,0.6,45,-0.4942963218147801
SC,2021-07-01,0.6,45,-0.4942963218147801
SC,2021-08-01,0.6,45,-0.4942963218147801
SC,2021-09-01,0.6,45,-0.4942963218147801
SC,2021-10-01,0.6,45,-0.4942963218147801
SC,2021-11-01,0.6,45,-0.4942963218147801
SC,2021-12-01,0.7,45,-0.342490308946776
SC,2022-01-01,0.6,45,-0.4942963218147801
SC,2022-02-01,0.6,45,-0.4942963218147801
SC,2022-03-01,0.5,45,-0.6733445532637656
SC,2022-04-01,0.9,45,-0.09431067947124129
SC,2022-05-01,0.6,45,-0.4942963218147801
SC,2022-06-01,0.6,45,-0.4942963218147801
SC,2022-07-01,0.6,45,-0.4942963218147801
SC,2022-08-01,0.6,45,-0.4942963218147801
SC,2022-09-01,0.6,45,-0.4942963218147801
SC,2022-10-01,0.6,45,-0.4942963218147801
SC,2022-11-01,0.6,45,-0.4942963218147801
SC,2022-12-01,0.6,45,-0.4942963218147801
SC,2023-01-01,0.6,45,-0.4942963218147801
SC,2023-02-01,0.6,45,-0.4942963218147801
SC,2023-03-01,0.6,45,-0.4942963218147801
SC,2023-04-01,0.5,45,-0.6733445532637656
SC,2023-05-01,0.6,45,-0.4942963218147801
SC,2023-06-01,0.5,45,-0.6733445532637656
SC,2023-07-01,0.6,45,-0.4942963218147801
SC,2023-08-01,0.7,45,-0.342490308946776
SC,2023-09-01,0.7,45,-0.342490308946776
SC,2023-10-01,0.7,45,-0.342490308946776
SC,2023-11-01,0.7,45,-0.342490308946776
SC,2023-12-01,0.8,45,-0.21072103131565253
SC,2024-01-01,0.9,45,-0.09431067947124129
SC,2024-02-01,0.9,45,-0.09431067947124129
SC,2024-03-01,0.8,45,-0.21072103131565253
SC,2024-04-01,0.8,45,-0.21072103131565253
SC,2024-05-01,0.8,45,-0.21072103131565253
SC,2024-06-01,0.8,45,-0.21072103131565253
SC,2024-07-01,0.9,45,-0.09431067947124129
SC,2024-08-01,0.9,45,-0.09431067947124129
SC,2024-09-01,0.9,45,-0.09431067947124129
SC,2024-10-01,0.9,45,-0.09431067947124129
SC,2024-11-01,0.9,45,-0.09431067947124129
SC,2024-12-01,1,45,0.009950330853168092
SC,2025-01-01,1.1,45,0.10436001532424286
SC,2025-02-01,1.1,45,0.10436001532424286
SC,2025-03-01,1,45,0.009950330853168092
SD,2008-01-01,0.7,46,-0.342490308946776
SD,2008-02-01,0.7,46,-0.342490308946776
SD,2008-03-01,0.6,46,-0.4942963218147801
SD,2008-04-01,0.6,46,-0.4942963218147801
SD,2008-05-01,0.6,46,-0.4942963218147801
SD,2008-06-01,0.6,46,-0.4942963218147801
SD,2008-07-01,0.6,46,-0.4942963218147801
SD,2008-08-01,0.6,46,-0.4942963218147801
SD,2008-09-01,0.6,46,-0.4942963218147801
SD,2008-10-01,0.7,46,-0.342490308946776
SD,2008-11-01,0.8,46,-0.21072103131565253
SD,2008-12-01,0.9,46,-0.09431067947124129
SD,2009-01-01,1,46,0.009950330853168092
SD,2009-02-01,1.1,46,0.10436001532424286
SD,2009-03-01,1.1,46,0.10436001532424286
SD,2009-04-01,1.1,46,0.10436001532424286
SD,2009-05-01,1.2,46,0.1906203596086497
SD,2009-06-01,1.2,46,0.1906203596086497
SD,2009-07-01,1.4,46,0.34358970439007686
SD,2009-08-01,1.3,46,0.2700271372130602
SD,2009-09-01,1.5,46,0.412109650826833
SD,2009-10-01,1.4,46,0.34358970439007686
SD,2009-11-01,1.4,46,0.34358970439007686
SD,2009-12-01,1.5,46,0.412109650826833
SD,2010-01-01,1.5,46,0.412109650826833
SD,2010-02-01,1.5,46,0.412109650826833
SD,2010-03-01,1.6,46,0.4762341789963717
SD,2010-04-01,1.6,46,0.4762341789963717
SD,2010-05-01,1.7,46,0.5364933705145685
SD,2010-06-01,1.8,46,0.5933268452777344
SD,2010-07-01,1.7,46,0.5364933705145685
SD,2010-08-01,1.7,46,0.5364933705145685
SD,2010-09-01,1.7,46,0.5364933705145685
SD,2010-10-01,1.6,46,0.4762341789963717
SD,2010-11-01,1.7,46,0.5364933705145685
SD,2010-12-01,1.6,46,0.4762341789963717
SD,2011-01-01,1.6,46,0.4762341789963717
SD,2011-02-01,1.6,46,0.4762341789963717
SD,2011-03-01,1.5,46,0.412109650826833
SD,2011-04-01,1.4,46,0.34358970439007686
SD,2011-05-01,1.4,46,0.34358970439007686
SD,2011-06-01,1.4,46,0.34358970439007686
SD,2011-07-01,1.4,46,0.34358970439007686
SD,2011-08-01,1.4,46,0.34358970439007686
SD,2011-09-01,1.5,46,0.412109650826833
SD,2011-10-01,1.5,46,0.412109650826833
SD,2011-11-01,1.5,46,0.412109650826833
SD,2011-12-01,1.4,46,0.34358970439007686
SD,2012-01-01,1.5,46,0.412109650826833
SD,2012-02-01,1.4,46,0.34358970439007686
SD,2012-03-01,1.3,46,0.2700271372130602
SD,2012-04-01,1.3,46,0.2700271372130602
SD,2012-05-01,1.5,46,0.412109650826833
SD,2012-06-01,1.5,46,0.412109650826833
SD,2012-07-01,1.5,46,0.412109650826833
SD,2012-08-01,1.4,46,0.34358970439007686
SD,2012-09-01,1.4,46,0.34358970439007686
SD,2012-10-01,1.4,46,0.34358970439007686
SD,2012-11-01,1.4,46,0.34358970439007686
SD,2012-12-01,1.4,46,0.34358970439007686
SD,2013-01-01,1.3,46,0.2700271372130602
SD,2013-02-01,1.3,46,0.2700271372130602
SD,2013-03-01,1.3,46,0.2700271372130602
SD,2013-04-01,1.2,46,0.1906203596086497
SD,2013-05-01,1.1,46,0.10436001532424286
SD,2013-06-01,1.1,46,0.10436001532424286
SD,2013-07-01,1,46,0.009950330853168092
SD,2013-08-01,1.1,46,0.10436001532424286
SD,2013-09-01,1,46,0.009950330853168092
SD,2013-10-01,1,46,0.009950330853168092
SD,2013-11-01,1,46,0.009950330853168092
SD,2013-12-01,1,46,0.009950330853168092
SD,2014-01-01,1,46,0.009950330853168092
SD,2014-02-01,1,46,0.009950330853168092
SD,2014-03-01,0.9,46,-0.09431067947124129
SD,2014-04-01,0.8,46,-0.21072103131565253
SD,2014-05-01,0.8,46,-0.21072103131565253
SD,2014-06-01,0.9,46,-0.09431067947124129
SD,2014-07-01,0.9,46,-0.09431067947124129
SD,2014-08-01,0.9,46,-0.09431067947124129
SD,2014-09-01,0.9,46,-0.09431067947124129
SD,2014-10-01,0.9,46,-0.09431067947124129
SD,2014-11-01,0.9,46,-0.09431067947124129
SD,2014-12-01,0.9,46,-0.09431067947124129
SD,2015-01-01,0.9,46,-0.09431067947124129
SD,2015-02-01,0.9,46,-0.09431067947124129
SD,2015-03-01,0.9,46,-0.09431067947124129
SD,2015-04-01,0.9,46,-0.09431067947124129
SD,2015-05-01,0.8,46,-0.21072103131565253
SD,2015-06-01,0.8,46,-0.21072103131565253
SD,2015-07-01,0.8,46,-0.21072103131565253
SD,2015-08-01,0.8,46,-0.21072103131565253
SD,2015-09-01,0.7,46,-0.342490308946776
SD,2015-10-01,0.8,46,-0.21072103131565253
SD,2015-11-01,0.8,46,-0.21072103131565253
SD,2015-12-01,0.8,46,-0.21072103131565253
SD,2016-01-01,0.8,46,-0.21072103131565253
SD,2016-02-01,0.9,46,-0.09431067947124129
SD,2016-03-01,0.8,46,-0.21072103131565253
SD,2016-04-01,0.7,46,-0.342490308946776
SD,2016-05-01,0.7,46,-0.342490308946776
SD,2016-06-01,0.6,46,-0.4942963218147801
SD,2016-07-01,0.6,46,-0.4942963218147801
SD,2016-08-01,0.6,46,-0.4942963218147801
SD,2016-09-01,0.6,46,-0.4942963218147801
SD,2016-10-01,0.6,46,-0.4942963218147801
SD,2016-11-01,0.6,46,-0.4942963218147801
SD,2016-12-01,0.7,46,-0.342490308946776
SD,2017-01-01,0.7,46,-0.342490308946776
SD,2017-02-01,0.6,46,-0.4942963218147801
SD,2017-03-01,0.6,46,-0.4942963218147801
SD,2017-04-01,0.5,46,-0.6733445532637656
SD,2017-05-01,0.6,46,-0.4942963218147801
SD,2017-06-01,0.5,46,-0.6733445532637656
SD,2017-07-01,0.5,46,-0.6733445532637656
SD,2017-08-01,0.6,46,-0.4942963218147801
SD,2017-09-01,0.7,46,-0.342490308946776
SD,2017-10-01,0.6,46,-0.4942963218147801
SD,2017-11-01,0.5,46,-0.6733445532637656
SD,2017-12-01,0.5,46,-0.6733445532637656
SD,2018-01-01,0.7,46,-0.342490308946776
SD,2018-02-01,0.7,46,-0.342490308946776
SD,2018-03-01,0.6,46,-0.4942963218147801
SD,2018-04-01,0.6,46,-0.4942963218147801
SD,2018-05-01,0.6,46,-0.4942963218147801
SD,2018-06-01,0.5,46,-0.6733445532637656
SD,2018-07-01,0.5,46,-0.6733445532637656
SD,2018-08-01,0.5,46,-0.6733445532637656
SD,2018-09-01,0.5,46,-0.6733445532637656
SD,2018-10-01,0.7,46,-0.342490308946776
SD,2018-11-01,0.6,46,-0.4942963218147801
SD,2018-12-01,0.7,46,-0.342490308946776
SD,2019-01-01,0.8,46,-0.21072103131565253
SD,2019-02-01,0.7,46,-0.342490308946776
SD,2019-03-01,0.7,46,-0.342490308946776
SD,2019-04-01,0.7,46,-0.342490308946776
SD,2019-05-01,0.7,46,-0.342490308946776
SD,2019-06-01,0.8,46,-0.21072103131565253
SD,2019-07-01,0.8,46,-0.21072103131565253
SD,2019-08-01,0.7,46,-0.342490308946776
SD,2019-09-01,0.6,46,-0.4942963218147801
SD,2019-10-01,0.6,46,-0.4942963218147801
SD,2019-11-01,0.6,46,-0.4942963218147801
SD,2019-12-01,0.6,46,-0.4942963218147801
SD,2020-01-01,0.6,46,-0.4942963218147801
SD,2020-02-01,0.6,46,-0.4942963218147801
SD,2020-03-01,0.6,46,-0.4942963218147801
SD,2020-04-01,0.6,46,-0.4942963218147801
SD,2020-05-01,0.6,46,-0.4942963218147801
SD,2020-06-01,0.5,46,-0.6733445532637656
SD,2020-07-01,0.5,46,-0.6733445532637656
SD,2020-08-01,0.5,46,-0.6733445532637656
SD,2020-09-01,0.5,46,-0.6733445532637656
SD,2020-10-01,0.5,46,-0.6733445532637656
SD,2020-11-01,0.5,46,-0.6733445532637656
SD,2020-12-01,0.5,46,-0.6733445532637656
SD,2021-01-01,0.6,46,-0.4942963218147801
SD,2021-02-01,0.5,46,-0.6733445532637656
SD,2021-03-01,0.5,46,-0.6733445532637656
SD,2021-04-01,0.4,46,-0.8915981192837835
SD,2021-05-01,0.4,46,-0.8915981192837835
SD,2021-06-01,0.4,46,-0.8915981192837835
SD,2021-07-01,0.4,46,-0.8915981192837835
SD,2021-08-01,0.5,46,-0.6733445532637656
SD,2021-09-01,0.5,46,-0.6733445532637656
SD,2021-10-01,0.4,46,-0.8915981192837835
SD,2021-11-01,0.5,46,-0.6733445532637656
SD,2021-12-01,0.6,46,-0.4942963218147801
SD,2022-01-01,0.5,46,-0.6733445532637656
SD,2022-02-01,0.5,46,-0.6733445532637656
SD,2022-03-01,0.4,46,-0.8915981192837835
SD,2022-04-01,0.5,46,-0.6733445532637656
SD,2022-05-01,0.5,46,-0.6733445532637656
SD,2022-06-01,0.5,46,-0.6733445532637656
SD,2022-07-01,0.5,46,-0.6733445532637656
SD,2022-08-01,0.4,46,-0.8915981192837835
SD,2022-09-01,0.4,46,-0.8915981192837835
SD,2022-10-01,0.4,46,-0.8915981192837835
SD,2022-11-01,0.5,46,-0.6733445532637656
SD,2022-12-01,0.5,46,-0.6733445532637656
SD,2023-01-01,0.5,46,-0.6733445532637656
SD,2023-02-01,0.6,46,-0.4942963218147801
SD,2023-03-01,0.6,46,-0.4942963218147801
SD,2023-04-01,0.6,46,-0.4942963218147801
SD,2023-05-01,0.5,46,-0.6733445532637656
SD,2023-06-01,0.4,46,-0.8915981192837835
SD,2023-07-01,0.5,46,-0.6733445532637656
SD,2023-08-01,0.4,46,-0.8915981192837835
SD,2023-09-01,0.4,46,-0.8915981192837835
SD,2023-10-01,0.4,46,-0.8915981192837835
SD,2023-11-01,0.5,46,-0.6733445532637656
SD,2023-12-01,0.5,46,-0.6733445532637656
SD,2024-01-01,0.5,46,-0.6733445532637656
SD,2024-02-01,0.5,46,-0.6733445532637656
SD,2024-03-01,0.5,46,-0.6733445532637656
SD,2024-04-01,0.5,46,-0.6733445532637656
SD,2024-05-01,0.5,46,-0.6733445532637656
SD,2024-06-01,0.5,46,-0.6733445532637656
SD,2024-07-01,0.6,46,-0.4942963218147801
SD,2024-08-01,0.7,46,-0.342490308946776
SD,2024-09-01,0.7,46,-0.342490308946776
SD,2024-10-01,0.6,46,-0.4942963218147801
SD,2024-11-01,0.6,46,-0.4942963218147801
SD,2024-12-01,0.7,46,-0.342490308946776
SD,2025-01-01,0.7,46,-0.342490308946776
SD,2025-02-01,0.7,46,-0.342490308946776
SD,2025-03-01,0.6,46,-0.4942963218147801
TN,2008-01-01,1.5,47,0.412109650826833
TN,2008-02-01,1.6,47,0.4762341789963717
TN,2008-03-01,1.5,47,0.412109650826833
TN,2008-04-01,1.5,47,0.412109650826833
TN,2008-05-01,1.5,47,0.412109650826833
TN,2008-06-01,1.6,47,0.4762341789963717
TN,2008-07-01,1.7,47,0.5364933705145685
TN,2008-08-01,1.8,47,0.5933268452777344
TN,2008-09-01,1.9,47,0.6471032420585384
TN,2008-10-01,2.1,47,0.7466879474879751
TN,2008-11-01,2.2,47,0.7929925155296614
TN,2008-12-01,2.4,47,0.8796267475025635
TN,2009-01-01,2.6,47,0.959350221334602
TN,2009-02-01,2.6,47,0.959350221334602
TN,2009-03-01,2.6,47,0.959350221334602
TN,2009-04-01,2.7,47,0.9969486348916096
TN,2009-05-01,2.8,47,1.0331844833456543
TN,2009-06-01,2.9,47,1.068153081183401
TN,2009-07-01,3.2,47,1.1662709371419244
TN,2009-08-01,3.3,47,1.1969481893889715
TN,2009-09-01,3.5,47,1.2556160374777743
TN,2009-10-01,3.6,47,1.2837077723447896
TN,2009-11-01,3.7,47,1.3110318766193438
TN,2009-12-01,3.8,47,1.3376291891386094
TN,2010-01-01,3.8,47,1.3376291891386094
TN,2010-02-01,3.9,47,1.3635373739972743
TN,2010-03-01,3.7,47,1.3110318766193438
TN,2010-04-01,3.5,47,1.2556160374777743
TN,2010-05-01,3.6,47,1.2837077723447896
TN,2010-06-01,3.5,47,1.2556160374777743
TN,2010-07-01,3.5,47,1.2556160374777743
TN,2010-08-01,3.4,47,1.2267122912954254
TN,2010-09-01,3.5,47,1.2556160374777743
TN,2010-10-01,3.6,47,1.2837077723447896
TN,2010-11-01,3.6,47,1.2837077723447896
TN,2010-12-01,3.6,47,1.2837077723447896
TN,2011-01-01,3.6,47,1.2837077723447896
TN,2011-02-01,3.5,47,1.2556160374777743
TN,2011-03-01,3.3,47,1.1969481893889715
TN,2011-04-01,3.2,47,1.1662709371419244
TN,2011-05-01,3.2,47,1.1662709371419244
TN,2011-06-01,3.2,47,1.1662709371419244
TN,2011-07-01,3.1,47,1.1346227261911428
TN,2011-08-01,3.1,47,1.1346227261911428
TN,2011-09-01,3.1,47,1.1346227261911428
TN,2011-10-01,3.1,47,1.1346227261911428
TN,2011-11-01,3.2,47,1.1662709371419244
TN,2011-12-01,3.2,47,1.1662709371419244
TN,2012-01-01,3.3,47,1.1969481893889715
TN,2012-02-01,3.2,47,1.1662709371419244
TN,2012-03-01,3.1,47,1.1346227261911428
TN,2012-04-01,3,47,1.1019400787607843
TN,2012-05-01,3,47,1.1019400787607843
TN,2012-06-01,2.9,47,1.068153081183401
TN,2012-07-01,2.9,47,1.068153081183401
TN,2012-08-01,2.8,47,1.0331844833456543
TN,2012-09-01,2.8,47,1.0331844833456543
TN,2012-10-01,2.7,47,0.9969486348916096
TN,2012-11-01,2.8,47,1.0331844833456543
TN,2012-12-01,2.8,47,1.0331844833456543
TN,2013-01-01,2.8,47,1.0331844833456543
TN,2013-02-01,2.6,47,0.959350221334602
TN,2013-03-01,2.5,47,0.9202827531436925
TN,2013-04-01,2.3,47,0.837247524533702
TN,2013-05-01,2.3,47,0.837247524533702
TN,2013-06-01,2.3,47,0.837247524533702
TN,2013-07-01,2.2,47,0.7929925155296614
TN,2013-08-01,2.2,47,0.7929925155296614
TN,2013-09-01,2.2,47,0.7929925155296614
TN,2013-10-01,2.1,47,0.7466879474879751
TN,2013-11-01,2.2,47,0.7929925155296614
TN,2013-12-01,2.3,47,0.837247524533702
TN,2014-01-01,2.3,47,0.837247524533702
TN,2014-02-01,2.2,47,0.7929925155296614
TN,2014-03-01,2,47,0.6981347220709843
TN,2014-04-01,1.9,47,0.6471032420585384
TN,2014-05-01,1.9,47,0.6471032420585384
TN,2014-06-01,1.9,47,0.6471032420585384
TN,2014-07-01,1.9,47,0.6471032420585384
TN,2014-08-01,1.9,47,0.6471032420585384
TN,2014-09-01,1.9,47,0.6471032420585384
TN,2014-10-01,1.9,47,0.6471032420585384
TN,2014-11-01,1.9,47,0.6471032420585384
TN,2014-12-01,2,47,0.6981347220709843
TN,2015-01-01,2,47,0.6981347220709843
TN,2015-02-01,1.9,47,0.6471032420585384
TN,2015-03-01,1.7,47,0.5364933705145685
TN,2015-04-01,1.6,47,0.4762341789963717
TN,2015-05-01,1.6,47,0.4762341789963717
TN,2015-06-01,1.5,47,0.412109650826833
TN,2015-07-01,1.5,47,0.412109650826833
TN,2015-08-01,1.5,47,0.412109650826833
TN,2015-09-01,1.5,47,0.412109650826833
TN,2015-10-01,1.5,47,0.412109650826833
TN,2015-11-01,1.5,47,0.412109650826833
TN,2015-12-01,1.5,47,0.412109650826833
TN,2016-01-01,1.6,47,0.4762341789963717
TN,2016-02-01,1.6,47,0.4762341789963717
TN,2016-03-01,1.5,47,0.412109650826833
TN,2016-04-01,1.3,47,0.2700271372130602
TN,2016-05-01,1.3,47,0.2700271372130602
TN,2016-06-01,1.3,47,0.2700271372130602
TN,2016-07-01,1.3,47,0.2700271372130602
TN,2016-08-01,1.3,47,0.2700271372130602
TN,2016-09-01,1.2,47,0.1906203596086497
TN,2016-10-01,1.3,47,0.2700271372130602
TN,2016-11-01,1.3,47,0.2700271372130602
TN,2016-12-01,1.3,47,0.2700271372130602
TN,2017-01-01,1.3,47,0.2700271372130602
TN,2017-02-01,1.2,47,0.1906203596086497
TN,2017-03-01,1.1,47,0.10436001532424286
TN,2017-04-01,0.9,47,-0.09431067947124129
TN,2017-05-01,0.9,47,-0.09431067947124129
TN,2017-06-01,1,47,0.009950330853168092
TN,2017-07-01,1,47,0.009950330853168092
TN,2017-08-01,0.9,47,-0.09431067947124129
TN,2017-09-01,1,47,0.009950330853168092
TN,2017-10-01,1,47,0.009950330853168092
TN,2017-11-01,1,47,0.009950330853168092
TN,2017-12-01,1,47,0.009950330853168092
TN,2018-01-01,1,47,0.009950330853168092
TN,2018-02-01,1,47,0.009950330853168092
TN,2018-03-01,0.9,47,-0.09431067947124129
TN,2018-04-01,0.8,47,-0.21072103131565253
TN,2018-05-01,0.8,47,-0.21072103131565253
TN,2018-06-01,0.8,47,-0.21072103131565253
TN,2018-07-01,0.9,47,-0.09431067947124129
TN,2018-08-01,0.8,47,-0.21072103131565253
TN,2018-09-01,0.8,47,-0.21072103131565253
TN,2018-10-01,0.8,47,-0.21072103131565253
TN,2018-11-01,0.9,47,-0.09431067947124129
TN,2018-12-01,1,47,0.009950330853168092
TN,2019-01-01,1,47,0.009950330853168092
TN,2019-02-01,1,47,0.009950330853168092
TN,2019-03-01,0.9,47,-0.09431067947124129
TN,2019-04-01,0.8,47,-0.21072103131565253
TN,2019-05-01,0.8,47,-0.21072103131565253
TN,2019-06-01,0.8,47,-0.21072103131565253
TN,2019-07-01,0.8,47,-0.21072103131565253
TN,2019-08-01,0.9,47,-0.09431067947124129
TN,2019-09-01,0.9,47,-0.09431067947124129
TN,2019-10-01,0.9,47,-0.09431067947124129
TN,2019-11-01,0.9,47,-0.09431067947124129
TN,2019-12-01,0.9,47,-0.09431067947124129
TN,2020-01-01,0.9,47,-0.09431067947124129
TN,2020-02-01,0.8,47,-0.21072103131565253
TN,2020-03-01,0.8,47,-0.21072103131565253
TN,2020-04-01,0.7,47,-0.342490308946776
TN,2020-05-01,0.7,47,-0.342490308946776
TN,2020-06-01,0.7,47,-0.342490308946776
TN,2020-07-01,0.6,47,-0.4942963218147801
TN,2020-08-01,0.6,47,-0.4942963218147801
TN,2020-09-01,0.6,47,-0.4942963218147801
TN,2020-10-01,0.6,47,-0.4942963218147801
TN,2020-11-01,0.5,47,-0.6733445532637656
TN,2020-12-01,0.6,47,-0.4942963218147801
TN,2021-01-01,0.5,47,-0.6733445532637656
TN,2021-02-01,0.5,47,-0.6733445532637656
TN,2021-03-01,0.5,47,-0.6733445532637656
TN,2021-04-01,0.5,47,-0.6733445532637656
TN,2021-05-01,0.5,47,-0.6733445532637656
TN,2021-06-01,0.5,47,-0.6733445532637656
TN,2021-07-01,0.5,47,-0.6733445532637656
TN,2021-08-01,0.5,47,-0.6733445532637656
TN,2021-09-01,0.5,47,-0.6733445532637656
TN,2021-10-01,0.5,47,-0.6733445532637656
TN,2021-11-01,0.5,47,-0.6733445532637656
TN,2021-12-01,0.5,47,-0.6733445532637656
TN,2022-01-01,0.5,47,-0.6733445532637656
TN,2022-02-01,0.5,47,-0.6733445532637656
TN,2022-03-01,0.4,47,-0.8915981192837835
TN,2022-04-01,0.5,47,-0.6733445532637656
TN,2022-05-01,0.4,47,-0.8915981192837835
TN,2022-06-01,0.4,47,-0.8915981192837835
TN,2022-07-01,0.4,47,-0.8915981192837835
TN,2022-08-01,0.4,47,-0.8915981192837835
TN,2022-09-01,0.4,47,-0.8915981192837835
TN,2022-10-01,0.5,47,-0.6733445532637656
TN,2022-11-01,0.5,47,-0.6733445532637656
TN,2022-12-01,0.5,47,-0.6733445532637656
TN,2023-01-01,0.5,47,-0.6733445532637656
TN,2023-02-01,0.5,47,-0.6733445532637656
TN,2023-03-01,0.5,47,-0.6733445532637656
TN,2023-04-01,0.4,47,-0.8915981192837835
TN,2023-05-01,0.4,47,-0.8915981192837835
TN,2023-06-01,0.5,47,-0.6733445532637656
TN,2023-07-01,0.5,47,-0.6733445532637656
TN,2023-08-01,0.5,47,-0.6733445532637656
TN,2023-09-01,0.5,47,-0.6733445532637656
TN,2023-10-01,0.5,47,-0.6733445532637656
TN,2023-11-01,0.5,47,-0.6733445532637656
TN,2023-12-01,0.6,47,-0.4942963218147801
TN,2024-01-01,0.6,47,-0.4942963218147801
TN,2024-02-01,0.6,47,-0.4942963218147801
TN,2024-03-01,0.6,47,-0.4942963218147801
TN,2024-04-01,0.6,47,-0.4942963218147801
TN,2024-05-01,0.6,47,-0.4942963218147801
TN,2024-06-01,0.6,47,-0.4942963218147801
TN,2024-07-01,0.6,47,-0.4942963218147801
TN,2024-08-01,0.6,47,-0.4942963218147801
TN,2024-09-01,0.7,47,-0.342490308946776
TN,2024-10-01,0.7,47,-0.342490308946776
TN,2024-11-01,0.7,47,-0.342490308946776
TN,2024-12-01,0.7,47,-0.342490308946776
TN,2025-01-01,0.8,47,-0.21072103131565253
TN,2025-02-01,0.8,47,-0.21072103131565253
TN,2025-03-01,0.7,47,-0.342490308946776
TX,2008-01-01,1.6,48,0.4762341789963717
TX,2008-02-01,1.6,48,0.4762341789963717
TX,2008-03-01,1.5,48,0.412109650826833
TX,2008-04-01,1.4,48,0.34358970439007686
TX,2008-05-01,1.5,48,0.412109650826833
TX,2008-06-01,1.5,48,0.412109650826833
TX,2008-07-01,1.6,48,0.4762341789963717
TX,2008-08-01,1.6,48,0.4762341789963717
TX,2008-09-01,1.7,48,0.5364933705145685
TX,2008-10-01,1.8,48,0.5933268452777344
TX,2008-11-01,2,48,0.6981347220709843
TX,2008-12-01,2.2,48,0.7929925155296614
TX,2009-01-01,2.3,48,0.837247524533702
TX,2009-02-01,2.4,48,0.8796267475025635
TX,2009-03-01,2.3,48,0.837247524533702
TX,2009-04-01,2.4,48,0.8796267475025635
TX,2009-05-01,2.5,48,0.9202827531436925
TX,2009-06-01,2.6,48,0.959350221334602
TX,2009-07-01,2.7,48,0.9969486348916096
TX,2009-08-01,2.9,48,1.068153081183401
TX,2009-09-01,3.1,48,1.1346227261911428
TX,2009-10-01,3.3,48,1.1969481893889715
TX,2009-11-01,3.4,48,1.2267122912954254
TX,2009-12-01,3.5,48,1.2556160374777743
TX,2010-01-01,3.6,48,1.2837077723447896
TX,2010-02-01,3.5,48,1.2556160374777743
TX,2010-03-01,3.4,48,1.2267122912954254
TX,2010-04-01,3.3,48,1.1969481893889715
TX,2010-05-01,3.3,48,1.1969481893889715
TX,2010-06-01,3.2,48,1.1662709371419244
TX,2010-07-01,3.2,48,1.1662709371419244
TX,2010-08-01,3.1,48,1.1346227261911428
TX,2010-09-01,3.1,48,1.1346227261911428
TX,2010-10-01,3.1,48,1.1346227261911428
TX,2010-11-01,3.1,48,1.1346227261911428
TX,2010-12-01,3.1,48,1.1346227261911428
TX,2011-01-01,3.1,48,1.1346227261911428
TX,2011-02-01,3,48,1.1019400787607843
TX,2011-03-01,2.9,48,1.068153081183401
TX,2011-04-01,2.8,48,1.0331844833456543
TX,2011-05-01,2.7,48,0.9969486348916096
TX,2011-06-01,2.7,48,0.9969486348916096
TX,2011-07-01,2.7,48,0.9969486348916096
TX,2011-08-01,2.7,48,0.9969486348916096
TX,2011-09-01,2.8,48,1.0331844833456543
TX,2011-10-01,2.9,48,1.068153081183401
TX,2011-11-01,2.9,48,1.068153081183401
TX,2011-12-01,2.9,48,1.068153081183401
TX,2012-01-01,3,48,1.1019400787607843
TX,2012-02-01,2.9,48,1.068153081183401
TX,2012-03-01,2.7,48,0.9969486348916096
TX,2012-04-01,2.7,48,0.9969486348916096
TX,2012-05-01,2.6,48,0.959350221334602
TX,2012-06-01,2.6,48,0.959350221334602
TX,2012-07-01,2.6,48,0.959350221334602
TX,2012-08-01,2.5,48,0.9202827531436925
TX,2012-09-01,2.5,48,0.9202827531436925
TX,2012-10-01,2.4,48,0.8796267475025635
TX,2012-11-01,2.5,48,0.9202827531436925
TX,2012-12-01,2.5,48,0.9202827531436925
TX,2013-01-01,2.5,48,0.9202827531436925
TX,2013-02-01,2.4,48,0.8796267475025635
TX,2013-03-01,2.3,48,0.837247524533702
TX,2013-04-01,2.2,48,0.7929925155296614
TX,2013-05-01,2.1,48,0.7466879474879751
TX,2013-06-01,2,48,0.6981347220709843
TX,2013-07-01,2,48,0.6981347220709843
TX,2013-08-01,2,48,0.6981347220709843
TX,2013-09-01,2,48,0.6981347220709843
TX,2013-10-01,1.9,48,0.6471032420585384
TX,2013-11-01,2,48,0.6981347220709843
TX,2013-12-01,2,48,0.6981347220709843
TX,2014-01-01,2.1,48,0.7466879474879751
TX,2014-02-01,1.9,48,0.6471032420585384
TX,2014-03-01,1.8,48,0.5933268452777344
TX,2014-04-01,1.7,48,0.5364933705145685
TX,2014-05-01,1.7,48,0.5364933705145685
TX,2014-06-01,1.7,48,0.5364933705145685
TX,2014-07-01,1.8,48,0.5933268452777344
TX,2014-08-01,1.8,48,0.5933268452777344
TX,2014-09-01,1.8,48,0.5933268452777344
TX,2014-10-01,1.8,48,0.5933268452777344
TX,2014-11-01,1.8,48,0.5933268452777344
TX,2014-12-01,1.9,48,0.6471032420585384
TX,2015-01-01,1.9,48,0.6471032420585384
TX,2015-02-01,1.7,48,0.5364933705145685
TX,2015-03-01,1.6,48,0.4762341789963717
TX,2015-04-01,1.5,48,0.412109650826833
TX,2015-05-01,1.5,48,0.412109650826833
TX,2015-06-01,1.5,48,0.412109650826833
TX,2015-07-01,1.5,48,0.412109650826833
TX,2015-08-01,1.4,48,0.34358970439007686
TX,2015-09-01,1.4,48,0.34358970439007686
TX,2015-10-01,1.4,48,0.34358970439007686
TX,2015-11-01,1.4,48,0.34358970439007686
TX,2015-12-01,1.4,48,0.34358970439007686
TX,2016-01-01,1.5,48,0.412109650826833
TX,2016-02-01,1.5,48,0.412109650826833
TX,2016-03-01,1.4,48,0.34358970439007686
TX,2016-04-01,1.3,48,0.2700271372130602
TX,2016-05-01,1.3,48,0.2700271372130602
TX,2016-06-01,1.2,48,0.1906203596086497
TX,2016-07-01,1.2,48,0.1906203596086497
TX,2016-08-01,1.2,48,0.1906203596086497
TX,2016-09-01,1.2,48,0.1906203596086497
TX,2016-10-01,1.3,48,0.2700271372130602
TX,2016-11-01,1.3,48,0.2700271372130602
TX,2016-12-01,1.3,48,0.2700271372130602
TX,2017-01-01,1.3,48,0.2700271372130602
TX,2017-02-01,1.3,48,0.2700271372130602
TX,2017-03-01,1.2,48,0.1906203596086497
TX,2017-04-01,1.1,48,0.10436001532424286
TX,2017-05-01,1.1,48,0.10436001532424286
TX,2017-06-01,1.1,48,0.10436001532424286
TX,2017-07-01,1.1,48,0.10436001532424286
TX,2017-08-01,1,48,0.009950330853168092
TX,2017-09-01,1,48,0.009950330853168092
TX,2017-10-01,1,48,0.009950330853168092
TX,2017-11-01,1,48,0.009950330853168092
TX,2017-12-01,1.1,48,0.10436001532424286
TX,2018-01-01,1.1,48,0.10436001532424286
TX,2018-02-01,1.1,48,0.10436001532424286
TX,2018-03-01,1.1,48,0.10436001532424286
TX,2018-04-01,1,48,0.009950330853168092
TX,2018-05-01,1,48,0.009950330853168092
TX,2018-06-01,1,48,0.009950330853168092
TX,2018-07-01,1,48,0.009950330853168092
TX,2018-08-01,1,48,0.009950330853168092
TX,2018-09-01,1,48,0.009950330853168092
TX,2018-10-01,1,48,0.009950330853168092
TX,2018-11-01,1,48,0.009950330853168092
TX,2018-12-01,1,48,0.009950330853168092
TX,2019-01-01,1,48,0.009950330853168092
TX,2019-02-01,1,48,0.009950330853168092
TX,2019-03-01,0.9,48,-0.09431067947124129
TX,2019-04-01,0.8,48,-0.21072103131565253
TX,2019-05-01,0.8,48,-0.21072103131565253
TX,2019-06-01,0.8,48,-0.21072103131565253
TX,2019-07-01,0.8,48,-0.21072103131565253
TX,2019-08-01,0.9,48,-0.09431067947124129
TX,2019-09-01,0.9,48,-0.09431067947124129
TX,2019-10-01,0.9,48,-0.09431067947124129
TX,2019-11-01,0.9,48,-0.09431067947124129
TX,2019-12-01,0.9,48,-0.09431067947124129
TX,2020-01-01,1,48,0.009950330853168092
TX,2020-02-01,1,48,0.009950330853168092
TX,2020-03-01,0.9,48,-0.09431067947124129
TX,2020-04-01,0.8,48,-0.21072103131565253
TX,2020-05-01,0.8,48,-0.21072103131565253
TX,2020-06-01,0.7,48,-0.342490308946776
TX,2020-07-01,0.7,48,-0.342490308946776
TX,2020-08-01,0.7,48,-0.342490308946776
TX,2020-09-01,0.7,48,-0.342490308946776
TX,2020-10-01,0.6,48,-0.4942963218147801
TX,2020-11-01,0.6,48,-0.4942963218147801
TX,2020-12-01,0.6,48,-0.4942963218147801
TX,2021-01-01,0.6,48,-0.4942963218147801
TX,2021-02-01,0.6,48,-0.4942963218147801
TX,2021-03-01,0.5,48,-0.6733445532637656
TX,2021-04-01,0.5,48,-0.6733445532637656
TX,2021-05-01,0.5,48,-0.6733445532637656
TX,2021-06-01,0.5,48,-0.6733445532637656
TX,2021-07-01,0.5,48,-0.6733445532637656
TX,2021-08-01,0.5,48,-0.6733445532637656
TX,2021-09-01,0.5,48,-0.6733445532637656
TX,2021-10-01,0.5,48,-0.6733445532637656
TX,2021-11-01,0.5,48,-0.6733445532637656
TX,2021-12-01,0.5,48,-0.6733445532637656
TX,2022-01-01,0.6,48,-0.4942963218147801
TX,2022-02-01,0.5,48,-0.6733445532637656
TX,2022-03-01,0.5,48,-0.6733445532637656
TX,2022-04-01,0.5,48,-0.6733445532637656
TX,2022-05-01,0.5,48,-0.6733445532637656
TX,2022-06-01,0.5,48,-0.6733445532637656
TX,2022-07-01,0.5,48,-0.6733445532637656
TX,2022-08-01,0.5,48,-0.6733445532637656
TX,2022-09-01,0.5,48,-0.6733445532637656
TX,2022-10-01,0.5,48,-0.6733445532637656
TX,2022-11-01,0.5,48,-0.6733445532637656
TX,2022-12-01,0.5,48,-0.6733445532637656
TX,2023-01-01,0.6,48,-0.4942963218147801
TX,2023-02-01,0.6,48,-0.4942963218147801
TX,2023-03-01,0.5,48,-0.6733445532637656
TX,2023-04-01,0.5,48,-0.6733445532637656
TX,2023-05-01,0.5,48,-0.6733445532637656
TX,2023-06-01,0.5,48,-0.6733445532637656
TX,2023-07-01,0.6,48,-0.4942963218147801
TX,2023-08-01,0.6,48,-0.4942963218147801
TX,2023-09-01,0.6,48,-0.4942963218147801
TX,2023-10-01,0.7,48,-0.342490308946776
TX,2023-11-01,0.7,48,-0.342490308946776
TX,2023-12-01,0.8,48,-0.21072103131565253
TX,2024-01-01,0.8,48,-0.21072103131565253
TX,2024-02-01,0.8,48,-0.21072103131565253
TX,2024-03-01,0.7,48,-0.342490308946776
TX,2024-04-01,0.7,48,-0.342490308946776
TX,2024-05-01,0.7,48,-0.342490308946776
TX,2024-06-01,0.7,48,-0.342490308946776
TX,2024-07-01,0.8,48,-0.21072103131565253
TX,2024-08-01,0.8,48,-0.21072103131565253
TX,2024-09-01,0.8,48,-0.21072103131565253
TX,2024-10-01,0.8,48,-0.21072103131565253
TX,2024-11-01,1,48,0.009950330853168092
TX,2024-12-01,1,48,0.009950330853168092
TX,2025-01-01,1.1,48,0.10436001532424286
TX,2025-02-01,1.1,48,0.10436001532424286
TX,2025-03-01,1,48,0.009950330853168092
UT,2008-01-01,0.8,49,-0.21072103131565253
UT,2008-02-01,0.9,49,-0.09431067947124129
UT,2008-03-01,0.9,49,-0.09431067947124129
UT,2008-04-01,0.9,49,-0.09431067947124129
UT,2008-05-01,1,49,0.009950330853168092
UT,2008-06-01,1,49,0.009950330853168092
UT,2008-07-01,1,49,0.009950330853168092
UT,2008-08-01,1.2,49,0.1906203596086497
UT,2008-09-01,1.2,49,0.1906203596086497
UT,2008-10-01,1.4,49,0.34358970439007686
UT,2008-11-01,1.4,49,0.34358970439007686
UT,2008-12-01,1.6,49,0.4762341789963717
UT,2009-01-01,1.8,49,0.5933268452777344
UT,2009-02-01,1.9,49,0.6471032420585384
UT,2009-03-01,2.2,49,0.7929925155296614
UT,2009-04-01,2.3,49,0.837247524533702
UT,2009-05-01,2.3,49,0.837247524533702
UT,2009-06-01,2.5,49,0.9202827531436925
UT,2009-07-01,2.7,49,0.9969486348916096
UT,2009-08-01,2.9,49,1.068153081183401
UT,2009-09-01,3.1,49,1.1346227261911428
UT,2009-10-01,3.3,49,1.1969481893889715
UT,2009-11-01,3.6,49,1.2837077723447896
UT,2009-12-01,3.8,49,1.3376291891386094
UT,2010-01-01,3.8,49,1.3376291891386094
UT,2010-02-01,3.8,49,1.3376291891386094
UT,2010-03-01,3.7,49,1.3110318766193438
UT,2010-04-01,3.6,49,1.2837077723447896
UT,2010-05-01,3.6,49,1.2837077723447896
UT,2010-06-01,3.5,49,1.2556160374777743
UT,2010-07-01,3.5,49,1.2556160374777743
UT,2010-08-01,3.4,49,1.2267122912954254
UT,2010-09-01,3.3,49,1.1969481893889715
UT,2010-10-01,3.4,49,1.2267122912954254
UT,2010-11-01,3.3,49,1.1969481893889715
UT,2010-12-01,3.2,49,1.1662709371419244
UT,2011-01-01,3.3,49,1.1969481893889715
UT,2011-02-01,3.1,49,1.1346227261911428
UT,2011-03-01,3,49,1.1019400787607843
UT,2011-04-01,2.9,49,1.068153081183401
UT,2011-05-01,3,49,1.1019400787607843
UT,2011-06-01,3,49,1.1019400787607843
UT,2011-07-01,3,49,1.1019400787607843
UT,2011-08-01,3,49,1.1019400787607843
UT,2011-09-01,3.2,49,1.1662709371419244
UT,2011-10-01,3.1,49,1.1346227261911428
UT,2011-11-01,3.1,49,1.1346227261911428
UT,2011-12-01,2.9,49,1.068153081183401
UT,2012-01-01,3,49,1.1019400787607843
UT,2012-02-01,3,49,1.1019400787607843
UT,2012-03-01,2.8,49,1.0331844833456543
UT,2012-04-01,2.7,49,0.9969486348916096
UT,2012-05-01,2.8,49,1.0331844833456543
UT,2012-06-01,2.7,49,0.9969486348916096
UT,2012-07-01,2.7,49,0.9969486348916096
UT,2012-08-01,2.7,49,0.9969486348916096
UT,2012-09-01,2.7,49,0.9969486348916096
UT,2012-10-01,2.7,49,0.9969486348916096
UT,2012-11-01,2.6,49,0.959350221334602
UT,2012-12-01,2.5,49,0.9202827531436925
UT,2013-01-01,2.4,49,0.8796267475025635
UT,2013-02-01,2.3,49,0.837247524533702
UT,2013-03-01,2.2,49,0.7929925155296614
UT,2013-04-01,2.1,49,0.7466879474879751
UT,2013-05-01,2,49,0.6981347220709843
UT,2013-06-01,2,49,0.6981347220709843
UT,2013-07-01,1.8,49,0.5933268452777344
UT,2013-08-01,1.7,49,0.5364933705145685
UT,2013-09-01,1.6,49,0.4762341789963717
UT,2013-10-01,1.6,49,0.4762341789963717
UT,2013-11-01,1.7,49,0.5364933705145685
UT,2013-12-01,1.6,49,0.4762341789963717
UT,2014-01-01,1.7,49,0.5364933705145685
UT,2014-02-01,1.7,49,0.5364933705145685
UT,2014-03-01,1.6,49,0.4762341789963717
UT,2014-04-01,1.5,49,0.412109650826833
UT,2014-05-01,1.4,49,0.34358970439007686
UT,2014-06-01,1.4,49,0.34358970439007686
UT,2014-07-01,1.4,49,0.34358970439007686
UT,2014-08-01,1.4,49,0.34358970439007686
UT,2014-09-01,1.3,49,0.2700271372130602
UT,2014-10-01,1.3,49,0.2700271372130602
UT,2014-11-01,1.3,49,0.2700271372130602
UT,2014-12-01,1.3,49,0.2700271372130602
UT,2015-01-01,1.3,49,0.2700271372130602
UT,2015-02-01,1.3,49,0.2700271372130602
UT,2015-03-01,1.2,49,0.1906203596086497
UT,2015-04-01,1.1,49,0.10436001532424286
UT,2015-05-01,1,49,0.009950330853168092
UT,2015-06-01,1,49,0.009950330853168092
UT,2015-07-01,1,49,0.009950330853168092
UT,2015-08-01,0.9,49,-0.09431067947124129
UT,2015-09-01,0.9,49,-0.09431067947124129
UT,2015-10-01,0.9,49,-0.09431067947124129
UT,2015-11-01,0.9,49,-0.09431067947124129
UT,2015-12-01,0.9,49,-0.09431067947124129
UT,2016-01-01,1,49,0.009950330853168092
UT,2016-02-01,1,49,0.009950330853168092
UT,2016-03-01,0.9,49,-0.09431067947124129
UT,2016-04-01,0.8,49,-0.21072103131565253
UT,2016-05-01,0.8,49,-0.21072103131565253
UT,2016-06-01,0.8,49,-0.21072103131565253
UT,2016-07-01,0.8,49,-0.21072103131565253
UT,2016-08-01,0.8,49,-0.21072103131565253
UT,2016-09-01,0.8,49,-0.21072103131565253
UT,2016-10-01,0.9,49,-0.09431067947124129
UT,2016-11-01,0.8,49,-0.21072103131565253
UT,2016-12-01,0.7,49,-0.342490308946776
UT,2017-01-01,0.8,49,-0.21072103131565253
UT,2017-02-01,0.7,49,-0.342490308946776
UT,2017-03-01,0.7,49,-0.342490308946776
UT,2017-04-01,0.6,49,-0.4942963218147801
UT,2017-05-01,0.6,49,-0.4942963218147801
UT,2017-06-01,0.6,49,-0.4942963218147801
UT,2017-07-01,0.6,49,-0.4942963218147801
UT,2017-08-01,0.6,49,-0.4942963218147801
UT,2017-09-01,0.6,49,-0.4942963218147801
UT,2017-10-01,0.6,49,-0.4942963218147801
UT,2017-11-01,0.6,49,-0.4942963218147801
UT,2017-12-01,0.6,49,-0.4942963218147801
UT,2018-01-01,0.6,49,-0.4942963218147801
UT,2018-02-01,0.6,49,-0.4942963218147801
UT,2018-03-01,0.5,49,-0.6733445532637656
UT,2018-04-01,0.5,49,-0.6733445532637656
UT,2018-05-01,0.5,49,-0.6733445532637656
UT,2018-06-01,0.6,49,-0.4942963218147801
UT,2018-07-01,0.6,49,-0.4942963218147801
UT,2018-08-01,0.5,49,-0.6733445532637656
UT,2018-09-01,0.6,49,-0.4942963218147801
UT,2018-10-01,0.5,49,-0.6733445532637656
UT,2018-11-01,0.5,49,-0.6733445532637656
UT,2018-12-01,0.5,49,-0.6733445532637656
UT,2019-01-01,0.6,49,-0.4942963218147801
UT,2019-02-01,0.5,49,-0.6733445532637656
UT,2019-03-01,0.5,49,-0.6733445532637656
UT,2019-04-01,0.5,49,-0.6733445532637656
UT,2019-05-01,0.5,49,-0.6733445532637656
UT,2019-06-01,0.5,49,-0.6733445532637656
UT,2019-07-01,0.5,49,-0.6733445532637656
UT,2019-08-01,0.5,49,-0.6733445532637656
UT,2019-09-01,0.5,49,-0.6733445532637656
UT,2019-10-01,0.5,49,-0.6733445532637656
UT,2019-11-01,0.5,49,-0.6733445532637656
UT,2019-12-01,0.6,49,-0.4942963218147801
UT,2020-01-01,0.5,49,-0.6733445532637656
UT,2020-02-01,0.5,49,-0.6733445532637656
UT,2020-03-01,0.5,49,-0.6733445532637656
UT,2020-04-01,0.4,49,-0.8915981192837835
UT,2020-05-01,0.4,49,-0.8915981192837835
UT,2020-06-01,0.4,49,-0.8915981192837835
UT,2020-07-01,0.3,49,-1.171182981502945
UT,2020-08-01,0.4,49,-0.8915981192837835
UT,2020-09-01,0.3,49,-1.171182981502945
UT,2020-10-01,0.3,49,-1.171182981502945
UT,2020-11-01,0.3,49,-1.171182981502945
UT,2020-12-01,0.3,49,-1.171182981502945
UT,2021-01-01,0.3,49,-1.171182981502945
UT,2021-02-01,0.3,49,-1.171182981502945
UT,2021-03-01,0.3,49,-1.171182981502945
UT,2021-04-01,0.3,49,-1.171182981502945
UT,2021-05-01,0.3,49,-1.171182981502945
UT,2021-06-01,0.3,49,-1.171182981502945
UT,2021-07-01,0.3,49,-1.171182981502945
UT,2021-08-01,0.3,49,-1.171182981502945
UT,2021-09-01,0.3,49,-1.171182981502945
UT,2021-10-01,0.3,49,-1.171182981502945
UT,2021-11-01,0.3,49,-1.171182981502945
UT,2021-12-01,0.3,49,-1.171182981502945
UT,2022-01-01,0.3,49,-1.171182981502945
UT,2022-02-01,0.3,49,-1.171182981502945
UT,2022-03-01,0.3,49,-1.171182981502945
UT,2022-04-01,0.2,49,-1.5606477482646683
UT,2022-05-01,0.2,49,-1.5606477482646683
UT,2022-06-01,0.3,49,-1.171182981502945
UT,2022-07-01,0.3,49,-1.171182981502945
UT,2022-08-01,0.3,49,-1.171182981502945
UT,2022-09-01,0.3,49,-1.171182981502945
UT,2022-10-01,0.3,49,-1.171182981502945
UT,2022-11-01,0.3,49,-1.171182981502945
UT,2022-12-01,0.3,49,-1.171182981502945
UT,2023-01-01,0.3,49,-1.171182981502945
UT,2023-02-01,0.3,49,-1.171182981502945
UT,2023-03-01,0.3,49,-1.171182981502945
UT,2023-04-01,0.3,49,-1.171182981502945
UT,2023-05-01,0.3,49,-1.171182981502945
UT,2023-06-01,0.3,49,-1.171182981502945
UT,2023-07-01,0.3,49,-1.171182981502945
UT,2023-08-01,0.3,49,-1.171182981502945
UT,2023-09-01,0.3,49,-1.171182981502945
UT,2023-10-01,0.3,49,-1.171182981502945
UT,2023-11-01,0.3,49,-1.171182981502945
UT,2023-12-01,0.4,49,-0.8915981192837835
UT,2024-01-01,0.4,49,-0.8915981192837835
UT,2024-02-01,0.4,49,-0.8915981192837835
UT,2024-03-01,0.4,49,-0.8915981192837835
UT,2024-04-01,0.4,49,-0.8915981192837835
UT,2024-05-01,0.4,49,-0.8915981192837835
UT,2024-06-01,0.5,49,-0.6733445532637656
UT,2024-07-01,0.4,49,-0.8915981192837835
UT,2024-08-01,0.5,49,-0.6733445532637656
UT,2024-09-01,0.6,49,-0.4942963218147801
UT,2024-10-01,0.6,49,-0.4942963218147801
UT,2024-11-01,0.6,49,-0.4942963218147801
UT,2024-12-01,0.6,49,-0.4942963218147801
UT,2025-01-01,0.6,49,-0.4942963218147801
UT,2025-02-01,0.6,49,-0.4942963218147801
UT,2025-03-01,0.6,49,-0.4942963218147801
VT,2008-01-01,0.6,50,-0.4942963218147801
VT,2008-02-01,0.6,50,-0.4942963218147801
VT,2008-03-01,0.5,50,-0.6733445532637656
VT,2008-04-01,0.6,50,-0.4942963218147801
VT,2008-05-01,0.7,50,-0.342490308946776
VT,2008-06-01,0.8,50,-0.21072103131565253
VT,2008-07-01,0.8,50,-0.21072103131565253
VT,2008-08-01,0.9,50,-0.09431067947124129
VT,2008-09-01,0.8,50,-0.21072103131565253
VT,2008-10-01,0.9,50,-0.09431067947124129
VT,2008-11-01,1,50,0.009950330853168092
VT,2008-12-01,1,50,0.009950330853168092
VT,2009-01-01,1,50,0.009950330853168092
VT,2009-02-01,1.1,50,0.10436001532424286
VT,2009-03-01,1.3,50,0.2700271372130602
VT,2009-04-01,1.4,50,0.34358970439007686
VT,2009-05-01,1.4,50,0.34358970439007686
VT,2009-06-01,1.5,50,0.412109650826833
VT,2009-07-01,1.6,50,0.4762341789963717
VT,2009-08-01,1.6,50,0.4762341789963717
VT,2009-09-01,1.7,50,0.5364933705145685
VT,2009-10-01,2,50,0.6981347220709843
VT,2009-11-01,2.1,50,0.7466879474879751
VT,2009-12-01,2.1,50,0.7466879474879751
VT,2010-01-01,2.2,50,0.7929925155296614
VT,2010-02-01,2,50,0.6981347220709843
VT,2010-03-01,2,50,0.6981347220709843
VT,2010-04-01,1.9,50,0.6471032420585384
VT,2010-05-01,1.8,50,0.5933268452777344
VT,2010-06-01,1.8,50,0.5933268452777344
VT,2010-07-01,1.8,50,0.5933268452777344
VT,2010-08-01,1.6,50,0.4762341789963717
VT,2010-09-01,1.8,50,0.5933268452777344
VT,2010-10-01,1.9,50,0.6471032420585384
VT,2010-11-01,1.9,50,0.6471032420585384
VT,2010-12-01,1.9,50,0.6471032420585384
VT,2011-01-01,2.1,50,0.7466879474879751
VT,2011-02-01,2.1,50,0.7466879474879751
VT,2011-03-01,2.2,50,0.7929925155296614
VT,2011-04-01,2.1,50,0.7466879474879751
VT,2011-05-01,2,50,0.6981347220709843
VT,2011-06-01,2,50,0.6981347220709843
VT,2011-07-01,2,50,0.6981347220709843
VT,2011-08-01,2.2,50,0.7929925155296614
VT,2011-09-01,2.2,50,0.7929925155296614
VT,2011-10-01,2.3,50,0.837247524533702
VT,2011-11-01,2.3,50,0.837247524533702
VT,2011-12-01,2.3,50,0.837247524533702
VT,2012-01-01,2.2,50,0.7929925155296614
VT,2012-02-01,2.4,50,0.8796267475025635
VT,2012-03-01,2.4,50,0.8796267475025635
VT,2012-04-01,2.4,50,0.8796267475025635
VT,2012-05-01,2.5,50,0.9202827531436925
VT,2012-06-01,2.5,50,0.9202827531436925
VT,2012-07-01,2.5,50,0.9202827531436925
VT,2012-08-01,2.4,50,0.8796267475025635
VT,2012-09-01,2.3,50,0.837247524533702
VT,2012-10-01,2.1,50,0.7466879474879751
VT,2012-11-01,2.1,50,0.7466879474879751
VT,2012-12-01,2.1,50,0.7466879474879751
VT,2013-01-01,2.2,50,0.7929925155296614
VT,2013-02-01,1.9,50,0.6471032420585384
VT,2013-03-01,2,50,0.6981347220709843
VT,2013-04-01,1.9,50,0.6471032420585384
VT,2013-05-01,2,50,0.6981347220709843
VT,2013-06-01,2,50,0.6981347220709843
VT,2013-07-01,1.6,50,0.4762341789963717
VT,2013-08-01,1.6,50,0.4762341789963717
VT,2013-09-01,1.7,50,0.5364933705145685
VT,2013-10-01,1.5,50,0.412109650826833
VT,2013-11-01,1.6,50,0.4762341789963717
VT,2013-12-01,1.7,50,0.5364933705145685
VT,2014-01-01,1.7,50,0.5364933705145685
VT,2014-02-01,1.8,50,0.5933268452777344
VT,2014-03-01,1.7,50,0.5364933705145685
VT,2014-04-01,1.7,50,0.5364933705145685
VT,2014-05-01,1.6,50,0.4762341789963717
VT,2014-06-01,1.5,50,0.412109650826833
VT,2014-07-01,1.5,50,0.412109650826833
VT,2014-08-01,1.5,50,0.412109650826833
VT,2014-09-01,1.3,50,0.2700271372130602
VT,2014-10-01,1.4,50,0.34358970439007686
VT,2014-11-01,1.4,50,0.34358970439007686
VT,2014-12-01,1.4,50,0.34358970439007686
VT,2015-01-01,1.4,50,0.34358970439007686
VT,2015-02-01,1.4,50,0.34358970439007686
VT,2015-03-01,1.5,50,0.412109650826833
VT,2015-04-01,1.4,50,0.34358970439007686
VT,2015-05-01,1.4,50,0.34358970439007686
VT,2015-06-01,1.3,50,0.2700271372130602
VT,2015-07-01,1.3,50,0.2700271372130602
VT,2015-08-01,1.3,50,0.2700271372130602
VT,2015-09-01,1.3,50,0.2700271372130602
VT,2015-10-01,1.4,50,0.34358970439007686
VT,2015-11-01,1.4,50,0.34358970439007686
VT,2015-12-01,1.3,50,0.2700271372130602
VT,2016-01-01,1.5,50,0.412109650826833
VT,2016-02-01,1.7,50,0.5364933705145685
VT,2016-03-01,1.6,50,0.4762341789963717
VT,2016-04-01,1.2,50,0.1906203596086497
VT,2016-05-01,1.3,50,0.2700271372130602
VT,2016-06-01,1.2,50,0.1906203596086497
VT,2016-07-01,1.3,50,0.2700271372130602
VT,2016-08-01,1.3,50,0.2700271372130602
VT,2016-09-01,1.3,50,0.2700271372130602
VT,2016-10-01,1.4,50,0.34358970439007686
VT,2016-11-01,1.4,50,0.34358970439007686
VT,2016-12-01,1.4,50,0.34358970439007686
VT,2017-01-01,1.4,50,0.34358970439007686
VT,2017-02-01,1.3,50,0.2700271372130602
VT,2017-03-01,1.2,50,0.1906203596086497
VT,2017-04-01,1.2,50,0.1906203596086497
VT,2017-05-01,1.3,50,0.2700271372130602
VT,2017-06-01,1.2,50,0.1906203596086497
VT,2017-07-01,1.1,50,0.10436001532424286
VT,2017-08-01,1.1,50,0.10436001532424286
VT,2017-09-01,1.1,50,0.10436001532424286
VT,2017-10-01,1.1,50,0.10436001532424286
VT,2017-11-01,1.1,50,0.10436001532424286
VT,2017-12-01,1.2,50,0.1906203596086497
VT,2018-01-01,1.2,50,0.1906203596086497
VT,2018-02-01,1.1,50,0.10436001532424286
VT,2018-03-01,1,50,0.009950330853168092
VT,2018-04-01,1.1,50,0.10436001532424286
VT,2018-05-01,1,50,0.009950330853168092
VT,2018-06-01,1,50,0.009950330853168092
VT,2018-07-01,1.1,50,0.10436001532424286
VT,2018-08-01,1.1,50,0.10436001532424286
VT,2018-09-01,1,50,0.009950330853168092
VT,2018-10-01,1.1,50,0.10436001532424286
VT,2018-11-01,1,50,0.009950330853168092
VT,2018-12-01,0.9,50,-0.09431067947124129
VT,2019-01-01,1,50,0.009950330853168092
VT,2019-02-01,1,50,0.009950330853168092
VT,2019-03-01,1,50,0.009950330853168092
VT,2019-04-01,0.9,50,-0.09431067947124129
VT,2019-05-01,0.9,50,-0.09431067947124129
VT,2019-06-01,0.9,50,-0.09431067947124129
VT,2019-07-01,0.9,50,-0.09431067947124129
VT,2019-08-01,0.9,50,-0.09431067947124129
VT,2019-09-01,0.9,50,-0.09431067947124129
VT,2019-10-01,1,50,0.009950330853168092
VT,2019-11-01,1.1,50,0.10436001532424286
VT,2019-12-01,1.1,50,0.10436001532424286
VT,2020-01-01,1.1,50,0.10436001532424286
VT,2020-02-01,0.9,50,-0.09431067947124129
VT,2020-03-01,0.8,50,-0.21072103131565253
VT,2020-04-01,0.7,50,-0.342490308946776
VT,2020-05-01,0.8,50,-0.21072103131565253
VT,2020-06-01,0.8,50,-0.21072103131565253
VT,2020-07-01,0.9,50,-0.09431067947124129
VT,2020-08-01,0.8,50,-0.21072103131565253
VT,2020-09-01,0.8,50,-0.21072103131565253
VT,2020-10-01,0.7,50,-0.342490308946776
VT,2020-11-01,0.7,50,-0.342490308946776
VT,2020-12-01,0.7,50,-0.342490308946776
VT,2021-01-01,0.8,50,-0.21072103131565253
VT,2021-02-01,0.7,50,-0.342490308946776
VT,2021-03-01,0.7,50,-0.342490308946776
VT,2021-04-01,0.7,50,-0.342490308946776
VT,2021-05-01,0.6,50,-0.4942963218147801
VT,2021-06-01,0.7,50,-0.342490308946776
VT,2021-07-01,0.6,50,-0.4942963218147801
VT,2021-08-01,0.7,50,-0.342490308946776
VT,2021-09-01,0.7,50,-0.342490308946776
VT,2021-10-01,0.7,50,-0.342490308946776
VT,2021-11-01,0.6,50,-0.4942963218147801
VT,2021-12-01,0.7,50,-0.342490308946776
VT,2022-01-01,0.6,50,-0.4942963218147801
VT,2022-02-01,0.6,50,-0.4942963218147801
VT,2022-03-01,0.6,50,-0.4942963218147801
VT,2022-04-01,0.7,50,-0.342490308946776
VT,2022-05-01,0.7,50,-0.342490308946776
VT,2022-06-01,0.6,50,-0.4942963218147801
VT,2022-07-01,0.6,50,-0.4942963218147801
VT,2022-08-01,0.5,50,-0.6733445532637656
VT,2022-09-01,0.5,50,-0.6733445532637656
VT,2022-10-01,0.5,50,-0.6733445532637656
VT,2022-11-01,0.6,50,-0.4942963218147801
VT,2022-12-01,0.6,50,-0.4942963218147801
VT,2023-01-01,0.7,50,-0.342490308946776
VT,2023-02-01,0.6,50,-0.4942963218147801
VT,2023-03-01,0.6,50,-0.4942963218147801
VT,2023-04-01,0.6,50,-0.4942963218147801
VT,2023-05-01,0.5,50,-0.6733445532637656
VT,2023-06-01,0.5,50,-0.6733445532637656
VT,2023-07-01,0.6,50,-0.4942963218147801
VT,2023-08-01,0.6,50,-0.4942963218147801
VT,2023-09-01,0.6,50,-0.4942963218147801
VT,2023-10-01,0.6,50,-0.4942963218147801
VT,2023-11-01,0.5,50,-0.6733445532637656
VT,2023-12-01,0.7,50,-0.342490308946776
VT,2024-01-01,0.6,50,-0.4942963218147801
VT,2024-02-01,0.7,50,-0.342490308946776
VT,2024-03-01,0.6,50,-0.4942963218147801
VT,2024-04-01,0.6,50,-0.4942963218147801
VT,2024-05-01,0.7,50,-0.342490308946776
VT,2024-06-01,0.6,50,-0.4942963218147801
VT,2024-07-01,0.7,50,-0.342490308946776
VT,2024-08-01,0.7,50,-0.342490308946776
VT,2024-09-01,0.6,50,-0.4942963218147801
VT,2024-10-01,0.6,50,-0.4942963218147801
VT,2024-11-01,0.7,50,-0.342490308946776
VT,2024-12-01,0.6,50,-0.4942963218147801
VT,2025-01-01,0.8,50,-0.21072103131565253
VT,2025-02-01,0.7,50,-0.342490308946776
VT,2025-03-01,0.7,50,-0.342490308946776
VA,2008-01-01,1.2,51,0.1906203596086497
VA,2008-02-01,1.2,51,0.1906203596086497
VA,2008-03-01,1.2,51,0.1906203596086497
VA,2008-04-01,1.3,51,0.2700271372130602
VA,2008-05-01,1.4,51,0.34358970439007686
VA,2008-06-01,1.4,51,0.34358970439007686
VA,2008-07-01,1.4,51,0.34358970439007686
VA,2008-08-01,1.5,51,0.412109650826833
VA,2008-09-01,1.6,51,0.4762341789963717
VA,2008-10-01,1.8,51,0.5933268452777344
VA,2008-11-01,1.9,51,0.6471032420585384
VA,2008-12-01,2.1,51,0.7466879474879751
VA,2009-01-01,2.3,51,0.837247524533702
VA,2009-02-01,2.5,51,0.9202827531436925
VA,2009-03-01,2.5,51,0.9202827531436925
VA,2009-04-01,2.6,51,0.959350221334602
VA,2009-05-01,2.8,51,1.0331844833456543
VA,2009-06-01,2.9,51,1.068153081183401
VA,2009-07-01,3,51,1.1019400787607843
VA,2009-08-01,3.1,51,1.1346227261911428
VA,2009-09-01,3.2,51,1.1662709371419244
VA,2009-10-01,3.4,51,1.2267122912954254
VA,2009-11-01,3.5,51,1.2556160374777743
VA,2009-12-01,3.5,51,1.2556160374777743
VA,2010-01-01,3.6,51,1.2837077723447896
VA,2010-02-01,3.6,51,1.2837077723447896
VA,2010-03-01,3.5,51,1.2556160374777743
VA,2010-04-01,3.4,51,1.2267122912954254
VA,2010-05-01,3.3,51,1.1969481893889715
VA,2010-06-01,3.2,51,1.1662709371419244
VA,2010-07-01,3,51,1.1019400787607843
VA,2010-08-01,3,51,1.1019400787607843
VA,2010-09-01,3,51,1.1019400787607843
VA,2010-10-01,3,51,1.1019400787607843
VA,2010-11-01,3,51,1.1019400787607843
VA,2010-12-01,3,51,1.1019400787607843
VA,2011-01-01,2.9,51,1.068153081183401
VA,2011-02-01,3,51,1.1019400787607843
VA,2011-03-01,2.8,51,1.0331844833456543
VA,2011-04-01,2.6,51,0.959350221334602
VA,2011-05-01,2.5,51,0.9202827531436925
VA,2011-06-01,2.4,51,0.8796267475025635
VA,2011-07-01,2.5,51,0.9202827531436925
VA,2011-08-01,2.5,51,0.9202827531436925
VA,2011-09-01,2.5,51,0.9202827531436925
VA,2011-10-01,2.5,51,0.9202827531436925
VA,2011-11-01,2.5,51,0.9202827531436925
VA,2011-12-01,2.5,51,0.9202827531436925
VA,2012-01-01,2.6,51,0.959350221334602
VA,2012-02-01,2.6,51,0.959350221334602
VA,2012-03-01,2.5,51,0.9202827531436925
VA,2012-04-01,2.4,51,0.8796267475025635
VA,2012-05-01,2.5,51,0.9202827531436925
VA,2012-06-01,2.4,51,0.8796267475025635
VA,2012-07-01,2.4,51,0.8796267475025635
VA,2012-08-01,2.4,51,0.8796267475025635
VA,2012-09-01,2.4,51,0.8796267475025635
VA,2012-10-01,2.4,51,0.8796267475025635
VA,2012-11-01,2.3,51,0.837247524533702
VA,2012-12-01,2.3,51,0.837247524533702
VA,2013-01-01,2.3,51,0.837247524533702
VA,2013-02-01,2.2,51,0.7929925155296614
VA,2013-03-01,2.2,51,0.7929925155296614
VA,2013-04-01,2,51,0.6981347220709843
VA,2013-05-01,1.9,51,0.6471032420585384
VA,2013-06-01,1.8,51,0.5933268452777344
VA,2013-07-01,1.8,51,0.5933268452777344
VA,2013-08-01,1.7,51,0.5364933705145685
VA,2013-09-01,1.7,51,0.5364933705145685
VA,2013-10-01,1.7,51,0.5364933705145685
VA,2013-11-01,1.7,51,0.5364933705145685
VA,2013-12-01,1.8,51,0.5933268452777344
VA,2014-01-01,1.8,51,0.5933268452777344
VA,2014-02-01,1.8,51,0.5933268452777344
VA,2014-03-01,1.7,51,0.5364933705145685
VA,2014-04-01,1.7,51,0.5364933705145685
VA,2014-05-01,1.7,51,0.5364933705145685
VA,2014-06-01,1.6,51,0.4762341789963717
VA,2014-07-01,1.6,51,0.4762341789963717
VA,2014-08-01,1.5,51,0.412109650826833
VA,2014-09-01,1.5,51,0.412109650826833
VA,2014-10-01,1.5,51,0.412109650826833
VA,2014-11-01,1.5,51,0.412109650826833
VA,2014-12-01,1.5,51,0.412109650826833
VA,2015-01-01,1.6,51,0.4762341789963717
VA,2015-02-01,1.6,51,0.4762341789963717
VA,2015-03-01,1.4,51,0.34358970439007686
VA,2015-04-01,1.4,51,0.34358970439007686
VA,2015-05-01,1.3,51,0.2700271372130602
VA,2015-06-01,1.3,51,0.2700271372130602
VA,2015-07-01,1.3,51,0.2700271372130602
VA,2015-08-01,1.3,51,0.2700271372130602
VA,2015-09-01,1.3,51,0.2700271372130602
VA,2015-10-01,1.3,51,0.2700271372130602
VA,2015-11-01,1.3,51,0.2700271372130602
VA,2015-12-01,1.2,51,0.1906203596086497
VA,2016-01-01,1.2,51,0.1906203596086497
VA,2016-02-01,1.3,51,0.2700271372130602
VA,2016-03-01,1.2,51,0.1906203596086497
VA,2016-04-01,1.1,51,0.10436001532424286
VA,2016-05-01,1.1,51,0.10436001532424286
VA,2016-06-01,1,51,0.009950330853168092
VA,2016-07-01,1,51,0.009950330853168092
VA,2016-08-01,1.1,51,0.10436001532424286
VA,2016-09-01,1,51,0.009950330853168092
VA,2016-10-01,1.1,51,0.10436001532424286
VA,2016-11-01,1,51,0.009950330853168092
VA,2016-12-01,1,51,0.009950330853168092
VA,2017-01-01,1.1,51,0.10436001532424286
VA,2017-02-01,1.1,51,0.10436001532424286
VA,2017-03-01,1,51,0.009950330853168092
VA,2017-04-01,1,51,0.009950330853168092
VA,2017-05-01,0.9,51,-0.09431067947124129
VA,2017-06-01,0.9,51,-0.09431067947124129
VA,2017-07-01,0.9,51,-0.09431067947124129
VA,2017-08-01,0.9,51,-0.09431067947124129
VA,2017-09-01,0.9,51,-0.09431067947124129
VA,2017-10-01,0.9,51,-0.09431067947124129
VA,2017-11-01,0.9,51,-0.09431067947124129
VA,2017-12-01,0.9,51,-0.09431067947124129
VA,2018-01-01,1,51,0.009950330853168092
VA,2018-02-01,0.9,51,-0.09431067947124129
VA,2018-03-01,0.8,51,-0.21072103131565253
VA,2018-04-01,0.8,51,-0.21072103131565253
VA,2018-05-01,0.7,51,-0.342490308946776
VA,2018-06-01,0.7,51,-0.342490308946776
VA,2018-07-01,0.8,51,-0.21072103131565253
VA,2018-08-01,0.8,51,-0.21072103131565253
VA,2018-09-01,0.8,51,-0.21072103131565253
VA,2018-10-01,0.8,51,-0.21072103131565253
VA,2018-11-01,0.8,51,-0.21072103131565253
VA,2018-12-01,0.9,51,-0.09431067947124129
VA,2019-01-01,0.8,51,-0.21072103131565253
VA,2019-02-01,0.8,51,-0.21072103131565253
VA,2019-03-01,0.7,51,-0.342490308946776
VA,2019-04-01,0.7,51,-0.342490308946776
VA,2019-05-01,0.7,51,-0.342490308946776
VA,2019-06-01,0.7,51,-0.342490308946776
VA,2019-07-01,0.7,51,-0.342490308946776
VA,2019-08-01,0.7,51,-0.342490308946776
VA,2019-09-01,0.7,51,-0.342490308946776
VA,2019-10-01,0.7,51,-0.342490308946776
VA,2019-11-01,0.7,51,-0.342490308946776
VA,2019-12-01,0.7,51,-0.342490308946776
VA,2020-01-01,0.7,51,-0.342490308946776
VA,2020-02-01,0.7,51,-0.342490308946776
VA,2020-03-01,0.7,51,-0.342490308946776
VA,2020-04-01,0.6,51,-0.4942963218147801
VA,2020-05-01,0.6,51,-0.4942963218147801
VA,2020-06-01,0.5,51,-0.6733445532637656
VA,2020-07-01,0.5,51,-0.6733445532637656
VA,2020-08-01,0.5,51,-0.6733445532637656
VA,2020-09-01,0.5,51,-0.6733445532637656
VA,2020-10-01,0.5,51,-0.6733445532637656
VA,2020-11-01,0.5,51,-0.6733445532637656
VA,2020-12-01,0.5,51,-0.6733445532637656
VA,2021-01-01,0.5,51,-0.6733445532637656
VA,2021-02-01,0.5,51,-0.6733445532637656
VA,2021-03-01,0.4,51,-0.8915981192837835
VA,2021-04-01,0.4,51,-0.8915981192837835
VA,2021-05-01,0.4,51,-0.8915981192837835
VA,2021-06-01,0.4,51,-0.8915981192837835
VA,2021-07-01,0.4,51,-0.8915981192837835
VA,2021-08-01,0.4,51,-0.8915981192837835
VA,2021-09-01,0.4,51,-0.8915981192837835
VA,2021-10-01,0.4,51,-0.8915981192837835
VA,2021-11-01,0.4,51,-0.8915981192837835
VA,2021-12-01,0.4,51,-0.8915981192837835
VA,2022-01-01,0.5,51,-0.6733445532637656
VA,2022-02-01,0.5,51,-0.6733445532637656
VA,2022-03-01,0.4,51,-0.8915981192837835
VA,2022-04-01,0.6,51,-0.4942963218147801
VA,2022-05-01,0.4,51,-0.8915981192837835
VA,2022-06-01,0.4,51,-0.8915981192837835
VA,2022-07-01,0.4,51,-0.8915981192837835
VA,2022-08-01,0.4,51,-0.8915981192837835
VA,2022-09-01,0.4,51,-0.8915981192837835
VA,2022-10-01,0.4,51,-0.8915981192837835
VA,2022-11-01,0.4,51,-0.8915981192837835
VA,2022-12-01,0.4,51,-0.8915981192837835
VA,2023-01-01,0.4,51,-0.8915981192837835
VA,2023-02-01,0.4,51,-0.8915981192837835
VA,2023-03-01,0.4,51,-0.8915981192837835
VA,2023-04-01,0.4,51,-0.8915981192837835
VA,2023-05-01,0.4,51,-0.8915981192837835
VA,2023-06-01,0.4,51,-0.8915981192837835
VA,2023-07-01,0.4,51,-0.8915981192837835
VA,2023-08-01,0.4,51,-0.8915981192837835
VA,2023-09-01,0.4,51,-0.8915981192837835
VA,2023-10-01,0.5,51,-0.6733445532637656
VA,2023-11-01,0.5,51,-0.6733445532637656
VA,2023-12-01,0.5,51,-0.6733445532637656
VA,2024-01-01,0.5,51,-0.6733445532637656
VA,2024-02-01,0.6,51,-0.4942963218147801
VA,2024-03-01,0.5,51,-0.6733445532637656
VA,2024-04-01,0.5,51,-0.6733445532637656
VA,2024-05-01,0.6,51,-0.4942963218147801
VA,2024-06-01,0.6,51,-0.4942963218147801
VA,2024-07-01,0.6,51,-0.4942963218147801
VA,2024-08-01,0.6,51,-0.4942963218147801
VA,2024-09-01,0.6,51,-0.4942963218147801
VA,2024-10-01,0.6,51,-0.4942963218147801
VA,2024-11-01,0.6,51,-0.4942963218147801
VA,2024-12-01,0.7,51,-0.342490308946776
VA,2025-01-01,0.7,51,-0.342490308946776
VA,2025-02-01,0.7,51,-0.342490308946776
VA,2025-03-01,0.7,51,-0.342490308946776
WA,2008-01-01,0.7,53,-0.342490308946776
WA,2008-02-01,0.7,53,-0.342490308946776
WA,2008-03-01,0.7,53,-0.342490308946776
WA,2008-04-01,0.7,53,-0.342490308946776
WA,2008-05-01,0.8,53,-0.21072103131565253
WA,2008-06-01,0.8,53,-0.21072103131565253
WA,2008-07-01,0.9,53,-0.09431067947124129
WA,2008-08-01,0.9,53,-0.09431067947124129
WA,2008-09-01,1,53,0.009950330853168092
WA,2008-10-01,1.2,53,0.1906203596086497
WA,2008-11-01,1.3,53,0.2700271372130602
WA,2008-12-01,1.5,53,0.412109650826833
WA,2009-01-01,1.6,53,0.4762341789963717
WA,2009-02-01,1.8,53,0.5933268452777344
WA,2009-03-01,2,53,0.6981347220709843
WA,2009-04-01,2.1,53,0.7466879474879751
WA,2009-05-01,2.2,53,0.7929925155296614
WA,2009-06-01,2.4,53,0.8796267475025635
WA,2009-07-01,2.6,53,0.959350221334602
WA,2009-08-01,2.7,53,0.9969486348916096
WA,2009-09-01,3.1,53,1.1346227261911428
WA,2009-10-01,3.3,53,1.1969481893889715
WA,2009-11-01,3.6,53,1.2837077723447896
WA,2009-12-01,3.6,53,1.2837077723447896
WA,2010-01-01,3.8,53,1.3376291891386094
WA,2010-02-01,3.8,53,1.3376291891386094
WA,2010-03-01,3.8,53,1.3376291891386094
WA,2010-04-01,3.8,53,1.3376291891386094
WA,2010-05-01,3.8,53,1.3376291891386094
WA,2010-06-01,3.7,53,1.3110318766193438
WA,2010-07-01,3.7,53,1.3110318766193438
WA,2010-08-01,3.6,53,1.2837077723447896
WA,2010-09-01,3.6,53,1.2837077723447896
WA,2010-10-01,3.5,53,1.2556160374777743
WA,2010-11-01,3.5,53,1.2556160374777743
WA,2010-12-01,3.5,53,1.2556160374777743
WA,2011-01-01,3.6,53,1.2837077723447896
WA,2011-02-01,3.6,53,1.2837077723447896
WA,2011-03-01,3.5,53,1.2556160374777743
WA,2011-04-01,3.5,53,1.2556160374777743
WA,2011-05-01,3.6,53,1.2837077723447896
WA,2011-06-01,3.5,53,1.2556160374777743
WA,2011-07-01,3.6,53,1.2837077723447896
WA,2011-08-01,3.7,53,1.3110318766193438
WA,2011-09-01,3.8,53,1.3376291891386094
WA,2011-10-01,3.9,53,1.3635373739972743
WA,2011-11-01,4,53,1.3887912413184778
WA,2011-12-01,4,53,1.3887912413184778
WA,2012-01-01,4.1,53,1.413423028508143
WA,2012-02-01,4.1,53,1.413423028508143
WA,2012-03-01,4.2,53,1.43746264769429
WA,2012-04-01,4.2,53,1.43746264769429
WA,2012-05-01,4.2,53,1.43746264769429
WA,2012-06-01,4.1,53,1.413423028508143
WA,2012-07-01,4,53,1.3887912413184778
WA,2012-08-01,3.8,53,1.3376291891386094
WA,2012-09-01,3.8,53,1.3376291891386094
WA,2012-10-01,3.7,53,1.3110318766193438
WA,2012-11-01,3.7,53,1.3110318766193438
WA,2012-12-01,3.5,53,1.2556160374777743
WA,2013-01-01,3.4,53,1.2267122912954254
WA,2013-02-01,3.4,53,1.2267122912954254
WA,2013-03-01,3.3,53,1.1969481893889715
WA,2013-04-01,3.2,53,1.1662709371419244
WA,2013-05-01,3,53,1.1019400787607843
WA,2013-06-01,2.8,53,1.0331844833456543
WA,2013-07-01,2.7,53,0.9969486348916096
WA,2013-08-01,2.6,53,0.959350221334602
WA,2013-09-01,2.5,53,0.9202827531436925
WA,2013-10-01,2.5,53,0.9202827531436925
WA,2013-11-01,2.5,53,0.9202827531436925
WA,2013-12-01,2.4,53,0.8796267475025635
WA,2014-01-01,2.4,53,0.8796267475025635
WA,2014-02-01,2.3,53,0.837247524533702
WA,2014-03-01,2.2,53,0.7929925155296614
WA,2014-04-01,2,53,0.6981347220709843
WA,2014-05-01,2,53,0.6981347220709843
WA,2014-06-01,2,53,0.6981347220709843
WA,2014-07-01,2,53,0.6981347220709843
WA,2014-08-01,1.9,53,0.6471032420585384
WA,2014-09-01,1.9,53,0.6471032420585384
WA,2014-10-01,1.8,53,0.5933268452777344
WA,2014-11-01,1.8,53,0.5933268452777344
WA,2014-12-01,1.7,53,0.5364933705145685
WA,2015-01-01,1.7,53,0.5364933705145685
WA,2015-02-01,1.6,53,0.4762341789963717
WA,2015-03-01,1.6,53,0.4762341789963717
WA,2015-04-01,1.5,53,0.412109650826833
WA,2015-05-01,1.4,53,0.34358970439007686
WA,2015-06-01,1.4,53,0.34358970439007686
WA,2015-07-01,1.4,53,0.34358970439007686
WA,2015-08-01,1.4,53,0.34358970439007686
WA,2015-09-01,1.3,53,0.2700271372130602
WA,2015-10-01,1.3,53,0.2700271372130602
WA,2015-11-01,1.2,53,0.1906203596086497
WA,2015-12-01,1.2,53,0.1906203596086497
WA,2016-01-01,1.2,53,0.1906203596086497
WA,2016-02-01,1.3,53,0.2700271372130602
WA,2016-03-01,1.1,53,0.10436001532424286
WA,2016-04-01,1,53,0.009950330853168092
WA,2016-05-01,1,53,0.009950330853168092
WA,2016-06-01,1,53,0.009950330853168092
WA,2016-07-01,1,53,0.009950330853168092
WA,2016-08-01,1,53,0.009950330853168092
WA,2016-09-01,0.9,53,-0.09431067947124129
WA,2016-10-01,0.9,53,-0.09431067947124129
WA,2016-11-01,0.9,53,-0.09431067947124129
WA,2016-12-01,0.9,53,-0.09431067947124129
WA,2017-01-01,0.9,53,-0.09431067947124129
WA,2017-02-01,0.8,53,-0.21072103131565253
WA,2017-03-01,0.8,53,-0.21072103131565253
WA,2017-04-01,0.7,53,-0.342490308946776
WA,2017-05-01,0.7,53,-0.342490308946776
WA,2017-06-01,0.7,53,-0.342490308946776
WA,2017-07-01,0.7,53,-0.342490308946776
WA,2017-08-01,0.6,53,-0.4942963218147801
WA,2017-09-01,0.6,53,-0.4942963218147801
WA,2017-10-01,0.6,53,-0.4942963218147801
WA,2017-11-01,0.6,53,-0.4942963218147801
WA,2017-12-01,0.6,53,-0.4942963218147801
WA,2018-01-01,0.5,53,-0.6733445532637656
WA,2018-02-01,0.5,53,-0.6733445532637656
WA,2018-03-01,0.5,53,-0.6733445532637656
WA,2018-04-01,0.5,53,-0.6733445532637656
WA,2018-05-01,0.5,53,-0.6733445532637656
WA,2018-06-01,0.5,53,-0.6733445532637656
WA,2018-07-01,0.5,53,-0.6733445532637656
WA,2018-08-01,0.5,53,-0.6733445532637656
WA,2018-09-01,0.5,53,-0.6733445532637656
WA,2018-10-01,0.5,53,-0.6733445532637656
WA,2018-11-01,0.5,53,-0.6733445532637656
WA,2018-12-01,0.5,53,-0.6733445532637656
WA,2019-01-01,0.5,53,-0.6733445532637656
WA,2019-02-01,0.5,53,-0.6733445532637656
WA,2019-03-01,0.4,53,-0.8915981192837835
WA,2019-04-01,0.4,53,-0.8915981192837835
WA,2019-05-01,0.4,53,-0.8915981192837835
WA,2019-06-01,0.4,53,-0.8915981192837835
WA,2019-07-01,0.4,53,-0.8915981192837835
WA,2019-08-01,0.4,53,-0.8915981192837835
WA,2019-09-01,0.4,53,-0.8915981192837835
WA,2019-10-01,0.4,53,-0.8915981192837835
WA,2019-11-01,0.4,53,-0.8915981192837835
WA,2019-12-01,0.4,53,-0.8915981192837835
WA,2020-01-01,0.5,53,-0.6733445532637656
WA,2020-02-01,0.4,53,-0.8915981192837835
WA,2020-03-01,0.4,53,-0.8915981192837835
WA,2020-04-01,0.4,53,-0.8915981192837835
WA,2020-05-01,0.4,53,-0.8915981192837835
WA,2020-06-01,0.4,53,-0.8915981192837835
WA,2020-07-01,0.3,53,-1.171182981502945
WA,2020-08-01,0.3,53,-1.171182981502945
WA,2020-09-01,0.3,53,-1.171182981502945
WA,2020-10-01,0.3,53,-1.171182981502945
WA,2020-11-01,0.3,53,-1.171182981502945
WA,2020-12-01,0.3,53,-1.171182981502945
WA,2021-01-01,0.3,53,-1.171182981502945
WA,2021-02-01,0.3,53,-1.171182981502945
WA,2021-03-01,0.3,53,-1.171182981502945
WA,2021-04-01,0.2,53,-1.5606477482646683
WA,2021-05-01,0.2,53,-1.5606477482646683
WA,2021-06-01,0.2,53,-1.5606477482646683
WA,2021-07-01,0.2,53,-1.5606477482646683
WA,2021-08-01,0.2,53,-1.5606477482646683
WA,2021-09-01,0.2,53,-1.5606477482646683
WA,2021-10-01,0.2,53,-1.5606477482646683
WA,2021-11-01,0.2,53,-1.5606477482646683
WA,2021-12-01,0.2,53,-1.5606477482646683
WA,2022-01-01,0.2,53,-1.5606477482646683
WA,2022-02-01,0.2,53,-1.5606477482646683
WA,2022-03-01,0.2,53,-1.5606477482646683
WA,2022-04-01,0.2,53,-1.5606477482646683
WA,2022-05-01,0.2,53,-1.5606477482646683
WA,2022-06-01,0.2,53,-1.5606477482646683
WA,2022-07-01,0.2,53,-1.5606477482646683
WA,2022-08-01,0.2,53,-1.5606477482646683
WA,2022-09-01,0.2,53,-1.5606477482646683
WA,2022-10-01,0.3,53,-1.171182981502945
WA,2022-11-01,0.3,53,-1.171182981502945
WA,2022-12-01,0.2,53,-1.5606477482646683
WA,2023-01-01,0.3,53,-1.171182981502945
WA,2023-02-01,0.3,53,-1.171182981502945
WA,2023-03-01,0.3,53,-1.171182981502945
WA,2023-04-01,0.3,53,-1.171182981502945
WA,2023-05-01,0.3,53,-1.171182981502945
WA,2023-06-01,0.3,53,-1.171182981502945
WA,2023-07-01,0.3,53,-1.171182981502945
WA,2023-08-01,0.3,53,-1.171182981502945
WA,2023-09-01,0.3,53,-1.171182981502945
WA,2023-10-01,0.3,53,-1.171182981502945
WA,2023-11-01,0.3,53,-1.171182981502945
WA,2023-12-01,0.4,53,-0.8915981192837835
WA,2024-01-01,0.4,53,-0.8915981192837835
WA,2024-02-01,0.4,53,-0.8915981192837835
WA,2024-03-01,0.4,53,-0.8915981192837835
WA,2024-04-01,0.4,53,-0.8915981192837835
WA,2024-05-01,0.4,53,-0.8915981192837835
WA,2024-06-01,0.4,53,-0.8915981192837835
WA,2024-07-01,0.4,53,-0.8915981192837835
WA,2024-08-01,0.4,53,-0.8915981192837835
WA,2024-09-01,0.4,53,-0.8915981192837835
WA,2024-10-01,0.5,53,-0.6733445532637656
WA,2024-11-01,0.5,53,-0.6733445532637656
WA,2024-12-01,0.5,53,-0.6733445532637656
WA,2025-01-01,0.5,53,-0.6733445532637656
WA,2025-02-01,0.5,53,-0.6733445532637656
WA,2025-03-01,0.5,53,-0.6733445532637656
WV,2008-01-01,1.1,54,0.10436001532424286
WV,2008-02-01,1.1,54,0.10436001532424286
WV,2008-03-01,1,54,0.009950330853168092
WV,2008-04-01,1.1,54,0.10436001532424286
WV,2008-05-01,1.1,54,0.10436001532424286
WV,2008-06-01,1.1,54,0.10436001532424286
WV,2008-07-01,1.3,54,0.2700271372130602
WV,2008-08-01,1.3,54,0.2700271372130602
WV,2008-09-01,1.4,54,0.34358970439007686
WV,2008-10-01,1.5,54,0.412109650826833
WV,2008-11-01,1.6,54,0.4762341789963717
WV,2008-12-01,1.7,54,0.5364933705145685
WV,2009-01-01,2,54,0.6981347220709843
WV,2009-02-01,2,54,0.6981347220709843
WV,2009-03-01,1.8,54,0.5933268452777344
WV,2009-04-01,1.7,54,0.5364933705145685
WV,2009-05-01,1.8,54,0.5933268452777344
WV,2009-06-01,1.9,54,0.6471032420585384
WV,2009-07-01,2,54,0.6981347220709843
WV,2009-08-01,2.1,54,0.7466879474879751
WV,2009-09-01,2.1,54,0.7466879474879751
WV,2009-10-01,2.2,54,0.7929925155296614
WV,2009-11-01,2.5,54,0.9202827531436925
WV,2009-12-01,2.5,54,0.9202827531436925
WV,2010-01-01,2.6,54,0.959350221334602
WV,2010-02-01,2.6,54,0.959350221334602
WV,2010-03-01,2.5,54,0.9202827531436925
WV,2010-04-01,2.3,54,0.837247524533702
WV,2010-05-01,2.2,54,0.7929925155296614
WV,2010-06-01,2.1,54,0.7466879474879751
WV,2010-07-01,2.2,54,0.7929925155296614
WV,2010-08-01,2.3,54,0.837247524533702
WV,2010-09-01,2.2,54,0.7929925155296614
WV,2010-10-01,2.2,54,0.7929925155296614
WV,2010-11-01,2.1,54,0.7466879474879751
WV,2010-12-01,2.2,54,0.7929925155296614
WV,2011-01-01,2.1,54,0.7466879474879751
WV,2011-02-01,2.3,54,0.837247524533702
WV,2011-03-01,2.3,54,0.837247524533702
WV,2011-04-01,2,54,0.6981347220709843
WV,2011-05-01,1.9,54,0.6471032420585384
WV,2011-06-01,1.9,54,0.6471032420585384
WV,2011-07-01,1.9,54,0.6471032420585384
WV,2011-08-01,2,54,0.6981347220709843
WV,2011-09-01,2.1,54,0.7466879474879751
WV,2011-10-01,2,54,0.6981347220709843
WV,2011-11-01,2,54,0.6981347220709843
WV,2011-12-01,2,54,0.6981347220709843
WV,2012-01-01,2.1,54,0.7466879474879751
WV,2012-02-01,2.1,54,0.7466879474879751
WV,2012-03-01,1.8,54,0.5933268452777344
WV,2012-04-01,1.8,54,0.5933268452777344
WV,2012-05-01,1.9,54,0.6471032420585384
WV,2012-06-01,1.9,54,0.6471032420585384
WV,2012-07-01,2,54,0.6981347220709843
WV,2012-08-01,2,54,0.6981347220709843
WV,2012-09-01,1.9,54,0.6471032420585384
WV,2012-10-01,1.9,54,0.6471032420585384
WV,2012-11-01,2,54,0.6981347220709843
WV,2012-12-01,2.1,54,0.7466879474879751
WV,2013-01-01,2,54,0.6981347220709843
WV,2013-02-01,2.2,54,0.7929925155296614
WV,2013-03-01,2,54,0.6981347220709843
WV,2013-04-01,1.8,54,0.5933268452777344
WV,2013-05-01,1.8,54,0.5933268452777344
WV,2013-06-01,1.7,54,0.5364933705145685
WV,2013-07-01,1.5,54,0.412109650826833
WV,2013-08-01,1.6,54,0.4762341789963717
WV,2013-09-01,1.6,54,0.4762341789963717
WV,2013-10-01,1.6,54,0.4762341789963717
WV,2013-11-01,1.8,54,0.5933268452777344
WV,2013-12-01,1.9,54,0.6471032420585384
WV,2014-01-01,1.8,54,0.5933268452777344
WV,2014-02-01,1.8,54,0.5933268452777344
WV,2014-03-01,1.6,54,0.4762341789963717
WV,2014-04-01,1.6,54,0.4762341789963717
WV,2014-05-01,1.7,54,0.5364933705145685
WV,2014-06-01,1.8,54,0.5933268452777344
WV,2014-07-01,1.8,54,0.5933268452777344
WV,2014-08-01,1.7,54,0.5364933705145685
WV,2014-09-01,1.7,54,0.5364933705145685
WV,2014-10-01,1.7,54,0.5364933705145685
WV,2014-11-01,1.7,54,0.5364933705145685
WV,2014-12-01,1.8,54,0.5933268452777344
WV,2015-01-01,1.8,54,0.5933268452777344
WV,2015-02-01,1.6,54,0.4762341789963717
WV,2015-03-01,1.6,54,0.4762341789963717
WV,2015-04-01,1.4,54,0.34358970439007686
WV,2015-05-01,1.4,54,0.34358970439007686
WV,2015-06-01,1.5,54,0.412109650826833
WV,2015-07-01,1.4,54,0.34358970439007686
WV,2015-08-01,1.4,54,0.34358970439007686
WV,2015-09-01,1.5,54,0.412109650826833
WV,2015-10-01,1.5,54,0.412109650826833
WV,2015-11-01,1.4,54,0.34358970439007686
WV,2015-12-01,1.4,54,0.34358970439007686
WV,2016-01-01,1.7,54,0.5364933705145685
WV,2016-02-01,1.7,54,0.5364933705145685
WV,2016-03-01,1.5,54,0.412109650826833
WV,2016-04-01,1.5,54,0.412109650826833
WV,2016-05-01,1.5,54,0.412109650826833
WV,2016-06-01,1.5,54,0.412109650826833
WV,2016-07-01,1.5,54,0.412109650826833
WV,2016-08-01,1.5,54,0.412109650826833
WV,2016-09-01,1.5,54,0.412109650826833
WV,2016-10-01,1.7,54,0.5364933705145685
WV,2016-11-01,1.7,54,0.5364933705145685
WV,2016-12-01,1.7,54,0.5364933705145685
WV,2017-01-01,1.7,54,0.5364933705145685
WV,2017-02-01,1.4,54,0.34358970439007686
WV,2017-03-01,1.4,54,0.34358970439007686
WV,2017-04-01,1.2,54,0.1906203596086497
WV,2017-05-01,1.2,54,0.1906203596086497
WV,2017-06-01,1.4,54,0.34358970439007686
WV,2017-07-01,1.3,54,0.2700271372130602
WV,2017-08-01,1.4,54,0.34358970439007686
WV,2017-09-01,1.5,54,0.412109650826833
WV,2017-10-01,1.5,54,0.412109650826833
WV,2017-11-01,1.4,54,0.34358970439007686
WV,2017-12-01,1.5,54,0.412109650826833
WV,2018-01-01,1.6,54,0.4762341789963717
WV,2018-02-01,1.6,54,0.4762341789963717
WV,2018-03-01,1.5,54,0.412109650826833
WV,2018-04-01,1.3,54,0.2700271372130602
WV,2018-05-01,1.3,54,0.2700271372130602
WV,2018-06-01,1.3,54,0.2700271372130602
WV,2018-07-01,1.3,54,0.2700271372130602
WV,2018-08-01,1.4,54,0.34358970439007686
WV,2018-09-01,1.5,54,0.412109650826833
WV,2018-10-01,1.5,54,0.412109650826833
WV,2018-11-01,1.4,54,0.34358970439007686
WV,2018-12-01,1.5,54,0.412109650826833
WV,2019-01-01,1.5,54,0.412109650826833
WV,2019-02-01,1.5,54,0.412109650826833
WV,2019-03-01,1.3,54,0.2700271372130602
WV,2019-04-01,1.1,54,0.10436001532424286
WV,2019-05-01,1.1,54,0.10436001532424286
WV,2019-06-01,1.3,54,0.2700271372130602
WV,2019-07-01,1.3,54,0.2700271372130602
WV,2019-08-01,1.3,54,0.2700271372130602
WV,2019-09-01,1.3,54,0.2700271372130602
WV,2019-10-01,1.4,54,0.34358970439007686
WV,2019-11-01,1.4,54,0.34358970439007686
WV,2019-12-01,1.4,54,0.34358970439007686
WV,2020-01-01,1.5,54,0.412109650826833
WV,2020-02-01,1.5,54,0.412109650826833
WV,2020-03-01,1.4,54,0.34358970439007686
WV,2020-04-01,1.1,54,0.10436001532424286
WV,2020-05-01,1.1,54,0.10436001532424286
WV,2020-06-01,1.2,54,0.1906203596086497
WV,2020-07-01,1.1,54,0.10436001532424286
WV,2020-08-01,1.2,54,0.1906203596086497
WV,2020-09-01,1.2,54,0.1906203596086497
WV,2020-10-01,1,54,0.009950330853168092
WV,2020-11-01,1.1,54,0.10436001532424286
WV,2020-12-01,1.2,54,0.1906203596086497
WV,2021-01-01,1.3,54,0.2700271372130602
WV,2021-02-01,1.3,54,0.2700271372130602
WV,2021-03-01,1.1,54,0.10436001532424286
WV,2021-04-01,1.1,54,0.10436001532424286
WV,2021-05-01,1,54,0.009950330853168092
WV,2021-06-01,0.9,54,-0.09431067947124129
WV,2021-07-01,1,54,0.009950330853168092
WV,2021-08-01,1,54,0.009950330853168092
WV,2021-09-01,1.1,54,0.10436001532424286
WV,2021-10-01,1.1,54,0.10436001532424286
WV,2021-11-01,1.1,54,0.10436001532424286
WV,2021-12-01,1.1,54,0.10436001532424286
WV,2022-01-01,1.2,54,0.1906203596086497
WV,2022-02-01,1.1,54,0.10436001532424286
WV,2022-03-01,1.1,54,0.10436001532424286
WV,2022-04-01,1.4,54,0.34358970439007686
WV,2022-05-01,0.9,54,-0.09431067947124129
WV,2022-06-01,1,54,0.009950330853168092
WV,2022-07-01,1,54,0.009950330853168092
WV,2022-08-01,0.9,54,-0.09431067947124129
WV,2022-09-01,1.1,54,0.10436001532424286
WV,2022-10-01,1.1,54,0.10436001532424286
WV,2022-11-01,0.9,54,-0.09431067947124129
WV,2022-12-01,0.9,54,-0.09431067947124129
WV,2023-01-01,0.9,54,-0.09431067947124129
WV,2023-02-01,0.9,54,-0.09431067947124129
WV,2023-03-01,0.9,54,-0.09431067947124129
WV,2023-04-01,0.9,54,-0.09431067947124129
WV,2023-05-01,0.8,54,-0.21072103131565253
WV,2023-06-01,0.9,54,-0.09431067947124129
WV,2023-07-01,0.9,54,-0.09431067947124129
WV,2023-08-01,0.9,54,-0.09431067947124129
WV,2023-09-01,0.9,54,-0.09431067947124129
WV,2023-10-01,0.9,54,-0.09431067947124129
WV,2023-11-01,0.9,54,-0.09431067947124129
WV,2023-12-01,1.1,54,0.10436001532424286
WV,2024-01-01,1,54,0.009950330853168092
WV,2024-02-01,0.9,54,-0.09431067947124129
WV,2024-03-01,0.8,54,-0.21072103131565253
WV,2024-04-01,0.8,54,-0.21072103131565253
WV,2024-05-01,0.8,54,-0.21072103131565253
WV,2024-06-01,0.8,54,-0.21072103131565253
WV,2024-07-01,0.9,54,-0.09431067947124129
WV,2024-08-01,0.8,54,-0.21072103131565253
WV,2024-09-01,0.9,54,-0.09431067947124129
WV,2024-10-01,0.9,54,-0.09431067947124129
WV,2024-11-01,0.9,54,-0.09431067947124129
WV,2024-12-01,1.1,54,0.10436001532424286
WV,2025-01-01,1.2,54,0.1906203596086497
WV,2025-02-01,1.2,54,0.1906203596086497
WV,2025-03-01,1,54,0.009950330853168092
WI,2008-01-01,0.9,55,-0.09431067947124129
WI,2008-02-01,1,55,0.009950330853168092
WI,2008-03-01,0.9,55,-0.09431067947124129
WI,2008-04-01,0.9,55,-0.09431067947124129
WI,2008-05-01,1,55,0.009950330853168092
WI,2008-06-01,1,55,0.009950330853168092
WI,2008-07-01,1.1,55,0.10436001532424286
WI,2008-08-01,1.1,55,0.10436001532424286
WI,2008-09-01,1.1,55,0.10436001532424286
WI,2008-10-01,1.2,55,0.1906203596086497
WI,2008-11-01,1.3,55,0.2700271372130602
WI,2008-12-01,1.4,55,0.34358970439007686
WI,2009-01-01,1.5,55,0.412109650826833
WI,2009-02-01,1.6,55,0.4762341789963717
WI,2009-03-01,1.7,55,0.5364933705145685
WI,2009-04-01,1.8,55,0.5933268452777344
WI,2009-05-01,1.9,55,0.6471032420585384
WI,2009-06-01,1.9,55,0.6471032420585384
WI,2009-07-01,2,55,0.6981347220709843
WI,2009-08-01,2.2,55,0.7929925155296614
WI,2009-09-01,2.4,55,0.8796267475025635
WI,2009-10-01,2.5,55,0.9202827531436925
WI,2009-11-01,2.5,55,0.9202827531436925
WI,2009-12-01,2.6,55,0.959350221334602
WI,2010-01-01,2.6,55,0.959350221334602
WI,2010-02-01,2.6,55,0.959350221334602
WI,2010-03-01,2.5,55,0.9202827531436925
WI,2010-04-01,2.4,55,0.8796267475025635
WI,2010-05-01,2.3,55,0.837247524533702
WI,2010-06-01,2.3,55,0.837247524533702
WI,2010-07-01,2.3,55,0.837247524533702
WI,2010-08-01,2.3,55,0.837247524533702
WI,2010-09-01,2.3,55,0.837247524533702
WI,2010-10-01,2.3,55,0.837247524533702
WI,2010-11-01,2.3,55,0.837247524533702
WI,2010-12-01,2.3,55,0.837247524533702
WI,2011-01-01,2.3,55,0.837247524533702
WI,2011-02-01,2.2,55,0.7929925155296614
WI,2011-03-01,2.2,55,0.7929925155296614
WI,2011-04-01,2.1,55,0.7466879474879751
WI,2011-05-01,2.1,55,0.7466879474879751
WI,2011-06-01,2.1,55,0.7466879474879751
WI,2011-07-01,2.1,55,0.7466879474879751
WI,2011-08-01,2.2,55,0.7929925155296614
WI,2011-09-01,2.2,55,0.7929925155296614
WI,2011-10-01,2.2,55,0.7929925155296614
WI,2011-11-01,2.2,55,0.7929925155296614
WI,2011-12-01,2.2,55,0.7929925155296614
WI,2012-01-01,2.2,55,0.7929925155296614
WI,2012-02-01,2.3,55,0.837247524533702
WI,2012-03-01,2.1,55,0.7466879474879751
WI,2012-04-01,2,55,0.6981347220709843
WI,2012-05-01,2,55,0.6981347220709843
WI,2012-06-01,2,55,0.6981347220709843
WI,2012-07-01,2.1,55,0.7466879474879751
WI,2012-08-01,2,55,0.6981347220709843
WI,2012-09-01,2,55,0.6981347220709843
WI,2012-10-01,1.9,55,0.6471032420585384
WI,2012-11-01,1.9,55,0.6471032420585384
WI,2012-12-01,1.9,55,0.6471032420585384
WI,2013-01-01,1.8,55,0.5933268452777344
WI,2013-02-01,1.8,55,0.5933268452777344
WI,2013-03-01,1.7,55,0.5364933705145685
WI,2013-04-01,1.7,55,0.5364933705145685
WI,2013-05-01,1.7,55,0.5364933705145685
WI,2013-06-01,1.7,55,0.5364933705145685
WI,2013-07-01,1.6,55,0.4762341789963717
WI,2013-08-01,1.5,55,0.412109650826833
WI,2013-09-01,1.5,55,0.412109650826833
WI,2013-10-01,1.4,55,0.34358970439007686
WI,2013-11-01,1.4,55,0.34358970439007686
WI,2013-12-01,1.5,55,0.412109650826833
WI,2014-01-01,1.5,55,0.412109650826833
WI,2014-02-01,1.4,55,0.34358970439007686
WI,2014-03-01,1.3,55,0.2700271372130602
WI,2014-04-01,1.2,55,0.1906203596086497
WI,2014-05-01,1.2,55,0.1906203596086497
WI,2014-06-01,1.2,55,0.1906203596086497
WI,2014-07-01,1.2,55,0.1906203596086497
WI,2014-08-01,1.2,55,0.1906203596086497
WI,2014-09-01,1.3,55,0.2700271372130602
WI,2014-10-01,1.2,55,0.1906203596086497
WI,2014-11-01,1.2,55,0.1906203596086497
WI,2014-12-01,1.3,55,0.2700271372130602
WI,2015-01-01,1.2,55,0.1906203596086497
WI,2015-02-01,1.2,55,0.1906203596086497
WI,2015-03-01,1.1,55,0.10436001532424286
WI,2015-04-01,1.1,55,0.10436001532424286
WI,2015-05-01,1.1,55,0.10436001532424286
WI,2015-06-01,1.1,55,0.10436001532424286
WI,2015-07-01,1,55,0.009950330853168092
WI,2015-08-01,1,55,0.009950330853168092
WI,2015-09-01,1,55,0.009950330853168092
WI,2015-10-01,0.9,55,-0.09431067947124129
WI,2015-11-01,0.9,55,-0.09431067947124129
WI,2015-12-01,0.9,55,-0.09431067947124129
WI,2016-01-01,0.9,55,-0.09431067947124129
WI,2016-02-01,1,55,0.009950330853168092
WI,2016-03-01,0.9,55,-0.09431067947124129
WI,2016-04-01,0.9,55,-0.09431067947124129
WI,2016-05-01,0.8,55,-0.21072103131565253
WI,2016-06-01,0.8,55,-0.21072103131565253
WI,2016-07-01,0.8,55,-0.21072103131565253
WI,2016-08-01,0.8,55,-0.21072103131565253
WI,2016-09-01,0.8,55,-0.21072103131565253
WI,2016-10-01,0.8,55,-0.21072103131565253
WI,2016-11-01,0.8,55,-0.21072103131565253
WI,2016-12-01,0.8,55,-0.21072103131565253
WI,2017-01-01,0.8,55,-0.21072103131565253
WI,2017-02-01,0.7,55,-0.342490308946776
WI,2017-03-01,0.7,55,-0.342490308946776
WI,2017-04-01,0.7,55,-0.342490308946776
WI,2017-05-01,0.7,55,-0.342490308946776
WI,2017-06-01,0.7,55,-0.342490308946776
WI,2017-07-01,0.7,55,-0.342490308946776
WI,2017-08-01,0.6,55,-0.4942963218147801
WI,2017-09-01,0.7,55,-0.342490308946776
WI,2017-10-01,0.7,55,-0.342490308946776
WI,2017-11-01,0.7,55,-0.342490308946776
WI,2017-12-01,0.7,55,-0.342490308946776
WI,2018-01-01,0.7,55,-0.342490308946776
WI,2018-02-01,0.7,55,-0.342490308946776
WI,2018-03-01,0.6,55,-0.4942963218147801
WI,2018-04-01,0.6,55,-0.4942963218147801
WI,2018-05-01,0.6,55,-0.4942963218147801
WI,2018-06-01,0.6,55,-0.4942963218147801
WI,2018-07-01,0.6,55,-0.4942963218147801
WI,2018-08-01,0.5,55,-0.6733445532637656
WI,2018-09-01,0.6,55,-0.4942963218147801
WI,2018-10-01,0.6,55,-0.4942963218147801
WI,2018-11-01,0.5,55,-0.6733445532637656
WI,2018-12-01,0.6,55,-0.4942963218147801
WI,2019-01-01,0.6,55,-0.4942963218147801
WI,2019-02-01,0.6,55,-0.4942963218147801
WI,2019-03-01,0.5,55,-0.6733445532637656
WI,2019-04-01,0.5,55,-0.6733445532637656
WI,2019-05-01,0.5,55,-0.6733445532637656
WI,2019-06-01,0.5,55,-0.6733445532637656
WI,2019-07-01,0.5,55,-0.6733445532637656
WI,2019-08-01,0.5,55,-0.6733445532637656
WI,2019-09-01,0.5,55,-0.6733445532637656
WI,2019-10-01,0.5,55,-0.6733445532637656
WI,2019-11-01,0.5,55,-0.6733445532637656
WI,2019-12-01,0.5,55,-0.6733445532637656
WI,2020-01-01,0.5,55,-0.6733445532637656
WI,2020-02-01,0.5,55,-0.6733445532637656
WI,2020-03-01,0.5,55,-0.6733445532637656
WI,2020-04-01,0.5,55,-0.6733445532637656
WI,2020-05-01,0.5,55,-0.6733445532637656
WI,2020-06-01,0.4,55,-0.8915981192837835
WI,2020-07-01,0.5,55,-0.6733445532637656
WI,2020-08-01,0.4,55,-0.8915981192837835
WI,2020-09-01,0.4,55,-0.8915981192837835
WI,2020-10-01,0.4,55,-0.8915981192837835
WI,2020-11-01,0.4,55,-0.8915981192837835
WI,2020-12-01,0.4,55,-0.8915981192837835
WI,2021-01-01,0.4,55,-0.8915981192837835
WI,2021-02-01,0.4,55,-0.8915981192837835
WI,2021-03-01,0.4,55,-0.8915981192837835
WI,2021-04-01,0.4,55,-0.8915981192837835
WI,2021-05-01,0.4,55,-0.8915981192837835
WI,2021-06-01,0.3,55,-1.171182981502945
WI,2021-07-01,0.4,55,-0.8915981192837835
WI,2021-08-01,0.4,55,-0.8915981192837835
WI,2021-09-01,0.4,55,-0.8915981192837835
WI,2021-10-01,0.4,55,-0.8915981192837835
WI,2021-11-01,0.4,55,-0.8915981192837835
WI,2021-12-01,0.4,55,-0.8915981192837835
WI,2022-01-01,0.4,55,-0.8915981192837835
WI,2022-02-01,0.4,55,-0.8915981192837835
WI,2022-03-01,0.3,55,-1.171182981502945
WI,2022-04-01,0.3,55,-1.171182981502945
WI,2022-05-01,0.4,55,-0.8915981192837835
WI,2022-06-01,0.4,55,-0.8915981192837835
WI,2022-07-01,0.3,55,-1.171182981502945
WI,2022-08-01,0.3,55,-1.171182981502945
WI,2022-09-01,0.3,55,-1.171182981502945
WI,2022-10-01,0.3,55,-1.171182981502945
WI,2022-11-01,0.4,55,-0.8915981192837835
WI,2022-12-01,0.4,55,-0.8915981192837835
WI,2023-01-01,0.4,55,-0.8915981192837835
WI,2023-02-01,0.4,55,-0.8915981192837835
WI,2023-03-01,0.3,55,-1.171182981502945
WI,2023-04-01,0.3,55,-1.171182981502945
WI,2023-05-01,0.3,55,-1.171182981502945
WI,2023-06-01,0.3,55,-1.171182981502945
WI,2023-07-01,0.3,55,-1.171182981502945
WI,2023-08-01,0.4,55,-0.8915981192837835
WI,2023-09-01,0.4,55,-0.8915981192837835
WI,2023-10-01,0.4,55,-0.8915981192837835
WI,2023-11-01,0.4,55,-0.8915981192837835
WI,2023-12-01,0.4,55,-0.8915981192837835
WI,2024-01-01,0.5,55,-0.6733445532637656
WI,2024-02-01,0.4,55,-0.8915981192837835
WI,2024-03-01,0.4,55,-0.8915981192837835
WI,2024-04-01,0.4,55,-0.8915981192837835
WI,2024-05-01,0.4,55,-0.8915981192837835
WI,2024-06-01,0.4,55,-0.8915981192837835
WI,2024-07-01,0.4,55,-0.8915981192837835
WI,2024-08-01,0.4,55,-0.8915981192837835
WI,2024-09-01,0.4,55,-0.8915981192837835
WI,2024-10-01,0.4,55,-0.8915981192837835
WI,2024-11-01,0.4,55,-0.8915981192837835
WI,2024-12-01,0.5,55,-0.6733445532637656
WI,2025-01-01,0.5,55,-0.6733445532637656
WI,2025-02-01,0.4,55,-0.8915981192837835
WI,2025-03-01,0.4,55,-0.8915981192837835
WY,2008-01-01,0.8,56,-0.21072103131565253
WY,2008-02-01,0.7,56,-0.342490308946776
WY,2008-03-01,0.9,56,-0.09431067947124129
WY,2008-04-01,0.7,56,-0.342490308946776
WY,2008-05-01,0.8,56,-0.21072103131565253
WY,2008-06-01,0.9,56,-0.09431067947124129
WY,2008-07-01,1,56,0.009950330853168092
WY,2008-08-01,1,56,0.009950330853168092
WY,2008-09-01,1,56,0.009950330853168092
WY,2008-10-01,1.2,56,0.1906203596086497
WY,2008-11-01,1.3,56,0.2700271372130602
WY,2008-12-01,1.3,56,0.2700271372130602
WY,2009-01-01,1.2,56,0.1906203596086497
WY,2009-02-01,1.4,56,0.34358970439007686
WY,2009-03-01,1.4,56,0.34358970439007686
WY,2009-04-01,1.4,56,0.34358970439007686
WY,2009-05-01,1.6,56,0.4762341789963717
WY,2009-06-01,1.9,56,0.6471032420585384
WY,2009-07-01,2.1,56,0.7466879474879751
WY,2009-08-01,2.2,56,0.7929925155296614
WY,2009-09-01,2.3,56,0.837247524533702
WY,2009-10-01,2.5,56,0.9202827531436925
WY,2009-11-01,2.5,56,0.9202827531436925
WY,2009-12-01,2.7,56,0.9969486348916096
WY,2010-01-01,2.6,56,0.959350221334602
WY,2010-02-01,2.6,56,0.959350221334602
WY,2010-03-01,2.3,56,0.837247524533702
WY,2010-04-01,2.1,56,0.7466879474879751
WY,2010-05-01,2.2,56,0.7929925155296614
WY,2010-06-01,2.3,56,0.837247524533702
WY,2010-07-01,2.4,56,0.8796267475025635
WY,2010-08-01,2.3,56,0.837247524533702
WY,2010-09-01,2,56,0.6981347220709843
WY,2010-10-01,2.1,56,0.7466879474879751
WY,2010-11-01,2,56,0.6981347220709843
WY,2010-12-01,2,56,0.6981347220709843
WY,2011-01-01,2,56,0.6981347220709843
WY,2011-02-01,1.9,56,0.6471032420585384
WY,2011-03-01,1.7,56,0.5364933705145685
WY,2011-04-01,1.6,56,0.4762341789963717
WY,2011-05-01,1.6,56,0.4762341789963717
WY,2011-06-01,1.7,56,0.5364933705145685
WY,2011-07-01,1.8,56,0.5933268452777344
WY,2011-08-01,1.5,56,0.412109650826833
WY,2011-09-01,1.5,56,0.412109650826833
WY,2011-10-01,1.5,56,0.412109650826833
WY,2011-11-01,1.5,56,0.412109650826833
WY,2011-12-01,1.5,56,0.412109650826833
WY,2012-01-01,1.7,56,0.5364933705145685
WY,2012-02-01,1.5,56,0.412109650826833
WY,2012-03-01,1.5,56,0.412109650826833
WY,2012-04-01,1.4,56,0.34358970439007686
WY,2012-05-01,1.4,56,0.34358970439007686
WY,2012-06-01,1.3,56,0.2700271372130602
WY,2012-07-01,1.4,56,0.34358970439007686
WY,2012-08-01,1.4,56,0.34358970439007686
WY,2012-09-01,1.5,56,0.412109650826833
WY,2012-10-01,1.5,56,0.412109650826833
WY,2012-11-01,1.5,56,0.412109650826833
WY,2012-12-01,1.4,56,0.34358970439007686
WY,2013-01-01,1.4,56,0.34358970439007686
WY,2013-02-01,1.3,56,0.2700271372130602
WY,2013-03-01,1.2,56,0.1906203596086497
WY,2013-04-01,1.1,56,0.10436001532424286
WY,2013-05-01,0.9,56,-0.09431067947124129
WY,2013-06-01,1,56,0.009950330853168092
WY,2013-07-01,0.9,56,-0.09431067947124129
WY,2013-08-01,1,56,0.009950330853168092
WY,2013-09-01,0.8,56,-0.21072103131565253
WY,2013-10-01,0.7,56,-0.342490308946776
WY,2013-11-01,0.7,56,-0.342490308946776
WY,2013-12-01,0.8,56,-0.21072103131565253
WY,2014-01-01,0.8,56,-0.21072103131565253
WY,2014-02-01,0.7,56,-0.342490308946776
WY,2014-03-01,0.8,56,-0.21072103131565253
WY,2014-04-01,0.8,56,-0.21072103131565253
WY,2014-05-01,1,56,0.009950330853168092
WY,2014-06-01,1.1,56,0.10436001532424286
WY,2014-07-01,1,56,0.009950330853168092
WY,2014-08-01,1,56,0.009950330853168092
WY,2014-09-01,1.1,56,0.10436001532424286
WY,2014-10-01,1.2,56,0.1906203596086497
WY,2014-11-01,1.1,56,0.10436001532424286
WY,2014-12-01,1.3,56,0.2700271372130602
WY,2015-01-01,1.2,56,0.1906203596086497
WY,2015-02-01,1.2,56,0.1906203596086497
WY,2015-03-01,1,56,0.009950330853168092
WY,2015-04-01,0.9,56,-0.09431067947124129
WY,2015-05-01,0.9,56,-0.09431067947124129
WY,2015-06-01,0.9,56,-0.09431067947124129
WY,2015-07-01,0.8,56,-0.21072103131565253
WY,2015-08-01,0.9,56,-0.09431067947124129
WY,2015-09-01,0.9,56,-0.09431067947124129
WY,2015-10-01,0.9,56,-0.09431067947124129
WY,2015-11-01,1,56,0.009950330853168092
WY,2015-12-01,1,56,0.009950330853168092
WY,2016-01-01,0.9,56,-0.09431067947124129
WY,2016-02-01,1.1,56,0.10436001532424286
WY,2016-03-01,1,56,0.009950330853168092
WY,2016-04-01,0.9,56,-0.09431067947124129
WY,2016-05-01,1.1,56,0.10436001532424286
WY,2016-06-01,1,56,0.009950330853168092
WY,2016-07-01,1,56,0.009950330853168092
WY,2016-08-01,1,56,0.009950330853168092
WY,2016-09-01,0.9,56,-0.09431067947124129
WY,2016-10-01,1,56,0.009950330853168092
WY,2016-11-01,1.1,56,0.10436001532424286
WY,2016-12-01,1.1,56,0.10436001532424286
WY,2017-01-01,1.2,56,0.1906203596086497
WY,2017-02-01,1,56,0.009950330853168092
WY,2017-03-01,1.1,56,0.10436001532424286
WY,2017-04-01,1,56,0.009950330853168092
WY,2017-05-01,0.9,56,-0.09431067947124129
WY,2017-06-01,0.9,56,-0.09431067947124129
WY,2017-07-01,0.9,56,-0.09431067947124129
WY,2017-08-01,0.9,56,-0.09431067947124129
WY,2017-09-01,0.9,56,-0.09431067947124129
WY,2017-10-01,0.8,56,-0.21072103131565253
WY,2017-11-01,0.9,56,-0.09431067947124129
WY,2017-12-01,0.9,56,-0.09431067947124129
WY,2018-01-01,0.9,56,-0.09431067947124129
WY,2018-02-01,0.7,56,-0.342490308946776
WY,2018-03-01,0.6,56,-0.4942963218147801
WY,2018-04-01,0.7,56,-0.342490308946776
WY,2018-05-01,0.7,56,-0.342490308946776
WY,2018-06-01,0.6,56,-0.4942963218147801
WY,2018-07-01,0.7,56,-0.342490308946776
WY,2018-08-01,0.6,56,-0.4942963218147801
WY,2018-09-01,0.5,56,-0.6733445532637656
WY,2018-10-01,0.7,56,-0.342490308946776
WY,2018-11-01,0.6,56,-0.4942963218147801
WY,2018-12-01,0.4,56,-0.8915981192837835
WY,2019-01-01,0.5,56,-0.6733445532637656
WY,2019-02-01,0.6,56,-0.4942963218147801
WY,2019-03-01,0.5,56,-0.6733445532637656
WY,2019-04-01,0.5,56,-0.6733445532637656
WY,2019-05-01,0.5,56,-0.6733445532637656
WY,2019-06-01,0.6,56,-0.4942963218147801
WY,2019-07-01,0.5,56,-0.6733445532637656
WY,2019-08-01,0.5,56,-0.6733445532637656
WY,2019-09-01,0.6,56,-0.4942963218147801
WY,2019-10-01,0.6,56,-0.4942963218147801
WY,2019-11-01,0.7,56,-0.342490308946776
WY,2019-12-01,0.7,56,-0.342490308946776
WY,2020-01-01,0.6,56,-0.4942963218147801
WY,2020-02-01,0.6,56,-0.4942963218147801
WY,2020-03-01,0.6,56,-0.4942963218147801
WY,2020-04-01,0.6,56,-0.4942963218147801
WY,2020-05-01,0.7,56,-0.342490308946776
WY,2020-06-01,0.7,56,-0.342490308946776
WY,2020-07-01,0.7,56,-0.342490308946776
WY,2020-08-01,0.6,56,-0.4942963218147801
WY,2020-09-01,0.7,56,-0.342490308946776
WY,2020-10-01,0.6,56,-0.4942963218147801
WY,2020-11-01,0.6,56,-0.4942963218147801
WY,2020-12-01,0.6,56,-0.4942963218147801
WY,2021-01-01,0.6,56,-0.4942963218147801
WY,2021-02-01,0.6,56,-0.4942963218147801
WY,2021-03-01,0.5,56,-0.6733445532637656
WY,2021-04-01,0.5,56,-0.6733445532637656
WY,2021-05-01,0.4,56,-0.8915981192837835
WY,2021-06-01,0.4,56,-0.8915981192837835
WY,2021-07-01,0.4,56,-0.8915981192837835
WY,2021-08-01,0.5,56,-0.6733445532637656
WY,2021-09-01,0.4,56,-0.8915981192837835
WY,2021-10-01,0.6,56,-0.4942963218147801
WY,2021-11-01,0.6,56,-0.4942963218147801
WY,2021-12-01,0.6,56,-0.4942963218147801
WY,2022-01-01,0.6,56,-0.4942963218147801
WY,2022-02-01,0.6,56,-0.4942963218147801
WY,2022-03-01,0.6,56,-0.4942963218147801
WY,2022-04-01,0.6,56,-0.4942963218147801
WY,2022-05-01,0.6,56,-0.4942963218147801
WY,2022-06-01,0.5,56,-0.6733445532637656
WY,2022-07-01,0.6,56,-0.4942963218147801
WY,2022-08-01,0.5,56,-0.6733445532637656
WY,2022-09-01,0.4,56,-0.8915981192837835
WY,2022-10-01,0.4,56,-0.8915981192837835
WY,2022-11-01,0.5,56,-0.6733445532637656
WY,2022-12-01,0.5,56,-0.6733445532637656
WY,2023-01-01,0.5,56,-0.6733445532637656
WY,2023-02-01,0.5,56,-0.6733445532637656
WY,2023-03-01,0.4,56,-0.8915981192837835
WY,2023-04-01,0.6,56,-0.4942963218147801
WY,2023-05-01,0.5,56,-0.6733445532637656
WY,2023-06-01,0.5,56,-0.6733445532637656
WY,2023-07-01,0.4,56,-0.8915981192837835
WY,2023-08-01,0.5,56,-0.6733445532637656
WY,2023-09-01,0.5,56,-0.6733445532637656
WY,2023-10-01,0.5,56,-0.6733445532637656
WY,2023-11-01,0.5,56,-0.6733445532637656
WY,2023-12-01,0.5,56,-0.6733445532637656
WY,2024-01-01,0.5,56,-0.6733445532637656
WY,2024-02-01,0.6,56,-0.4942963218147801
WY,2024-03-01,0.6,56,-0.4942963218147801
WY,2024-04-01,0.6,56,-0.4942963218147801
WY,2024-05-01,0.6,56,-0.4942963218147801
WY,2024-06-01,0.6,56,-0.4942963218147801
WY,2024-07-01,0.6,56,-0.4942963218147801
WY,2024-08-01,0.6,56,-0.4942963218147801
WY,2024-09-01,0.6,56,-0.4942963218147801
WY,2024-10-01,0.6,56,-0.4942963218147801
WY,2024-11-01,0.7,56,-0.342490308946776
WY,2024-12-01,0.8,56,-0.21072103131565253
WY,2025-01-01,0.8,56,-0.21072103131565253
WY,2025-02-01,0.7,56,-0.342490308946776
WY,2025-03-01,0.5,56,-0.6733445532637656
