"state","month","outcome","treated_state","post_treatment"
"10",2016-01-01,15.5548880940029,TRUE,0
"10",2016-02-01,11.0040138710646,TRUE,0
"10",2016-03-01,11.1041331039693,TRUE,0
"10",2016-04-01,12.8516688055776,TRUE,0
"10",2016-05-01,13.1520265042915,TRUE,0
"10",2016-06-01,14.4717800289436,TRUE,0
"10",2016-07-01,13.7072331594899,TRUE,0
"10",2016-08-01,15.099800671709,TRUE,0
"10",2016-09-01,14.2624398146884,TRUE,0
"10",2016-10-01,14.6993237400905,TRUE,0
"10",2016-11-01,12.9062792962528,TRUE,0
"10",2016-12-01,13.4341807061136,TRUE,0
"10",2017-01-01,13.5798086812477,TRUE,0
"10",2017-02-01,12.4420901255131,TRUE,0
"10",2017-03-01,11.1405400977528,TRUE,0
"10",2017-04-01,11.5501187778172,TRUE,0
"10",2017-05-01,13.6344191719229,TRUE,0
"10",2017-06-01,14.8904604574539,TRUE,0
"10",2017-07-01,13.2976544794255,TRUE,0
"10",2017-08-01,14.881358709008,TRUE,0
"10",2017-09-01,14.4717800289436,TRUE,0
"10",2017-10-01,14.3170503053637,TRUE,0
"10",2017-11-01,12.4875988677425,TRUE,0
"10",2017-12-01,11.9141887156523,TRUE,0
"10",2018-01-01,14.1259135880003,TRUE,0
"10",2018-02-01,13.2885527309796,TRUE,0
"10",2018-03-01,11.568322274709,TRUE,0
"10",2018-04-01,11.859578224977,TRUE,0
"10",2018-05-01,13.8437593861781,TRUE,0
"10",2018-06-01,14.0622013488791,TRUE,1
"10",2018-07-01,13.1975352465209,TRUE,1
"10",2018-08-01,15.618600333124,TRUE,1
"10",2018-09-01,14.0075908582039,TRUE,1
"10",2018-10-01,15.2636321437348,TRUE,1
"10",2018-11-01,12.6878373335518,TRUE,1
"10",2018-12-01,12.5331076099719,TRUE,1
"10",2019-01-01,14.5081870227271,TRUE,1
"10",2019-02-01,14.1259135880003,TRUE,1
"10",2019-03-01,11.4773047902502,TRUE,1
"10",2019-04-01,12.0598166907863,TRUE,1
"10",2019-05-01,13.0610090198327,TRUE,1
"10",2019-06-01,12.0507149423404,TRUE,1
"10",2019-07-01,15.2636321437348,TRUE,1
"10",2019-08-01,15.2272251499513,TRUE,1
"10",2019-09-01,13.3704684669925,TRUE,1
"10",2019-10-01,14.7539342307657,TRUE,1
"10",2019-11-01,12.3965813832837,TRUE,1
"10",2019-12-01,13.261247485642,TRUE,1
"10",2020-01-01,13.6890296625982,TRUE,1
"10",2020-02-01,13.1065177620621,TRUE,1
"10",2020-03-01,5.97984872894083,TRUE,1
"10",2020-04-01,0.10051934997487,TRUE,1
"10",2020-05-01,0.167532249958117,TRUE,1
"10",2020-06-01,0.418680428510317,TRUE,1
"10",2020-07-01,5.01506339367793,TRUE,1
"10",2020-08-01,5.06967388435318,TRUE,1
"10",2020-09-01,6.75349734684033,TRUE,1
"10",2020-10-01,6.68978510771919,TRUE,1
"10",2020-11-01,5.97984872894083,TRUE,1
"10",2020-12-01,5.34272633772948,TRUE,1
"10",2021-01-01,5.08787738124494,TRUE,1
"10",2021-02-01,5.53386305509288,TRUE,1
"10",2021-03-01,6.17098544630424,TRUE,1
"10",2021-04-01,5.16069136881195,TRUE,1
"10",2021-05-01,4.91494416077328,TRUE,1
"10",2021-06-01,5.13338612347432,TRUE,1
"10",2021-07-01,5.78871201157742,TRUE,1
"10",2021-08-01,7.6909774367656,TRUE,1
"10",2021-09-01,7.63636694609034,TRUE,1
"10",2021-10-01,8.17337010439705,TRUE,1
"10",2021-11-01,7.072058542446,TRUE,1
"10",2021-12-01,8.31899807953108,TRUE,1
"10",2022-01-01,7.4998407194022,TRUE,1
"10",2022-02-01,8.26438758885582,TRUE,1
"10",2022-03-01,9.29288516323986,TRUE,1
"10",2022-04-01,8.64666102358263,TRUE,1
"10",2022-05-01,7.8457071603455,TRUE,1
"10",2022-06-01,8.35540507331458,TRUE,1
"10",2022-07-01,7.9640298901419,TRUE,1
"10",2022-08-01,10.3577897314074,TRUE,1
"10",2022-09-01,9.00162921297181,TRUE,1
"10",2022-10-01,9.0835449489847,TRUE,1
"10",2022-11-01,8.36450682176046,TRUE,1
"10",2022-12-01,9.53863237127852,TRUE,1
"10",2023-01-01,11.2770663244409,TRUE,1
"10",2023-02-01,11.422694299575,TRUE,1
"10",2023-03-01,10.3213827376239,TRUE,1
"10",2023-04-01,7.45433197717281,TRUE,1
"10",2023-05-01,9.83899006999244,TRUE,1
"10",2023-06-01,11.0677261101858,TRUE,1
"10",2023-07-01,9.42030964148213,TRUE,1
"10",2023-08-01,11.3043715697786,TRUE,1
"10",2023-09-01,10.239467001611,TRUE,1
"10",2023-10-01,9.34749565391512,TRUE,1
"10",2023-11-01,9.72976908864193,TRUE,1
"10",2023-12-01,8.63755927513675,TRUE,1
"10",2024-01-01,8.10965786527592,TRUE,1
"10",2024-02-01,7.75468967588674,TRUE,1
"10",2024-03-01,7.86391065723726,TRUE,1
"10",2024-04-01,7.50894246784807,TRUE,1
"10",2024-05-01,8.41001556398984,TRUE,1
"10",2024-06-01,8.54654179067799,TRUE,1
"10",2024-07-01,10.2849757438404,TRUE,1
"10",2024-08-01,9.12905369121408,TRUE,1
"10",2024-09-01,9.98461804512647,TRUE,1
"10",2024-10-01,11.0859296070775,TRUE,1
"10",2024-11-01,7.91852114791251,TRUE,1
"10",2024-12-01,6.96283756109549,TRUE,1
"10",2025-01-01,8.04594562615478,TRUE,1
"10",2025-02-01,10.385094976745,TRUE,1
"10",2025-03-01,8.64666102358263,TRUE,1
"10",2025-04-01,8.10965786527592,TRUE,1
"10",2025-05-01,7.87301240568313,TRUE,1
"10",2025-06-01,8.69216976581201,TRUE,1
"10",2025-07-01,9.21096942722697,TRUE,1
"10",2025-08-01,6.93553231575786,TRUE,1
"10",2025-09-01,6.18008719475011,TRUE,1
"12",2016-01-01,4.15381974248927,FALSE,0
"12",2016-02-01,3.50417263239799,FALSE,0
"12",2016-03-01,3.43323381333055,FALSE,0
"12",2016-04-01,3.4817540846426,FALSE,0
"12",2016-05-01,3.87364806866953,FALSE,0
"12",2016-06-01,4.31649638884713,FALSE,0
"12",2016-07-01,4.32824034334764,FALSE,0
"12",2016-08-01,4.50884120171674,FALSE,0
"12",2016-09-01,4.29796181465838,FALSE,0
"12",2016-10-01,3.98145922746781,FALSE,0
"12",2016-11-01,3.84656612548134,FALSE,0
"12",2016-12-01,3.83528794531573,FALSE,0
"12",2017-01-01,4.31565713814637,FALSE,0
"12",2017-02-01,3.56944206008584,FALSE,0
"12",2017-03-01,3.42615036207634,FALSE,0
"12",2017-04-01,3.08333802586708,FALSE,0
"12",2017-05-01,3.87366587279071,FALSE,0
"12",2017-06-01,4.27094636337335,FALSE,0
"12",2017-07-01,4.05707938370313,FALSE,0
"12",2017-08-01,4.56156464756507,FALSE,0
"12",2017-09-01,3.27152114053938,FALSE,0
"12",2017-10-01,5.07435453345388,FALSE,0
"12",2017-11-01,3.94304701362275,FALSE,0
"12",2017-12-01,3.87327160922138,FALSE,0
"12",2018-01-01,4.53685188198007,FALSE,0
"12",2018-02-01,3.50360592605208,FALSE,0
"12",2018-03-01,3.25547320849323,FALSE,0
"12",2018-04-01,3.35956318813897,FALSE,0
"12",2018-05-01,3.84008918562513,FALSE,0
"12",2018-06-01,4.17020539756095,FALSE,0
"12",2018-07-01,4.16539547207357,FALSE,0
"12",2018-08-01,4.51973286929185,FALSE,0
"12",2018-09-01,3.80978540772532,FALSE,0
"12",2018-10-01,4.5835315503073,FALSE,0
"12",2018-11-01,3.70570402192227,FALSE,0
"12",2018-12-01,3.56762059698047,FALSE,0
"12",2019-01-01,4.46957824233201,FALSE,0
"12",2019-02-01,3.66876274257709,FALSE,0
"12",2019-03-01,3.12616484650283,FALSE,0
"12",2019-04-01,3.35458936667276,FALSE,0
"12",2019-05-01,3.81331702290805,FALSE,0
"12",2019-06-01,3.92793428987715,FALSE,0
"12",2019-07-01,4.36043019433158,FALSE,0
"12",2019-08-01,4.55320005966452,FALSE,0
"12",2019-09-01,4.17087108147967,FALSE,0
"12",2019-10-01,4.52326180257511,FALSE,0
"12",2019-11-01,3.57003751390199,FALSE,0
"12",2019-12-01,3.86548841692083,FALSE,0
"12",2020-01-01,4.548669527897,FALSE,0
"12",2020-02-01,3.76867685656092,FALSE,0
"12",2020-03-01,2.64699840822857,FALSE,0
"12",2020-04-01,0.56985223598997,FALSE,0
"12",2020-05-01,0.86692285215546,FALSE,0
"12",2020-06-01,1.03241322976601,FALSE,0
"12",2020-07-01,0.843923099744689,FALSE,0
"12",2020-08-01,3.16991864104694,FALSE,0
"12",2020-09-01,3.64154506437768,FALSE,0
"12",2020-10-01,4.47107296137339,FALSE,0
"12",2020-11-01,3.66504042939803,FALSE,0
"12",2020-12-01,3.91354101666945,FALSE,0
"12",2021-01-01,3.59706285770945,FALSE,0
"12",2021-02-01,3.30178553736749,FALSE,0
"12",2021-03-01,3.21609185460382,FALSE,0
"12",2021-04-01,2.94631083030087,FALSE,0
"12",2021-05-01,2.74382913240315,FALSE,0
"12",2021-06-01,2.82892519377211,FALSE,0
"12",2021-07-01,3.02250852418796,FALSE,0
"12",2021-08-01,3.04522108621365,FALSE,0
"12",2021-09-01,3.44042839857329,FALSE,0
"12",2021-10-01,3.39800526793786,FALSE,0
"12",2021-11-01,3.18214592274678,FALSE,0
"12",2021-12-01,3.03898370124463,FALSE,0
"12",2022-01-01,3.55451944997621,FALSE,0
"12",2022-02-01,3.27467468059205,FALSE,0
"12",2022-03-01,3.77166871432066,FALSE,0
"12",2022-04-01,3.53236051502146,FALSE,0
"12",2022-05-01,3.78517192876957,FALSE,0
"12",2022-06-01,4.39269408273422,FALSE,0
"12",2022-07-01,4.50208554511905,FALSE,0
"12",2022-08-01,5.15123869305166,FALSE,0
"12",2022-09-01,4.39818580841978,FALSE,0
"12",2022-10-01,4.78793725658341,FALSE,0
"12",2022-11-01,4.17577091815475,FALSE,0
"12",2022-12-01,4.11839612386247,FALSE,0
"12",2023-01-01,5.05378196448668,FALSE,0
"12",2023-02-01,4.57239272989556,FALSE,0
"12",2023-03-01,4.43715294492682,FALSE,0
"12",2023-04-01,3.58465930039171,FALSE,0
"12",2023-05-01,4.43255045713013,FALSE,0
"12",2023-06-01,4.80061415956849,FALSE,0
"12",2023-07-01,4.49403288146521,FALSE,0
"12",2023-08-01,5.05235976191347,FALSE,0
"12",2023-09-01,4.79396741099173,FALSE,0
"12",2023-10-01,4.93437997467589,FALSE,0
"12",2023-11-01,4.08525784399416,FALSE,0
"12",2023-12-01,3.87422357668188,FALSE,0
"12",2024-01-01,5.88442319303153,FALSE,0
"12",2024-02-01,5.38533187297292,FALSE,0
"12",2024-03-01,4.52367877329725,FALSE,0
"12",2024-04-01,4.8225267673749,FALSE,0
"12",2024-05-01,5.22604740912442,FALSE,0
"12",2024-06-01,4.93933537419713,FALSE,0
"12",2024-07-01,5.87987220835015,FALSE,0
"12",2024-08-01,5.63411903555533,FALSE,0
"12",2024-09-01,5.17598657762918,FALSE,0
"12",2024-10-01,4.93630138440954,FALSE,0
"12",2024-11-01,4.51457680393448,FALSE,0
"12",2024-12-01,5.03642304740002,FALSE,0
"12",2025-01-01,6.15293128923328,FALSE,0
"12",2025-02-01,5.00911713931171,FALSE,0
"12",2025-03-01,4.66172530863261,FALSE,0
"12",2025-04-01,3.9396357391861,FALSE,0
"12",2025-05-01,5.11274846560926,FALSE,0
"12",2025-06-01,5.51852215335603,FALSE,0
"12",2025-07-01,6.0884926356794,FALSE,0
"12",2025-08-01,5.81294399190717,FALSE,0
"12",2025-09-01,6.19606984591924,FALSE,0
"13",2016-01-01,28.6007725111076,FALSE,0
"13",2016-02-01,21.9808435106834,FALSE,0
"13",2016-03-01,18.7322780146911,FALSE,0
"13",2016-04-01,21.1659112728572,FALSE,0
"13",2016-05-01,24.9503226238585,FALSE,0
"13",2016-06-01,25.7875817723102,FALSE,0
"13",2016-07-01,27.0937060438947,FALSE,0
"13",2016-08-01,27.5514077117149,FALSE,0
"13",2016-09-01,26.4238987251334,FALSE,0
"13",2016-10-01,25.2070820960504,FALSE,0
"13",2016-11-01,23.2758043269553,FALSE,0
"13",2016-12-01,23.9344481904039,FALSE,0
"13",2017-01-01,30.0631851570698,FALSE,0
"13",2017-02-01,24.7270535176048,FALSE,0
"13",2017-03-01,17.3814999218558,FALSE,0
"13",2017-04-01,21.2552189153587,FALSE,0
"13",2017-05-01,26.401571814508,FALSE,0
"13",2017-06-01,26.9820714907678,FALSE,0
"13",2017-07-01,26.7699658398267,FALSE,0
"13",2017-08-01,30.1748197101967,FALSE,0
"13",2017-09-01,27.082542588582,FALSE,0
"13",2017-10-01,28.7012436089218,FALSE,0
"13",2017-11-01,26.6806581973252,FALSE,0
"13",2017-12-01,23.967938556342,FALSE,0
"13",2018-01-01,32.0502802027283,FALSE,0
"13",2018-02-01,24.9726495344839,FALSE,0
"13",2018-03-01,19.6365178950189,FALSE,0
"13",2018-04-01,23.0302083100761,FALSE,0
"13",2018-05-01,26.5913505548237,FALSE,0
"13",2018-06-01,27.942128647659,FALSE,0
"13",2018-07-01,30.2194735314475,FALSE,0
"13",2018-08-01,31.8605014624126,FALSE,0
"13",2018-09-01,29.9627140592556,FALSE,0
"13",2018-10-01,29.5831565786242,FALSE,0
"13",2018-11-01,25.0842840876108,FALSE,0
"13",2018-12-01,26.5913505548237,FALSE,0
"13",2019-01-01,33.1331353680591,FALSE,0
"13",2019-02-01,27.7858402732814,FALSE,0
"13",2019-03-01,20.7640268816004,FALSE,0
"13",2019-04-01,25.6312933979325,FALSE,0
"13",2019-05-01,27.40628279265,FALSE,0
"13",2019-06-01,29.1924356426801,FALSE,0
"13",2019-07-01,30.0966755230079,FALSE,0
"13",2019-08-01,30.8892808502088,FALSE,0
"13",2019-09-01,28.3328495836031,FALSE,0
"13",2019-10-01,28.6789166982965,FALSE,0
"13",2019-11-01,25.4861684788676,FALSE,0
"13",2019-12-01,27.6630422648418,FALSE,0
"13",2020-01-01,30.3757619058251,FALSE,0
"13",2020-02-01,29.3933778383085,FALSE,0
"13",2020-03-01,16.0307218290205,FALSE,0
"13",2020-04-01,3.14809439817812,FALSE,0
"13",2020-05-01,2.96947911317511,FALSE,0
"13",2020-06-01,6.08408314541517,FALSE,0
"13",2020-07-01,7.52416888075197,FALSE,0
"13",2020-08-01,8.40608185045435,FALSE,0
"13",2020-09-01,17.9508361428029,FALSE,0
"13",2020-10-01,16.4995869521534,FALSE,0
"13",2020-11-01,18.0289803299917,FALSE,0
"13",2020-12-01,17.6717497599857,FALSE,0
"13",2021-01-01,16.5219138627788,FALSE,0
"13",2021-02-01,16.0753756502713,FALSE,0
"13",2021-03-01,12.1346759248923,FALSE,0
"13",2021-04-01,10.783897832057,FALSE,0
"13",2021-05-01,11.7774453548862,FALSE,0
"13",2021-06-01,14.9367032083771,FALSE,0
"13",2021-07-01,15.2157895911943,FALSE,0
"13",2021-08-01,17.1805577262274,FALSE,0
"13",2021-09-01,20.3509790350309,FALSE,0
"13",2021-10-01,20.5295943200339,FALSE,0
"13",2021-11-01,17.3145191899797,FALSE,0
"13",2021-12-01,23.4432561566456,FALSE,0
"13",2022-01-01,21.3780169237983,FALSE,0
"13",2022-02-01,14.1887517024269,FALSE,0
"13",2022-03-01,22.3715644466275,FALSE,0
"13",2022-04-01,18.1517783384313,FALSE,0
"13",2022-05-01,26.8146196610775,FALSE,0
"13",2022-06-01,22.5725066422559,FALSE,0
"13",2022-07-01,23.4320927013329,FALSE,0
"13",2022-08-01,27.6072249882784,FALSE,0
"13",2022-09-01,26.6136774654491,FALSE,0
"13",2022-10-01,26.2452834401304,FALSE,0
"13",2022-11-01,23.9456116457166,FALSE,0
"13",2022-12-01,24.3474960369734,FALSE,0
"13",2023-01-01,30.5320502802027,FALSE,0
"13",2023-02-01,27.1606867757708,FALSE,0
"13",2023-03-01,23.5660541650852,FALSE,0
"13",2023-04-01,22.9743910335127,FALSE,0
"13",2023-05-01,16.477260041528,FALSE,0
"13",2023-06-01,27.3616289713992,FALSE,0
"13",2023-07-01,37.2747772890665,FALSE,0
"13",2023-08-01,30.3199446292616,FALSE,0
"13",2023-09-01,27.082542588582,FALSE,0
"13",2023-10-01,29.9068967826922,FALSE,0
"13",2023-11-01,26.9262542142044,FALSE,0
"13",2023-12-01,25.006139900422,FALSE,0
"13",2024-01-01,30.9785884927103,FALSE,0
"13",2024-02-01,26.0108508785639,FALSE,0
"13",2024-03-01,21.8022282256804,FALSE,0
"13",2024-04-01,23.6218714416486,FALSE,0
"13",2024-05-01,22.3827279019402,FALSE,0
"13",2024-06-01,26.3496355901461,FALSE,0
"13",2024-07-01,27.0751574712265,FALSE,0
"13",2024-08-01,28.5097120997263,FALSE,0
"13",2024-09-01,27.8831250206114,FALSE,0
"13",2024-10-01,27.9490815552551,FALSE,0
"13",2024-11-01,27.3060053424793,FALSE,0
"13",2024-12-01,26.77835306533,FALSE,0
"13",2025-01-01,31.0820169508294,FALSE,0
"13",2025-02-01,29.6474623223296,FALSE,0
"13",2025-03-01,21.765656432411,FALSE,0
"13",2025-04-01,23.0023414569798,FALSE,0
"13",2025-05-01,26.4541703745652,FALSE,0
"13",2025-06-01,36.8295445352318,FALSE,0
"13",2025-07-01,39.4183318501739,FALSE,0
"13",2025-08-01,30.7013995631421,FALSE,0
"13",2025-09-01,28.8407086805275,FALSE,0
"15",2020-01-01,1.13599126160568,FALSE,0
"15",2020-02-01,1.15783724740579,FALSE,0
"15",2020-03-01,0.660841070453304,FALSE,0
"15",2020-04-01,0.278536318951393,FALSE,0
"15",2020-05-01,0.14199890770071,FALSE,0
"15",2020-06-01,0.245767340251229,FALSE,0
"15",2020-07-01,0.333151283451666,FALSE,0
"15",2020-08-01,0.251228836701256,FALSE,0
"15",2020-09-01,0.360458765701802,FALSE,0
"15",2020-10-01,0.48607318405243,FALSE,0
"15",2020-11-01,0.322228290551611,FALSE,0
"15",2020-12-01,0.36592026215183,FALSE,0
"15",2021-01-01,0.436919716002185,FALSE,0
"15",2021-02-01,0.469688694702348,FALSE,0
"15",2021-03-01,0.622610595303113,FALSE,0
"15",2021-04-01,0.551611141452758,FALSE,0
"15",2021-05-01,0.578918623702895,FALSE,0
"15",2021-06-01,0.562534134352813,FALSE,0
"15",2021-07-01,0.573457127252867,FALSE,0
"15",2021-08-01,0.917531403604588,FALSE,0
"15",2021-09-01,1.15783724740579,FALSE,0
"15",2021-10-01,1.07045330420535,FALSE,0
"15",2021-11-01,1.00491534680502,FALSE,0
"15",2021-12-01,1.41452758055707,FALSE,0
"15",2022-01-01,1.01037684325505,FALSE,0
"15",2022-02-01,1.00491534680502,FALSE,0
"15",2022-03-01,1.04860731840524,FALSE,0
"15",2022-04-01,0.906608410704533,FALSE,0
"15",2022-05-01,1.03768432550519,FALSE,0
"15",2022-06-01,0.988530857454943,FALSE,0
"15",2022-07-01,0.944838885854724,FALSE,0
"15",2022-08-01,2.23375204806117,FALSE,0
"15",2022-09-01,2.15729109776079,FALSE,0
"16",2016-01-01,1.16369278510473,FALSE,0
"16",2016-02-01,0.872769588828549,FALSE,0
"16",2016-03-01,1.64856477889837,FALSE,0
"16",2016-04-01,0.779264780620024,FALSE,0
"16",2016-05-01,2.71528316524438,FALSE,0
"16",2016-06-01,2.13343677269201,FALSE,0
"16",2016-07-01,2.13343677269201,FALSE,0
"16",2016-08-01,1.77023012991689,FALSE,0
"16",2016-09-01,1.5452008761139,FALSE,0
"16",2016-10-01,1.59020672687449,FALSE,0
"16",2016-11-01,1.24516187104324,FALSE,0
"16",2016-12-01,1.2301599207897,FALSE,0
"16",2017-01-01,1.75522817966336,FALSE,0
"16",2017-02-01,1.26016382129677,FALSE,0
"16",2017-03-01,0.893460556007377,FALSE,0
"16",2017-04-01,0.978325432967238,FALSE,0
"16",2017-05-01,1.44018722433916,FALSE,0
"16",2017-06-01,1.83023793093102,FALSE,0
"16",2017-07-01,1.92024963245222,FALSE,0
"16",2017-08-01,1.72522427915629,FALSE,0
"16",2017-09-01,1.80818747287719,FALSE,0
"16",2017-10-01,1.51719817544684,FALSE,0
"16",2017-11-01,1.38220538548172,FALSE,0
"16",2017-12-01,1.25606507227439,FALSE,0
"16",2018-01-01,1.95445526962599,FALSE,0
"16",2018-02-01,1.58432675773325,FALSE,0
"16",2018-03-01,1.5543054260301,FALSE,0
"16",2018-04-01,1.31485082038299,FALSE,0
"16",2018-05-01,1.64531832150336,FALSE,0
"16",2018-06-01,1.49718238592649,FALSE,0
"16",2018-07-01,1.61925982429024,FALSE,0
"16",2018-08-01,1.66458011316347,FALSE,0
"16",2018-09-01,1.43899404901994,FALSE,0
"16",2018-10-01,1.68685959173439,FALSE,0
"16",2018-11-01,1.54618557808834,FALSE,0
"16",2018-12-01,1.19135448260786,FALSE,0
"16",2019-01-01,1.66189908161256,FALSE,0
"16",2019-02-01,1.39635305437563,FALSE,0
"16",2019-03-01,1.29471812547833,FALSE,0
"16",2019-04-01,1.30036767032803,FALSE,0
"16",2019-05-01,1.36718303091321,FALSE,0
"16",2019-06-01,1.52716994894238,FALSE,0
"16",2019-07-01,1.57110098367095,FALSE,0
"16",2019-08-01,1.59759739416623,FALSE,0
"16",2019-09-01,1.37034196517188,FALSE,0
"16",2019-10-01,1.44656810260382,FALSE,0
"16",2019-11-01,1.24445526045066,FALSE,0
"16",2019-12-01,1.21076084432601,FALSE,0
"16",2020-01-01,1.58216468896081,FALSE,0
"16",2020-02-01,1.35833439302683,FALSE,0
"16",2020-03-01,1.07325992765433,FALSE,0
"16",2020-04-01,0.59450400025298,FALSE,0
"16",2020-05-01,0.85967159391191,FALSE,0
"16",2020-06-01,1.03682181894865,FALSE,0
"16",2020-07-01,0.967574593589527,FALSE,0
"16",2020-08-01,1.38724172823119,FALSE,0
"16",2020-09-01,1.12127814088598,FALSE,0
"16",2020-10-01,0.900886054393742,FALSE,0
"16",2020-11-01,0.863225430154564,FALSE,0
"16",2020-12-01,1.11178432560575,FALSE,0
"16",2021-01-01,1.22884648235806,FALSE,0
"16",2021-02-01,1.11856194528602,FALSE,0
"16",2021-03-01,1.08043217286915,FALSE,0
"16",2021-04-01,0.918133129303749,FALSE,0
"16",2021-05-01,0.787008486770622,FALSE,0
"16",2021-06-01,1.08804010367712,FALSE,0
"16",2021-07-01,1.06841768453855,FALSE,0
"16",2021-08-01,1.23999424288387,FALSE,0
"16",2021-09-01,1.29255345592337,FALSE,0
"16",2021-10-01,1.13927815784895,FALSE,0
"16",2021-11-01,0.931593562449613,FALSE,0
"16",2021-12-01,0.84657053133741,FALSE,0
"16",2022-01-01,1.02116231967458,FALSE,0
"16",2022-02-01,1.00844225979236,FALSE,0
"16",2022-03-01,1.12022470068142,FALSE,0
"16",2022-04-01,1.09165868246088,FALSE,0
"16",2022-05-01,1.05182901378508,FALSE,0
"16",2022-06-01,1.30485543575304,FALSE,0
"16",2022-07-01,1.1655475514973,FALSE,0
"16",2022-08-01,1.49598803209574,FALSE,0
"16",2022-09-01,1.23666801674092,FALSE,0
"16",2022-10-01,1.36020705986012,FALSE,0
"16",2022-11-01,1.3654070117666,FALSE,0
"16",2022-12-01,1.01076127876433,FALSE,0
"16",2023-01-01,1.41580145466659,FALSE,0
"16",2023-02-01,1.38662173310164,FALSE,0
"16",2023-03-01,1.53113962113968,FALSE,0
"16",2023-04-01,1.17618230825778,FALSE,0
"16",2023-05-01,1.39480995714334,FALSE,0
"16",2023-06-01,1.23808075761854,FALSE,0
"16",2023-07-01,1.57852325286176,FALSE,0
"16",2023-08-01,1.45903417443442,FALSE,0
"16",2023-09-01,1.66305133767173,FALSE,0
"16",2023-10-01,1.69204737732657,FALSE,0
"16",2023-11-01,1.66861615730449,FALSE,0
"16",2023-12-01,1.54710713716925,FALSE,0
"16",2024-01-01,1.86490989947143,FALSE,0
"16",2024-02-01,2.00258691113733,FALSE,0
"16",2024-03-01,1.54334405703852,FALSE,0
"16",2024-04-01,1.95891899194479,FALSE,0
"16",2024-05-01,1.75202682721333,FALSE,0
"16",2024-06-01,1.70550811799423,FALSE,0
"16",2024-07-01,1.92833308181163,FALSE,0
"16",2024-08-01,1.92805596871041,FALSE,0
"16",2024-09-01,1.76451168562094,FALSE,0
"16",2024-10-01,1.9284618277997,FALSE,0
"16",2024-11-01,1.48166986405126,FALSE,0
"16",2024-12-01,1.49045439321201,FALSE,0
"16",2025-01-01,1.99969734310483,FALSE,0
"16",2025-02-01,2.0634256353026,FALSE,0
"16",2025-03-01,2.53501956558725,FALSE,0
"16",2025-04-01,1.70412306284669,FALSE,0
"16",2025-05-01,0.608385791087769,FALSE,0
"18",2016-01-01,8.29802170075744,TRUE,0
"18",2016-02-01,6.24063679442419,TRUE,0
"18",2016-03-01,5.26749784747927,TRUE,0
"18",2016-04-01,7.23765606398737,TRUE,0
"18",2016-05-01,7.87695098330583,TRUE,0
"18",2016-06-01,8.70620548688959,TRUE,0
"18",2016-07-01,8.15959608084002,TRUE,0
"18",2016-08-01,9.25509062142242,TRUE,0
"18",2016-09-01,8.37393829743078,TRUE,0
"18",2016-10-01,7.52518447224896,TRUE,0
"18",2016-11-01,7.51266849677424,TRUE,0
"18",2016-12-01,6.7592732202621,TRUE,0
"18",2017-01-01,8.7697879526636,TRUE,0
"18",2017-02-01,6.9703974501278,TRUE,0
"18",2017-03-01,6.25386711938597,TRUE,0
"18",2017-04-01,6.89683384830545,TRUE,0
"18",2017-05-01,8.1691346664035,TRUE,0
"18",2017-06-01,8.53309230710476,TRUE,0
"18",2017-07-01,8.43291426005674,TRUE,0
"18",2017-08-01,8.64968459256639,TRUE,0
"18",2017-09-01,7.99414993840364,TRUE,0
"18",2017-10-01,7.95758999428608,TRUE,0
"18",2017-11-01,7.20411313937938,TRUE,0
"18",2017-12-01,6.40064671602311,TRUE,0
"18",2018-01-01,9.27431682196652,TRUE,0
"18",2018-02-01,7.27970231148783,TRUE,0
"18",2018-03-01,6.09441819165331,TRUE,0
"18",2018-04-01,7.39847123685405,TRUE,0
"18",2018-05-01,7.92738766574582,TRUE,0
"18",2018-06-01,8.76802053596213,TRUE,0
"18",2018-07-01,9.45268302138969,TRUE,0
"18",2018-08-01,9.31850497664026,TRUE,0
"18",2018-09-01,7.97888913617143,TRUE,0
"18",2018-10-01,8.86420811928888,TRUE,0
"18",2018-11-01,7.32906707747871,TRUE,0
"18",2018-12-01,6.40614825840871,TRUE,0
"18",2019-01-01,8.5189629021974,TRUE,0
"18",2019-02-01,7.41235604759178,TRUE,0
"18",2019-03-01,6.21006770231306,TRUE,0
"18",2019-04-01,7.43231196352615,TRUE,0
"18",2019-05-01,8.28836288957274,TRUE,0
"18",2019-06-01,8.11269763365913,TRUE,0
"18",2019-07-01,9.10729039419729,TRUE,0
"18",2019-08-01,8.93842474626692,TRUE,0
"18",2019-09-01,8.42144211177228,TRUE,1
"18",2019-10-01,8.27870059567034,TRUE,1
"18",2019-11-01,7.02161969752438,TRUE,1
"18",2019-12-01,6.94528983301885,TRUE,1
"18",2020-01-01,8.89361098588268,TRUE,1
"18",2020-02-01,7.50137235686603,TRUE,1
"18",2020-03-01,3.49226132187051,TRUE,1
"18",2020-04-01,0.288688811504249,TRUE,1
"18",2020-05-01,0.58009753600728,TRUE,1
"18",2020-06-01,1.1660571367997,TRUE,1
"18",2020-07-01,1.21890750069165,TRUE,1
"18",2020-08-01,7.05752203969111,TRUE,1
"18",2020-09-01,6.63156906096982,TRUE,1
"18",2020-10-01,5.62875054901519,TRUE,1
"18",2020-11-01,5.06688798192367,TRUE,1
"18",2020-12-01,5.16510034156927,TRUE,1
"18",2021-01-01,5.89152175184412,TRUE,1
"18",2021-02-01,4.89042323904709,TRUE,1
"18",2021-03-01,5.4117923295702,TRUE,1
"18",2021-04-01,4.22989190977915,TRUE,1
"18",2021-05-01,4.55602702334522,TRUE,1
"18",2021-06-01,5.79207397755115,TRUE,1
"18",2021-07-01,5.70869743525032,TRUE,1
"18",2021-08-01,5.63991926010322,TRUE,1
"18",2021-09-01,6.74408240445359,TRUE,1
"18",2021-10-01,6.97806100652937,TRUE,1
"18",2021-11-01,6.1468478156602,TRUE,1
"18",2021-12-01,6.0991073078418,TRUE,1
"18",2022-01-01,7.28657884106166,TRUE,1
"18",2022-02-01,6.59358128866285,TRUE,1
"18",2022-03-01,6.95119358561623,TRUE,1
"18",2022-04-01,6.18384703434054,TRUE,1
"18",2022-05-01,7.01516294298824,TRUE,1
"18",2022-06-01,8.09099983259132,TRUE,1
"18",2022-07-01,7.98936764683672,TRUE,1
"18",2022-08-01,9.02834028466063,TRUE,1
"18",2022-09-01,8.14312121876978,TRUE,1
"18",2022-10-01,8.20343922169775,TRUE,1
"18",2022-11-01,7.85491290134904,TRUE,1
"18",2022-12-01,7.30606391954627,TRUE,1
"18",2023-01-01,8.98588741937963,TRUE,1
"18",2023-02-01,7.43554585954146,TRUE,1
"18",2023-03-01,6.92287434113616,TRUE,1
"18",2023-04-01,7.37307349029491,TRUE,1
"18",2023-05-01,8.37385775267914,TRUE,1
"18",2023-06-01,8.83037659665677,TRUE,1
"18",2023-07-01,8.19779742578557,TRUE,1
"18",2023-08-01,8.81301443893246,TRUE,1
"18",2023-09-01,7.75106887403537,TRUE,1
"18",2023-10-01,8.14773005021935,TRUE,1
"18",2023-11-01,7.01998888596267,TRUE,1
"18",2023-12-01,6.57068609040384,TRUE,1
"18",2024-01-01,8.34987641777506,TRUE,1
"18",2024-02-01,7.1301045639473,TRUE,1
"18",2024-03-01,6.42997664690959,TRUE,1
"18",2024-04-01,7.4356305806747,TRUE,1
"18",2024-05-01,8.03467450430785,TRUE,1
"18",2024-06-01,7.81241141587201,TRUE,1
"18",2024-07-01,8.71618032449729,TRUE,1
"18",2024-08-01,8.43156495395117,TRUE,1
"18",2024-09-01,7.81946817034271,TRUE,1
"18",2024-10-01,8.4701280676298,TRUE,1
"18",2024-11-01,7.28696008353961,TRUE,1
"18",2024-12-01,7.37783266221951,TRUE,1
"18",2025-01-01,8.68816846604369,TRUE,1
"18",2025-02-01,7.26805841716156,TRUE,1
"18",2025-03-01,6.58825313959588,TRUE,1
"18",2025-04-01,7.22936813444747,TRUE,1
"18",2025-05-01,7.60141302185752,TRUE,1
"18",2025-06-01,8.28368319727865,TRUE,1
"18",2025-07-01,8.74031834860763,TRUE,1
"18",2025-08-01,8.15423960048127,TRUE,1
"18",2025-09-01,7.83977398849763,TRUE,1
"20",2016-01-01,3.09846052276206,TRUE,0
"20",2016-02-01,2.53693937483664,TRUE,0
"20",2016-03-01,2.46268319501137,TRUE,0
"20",2016-04-01,2.64343058547092,TRUE,0
"20",2016-05-01,3.02774417843911,TRUE,0
"20",2016-06-01,2.92961395369854,TRUE,0
"20",2016-07-01,2.85729403672152,TRUE,0
"20",2016-08-01,3.2216736219853,TRUE,0
"20",2016-09-01,3.03974408538573,TRUE,0
"20",2016-10-01,2.40458907155725,TRUE,0
"20",2016-11-01,2.48967092049091,TRUE,0
"20",2016-12-01,2.41077865897621,TRUE,0
"20",2017-01-01,3.15670458253341,TRUE,0
"20",2017-02-01,2.36596040606835,TRUE,0
"20",2017-03-01,2.62070124769829,TRUE,0
"20",2017-04-01,2.52828376796807,TRUE,0
"20",2017-05-01,2.92426759345025,TRUE,0
"20",2017-06-01,2.7549266376082,TRUE,0
"20",2017-07-01,3.12286522884747,TRUE,0
"20",2017-08-01,3.03981776484893,TRUE,0
"20",2017-09-01,2.6168955196944,TRUE,0
"20",2017-10-01,2.77794830867457,TRUE,0
"20",2017-11-01,2.55690817758067,TRUE,0
"20",2017-12-01,2.8607635279209,TRUE,0
"20",2018-01-01,3.08669790915645,TRUE,0
"20",2018-02-01,2.43105674998101,TRUE,0
"20",2018-03-01,2.50881162364747,TRUE,0
"20",2018-04-01,2.53981692153024,TRUE,0
"20",2018-05-01,2.8799709735209,TRUE,0
"20",2018-06-01,2.85430254100706,TRUE,0
"20",2018-07-01,3.03559930089228,TRUE,0
"20",2018-08-01,2.98970719127279,TRUE,0
"20",2018-09-01,2.58131524885254,TRUE,0
"20",2018-10-01,3.00181628884312,TRUE,0
"20",2018-11-01,2.61186335830641,TRUE,0
"20",2018-12-01,2.5296660840769,TRUE,0
"20",2019-01-01,3.47254162450557,TRUE,0
"20",2019-02-01,3.17358108729648,TRUE,0
"20",2019-03-01,2.7083158991837,TRUE,0
"20",2019-04-01,2.58758716981705,TRUE,0
"20",2019-05-01,3.04288109999014,TRUE,0
"20",2019-06-01,2.97480080131343,TRUE,0
"20",2019-07-01,3.05530324072336,TRUE,0
"20",2019-08-01,3.02026799129182,TRUE,0
"20",2019-09-01,2.83799883141225,TRUE,0
"20",2019-10-01,2.88694213863448,TRUE,0
"20",2019-11-01,2.68581367071463,TRUE,0
"20",2019-12-01,2.53446954463019,TRUE,0
"20",2020-01-01,3.11876342168565,TRUE,0
"20",2020-02-01,3.20982220772027,TRUE,0
"20",2020-03-01,1.79718943735889,TRUE,0
"20",2020-04-01,0.30782964707331,TRUE,0
"20",2020-05-01,0.590255419617944,TRUE,0
"20",2020-06-01,1.77011319607992,TRUE,0
"20",2020-07-01,1.63919287066537,TRUE,0
"20",2020-08-01,1.84512961094124,TRUE,0
"20",2020-09-01,1.11068002525656,TRUE,0
"20",2020-10-01,1.34675470594573,TRUE,0
"20",2020-11-01,1.13028004979342,TRUE,0
"20",2020-12-01,1.13720233164134,TRUE,0
"20",2021-01-01,1.22362284711641,TRUE,0
"20",2021-02-01,1.06970802357975,TRUE,0
"20",2021-03-01,1.45036527718092,TRUE,0
"20",2021-04-01,0.87361238722116,TRUE,0
"20",2021-05-01,1.00923487855034,TRUE,0
"20",2021-06-01,1.6493199379434,TRUE,0
"20",2021-07-01,1.49104989691976,TRUE,0
"20",2021-08-01,1.6037757463285,TRUE,0
"20",2021-09-01,2.26252903831165,TRUE,0
"20",2021-10-01,1.93980495032114,TRUE,0
"20",2021-11-01,1.72240892284374,TRUE,0
"20",2021-12-01,1.56993120007388,TRUE,0
"20",2022-01-01,2.16143754424546,TRUE,0
"20",2022-02-01,1.9245308955942,TRUE,0
"20",2022-03-01,2.50494497521785,TRUE,0
"20",2022-04-01,2.47439686576397,TRUE,0
"20",2022-05-01,2.38567976481815,TRUE,0
"20",2022-06-01,2.42502748866563,TRUE,0
"20",2022-07-01,2.67355515054751,TRUE,0
"20",2022-08-01,2.66332563094559,TRUE,0
"20",2022-09-01,2.59346477659263,TRUE,1
"20",2022-10-01,2.77816256483662,TRUE,1
"20",2022-11-01,2.61655200012313,TRUE,1
"20",2022-12-01,2.86936482354536,TRUE,1
"20",2023-01-01,3.16429281470296,TRUE,1
"20",2023-02-01,2.73176358103853,TRUE,1
"20",2023-03-01,2.86485301565465,TRUE,1
"20",2023-04-01,2.82087447108604,TRUE,1
"20",2023-05-01,3.24699615447921,TRUE,1
"20",2023-06-01,3.33655413974274,TRUE,1
"20",2023-07-01,2.97080364438946,TRUE,1
"20",2023-08-01,3.43666231356107,TRUE,1
"20",2023-09-01,3.06540288696899,TRUE,1
"20",2023-10-01,3.13295476796554,TRUE,1
"20",2023-11-01,2.62836830293263,TRUE,1
"20",2023-12-01,2.86388526130089,TRUE,1
"20",2024-01-01,3.38184672987499,TRUE,1
"20",2024-02-01,2.93599085908001,TRUE,1
"20",2024-03-01,2.87607947339815,TRUE,1
"20",2024-04-01,2.86835176009045,TRUE,1
"20",2024-05-01,2.82749262805206,TRUE,1
"20",2024-06-01,3.20595608903745,TRUE,1
"20",2024-07-01,3.05805756432924,TRUE,1
"20",2024-08-01,3.27069000015391,TRUE,1
"20",2024-09-01,2.81416565341409,TRUE,1
"20",2024-10-01,3.12542362669639,TRUE,1
"20",2024-11-01,2.58758716981705,TRUE,1
"20",2024-12-01,2.84516664004078,TRUE,1
"20",2025-01-01,3.00135175384333,TRUE,1
"20",2025-02-01,2.47599492722991,TRUE,1
"20",2025-03-01,2.42629889083479,TRUE,1
"20",2025-04-01,2.48267684440657,TRUE,1
"20",2025-05-01,2.57311637009386,TRUE,1
"20",2025-06-01,2.37675239067867,TRUE,1
"20",2025-07-01,3.22377440990106,TRUE,1
"20",2025-08-01,2.61237726330961,TRUE,1
"20",2025-09-01,2.43245752483521,TRUE,1
"21",2016-01-01,5.98745317889282,FALSE,0
"21",2016-02-01,5.55756729260428,FALSE,0
"21",2016-03-01,5.2541659272559,FALSE,0
"21",2016-04-01,5.73789626852442,FALSE,0
"21",2016-05-01,6.52341933189242,FALSE,0
"21",2016-06-01,6.88359914387699,FALSE,0
"21",2016-07-01,6.63985654845842,FALSE,0
"21",2016-08-01,7.2912301706076,FALSE,0
"21",2016-09-01,6.56206007877216,FALSE,0
"21",2016-10-01,6.91011828862979,FALSE,0
"21",2016-11-01,5.86645244260255,FALSE,0
"21",2016-12-01,6.04075216880272,FALSE,0
"21",2017-01-01,6.07773144056562,FALSE,0
"21",2017-02-01,5.90649887783438,FALSE,0
"21",2017-03-01,5.73624066839976,FALSE,0
"21",2017-04-01,5.1250063515036,FALSE,0
"21",2017-05-01,6.7299503562304,FALSE,0
"21",2017-06-01,7.2908971056142,FALSE,0
"21",2017-07-01,6.21434833203363,FALSE,0
"21",2017-08-01,7.67192771125685,FALSE,0
"21",2017-09-01,6.08370149212423,FALSE,0
"21",2017-10-01,7.0751018790547,FALSE,0
"21",2017-11-01,5.88237314683777,FALSE,0
"21",2017-12-01,5.45982003265817,FALSE,0
"21",2018-01-01,6.7827918378621,FALSE,0
"21",2018-02-01,5.83685154866917,FALSE,0
"21",2018-03-01,5.53895564500046,FALSE,0
"21",2018-04-01,5.70574932049713,FALSE,0
"21",2018-05-01,6.54000900998866,FALSE,0
"21",2018-06-01,6.56383890317052,FALSE,0
"21",2018-07-01,6.92292239355921,FALSE,0
"21",2018-08-01,6.90960719356365,FALSE,0
"21",2018-09-01,6.17527126961089,FALSE,0
"21",2018-10-01,6.70904197840167,FALSE,0
"21",2018-11-01,5.86108165795736,FALSE,0
"21",2018-12-01,4.96356163858511,FALSE,0
"21",2019-01-01,6.54981341957803,FALSE,0
"21",2019-02-01,5.73489046828851,FALSE,0
"21",2019-03-01,4.92668882111253,FALSE,0
"21",2019-04-01,5.57498396651898,FALSE,0
"21",2019-05-01,6.39368467517447,FALSE,0
"21",2019-06-01,6.43763233433923,FALSE,0
"21",2019-07-01,6.85725819142167,FALSE,0
"21",2019-08-01,6.49876471892843,FALSE,0
"21",2019-09-01,6.41781091761223,FALSE,0
"21",2019-10-01,6.55569588453716,FALSE,0
"21",2019-11-01,5.57372826786864,FALSE,0
"21",2019-12-01,4.98984574169295,FALSE,0
"21",2020-01-01,7.31908276669929,FALSE,0
"21",2020-02-01,5.6123828329529,FALSE,0
"21",2020-03-01,2.96775578202212,FALSE,0
"21",2020-04-01,0.383932427892691,FALSE,0
"21",2020-05-01,0.850822461712989,FALSE,0
"21",2020-06-01,0.725445274926845,FALSE,0
"21",2020-07-01,1.54579460740531,FALSE,0
"21",2020-08-01,4.85070548618954,FALSE,0
"21",2020-09-01,3.31367130030662,FALSE,0
"21",2020-10-01,4.00303895627571,FALSE,0
"21",2020-11-01,3.47866742962415,FALSE,0
"21",2020-12-01,3.3695880965984,FALSE,0
"21",2021-01-01,3.69628723027449,FALSE,0
"21",2021-02-01,3.28332548616759,FALSE,0
"21",2021-03-01,4.17546320731131,FALSE,0
"21",2021-04-01,3.61619720771549,FALSE,0
"21",2021-05-01,3.41995721149425,FALSE,0
"21",2021-06-01,4.06251997146563,FALSE,0
"21",2021-07-01,4.10299503075949,FALSE,0
"21",2021-08-01,4.43995929036167,FALSE,0
"21",2021-09-01,5.31565935583669,FALSE,0
"21",2021-10-01,5.38898332670259,FALSE,0
"21",2021-11-01,3.83145731784174,FALSE,0
"21",2021-12-01,4.36612336971477,FALSE,0
"21",2022-01-01,5.22584876435539,FALSE,0
"21",2022-02-01,4.88501388620114,FALSE,0
"21",2022-03-01,5.40976891009422,FALSE,0
"21",2022-04-01,4.48125550903482,FALSE,0
"21",2022-05-01,4.86721972628486,FALSE,0
"21",2022-06-01,5.81503204855916,FALSE,0
"21",2022-07-01,5.88993885110132,FALSE,0
"21",2022-08-01,6.37006664646045,FALSE,0
"21",2022-09-01,5.78975626938611,FALSE,0
"21",2022-10-01,5.54577971395636,FALSE,0
"21",2022-11-01,4.89770015038009,FALSE,0
"21",2022-12-01,5.39951096109533,FALSE,0
"21",2023-01-01,6.23870915120583,FALSE,0
"21",2023-02-01,5.84129887310228,FALSE,0
"21",2023-03-01,5.56627208020672,FALSE,0
"21",2023-04-01,5.09224776336629,FALSE,0
"21",2023-05-01,6.07216707494404,FALSE,0
"21",2023-06-01,6.0864814691129,FALSE,0
"21",2023-07-01,6.24095606135408,FALSE,0
"21",2023-08-01,6.3924368833242,FALSE,0
"21",2023-09-01,5.85971062308829,FALSE,0
"21",2023-10-01,5.89861026074286,FALSE,0
"21",2023-11-01,5.40410917842125,FALSE,0
"21",2023-12-01,5.0455267182401,FALSE,0
"21",2024-01-01,6.20907732901478,FALSE,0
"21",2024-02-01,5.3678112416523,FALSE,0
"21",2024-03-01,4.57665514128528,FALSE,0
"21",2024-04-01,5.19034961828172,FALSE,0
"21",2024-05-01,5.44748809322548,FALSE,0
"21",2024-06-01,5.20989291160318,FALSE,0
"21",2024-07-01,5.97798053569538,FALSE,0
"21",2024-08-01,5.72929141157679,FALSE,0
"21",2024-09-01,5.31637759649003,FALSE,0
"21",2024-10-01,5.81020673288393,FALSE,0
"21",2024-11-01,5.19040139797585,FALSE,0
"21",2024-12-01,4.97813399708453,FALSE,0
"21",2025-01-01,6.15721997300945,FALSE,0
"21",2025-02-01,5.23222984512254,FALSE,0
"21",2025-03-01,4.68082383882888,FALSE,0
"21",2025-04-01,4.93719684449477,FALSE,0
"21",2025-05-01,5.22571692399754,FALSE,0
"21",2025-06-01,5.26572285741936,FALSE,0
"21",2025-07-01,5.43439203594638,FALSE,0
"21",2025-08-01,5.22271540291954,FALSE,0
"21",2025-09-01,5.46635306371016,FALSE,0
"22",2016-01-01,1.79533213644524,TRUE,0
"22",2016-02-01,2.80898876404494,TRUE,0
"22",2016-03-01,0.744601638123604,TRUE,0
"22",2016-04-01,2.30017251293847,TRUE,0
"22",2016-05-01,1.05263157894737,TRUE,0
"22",2016-07-01,1.05263157894737,TRUE,0
"22",2016-08-01,1.79533213644524,TRUE,0
"22",2016-09-01,1.57894736842105,TRUE,0
"22",2016-11-01,1.48920327624721,TRUE,0
"22",2016-12-01,0.744601638123604,TRUE,0
"22",2017-01-01,3.02877334679455,TRUE,0
"22",2017-03-01,1.15008625646924,TRUE,0
"22",2017-04-01,2.30017251293847,TRUE,0
"22",2017-05-01,0.744601638123604,TRUE,0
"22",2017-06-01,0.744601638123604,TRUE,0
"22",2017-07-01,3.45025876940771,TRUE,0
"22",2017-08-01,1.72512938470385,TRUE,0
"22",2017-09-01,3.14795383001049,TRUE,0
"22",2017-10-01,3.59066427289048,TRUE,0
"22",2017-11-01,1.79533213644524,TRUE,0
"22",2017-12-01,2.23380491437081,TRUE,0
"22",2018-01-01,2.10526315789474,TRUE,0
"22",2018-02-01,0.744601638123604,TRUE,0
"22",2018-03-01,1.72512938470385,TRUE,0
"22",2018-04-01,3.86847195357834,TRUE,0
"22",2018-05-01,3.86847195357834,TRUE,0
"22",2018-06-01,2.30017251293847,TRUE,0
"22",2018-07-01,0.989119683481701,TRUE,0
"22",2018-08-01,1.57894736842105,TRUE,0
"22",2018-09-01,2.30017251293847,TRUE,0
"22",2018-10-01,1.57894736842105,TRUE,0
"22",2018-11-01,1.48367952522255,TRUE,0
"22",2018-12-01,1.48920327624721,TRUE,0
"22",2019-01-01,1.72512938470385,TRUE,0
"22",2019-02-01,1.48920327624721,TRUE,0
"22",2019-03-01,0.744601638123604,TRUE,0
"22",2019-04-01,0.744601638123604,TRUE,0
"22",2019-05-01,1.55098875533152,TRUE,0
"22",2019-06-01,2.17770034843206,TRUE,0
"22",2019-08-01,0.744601638123604,TRUE,0
"22",2019-09-01,1.79533213644524,TRUE,0
"22",2019-10-01,7.57575757575758,TRUE,0
"22",2019-12-01,2.97840655249442,TRUE,0
"22",2020-01-01,1.15008625646924,TRUE,0
"22",2020-02-01,1.79533213644524,TRUE,0
"22",2020-03-01,1.47275405007364,TRUE,0
"22",2020-05-01,0.744601638123604,TRUE,0
"22",2020-07-01,3.14795383001049,TRUE,0
"22",2020-08-01,0.989119683481701,TRUE,0
"22",2020-09-01,0.744601638123604,TRUE,0
"22",2020-10-01,0.744601638123604,TRUE,0
"22",2020-11-01,1.48920327624721,TRUE,0
"22",2021-01-01,1.72512938470385,TRUE,0
"22",2021-02-01,5.38599640933573,TRUE,0
"22",2021-03-01,1.05263157894737,TRUE,0
"22",2021-06-01,1.48920327624721,TRUE,0
"22",2021-08-01,0.744601638123604,TRUE,0
"22",2021-09-01,2.52525252525253,TRUE,0
"22",2021-10-01,1.48920327624721,TRUE,0
"22",2021-11-01,1.57894736842105,TRUE,1
"22",2022-01-01,0.744601638123604,TRUE,1
"22",2022-02-01,1.47275405007364,TRUE,1
"22",2022-03-01,0.989119683481701,TRUE,1
"22",2022-04-01,1.05263157894737,TRUE,1
"22",2022-05-01,1.9782393669634,TRUE,1
"22",2022-06-01,1.3351134846462,TRUE,1
"22",2022-07-01,1.30662020905923,TRUE,1
"22",2022-08-01,1.05263157894737,TRUE,1
"22",2022-09-01,12.3456790123457,TRUE,1
"22",2022-10-01,2.87521564117309,TRUE,1
"22",2022-11-01,2.52525252525253,TRUE,1
"22",2022-12-01,1.72512938470385,TRUE,1
"22",2023-01-01,0.744601638123604,TRUE,1
"22",2023-02-01,1.57894736842105,TRUE,1
"22",2023-03-01,1.48920327624721,TRUE,1
"22",2023-04-01,0.744601638123604,TRUE,1
"22",2023-05-01,2.10526315789474,TRUE,1
"22",2023-06-01,1.48920327624721,TRUE,1
"22",2023-07-01,2.30017251293847,TRUE,1
"22",2023-08-01,1.05263157894737,TRUE,1
"22",2023-09-01,1.86046511627907,TRUE,1
"22",2023-10-01,2.52525252525253,TRUE,1
"22",2023-11-01,3.51123595505618,TRUE,1
"22",2024-01-01,0.744601638123604,TRUE,1
"22",2024-02-01,0.744601638123604,TRUE,1
"22",2024-03-01,0.744601638123604,TRUE,1
"22",2024-05-01,1.86046511627907,TRUE,1
"22",2024-06-01,1.79533213644524,TRUE,1
"22",2024-07-01,1.48920327624721,TRUE,1
"22",2024-08-01,2.52525252525253,TRUE,1
"22",2024-09-01,0.989119683481701,TRUE,1
"22",2024-11-01,0.744601638123604,TRUE,1
"22",2025-03-01,0.744601638123604,TRUE,1
"22",2025-04-01,1.15008625646924,TRUE,1
"22",2025-07-01,1.48920327624721,TRUE,1
"22",2025-08-01,0.744601638123604,TRUE,1
"22",2025-09-01,2.52525252525253,TRUE,1
"23",2016-01-01,3.15570771482333,FALSE,0
"23",2016-02-01,2.74409366506377,FALSE,0
"23",2016-03-01,2.82249634120845,FALSE,0
"23",2016-04-01,2.63302320719214,FALSE,0
"23",2016-05-01,3.46931841940205,FALSE,0
"23",2016-06-01,3.54772109554673,FALSE,0
"23",2016-07-01,3.53465398285595,FALSE,0
"23",2016-08-01,3.74372778590843,FALSE,0
"23",2016-09-01,4.03120426510558,FALSE,0
"23",2016-10-01,2.71142588333682,FALSE,0
"23",2016-11-01,2.76369433409994,FALSE,0
"23",2016-12-01,3.07730503867865,FALSE,0
"23",2017-01-01,2.83556345389923,FALSE,0
"23",2017-02-01,2.66569098891909,FALSE,0
"23",2017-03-01,3.11650637675099,FALSE,0
"23",2017-04-01,2.84863056659001,FALSE,0
"23",2017-05-01,3.00543591887936,FALSE,0
"23",2017-06-01,3.84173113108927,FALSE,0
"23",2017-07-01,3.14264060213255,FALSE,0
"23",2017-08-01,3.99200292703324,FALSE,0
"23",2017-09-01,3.29291239807652,FALSE,0
"23",2017-10-01,3.2406439473134,FALSE,0
"23",2017-11-01,3.00543591887936,FALSE,0
"23",2017-12-01,2.84209701024462,FALSE,0
"23",2018-01-01,2.88129834831696,FALSE,0
"23",2018-02-01,2.99890236253397,FALSE,0
"23",2018-03-01,3.26677817269496,FALSE,0
"23",2018-04-01,2.77676144679072,FALSE,0
"23",2018-05-01,3.75026134225382,FALSE,0
"23",2018-06-01,3.34518084883964,FALSE,0
"23",2018-07-01,3.20797616558645,FALSE,0
"23",2018-08-01,4.07040560317792,FALSE,0
"23",2018-09-01,3.16224127116872,FALSE,0
"23",2018-10-01,3.37784863056659,FALSE,0
"23",2018-11-01,2.90089901735313,FALSE,0
"23",2018-12-01,2.37168095337654,FALSE,0
"23",2019-01-01,3.07077148233326,FALSE,0
"23",2019-02-01,2.9793016934978,FALSE,0
"23",2019-03-01,2.61342253815597,FALSE,0
"23",2019-04-01,2.10380514321556,FALSE,0
"23",2019-05-01,3.08383859502404,FALSE,0
"23",2019-06-01,2.77022789044533,FALSE,0
"23",2019-07-01,3.27984528538574,FALSE,0
"23",2019-08-01,3.5673217645829,FALSE,0
"23",2019-09-01,2.5938218691198,FALSE,0
"23",2019-10-01,2.90089901735313,FALSE,0
"23",2019-11-01,2.32594605895881,FALSE,0
"23",2019-12-01,2.19527493205101,FALSE,0
"23",2020-01-01,3.26677817269496,FALSE,0
"23",2020-02-01,2.69182521430065,FALSE,0
"23",2020-03-01,1.69219109345599,FALSE,0
"23",2020-04-01,0.405080493414175,FALSE,0
"23",2020-05-01,0.320144260924106,FALSE,0
"23",2020-06-01,0.496550282249634,FALSE,0
"23",2020-07-01,1.14337236044324,FALSE,0
"23",2020-08-01,1.44391595233117,FALSE,0
"23",2020-09-01,2.61995609450136,FALSE,0
"23",2020-10-01,1.87513067112691,FALSE,0
"23",2020-11-01,2.11687225590633,FALSE,0
"23",2020-12-01,2.24100982646874,FALSE,0
"23",2021-01-01,2.31287894626803,FALSE,0
"23",2021-02-01,1.74445954421911,FALSE,0
"23",2021-03-01,2.12340581225172,FALSE,0
"23",2021-04-01,1.61378841731131,FALSE,0
"23",2021-05-01,1.40471461425883,FALSE,0
"23",2021-06-01,2.42394940413966,FALSE,0
"23",2021-07-01,2.12340581225172,FALSE,0
"23",2021-08-01,2.47621785490278,FALSE,0
"23",2021-09-01,2.84863056659001,FALSE,0
"23",2021-10-01,2.54808697470207,FALSE,0
"23",2021-11-01,1.63338908634748,FALSE,0
"23",2021-12-01,2.08420447417939,FALSE,0
"23",2022-01-01,2.11687225590633,FALSE,0
"23",2022-02-01,1.61378841731131,FALSE,0
"23",2022-03-01,2.24100982646874,FALSE,0
"23",2022-04-01,2.39128162241271,FALSE,0
"23",2022-05-01,2.46968429855739,FALSE,0
"23",2022-06-01,2.75062722140916,FALSE,0
"23",2022-07-01,2.43701651683044,FALSE,0
"23",2022-08-01,3.38438218691198,FALSE,0
"23",2022-09-01,3.62612377169141,FALSE,0
"23",2022-10-01,2.68529165795526,FALSE,0
"23",2022-11-01,3.06423792598787,FALSE,0
"23",2022-12-01,3.59998954630985,FALSE,0
"23",2023-01-01,3.63919088438219,FALSE,0
"23",2023-02-01,3.11650637675099,FALSE,0
"23",2023-03-01,3.55425465189212,FALSE,0
"23",2023-04-01,2.82249634120845,FALSE,0
"23",2023-05-01,4.02467070876019,FALSE,0
"23",2023-06-01,0,FALSE,0
"23",2023-07-01,0,FALSE,0
"23",2023-08-01,0,FALSE,0
"23",2023-09-01,0,FALSE,0
"23",2023-10-01,0,FALSE,0
"23",2023-11-01,0,FALSE,0
"23",2023-12-01,0,FALSE,0
"27",2016-01-01,2.3217123156359,FALSE,0
"27",2016-02-01,1.83931013586,FALSE,0
"27",2016-03-01,1.98066918323119,FALSE,0
"27",2016-04-01,2.03767756672745,FALSE,0
"27",2016-05-01,2.15514067324827,FALSE,0
"27",2016-06-01,2.3013459288017,FALSE,0
"27",2016-07-01,2.2979198885857,FALSE,0
"27",2016-08-01,2.47022596202652,FALSE,0
"27",2016-09-01,2.2728121342193,FALSE,0
"27",2016-10-01,2.12101458440762,FALSE,0
"27",2016-11-01,1.90510927511406,FALSE,0
"27",2016-12-01,2.07600810986177,FALSE,0
"27",2017-01-01,2.40665523411147,FALSE,0
"27",2017-02-01,2.05347115916748,FALSE,0
"27",2017-03-01,2.01134195892713,FALSE,0
"27",2017-04-01,1.84669611681304,FALSE,0
"27",2017-05-01,2.21488105843526,FALSE,0
"27",2017-06-01,2.22964895651126,FALSE,0
"27",2017-07-01,2.30246797824722,FALSE,0
"27",2017-08-01,2.40925100398997,FALSE,0
"27",2017-09-01,2.05394373498257,FALSE,0
"27",2017-10-01,2.15942937119982,FALSE,0
"27",2017-11-01,1.96935265838296,FALSE,0
"27",2017-12-01,2.00003594835855,FALSE,0
"27",2018-01-01,2.34030139551911,FALSE,0
"27",2018-02-01,1.91424506554667,FALSE,0
"27",2018-03-01,1.87121002747476,FALSE,0
"27",2018-04-01,1.75097182160725,FALSE,0
"27",2018-05-01,2.12499310067175,FALSE,0
"27",2018-06-01,2.08722954955661,FALSE,0
"27",2018-07-01,2.14920908455398,FALSE,0
"27",2018-08-01,2.22222939475315,FALSE,0
"27",2018-09-01,1.93119669929243,FALSE,0
"27",2018-10-01,2.23158296747132,FALSE,0
"27",2018-11-01,1.93993718921748,FALSE,0
"27",2018-12-01,1.74423897211819,FALSE,0
"27",2019-01-01,2.30884018451279,FALSE,0
"27",2019-02-01,1.84566095556484,FALSE,0
"27",2019-03-01,1.85069340071006,FALSE,0
"27",2019-04-01,1.97994351385472,FALSE,0
"27",2019-05-01,2.10355166542078,FALSE,0
"27",2019-06-01,2.1035811118512,FALSE,0
"27",2019-07-01,2.25159111363438,FALSE,0
"27",2019-08-01,2.1517725613924,FALSE,0
"27",2019-09-01,2.12855569234757,FALSE,0
"27",2019-10-01,2.10285853818399,FALSE,0
"27",2019-11-01,1.80426219972098,FALSE,0
"27",2019-12-01,1.97192634197804,FALSE,0
"27",2020-01-01,2.28137497773676,FALSE,0
"27",2020-02-01,1.90716079021723,FALSE,0
"27",2020-03-01,0.915065585369836,FALSE,0
"27",2020-04-01,0.124093104060626,FALSE,0
"27",2020-05-01,0.112658425911438,FALSE,0
"27",2020-06-01,0.188891302499976,FALSE,0
"27",2020-07-01,0.210721206838173,FALSE,0
"27",2020-08-01,0.211607109998896,FALSE,0
"27",2020-09-01,0.246062992125984,FALSE,0
"27",2020-10-01,0.279993395027604,FALSE,0
"27",2020-11-01,0.196377029074916,FALSE,0
"27",2020-12-01,0.222737952391559,FALSE,0
"27",2021-01-01,0.237581385226428,FALSE,0
"27",2021-02-01,0.237893202810511,FALSE,0
"27",2021-03-01,0.227634057639811,FALSE,0
"27",2021-04-01,0.24454463215339,FALSE,0
"27",2021-05-01,0.225813735926965,FALSE,0
"27",2021-06-01,0.249915630672127,FALSE,0
"27",2021-07-01,0.476008477815225,FALSE,0
"27",2021-08-01,0.715410879888987,FALSE,0
"27",2021-09-01,0.88803026121402,FALSE,0
"27",2021-10-01,1.1664614857682,FALSE,0
"27",2021-11-01,0.978303156777557,FALSE,0
"27",2021-12-01,0.984763384616907,FALSE,0
"27",2022-01-01,1.21796081843028,FALSE,0
"27",2022-02-01,1.41684322033898,FALSE,0
"27",2022-03-01,1.93367839397807,FALSE,0
"27",2022-04-01,2.30109191629186,FALSE,0
"27",2022-05-01,2.35016668080137,FALSE,0
"27",2022-06-01,3.18633985269602,FALSE,0
"27",2022-07-01,3.18322466481518,FALSE,0
"27",2022-08-01,2.72914345759612,FALSE,0
"27",2022-09-01,2.49990310453083,FALSE,0
"27",2022-10-01,2.52422126969938,FALSE,0
"27",2022-11-01,2.01852754753779,FALSE,0
"27",2022-12-01,2.4999918407577,FALSE,0
"27",2023-01-01,2.73273908640591,FALSE,0
"27",2023-02-01,2.48949768703925,FALSE,0
"27",2023-03-01,2.62160087844903,FALSE,0
"27",2023-04-01,2.33126704444982,FALSE,0
"27",2023-05-01,2.56136571031366,FALSE,0
"27",2023-06-01,2.5213444569437,FALSE,0
"27",2023-07-01,2.27483879127097,FALSE,0
"27",2023-08-01,2.46094517033475,FALSE,0
"27",2023-09-01,2.30162262776676,FALSE,0
"27",2023-10-01,2.40075171078157,FALSE,0
"27",2023-11-01,2.27488459260581,FALSE,0
"27",2023-12-01,2.38736371995271,FALSE,0
"27",2024-01-01,1.0598326719009,FALSE,0
"27",2024-02-01,1.9097559944179,FALSE,0
"27",2024-03-01,1.79251213489029,FALSE,0
"27",2024-04-01,1.64291193794468,FALSE,0
"27",2024-05-01,1.82452787273141,FALSE,0
"27",2024-06-01,1.62155666147,FALSE,0
"27",2024-07-01,2.06064464051923,FALSE,0
"27",2024-08-01,1.97056950290098,FALSE,0
"27",2024-09-01,1.90270797884268,FALSE,0
"27",2024-10-01,2.01910281035511,FALSE,0
"27",2024-11-01,1.88708705280318,FALSE,0
"27",2024-12-01,1.93983579745641,FALSE,0
"27",2025-01-01,2.30131614227694,FALSE,0
"27",2025-02-01,1.83265388002407,FALSE,0
"27",2025-03-01,1.54363010620044,FALSE,0
"27",2025-04-01,1.75212811245178,FALSE,0
"27",2025-05-01,1.89009773188272,FALSE,0
"27",2025-06-01,1.97999887893486,FALSE,0
"27",2025-07-01,2.36084314420338,FALSE,0
"27",2025-08-01,2.30816975715727,FALSE,0
"27",2025-09-01,3.14649730760312,FALSE,0
"28",2016-01-01,26.7004482557006,TRUE,0
"28",2016-02-01,19.2944845059443,TRUE,0
"28",2016-03-01,14.2272461508478,TRUE,0
"28",2016-04-01,17.2156174884688,TRUE,0
"28",2016-05-01,23.3872539465991,TRUE,0
"28",2016-06-01,22.6076788150458,TRUE,0
"28",2016-07-01,26.310660689924,TRUE,0
"28",2016-08-01,23.5821477294874,TRUE,0
"28",2016-09-01,22.3478204378614,TRUE,0
"28",2016-10-01,20.6587409861625,TRUE,0
"28",2016-11-01,21.1134931462353,TRUE,0
"28",2016-12-01,19.8142012603131,TRUE,0
"28",2017-01-01,25.9858377184434,TRUE,0
"28",2017-02-01,20.5937763918664,TRUE,0
"28",2017-03-01,12.2783083219645,TRUE,0
"28",2017-04-01,18.0601572143182,TRUE,0
"28",2017-05-01,18.3200155915026,TRUE,0
"28",2017-06-01,18.6448385629832,TRUE,0
"28",2017-07-01,18.3849801857987,TRUE,0
"28",2017-08-01,29.2340674332489,TRUE,0
"28",2017-09-01,23.3872539465991,TRUE,0
"28",2017-10-01,23.6471123237835,TRUE,0
"28",2017-11-01,20.0740596374976,TRUE,0
"28",2017-12-01,23.1923601637108,TRUE,0
"28",2018-01-01,25.9858377184434,TRUE,0
"28",2018-02-01,22.0229974663808,TRUE,0
"28",2018-03-01,14.8768920938089,TRUE,0
"28",2018-04-01,17.5404404599493,TRUE,0
"28",2018-05-01,22.0879620606769,TRUE,0
"28",2018-06-01,21.6332099006042,TRUE,0
"28",2018-07-01,18.3849801857987,TRUE,0
"28",2018-08-01,21.1784577405314,TRUE,1
"28",2018-09-01,19.164555317352,TRUE,1
"28",2018-10-01,22.0879620606769,TRUE,1
"28",2018-11-01,14.941856688105,TRUE,1
"28",2018-12-01,20.5937763918664,TRUE,1
"28",2019-01-01,25.2712271811863,TRUE,1
"28",2019-02-01,17.4105112713571,TRUE,1
"28",2019-03-01,14.4221399337361,TRUE,1
"28",2019-04-01,15.2666796595855,TRUE,1
"28",2019-05-01,23.4522185408952,TRUE,1
"28",2019-06-01,16.6959007340999,TRUE,1
"28",2019-07-01,28.1946339245111,TRUE,1
"28",2019-08-01,24.5566166439291,TRUE,1
"28",2019-09-01,22.152926654973,TRUE,1
"28",2019-10-01,26.0508023127396,TRUE,1
"28",2019-11-01,22.0879620606769,TRUE,1
"28",2019-12-01,22.0229974663808,TRUE,1
"28",2020-01-01,31.9625803936854,TRUE,1
"28",2020-02-01,25.0113688040018,TRUE,1
"28",2020-03-01,19.0995907230559,TRUE,1
"28",2020-04-01,0.974468914441629,TRUE,1
"28",2020-05-01,3.57305268628597,TRUE,1
"28",2020-06-01,8.12057428701358,TRUE,1
"28",2020-07-01,3.83291106347041,TRUE,1
"28",2020-08-01,11.8235561618918,TRUE,1
"28",2020-09-01,16.2411485740272,TRUE,1
"28",2020-10-01,17.9951926200221,TRUE,1
"28",2020-11-01,12.6680958877412,TRUE,1
"28",2020-12-01,14.1622815565517,TRUE,1
"28",2021-01-01,11.5636977847073,TRUE,1
"28",2021-02-01,16.2411485740272,TRUE,1
"28",2021-03-01,12.0184499447801,TRUE,1
"28",2021-04-01,8.18553888130969,TRUE,1
"28",2021-05-01,8.51036185279023,TRUE,1
"28",2021-06-01,11.2388748132268,TRUE,1
"28",2021-07-01,9.8096537387124,TRUE,1
"28",2021-08-01,12.9279542649256,TRUE,1
"28",2021-09-01,12.2783083219645,TRUE,1
"28",2021-10-01,19.2944845059443,TRUE,1
"28",2021-11-01,12.3432729162606,TRUE,1
"28",2021-12-01,12.538166699149,TRUE,1
"28",2022-01-01,15.0068212824011,TRUE,1
"28",2022-02-01,18.514909374391,TRUE,1
"28",2022-03-01,14.2272461508478,TRUE,1
"28",2022-04-01,13.6425648021828,TRUE,1
"28",2022-05-01,15.3316442538816,TRUE,1
"28",2022-06-01,15.1367504709933,TRUE,1
"28",2022-07-01,24.3617228610407,TRUE,1
"28",2022-08-01,22.5427142207497,TRUE,1
"28",2022-09-01,13.772493990775,TRUE,1
"28",2022-10-01,28.1946339245111,TRUE,1
"28",2022-11-01,22.4127850321575,TRUE,1
"28",2022-12-01,16.9557591112844,TRUE,1
"28",2023-01-01,24.1018644838563,TRUE,1
"28",2023-02-01,26.310660689924,TRUE,1
"28",2023-03-01,16.6309361398038,TRUE,1
"28",2023-04-01,20.7237055804586,TRUE,1
"28",2023-05-01,22.0229974663808,TRUE,1
"28",2023-06-01,27.1552004157734,TRUE,1
"28",2023-07-01,19.6193074774248,TRUE,1
"28",2023-08-01,30.6632885077633,TRUE,1
"28",2023-09-01,24.9464042097057,TRUE,1
"28",2023-10-01,26.7654128499968,TRUE,1
"28",2023-11-01,29.0391736503606,TRUE,1
"28",2023-12-01,26.0508023127396,TRUE,1
"28",2024-01-01,27.8048463587345,TRUE,1
"28",2024-02-01,24.6865458325213,TRUE,1
"28",2024-03-01,18.1900864029104,TRUE,1
"30",2016-01-01,1.40705415742009,TRUE,0
"30",2016-02-01,1.45824735176778,TRUE,0
"30",2016-03-01,1.55503617554217,TRUE,0
"30",2016-04-01,1.57300425085673,TRUE,0
"30",2016-05-01,1.41233025720201,TRUE,0
"30",2016-06-01,1.60512212304153,TRUE,0
"30",2016-07-01,1.82950813673744,TRUE,0
"30",2016-08-01,1.84265048312279,TRUE,0
"30",2016-09-01,2.01258782201405,TRUE,0
"30",2016-10-01,1.55102498458319,TRUE,0
"30",2016-11-01,1.4421690222094,TRUE,0
"30",2016-12-01,1.33969291577987,TRUE,0
"30",2017-01-01,1.62092915842404,TRUE,0
"30",2017-02-01,1.65613960904534,TRUE,0
"30",2017-03-01,1.47146653279206,TRUE,0
"30",2017-04-01,1.59429225755307,TRUE,0
"30",2017-05-01,1.63776493256262,TRUE,0
"30",2017-06-01,1.86597881565227,TRUE,0
"30",2017-07-01,1.70718996531709,TRUE,0
"30",2017-08-01,1.96405085488821,TRUE,0
"30",2017-09-01,1.7628756026831,TRUE,0
"30",2017-10-01,1.47977785503526,TRUE,0
"30",2017-11-01,1.63056342102726,TRUE,0
"30",2017-12-01,1.31393799330917,TRUE,0
"30",2018-01-01,1.62755147918353,TRUE,0
"30",2018-02-01,1.25200368013203,TRUE,0
"30",2018-03-01,1.67846125929958,TRUE,0
"30",2018-04-01,1.50162599379082,TRUE,0
"30",2018-05-01,1.59537614411261,TRUE,0
"30",2018-06-01,1.76892369979378,TRUE,0
"30",2018-07-01,1.70110438190239,TRUE,0
"30",2018-08-01,1.7915063739911,TRUE,0
"30",2018-09-01,1.59119414440555,TRUE,0
"30",2018-10-01,1.67406194029179,TRUE,0
"30",2018-11-01,1.34811676341926,TRUE,0
"30",2018-12-01,1.22435926721184,TRUE,0
"30",2019-01-01,1.4695145921863,TRUE,0
"30",2019-02-01,1.47890468040777,TRUE,0
"30",2019-03-01,1.41958670260557,TRUE,0
"30",2019-04-01,1.54668423846393,TRUE,0
"30",2019-05-01,1.66526418353337,TRUE,0
"30",2019-06-01,1.56579507091332,TRUE,0
"30",2019-07-01,1.68264881490863,TRUE,0
"30",2019-08-01,1.94203217177824,TRUE,0
"30",2019-09-01,1.60646174556877,TRUE,0
"30",2019-10-01,1.63183613119602,TRUE,0
"30",2019-11-01,1.42898751228747,TRUE,0
"30",2019-12-01,1.60233483075338,TRUE,0
"30",2020-01-01,1.8111753371869,TRUE,0
"30",2020-02-01,1.30765803289486,TRUE,0
"30",2020-03-01,1.093344266776,TRUE,1
"30",2020-04-01,0.387989837169426,TRUE,1
"30",2020-05-01,0.720923572225679,TRUE,1
"30",2020-06-01,1.41997683195695,TRUE,1
"30",2020-07-01,1.36504192628774,TRUE,1
"30",2020-08-01,1.4342644822209,TRUE,1
"30",2020-09-01,0.91113941412756,TRUE,1
"30",2020-10-01,1.28875894437178,TRUE,1
"30",2020-11-01,1.12026422783857,TRUE,1
"30",2020-12-01,0.79160894518108,TRUE,1
"30",2021-01-01,1.36102950148775,TRUE,1
"30",2021-02-01,1.12364945978391,TRUE,1
"30",2021-03-01,1.37167723015798,TRUE,1
"30",2021-04-01,1.19172328954071,TRUE,1
"30",2021-05-01,1.01613351610955,TRUE,1
"30",2021-06-01,1.34391828976798,TRUE,1
"30",2021-07-01,1.27703127787637,TRUE,1
"30",2021-08-01,1.46193350076845,TRUE,1
"30",2021-09-01,1.17358672711269,TRUE,1
"30",2021-10-01,1.27740073328653,TRUE,1
"30",2021-11-01,1.19820269595607,TRUE,1
"30",2021-12-01,1.01648861825965,TRUE,1
"30",2022-01-01,1.37898240608654,TRUE,1
"30",2022-02-01,1.27530981711318,TRUE,1
"30",2022-03-01,1.05107077835545,TRUE,1
"30",2022-04-01,1.20416586235741,TRUE,1
"30",2022-05-01,1.33812908675062,TRUE,1
"30",2022-06-01,1.47696679629076,TRUE,1
"30",2022-07-01,1.59992644016367,TRUE,1
"30",2022-08-01,1.46151347840208,TRUE,1
"30",2022-09-01,1.44633244573859,TRUE,1
"30",2022-10-01,1.57054439343531,TRUE,1
"30",2022-11-01,1.55440908614096,TRUE,1
"30",2022-12-01,1.23369756785337,TRUE,1
"30",2023-01-01,1.68316358246067,TRUE,1
"30",2023-02-01,1.39244317326509,TRUE,1
"30",2023-03-01,1.89688671166401,TRUE,1
"30",2023-04-01,1.63359438812281,TRUE,1
"30",2023-05-01,2.04118966695872,TRUE,1
"30",2023-06-01,1.95845415220801,TRUE,1
"30",2023-07-01,1.62585889867415,TRUE,1
"30",2023-08-01,2.14640972786929,TRUE,1
"30",2023-09-01,1.84654984285674,TRUE,1
"30",2023-10-01,1.78187577780292,TRUE,1
"30",2023-11-01,1.87236234669414,TRUE,1
"30",2023-12-01,2.00048792388387,TRUE,1
"30",2024-01-01,2.28465791171803,TRUE,1
"30",2024-02-01,1.81214412524951,TRUE,1
"30",2024-03-01,2.33065041187405,TRUE,1
"30",2024-04-01,2.27776077209788,TRUE,1
"30",2024-05-01,2.43444648863615,TRUE,1
"30",2024-06-01,2.10535993380528,TRUE,1
"30",2024-07-01,2.1225413895571,TRUE,1
"30",2024-08-01,1.91165022713164,TRUE,1
"30",2024-09-01,1.17635807192043,TRUE,1
"30",2024-10-01,1.46781490668227,TRUE,1
"30",2024-11-01,1.40968169387352,TRUE,1
"30",2024-12-01,1.36264448319564,TRUE,1
"30",2025-01-01,1.49887814028764,TRUE,1
"30",2025-02-01,1.41298165789848,TRUE,1
"30",2025-03-01,1.40340904044127,TRUE,1
"30",2025-04-01,1.37331405236783,TRUE,1
"30",2025-05-01,1.46297137664698,TRUE,1
"30",2025-06-01,1.38580671741716,TRUE,1
"30",2025-07-01,1.73116089613035,TRUE,1
"30",2025-08-01,1.49768835058931,TRUE,1
"30",2025-09-01,1.39044970571989,TRUE,1
"33",2018-12-01,0.541171967292094,TRUE,0
"33",2019-01-01,3.62981197573966,TRUE,0
"33",2019-02-01,3.21403351306402,TRUE,0
"33",2019-03-01,2.94344752941798,TRUE,0
"33",2019-04-01,3.72880684780528,TRUE,0
"33",2019-05-01,3.31302838512965,TRUE,0
"33",2019-06-01,3.56381539436257,TRUE,0
"33",2019-07-01,4.77155283356322,TRUE,0
"33",2019-08-01,3.81460240359549,TRUE,0
"33",2019-09-01,4.44816958481551,TRUE,0
"33",2019-10-01,3.14803693168694,TRUE,0
"33",2019-11-01,2.95664684569339,TRUE,0
"33",2019-12-01,3.55721573622486,TRUE,1
"33",2020-01-01,3.31302838512965,TRUE,1
"33",2020-02-01,3.07544069217215,TRUE,1
"33",2020-03-01,1.67631316697795,TRUE,1
"33",2020-04-01,0.178190769718129,TRUE,1
"33",2020-05-01,0.349781881298549,TRUE,1
"33",2020-06-01,0.640166839357721,TRUE,1
"33",2020-07-01,2.05249368082733,TRUE,1
"33",2020-08-01,4.79135180797635,TRUE,1
"33",2020-09-01,2.32307966447338,TRUE,1
"33",2020-10-01,1.8743029111092,TRUE,1
"33",2020-11-01,2.27028239937171,TRUE,1
"33",2020-12-01,1.51132171353524,TRUE,1
"33",2021-01-01,1.57731829491232,TRUE,1
"33",2021-02-01,1.69611214139108,TRUE,1
"33",2021-03-01,2.27028239937171,TRUE,1
"33",2021-04-01,1.59711726932545,TRUE,1
"33",2021-05-01,2.00629607386337,TRUE,1
"33",2021-06-01,1.98649709945025,TRUE,1
"33",2021-07-01,1.93369983434858,TRUE,1
"33",2021-08-01,2.63326359694568,TRUE,1
"33",2021-09-01,2.5738666737063,TRUE,1
"33",2021-10-01,2.48147145977838,TRUE,1
"33",2021-11-01,2.75865710156214,TRUE,1
"33",2021-12-01,1.94029949248629,TRUE,1
"33",2022-01-01,2.84445265735235,TRUE,1
"33",2022-02-01,2.5738666737063,TRUE,1
"33",2022-03-01,2.19108650171921,TRUE,1
"33",2022-04-01,2.07229265524046,TRUE,1
"33",2022-05-01,3.10183932472298,TRUE,1
"33",2022-06-01,2.62666393880797,TRUE,1
"33",2022-07-01,2.8048547085261,TRUE,1
"33",2022-08-01,3.80800274545779,TRUE,1
"33",2022-09-01,3.23383248747715,TRUE,1
"33",2022-10-01,4.04559043841529,TRUE,1
"33",2022-11-01,2.74545778528672,TRUE,1
"33",2022-12-01,2.63986325508339,TRUE,1
"33",2023-01-01,3.41202325719528,TRUE,1
"33",2023-02-01,2.99624479451964,TRUE,1
"33",2023-03-01,3.72220718966758,TRUE,1
"33",2023-04-01,3.56381539436257,TRUE,1
"33",2023-05-01,3.99279317331362,TRUE,1
"33",2023-06-01,3.53081710367403,TRUE,1
"33",2023-07-01,0,TRUE,1
"33",2023-08-01,0,TRUE,1
"33",2023-09-01,0,TRUE,1
"33",2023-10-01,0,TRUE,1
"33",2023-11-01,0,TRUE,1
"33",2023-12-01,0,TRUE,1
"36",2019-01-01,8.61723281027161,TRUE,0
"36",2019-02-01,7.0690934346016,TRUE,0
"36",2019-03-01,7.00754867653426,TRUE,0
"36",2019-04-01,7.07842962923151,TRUE,0
"36",2019-05-01,7.5196278419539,TRUE,0
"36",2019-06-01,5.54824629667125,TRUE,0
"36",2019-07-01,3.42447652165069,TRUE,1
"36",2019-08-01,5.60506856426735,TRUE,1
"36",2019-09-01,5.53514434214578,TRUE,1
"36",2019-10-01,6.26987649740925,TRUE,1
"36",2019-11-01,5.54199406186381,TRUE,1
"36",2019-12-01,5.64188580775177,TRUE,1
"36",2020-01-01,6.57527792699212,TRUE,1
"36",2020-02-01,5.89316431247893,TRUE,1
"36",2020-03-01,3.63654874479584,TRUE,1
"36",2020-04-01,0.00317986112183683,TRUE,1
"36",2020-05-01,0.0123906064334507,TRUE,1
"36",2020-06-01,0.0207221834427452,TRUE,1
"36",2020-07-01,0.833844267320662,TRUE,1
"36",2020-08-01,2.16564710789164,TRUE,1
"36",2020-09-01,2.71912309514694,TRUE,1
"36",2020-10-01,3.11072646331792,TRUE,1
"36",2020-11-01,3.23212376677449,TRUE,1
"36",2020-12-01,3.18180154744708,TRUE,1
"36",2021-01-01,0.358622147574611,TRUE,1
"36",2021-02-01,0.661121334919483,TRUE,1
"36",2021-03-01,1.45981296720184,TRUE,1
"36",2021-04-01,2.06073559737801,TRUE,1
"36",2021-05-01,2.07459989247048,TRUE,1
"36",2021-06-01,2.10444811121327,TRUE,1
"36",2021-07-01,1.90137319492419,TRUE,1
"36",2021-08-01,2.09699233593096,TRUE,1
"36",2021-09-01,1.34775011483746,TRUE,1
"36",2021-10-01,1.83576058176052,TRUE,1
"36",2021-11-01,1.87771730659955,TRUE,1
"36",2021-12-01,2.0889071412902,TRUE,1
"36",2022-01-01,2.83532612253217,TRUE,1
"36",2022-02-01,3.65687768262402,TRUE,1
"36",2022-03-01,5.06993421129616,TRUE,1
"36",2022-04-01,4.73001687028886,TRUE,1
"36",2022-05-01,4.71292508925086,TRUE,1
"36",2022-06-01,4.88784582879183,TRUE,1
"36",2022-07-01,4.91700940280239,TRUE,1
"36",2022-08-01,4.91643796250346,TRUE,1
"36",2022-09-01,4.95577221599564,TRUE,1
"36",2022-10-01,4.87012616185174,TRUE,1
"36",2022-11-01,4.84560589053063,TRUE,1
"36",2022-12-01,4.97519833754103,TRUE,1
"36",2023-01-01,5.43268395136356,TRUE,1
"36",2023-02-01,4.60543297751564,TRUE,1
"36",2023-03-01,5.72750730422716,TRUE,1
"36",2023-04-01,4.92751712215876,TRUE,1
"36",2023-05-01,5.2331858645759,TRUE,1
"36",2023-06-01,5.34963109978244,TRUE,1
"36",2023-07-01,4.99258945948006,TRUE,1
"36",2023-08-01,5.73758883069002,TRUE,1
"36",2023-09-01,4.88756042380358,TRUE,1
"36",2023-10-01,5.25390343831619,TRUE,1
"36",2023-11-01,5.00004568598651,TRUE,1
"36",2023-12-01,4.72002769570006,TRUE,1
"36",2024-01-01,5.09876011510954,TRUE,1
"36",2024-02-01,4.74714116958393,TRUE,1
"36",2024-03-01,5.04812552040323,TRUE,1
"36",2024-04-01,4.76654870878502,TRUE,1
"36",2024-05-01,4.90901333686683,TRUE,1
"36",2024-06-01,4.47457940580394,TRUE,1
"36",2024-07-01,4.95927432274749,TRUE,1
"36",2024-08-01,4.97777376756341,TRUE,1
"36",2024-09-01,4.61238596815846,TRUE,1
"36",2024-10-01,4.91924037749947,TRUE,1
"36",2024-11-01,4.41121949841215,TRUE,1
"36",2024-12-01,4.37184905026727,TRUE,1
"36",2025-01-01,4.95762422556762,TRUE,1
"36",2025-02-01,4.4431848570963,TRUE,1
"36",2025-03-01,4.4660172561564,TRUE,1
"36",2025-04-01,4.73338546006793,TRUE,1
"36",2025-05-01,4.38612773943791,TRUE,1
"36",2025-06-01,4.25291602832004,TRUE,1
"36",2025-07-01,4.86623423942032,TRUE,1
"36",2025-08-01,4.56847764693862,TRUE,1
"36",2025-09-01,4.00666293206109,TRUE,1
"37",2016-01-01,10.757307640962,TRUE,0
"37",2016-02-01,8.50842036794551,TRUE,0
"37",2016-03-01,7.55546592513272,TRUE,0
"37",2016-04-01,8.90323606854455,TRUE,0
"37",2016-05-01,9.97122674066857,TRUE,0
"37",2016-06-01,10.2602375143085,TRUE,0
"37",2016-07-01,10.5300755830633,TRUE,0
"37",2016-08-01,10.8524610652071,TRUE,0
"37",2016-09-01,10.3035536253455,TRUE,0
"37",2016-10-01,10.5620300912053,TRUE,0
"37",2016-11-01,9.42018900026416,TRUE,0
"37",2016-12-01,9.3449183810852,TRUE,0
"37",2017-01-01,11.1187486330572,TRUE,0
"37",2017-02-01,9.32077497493346,TRUE,0
"37",2017-03-01,7.80329088827852,TRUE,0
"37",2017-04-01,8.3344458236168,TRUE,0
"37",2017-05-01,9.91725912691762,TRUE,0
"37",2017-06-01,10.6351704098414,TRUE,0
"37",2017-07-01,10.6096068033278,TRUE,0
"37",2017-08-01,10.8070146536273,TRUE,0
"37",2017-09-01,10.6046361020613,TRUE,0
"37",2017-10-01,10.6898481237733,TRUE,0
"37",2017-11-01,9.36764158687508,TRUE,0
"37",2017-12-01,9.20431854526037,TRUE,0
"37",2018-01-01,11.3012443795571,TRUE,0
"37",2018-02-01,9.80790369905386,TRUE,0
"37",2018-03-01,7.99430783694964,TRUE,0
"37",2018-04-01,9.08786211558727,TRUE,0
"37",2018-05-01,10.1572729880732,TRUE,0
"37",2018-06-01,10.2666284159369,TRUE,0
"37",2018-07-01,11.4020786052496,TRUE,0
"37",2018-08-01,11.1400516384852,TRUE,0
"37",2018-09-01,10.0635397641899,TRUE,0
"37",2018-10-01,11.4361634139344,TRUE,0
"37",2018-11-01,10.169344691149,TRUE,0
"37",2018-12-01,9.50611112215711,TRUE,0
"37",2019-01-01,11.7734609998779,TRUE,0
"37",2019-02-01,10.2673385161179,TRUE,0
"37",2019-03-01,8.18035408435422,TRUE,0
"37",2019-04-01,9.14111962915728,TRUE,0
"37",2019-05-01,10.8815751726254,TRUE,0
"37",2019-06-01,10.88512567353,TRUE,0
"37",2019-07-01,12.1072080849166,TRUE,0
"37",2019-08-01,11.2877524761193,TRUE,0
"37",2019-09-01,11.1869182504268,TRUE,0
"37",2019-10-01,11.2742605726816,TRUE,0
"37",2019-11-01,9.54871713301312,TRUE,0
"37",2019-12-01,10.3695929421723,TRUE,0
"37",2020-01-01,12.1533645966773,TRUE,0
"37",2020-02-01,10.7871318485612,TRUE,0
"37",2020-03-01,5.96697182038442,TRUE,0
"37",2020-04-01,0.659683068087246,TRUE,0
"37",2020-05-01,2.11893893990564,TRUE,0
"37",2020-06-01,2.60606766402604,TRUE,0
"37",2020-07-01,5.32433115663958,TRUE,0
"37",2020-08-01,5.88460019939613,TRUE,0
"37",2020-09-01,6.34119461573639,TRUE,0
"37",2020-10-01,6.11964335928513,TRUE,0
"37",2020-11-01,3.77063196075702,TRUE,0
"37",2020-12-01,4.10792954670045,TRUE,0
"37",2021-01-01,3.75358955641462,TRUE,0
"37",2021-02-01,3.75003905550995,TRUE,0
"37",2021-03-01,4.25705058469649,TRUE,1
"37",2021-04-01,3.40990106884279,TRUE,1
"37",2021-05-01,3.41132126920466,TRUE,1
"37",2021-06-01,4.68808139452314,TRUE,1
"37",2021-07-01,4.95010836128761,TRUE,1
"37",2021-08-01,5.43155628396054,TRUE,1
"37",2021-09-01,6.95472117206295,TRUE,1
"37",2021-10-01,7.14431792037221,TRUE,1
"37",2021-11-01,6.59825088123432,TRUE,1
"37",2021-12-01,6.58972967906312,TRUE,1
"37",2022-01-01,7.82388379352559,TRUE,1
"37",2022-02-01,7.5931012347222,TRUE,1
"37",2022-03-01,8.23858229919077,TRUE,1
"37",2022-04-01,7.87998170781934,TRUE,1
"37",2022-05-01,9.29521136841986,TRUE,1
"37",2022-06-01,9.71914117643717,TRUE,1
"37",2022-07-01,10.2758597182891,TRUE,1
"37",2022-08-01,10.8702135697304,TRUE,1
"37",2022-09-01,9.93217123071723,TRUE,1
"37",2022-10-01,10.5726815939193,TRUE,1
"37",2022-11-01,9.38468399121748,TRUE,1
"37",2022-12-01,9.78091989217839,TRUE,1
"37",2023-01-01,11.4141503083255,TRUE,1
"37",2023-02-01,9.51392222414738,TRUE,1
"37",2023-03-01,9.7070694733613,TRUE,1
"37",2023-04-01,9.0970934179394,TRUE,1
"37",2023-05-01,11.2955635781096,TRUE,1
"37",2023-06-01,11.4787694247904,TRUE,1
"38",2016-01-01,1.57793963418741,TRUE,0
"38",2016-02-01,1.60733420645315,TRUE,0
"38",2016-03-01,1.37244137714689,TRUE,0
"38",2016-04-01,1.32938885560216,TRUE,0
"38",2016-05-01,1.30200908555245,TRUE,0
"38",2016-06-01,1.78396301312287,TRUE,0
"38",2016-07-01,1.42892060089872,TRUE,0
"38",2016-08-01,1.62683136757876,TRUE,0
"38",2016-09-01,1.53071110249952,TRUE,0
"38",2016-10-01,1.776502664754,TRUE,0
"38",2016-11-01,1.36843031268633,TRUE,0
"38",2016-12-01,1.46368545904204,TRUE,0
"38",2017-01-01,2.05781102755928,TRUE,0
"38",2017-02-01,1.72397638901902,TRUE,0
"38",2017-03-01,1.5387043320445,TRUE,0
"38",2017-04-01,1.21488968801633,TRUE,0
"38",2017-05-01,1.48935967081332,TRUE,0
"38",2017-06-01,1.85573967159031,TRUE,0
"38",2017-07-01,1.62740899357602,TRUE,0
"38",2017-08-01,1.93947717634395,TRUE,0
"38",2017-09-01,1.6446586620274,TRUE,0
"38",2017-10-01,1.61158808575951,TRUE,0
"38",2017-11-01,1.73805679551714,TRUE,0
"38",2017-12-01,1.62669731741053,TRUE,0
"38",2018-01-01,2.07846433817077,TRUE,0
"38",2018-02-01,1.83540897908979,TRUE,0
"38",2018-03-01,1.79403339216991,TRUE,0
"38",2018-04-01,1.74706674176826,TRUE,0
"38",2018-05-01,1.9377229345416,TRUE,0
"38",2018-06-01,1.81697230854771,TRUE,0
"38",2018-07-01,2.07302524788297,TRUE,0
"38",2018-08-01,2.27193926896476,TRUE,0
"38",2018-09-01,1.94207391085134,TRUE,0
"38",2018-10-01,2.21643747759983,TRUE,0
"38",2018-11-01,2.18340611353712,TRUE,0
"38",2018-12-01,2.00060932263634,TRUE,0
"38",2019-01-01,2.38177890920312,TRUE,0
"38",2019-02-01,2.53814399417664,TRUE,0
"38",2019-03-01,2.3063487315082,TRUE,0
"38",2019-04-01,2.19241202482256,TRUE,0
"38",2019-05-01,2.30431943278291,TRUE,0
"38",2019-06-01,2.0450690574267,TRUE,0
"38",2019-07-01,2.36278236678385,TRUE,0
"38",2019-08-01,2.19343276895219,TRUE,0
"38",2019-09-01,2.09848367631131,TRUE,0
"38",2019-10-01,2.87943525914917,TRUE,0
"38",2019-11-01,2.55805191457296,TRUE,0
"38",2019-12-01,2.27876231190795,TRUE,0
"38",2020-01-01,2.45539217043745,TRUE,0
"38",2020-02-01,2.57074415253082,TRUE,0
"38",2020-03-01,1.30815940019915,TRUE,0
"38",2020-04-01,0.407290499949089,TRUE,0
"38",2020-05-01,2.02176995898969,TRUE,0
"38",2020-06-01,2.18714517059732,TRUE,0
"38",2020-07-01,2.31311215206535,TRUE,0
"38",2020-08-01,2.30062795828698,TRUE,0
"38",2020-09-01,2.15453265792724,TRUE,0
"38",2020-10-01,2.62223694798126,TRUE,0
"38",2020-11-01,1.7140504256399,TRUE,0
"38",2020-12-01,2.03855615340135,TRUE,0
"38",2021-01-01,1.85472346377208,TRUE,0
"38",2021-02-01,1.76836359093137,TRUE,0
"38",2021-03-01,2.25702756309418,TRUE,0
"38",2021-04-01,1.68318310841094,TRUE,0
"38",2021-05-01,1.42622250887982,TRUE,0
"38",2021-06-01,1.68458509993943,TRUE,1
"38",2021-07-01,2.13707118593453,TRUE,1
"38",2021-08-01,2.12686459920099,TRUE,1
"38",2021-09-01,2.08901853768702,TRUE,1
"38",2021-10-01,1.96409305928241,TRUE,1
"38",2021-11-01,1.87695516162669,TRUE,1
"38",2021-12-01,2.08307454158027,TRUE,1
"38",2022-01-01,2.16257850456215,TRUE,1
"38",2022-02-01,1.72695001439125,TRUE,1
"38",2022-03-01,2.20722770264383,TRUE,1
"38",2022-04-01,1.86631777427175,TRUE,1
"38",2022-05-01,2.24142805217883,TRUE,1
"38",2022-06-01,2.13671208741776,TRUE,1
"38",2022-07-01,2.3091176889818,TRUE,1
"38",2022-08-01,2.76660195631582,TRUE,1
"38",2022-09-01,2.38757689826804,TRUE,1
"38",2022-10-01,2.73090892372764,TRUE,1
"38",2022-11-01,2.37388724035608,TRUE,1
"38",2022-12-01,2.68533805422394,TRUE,1
"38",2023-01-01,3.09943793067496,TRUE,1
"38",2023-02-01,2.93547545383382,TRUE,1
"38",2023-03-01,2.9897042061401,TRUE,1
"38",2023-04-01,2.30438881323976,TRUE,1
"38",2023-05-01,2.58513592516808,TRUE,1
"38",2023-06-01,3.05786419946683,TRUE,1
"38",2023-07-01,3.15005993476867,TRUE,1
"38",2023-08-01,4.19446908628071,TRUE,1
"38",2023-09-01,2.85411242888825,TRUE,1
"38",2023-10-01,3.62576885723535,TRUE,1
"38",2023-11-01,2.66007268367615,TRUE,1
"38",2023-12-01,2.91914622012803,TRUE,1
"38",2024-01-01,3.00184653059612,TRUE,1
"38",2024-02-01,3.92543533263879,TRUE,1
"38",2024-03-01,2.53905694877358,TRUE,1
"38",2024-04-01,2.85938292671678,TRUE,1
"38",2024-05-01,3.14090556470076,TRUE,1
"38",2024-06-01,3.27488250061345,TRUE,1
"38",2024-07-01,3.27260521752102,TRUE,1
"38",2024-08-01,2.9050724844066,TRUE,1
"38",2024-09-01,2.70498240307146,TRUE,1
"38",2024-10-01,3.06390977443609,TRUE,1
"38",2024-11-01,2.44477763028468,TRUE,1
"38",2024-12-01,2.91198784561595,TRUE,1
"38",2025-01-01,2.98056898297637,TRUE,1
"38",2025-02-01,2.80500880753619,TRUE,1
"38",2025-03-01,2.46043043392189,TRUE,1
"38",2025-04-01,2.66418258034467,TRUE,1
"38",2025-05-01,2.57955953327539,TRUE,1
"38",2025-06-01,0.705269817563293,TRUE,1
"39",2016-01-01,5.43151908198804,TRUE,0
"39",2016-02-01,4.07363931149103,TRUE,0
"39",2016-03-01,4.21891888750712,TRUE,0
"39",2016-04-01,4.66637998163666,TRUE,0
"39",2016-05-01,5.17970115022683,TRUE,0
"39",2016-06-01,5.6445957934783,TRUE,0
"39",2016-07-01,5.65040697651895,TRUE,0
"39",2016-08-01,5.93902906753757,TRUE,0
"39",2016-09-01,6.02619681314722,TRUE,0
"39",2016-10-01,5.31142129914808,TRUE,0
"39",2016-11-01,4.60245696818958,TRUE,0
"39",2016-12-01,5.02667333015655,TRUE,0
"39",2017-01-01,5.1215893198204,TRUE,0
"39",2017-02-01,4.43199559899738,TRUE,0
"39",2017-03-01,4.4126249888619,TRUE,0
"39",2017-04-01,4.12400289784328,TRUE,0
"39",2017-05-01,5.3404772143513,TRUE,0
"39",2017-06-01,5.64265873246476,TRUE,0
"39",2017-07-01,5.39277786171709,TRUE,0
"39",2017-08-01,5.89835078625307,TRUE,0
"39",2017-09-01,5.37147019056806,TRUE,0
"39",2017-10-01,5.57292453597703,TRUE,0
"39",2017-11-01,4.42812147697028,TRUE,0
"39",2017-12-01,4.45524033115995,TRUE,0
"39",2018-01-01,5.15645641806426,TRUE,0
"39",2018-02-01,4.30802369413032,TRUE,0
"39",2018-03-01,4.20535946041228,TRUE,0
"39",2018-04-01,4.42812147697028,TRUE,0
"39",2018-05-01,4.82909310677468,TRUE,0
"39",2018-06-01,5.00342859799398,TRUE,0
"39",2018-07-01,5.67365170868152,TRUE,0
"39",2018-08-01,5.93902906753757,TRUE,0
"39",2018-09-01,5.02279920812946,TRUE,0
"39",2018-10-01,5.43151908198804,TRUE,0
"39",2018-11-01,4.75161066623277,TRUE,0
"39",2018-12-01,4.30996075514387,TRUE,0
"39",2019-01-01,4.75935891028696,TRUE,0
"39",2019-02-01,4.83103016778823,TRUE,0
"39",2019-03-01,4.11044347074844,TRUE,0
"39",2019-04-01,4.3641984635232,TRUE,0
"39",2019-05-01,5.14677111299652,TRUE,0
"39",2019-06-01,4.88139375414047,TRUE,0
"39",2019-07-01,5.66784052564088,TRUE,0
"39",2019-08-01,5.30173599408034,TRUE,0
"39",2019-09-01,5.17970115022683,TRUE,0
"39",2019-10-01,5.60779163422089,TRUE,0
"39",2019-11-01,4.15112175203295,TRUE,0
"39",2019-12-01,4.73417711711083,TRUE,0
"39",2020-01-01,5.15258229603716,TRUE,0
"39",2020-02-01,4.36032434149611,TRUE,0
"39",2020-03-01,2.34965500943349,TRUE,0
"39",2020-04-01,0.792257954541052,TRUE,0
"39",2020-05-01,1.17385897420997,TRUE,0
"39",2020-06-01,2.64021416146566,TRUE,0
"39",2020-07-01,2.8281090797798,TRUE,0
"39",2020-08-01,3.44603154310154,TRUE,0
"39",2020-09-01,3.28525547897708,TRUE,0
"39",2020-10-01,3.16322063512357,TRUE,0
"39",2020-11-01,2.74481545619724,TRUE,0
"39",2020-12-01,3.32012257722094,TRUE,0
"39",2021-01-01,3.55644402087377,TRUE,0
"39",2021-02-01,2.97919983883652,TRUE,0
"39",2021-03-01,3.15353533005583,TRUE,0
"39",2021-04-01,2.70801129693983,TRUE,0
"39",2021-05-01,2.76224900531917,TRUE,0
"39",2021-06-01,3.49833219046734,TRUE,0
"39",2021-07-01,3.72690539006598,TRUE,0
"39",2021-08-01,3.72496832905243,TRUE,0
"39",2021-09-01,4.29252720602194,TRUE,0
"39",2021-10-01,4.07363931149103,TRUE,0
"39",2021-11-01,3.81407313567563,TRUE,0
"39",2021-12-01,3.63392646141568,TRUE,0
"39",2022-01-01,4.19954827737164,TRUE,0
"39",2022-02-01,3.74433893918791,TRUE,0
"39",2022-03-01,4.27703071791355,TRUE,0
"39",2022-04-01,3.55256989884667,TRUE,0
"39",2022-05-01,4.11044347074844,TRUE,0
"39",2022-06-01,4.86589726603209,TRUE,0
"39",2022-07-01,4.92207203542497,TRUE,0
"39",2022-08-01,5.33466603131065,TRUE,0
"39",2022-09-01,5.5632392309093,TRUE,0
"39",2022-10-01,5.27849126191777,TRUE,0
"39",2022-11-01,4.59277166312184,TRUE,0
"39",2022-12-01,5.11577813677975,TRUE,0
"39",2023-01-01,4.59664578514894,TRUE,1
"39",2023-02-01,5.03442157421074,TRUE,1
"39",2023-03-01,4.15305881304649,TRUE,1
"39",2023-04-01,3.8411919898653,TRUE,1
"39",2023-05-01,4.42037323291609,TRUE,1
"39",2023-06-01,5.0770369165088,TRUE,1
"39",2023-07-01,4.60245696818958,TRUE,1
"39",2023-08-01,5.52256094962479,TRUE,1
"39",2023-09-01,4.78260364244953,TRUE,1
"39",2023-10-01,4.86783432704563,TRUE,1
"39",2023-11-01,4.51528922257993,TRUE,1
"39",2023-12-01,4.57921223602701,TRUE,1
"39",2024-01-01,4.92788321846562,TRUE,1
"39",2024-02-01,4.98212092684495,TRUE,1
"39",2024-03-01,3.62617821736149,TRUE,1
"39",2024-04-01,4.67412822569085,TRUE,1
"39",2024-05-01,4.99568035393979,TRUE,1
"39",2024-06-01,4.70899532393471,TRUE,1
"39",2024-07-01,5.2068200044165,TRUE,1
"39",2024-08-01,4.97243562177721,TRUE,1
"39",2024-09-01,4.86202314400499,TRUE,1
"39",2024-10-01,5.10609283171201,TRUE,1
"39",2024-11-01,4.29446426703548,TRUE,1
"39",2024-12-01,4.66831704265021,TRUE,1
"39",2025-01-01,4.95693913366883,TRUE,1
"39",2025-02-01,4.24797480271034,TRUE,1
"39",2025-03-01,3.81988431871627,TRUE,1
"39",2025-04-01,4.17049236216842,TRUE,1
"39",2025-05-01,4.46298857521414,TRUE,1
"39",2025-06-01,2.3825850466638,TRUE,1
"39",2025-07-01,3.78131824391923,TRUE,1
"39",2025-08-01,3.45858837957335,TRUE,1
"39",2025-09-01,3.80784213293076,TRUE,1
"40",2016-01-01,8.40434288835064,FALSE,0
"40",2016-02-01,6.44177099991208,FALSE,0
"40",2016-03-01,6.17897581121318,FALSE,0
"40",2016-04-01,6.86602887866478,FALSE,0
"40",2016-05-01,7.473395991154,FALSE,0
"40",2016-06-01,8.14867593857394,FALSE,0
"40",2016-07-01,8.47327894905459,FALSE,0
"40",2016-08-01,8.83005348625057,FALSE,0
"40",2016-09-01,8.25332433248542,FALSE,0
"40",2016-10-01,8.17959356705258,FALSE,0
"40",2016-11-01,7.66294766943457,FALSE,0
"40",2016-12-01,7.51700330981966,FALSE,0
"40",2017-01-01,8.32421855242527,FALSE,0
"40",2017-02-01,7.03748954847846,FALSE,0
"40",2017-03-01,6.28774349556071,FALSE,0
"40",2017-04-01,6.76519862566374,FALSE,0
"40",2017-05-01,7.62787867897971,FALSE,0
"40",2017-06-01,8.29396143067084,FALSE,0
"40",2017-07-01,8.40466631614379,FALSE,0
"40",2017-08-01,8.79858299914993,FALSE,0
"40",2017-09-01,8.30223910069476,FALSE,0
"40",2017-10-01,8.50333128363772,FALSE,0
"40",2017-11-01,7.68848536996966,FALSE,0
"40",2017-12-01,7.34662798385179,FALSE,0
"40",2018-01-01,8.41798701134612,FALSE,0
"40",2018-02-01,7.18751261713651,FALSE,0
"40",2018-03-01,6.34728226812085,FALSE,0
"40",2018-04-01,6.91875512909539,FALSE,0
"40",2018-05-01,7.85154700320135,FALSE,0
"40",2018-06-01,8.17134859652741,FALSE,0
"40",2018-07-01,8.75644291723443,FALSE,0
"40",2018-08-01,8.80115194342931,FALSE,0
"40",2018-09-01,8.5036405791421,FALSE,0
"40",2018-10-01,8.89364956952589,FALSE,0
"40",2018-11-01,8.02145813304106,FALSE,0
"40",2018-12-01,7.64542339650013,FALSE,0
"40",2019-01-01,8.77063725956206,FALSE,0
"40",2019-02-01,7.3275497031543,FALSE,0
"40",2019-03-01,6.28019820220135,FALSE,0
"40",2019-04-01,7.22690588909898,FALSE,0
"40",2019-05-01,8.15110239412457,FALSE,0
"40",2019-06-01,8.2646716678526,FALSE,0
"40",2019-07-01,8.91374404888345,FALSE,0
"40",2019-08-01,8.88059966326116,FALSE,0
"40",2019-09-01,8.72652347632662,FALSE,0
"40",2019-10-01,9.03620637142501,FALSE,0
"40",2019-11-01,8.08390464749535,FALSE,0
"40",2019-12-01,8.04983009952273,FALSE,0
"40",2020-01-01,8.4567231027687,FALSE,0
"40",2020-02-01,8.06020310319402,FALSE,0
"40",2020-03-01,5.35288949783855,FALSE,0
"40",2020-04-01,1.88447523961932,FALSE,0
"40",2020-05-01,2.51163411719114,FALSE,0
"40",2020-06-01,3.25797247119938,FALSE,0
"40",2020-07-01,3.29198711769032,FALSE,0
"40",2020-08-01,4.20017350603874,FALSE,0
"40",2020-09-01,5.05252780430697,FALSE,0
"40",2020-10-01,5.09650723279384,FALSE,0
"40",2020-11-01,5.00784800192403,FALSE,0
"40",2020-12-01,6.12641250096295,FALSE,0
"40",2021-01-01,5.40456117631364,FALSE,0
"40",2021-02-01,4.56838714240193,FALSE,0
"40",2021-03-01,5.41696466433332,FALSE,0
"40",2021-04-01,4.04296351045402,FALSE,0
"40",2021-05-01,4.10698099690076,FALSE,0
"40",2021-06-01,4.81032543607197,FALSE,0
"40",2021-07-01,5.48542569709132,FALSE,0
"40",2021-08-01,5.03133544102652,FALSE,0
"40",2021-09-01,6.62491213382512,FALSE,0
"40",2021-10-01,6.88245503750005,FALSE,0
"40",2021-11-01,6.12128250473741,FALSE,0
"40",2021-12-01,6.46916168068186,FALSE,0
"40",2022-01-01,7.65122670927709,FALSE,0
"40",2022-02-01,6.80324375874267,FALSE,0
"40",2022-03-01,7.43156240334787,FALSE,0
"40",2022-04-01,6.95865803766636,FALSE,0
"40",2022-05-01,7.57873565123765,FALSE,0
"40",2022-06-01,8.70829362433044,FALSE,0
"40",2022-07-01,9.37473238838018,FALSE,0
"40",2022-08-01,9.59479404585632,FALSE,0
"40",2022-09-01,9.73631994496447,FALSE,0
"40",2022-10-01,9.04034813388691,FALSE,0
"40",2022-11-01,8.43385924256373,FALSE,0
"40",2022-12-01,9.00616717092343,FALSE,0
"40",2023-01-01,9.99169728506751,FALSE,0
"40",2023-02-01,8.25885523552855,FALSE,0
"40",2023-03-01,8.43491665376803,FALSE,0
"40",2023-04-01,8.57327558445297,FALSE,0
"40",2023-05-01,9.55614534267429,FALSE,0
"40",2023-06-01,9.84708063021316,FALSE,0
"40",2023-07-01,9.91251660000285,FALSE,0
"40",2023-08-01,10.4542519655133,FALSE,0
"40",2023-09-01,10.4783793862132,FALSE,0
"40",2023-10-01,10.7505339236519,FALSE,0
"40",2023-11-01,9.25530784131129,FALSE,0
"40",2023-12-01,9.2727951599838,FALSE,0
"40",2024-01-01,10.7010672547976,FALSE,0
"40",2024-02-01,9.19430715178944,FALSE,0
"40",2024-03-01,8.14447592067989,FALSE,0
"40",2024-04-01,8.89321715739028,FALSE,0
"40",2024-05-01,9.69631413365472,FALSE,0
"40",2024-06-01,9.59956311659326,FALSE,0
"40",2024-07-01,10.7276557118872,FALSE,0
"40",2024-08-01,10.6021665124076,FALSE,0
"40",2024-09-01,10.0060448235949,FALSE,0
"40",2024-10-01,10.147245702436,FALSE,0
"40",2024-11-01,8.88586130212167,FALSE,0
"40",2024-12-01,9.65005176045026,FALSE,0
"40",2025-01-01,10.3115996378334,FALSE,0
"40",2025-02-01,9.01960815403655,FALSE,0
"40",2025-03-01,6.74121258656718,FALSE,0
"40",2025-04-01,6.71423586460828,FALSE,0
"40",2025-05-01,7.29793887789331,FALSE,0
"40",2025-06-01,7.88813408634583,FALSE,0
"40",2025-07-01,7.71564595567201,FALSE,0
"40",2025-08-01,7.44955934592572,FALSE,0
"40",2025-09-01,7.48460910320044,FALSE,0
"42",2016-01-01,5.9377351327528,TRUE,0
"42",2016-02-01,5.57160416029749,TRUE,0
"42",2016-03-01,5.19668575530139,TRUE,0
"42",2016-04-01,5.23954475493829,TRUE,0
"42",2016-05-01,5.89427219392367,TRUE,0
"42",2016-06-01,6.39921424529407,TRUE,0
"42",2016-07-01,6.34480505838929,TRUE,0
"42",2016-08-01,6.83733730864056,TRUE,0
"42",2016-09-01,6.6753020676988,TRUE,0
"42",2016-10-01,6.19105904876815,TRUE,0
"42",2016-11-01,5.78838141900853,TRUE,0
"42",2016-12-01,5.71957040944377,TRUE,0
"42",2017-01-01,6.55129288701624,TRUE,0
"42",2017-02-01,5.82176053577893,TRUE,0
"42",2017-03-01,5.48291571044675,TRUE,0
"42",2017-04-01,5.23544551753528,TRUE,0
"42",2017-05-01,6.37971457728001,TRUE,0
"42",2017-06-01,6.73076203378667,TRUE,0
"42",2017-07-01,6.57710310939122,TRUE,0
"42",2017-08-01,6.99303749978188,TRUE,0
"42",2017-09-01,6.3644027087496,TRUE,0
"42",2017-10-01,6.77392937102786,TRUE,0
"42",2017-11-01,5.90307151587338,TRUE,0
"42",2017-12-01,5.34084239707296,TRUE,0
"42",2018-01-01,6.5731227192666,TRUE,0
"42",2018-02-01,5.71002793233336,TRUE,0
"42",2018-03-01,5.06218373035086,TRUE,0
"42",2018-04-01,5.41376547001724,TRUE,0
"42",2018-05-01,6.1345641094663,TRUE,0
"42",2018-06-01,6.1378317936323,TRUE,0
"42",2018-07-01,6.62247942739318,TRUE,0
"42",2018-08-01,6.83313544297331,TRUE,0
"42",2018-09-01,6.1345641094663,TRUE,0
"42",2018-10-01,6.80533378556745,TRUE,0
"42",2018-11-01,5.80767337988775,TRUE,1
"42",2018-12-01,5.70835366245005,TRUE,1
"42",2019-01-01,6.58137632026662,TRUE,1
"42",2019-02-01,5.73113739405183,TRUE,1
"42",2019-03-01,5.21360059968558,TRUE,1
"42",2019-04-01,5.36635797057956,TRUE,1
"42",2019-05-01,5.53980900647235,TRUE,1
"42",2019-06-01,6.20529017665095,TRUE,1
"42",2019-07-01,7.12519233284952,TRUE,1
"42",2019-08-01,6.77637223874515,TRUE,1
"42",2019-09-01,6.42891173091115,TRUE,1
"42",2019-10-01,6.61002061932735,TRUE,1
"42",2019-11-01,5.58561888907067,TRUE,1
"42",2019-12-01,5.83557882582668,TRUE,1
"42",2020-01-01,6.85867638135985,TRUE,1
"42",2020-02-01,6.00604160985627,TRUE,1
"42",2020-03-01,2.84886609518953,TRUE,1
"42",2020-04-01,0.242324799899567,TRUE,1
"42",2020-05-01,0.299229045165984,TRUE,1
"42",2020-06-01,0.882149395986089,TRUE,1
"42",2020-07-01,0.801114639700813,TRUE,1
"42",2020-08-01,0.960216226468775,TRUE,1
"42",2020-09-01,6.03753838870235,TRUE,1
"42",2020-10-01,3.98895213631518,TRUE,1
"42",2020-11-01,3.32041815830565,TRUE,1
"42",2020-12-01,3.16634746579544,TRUE,1
"42",2021-01-01,3.20135992271805,TRUE,1
"42",2021-02-01,2.99367307489061,TRUE,1
"42",2021-03-01,3.53584660058075,TRUE,1
"42",2021-04-01,2.39253832174561,TRUE,1
"42",2021-05-01,2.48418629963463,TRUE,1
"42",2021-06-01,3.17886487799712,TRUE,1
"42",2021-07-01,3.38061287400718,TRUE,1
"42",2021-08-01,3.59038683582984,TRUE,1
"42",2021-09-01,3.866025942118,TRUE,1
"42",2021-10-01,4.1943204428425,TRUE,1
"42",2021-11-01,4.40276152790559,TRUE,1
"42",2021-12-01,4.44822573824244,TRUE,1
"42",2022-01-01,4.99301799991401,TRUE,1
"42",2022-02-01,4.61807398158264,TRUE,1
"42",2022-03-01,4.98304816489609,TRUE,1
"42",2022-04-01,4.68638065396284,TRUE,1
"42",2022-05-01,5.45084639271774,TRUE,1
"42",2022-06-01,5.86777091434077,TRUE,1
"42",2022-07-01,5.84294643519202,TRUE,1
"42",2022-08-01,6.99001426533524,TRUE,1
"42",2022-09-01,6.55265504105541,TRUE,1
"42",2022-10-01,5.90220222959617,TRUE,1
"42",2022-11-01,5.61419869874768,TRUE,1
"42",2022-12-01,5.90236032118807,TRUE,1
"42",2023-01-01,6.3900411318006,TRUE,1
"42",2023-02-01,5.81977538212553,TRUE,1
"42",2023-03-01,5.6663085233944,TRUE,1
"42",2023-04-01,5.10158132134521,TRUE,1
"42",2023-05-01,6.05444829704236,TRUE,1
"42",2023-06-01,6.25910813627984,TRUE,1
"42",2023-07-01,6.34579998890856,TRUE,1
"42",2023-08-01,6.63688115230526,TRUE,1
"42",2023-09-01,6.08346870499944,TRUE,1
"42",2023-10-01,6.59540553328342,TRUE,1
"42",2023-11-01,5.83300657608062,TRUE,1
"42",2023-12-01,5.73473883436299,TRUE,1
"42",2024-01-01,6.37589035088266,TRUE,1
"42",2024-02-01,6.28110808638938,TRUE,1
"42",2024-03-01,5.12722395754133,TRUE,1
"42",2024-04-01,5.75356358385464,TRUE,1
"42",2024-05-01,6.07674982404979,TRUE,1
"42",2024-06-01,5.86249213537741,TRUE,1
"42",2024-07-01,6.78384961500859,TRUE,1
"42",2024-08-01,6.38532503567316,TRUE,1
"42",2024-09-01,6.32384206293292,TRUE,1
"42",2024-10-01,6.61161352419697,TRUE,1
"42",2024-11-01,5.50708761802571,TRUE,1
"42",2024-12-01,5.77110766726639,TRUE,1
"42",2025-01-01,6.47524698174965,TRUE,1
"42",2025-02-01,5.6626129252099,TRUE,1
"42",2025-03-01,5.29425673589046,TRUE,1
"42",2025-04-01,5.16162172170007,TRUE,1
"42",2025-05-01,5.78159632110815,TRUE,1
"42",2025-06-01,5.76941890193483,TRUE,1
"42",2025-07-01,6.591814063492,TRUE,1
"42",2025-08-01,5.87944947313053,TRUE,1
"42",2025-09-01,6.11175967098288,TRUE,1
"45",2018-08-01,22.2659129176444,FALSE,0
"45",2018-09-01,20.9625176659927,FALSE,0
"45",2018-10-01,22.9184558062793,FALSE,0
"45",2018-11-01,20.7089388232589,FALSE,0
"45",2018-12-01,20.364071597141,FALSE,0
"45",2019-01-01,23.9429143309238,FALSE,0
"45",2019-02-01,20.8915155900273,FALSE,0
"45",2019-03-01,16.6854878518829,FALSE,0
"45",2019-04-01,18.4740639559652,FALSE,0
"45",2019-05-01,21.3040038408742,FALSE,0
"45",2019-06-01,22.3859402365383,FALSE,0
"45",2019-07-01,23.1804872771042,FALSE,0
"45",2019-08-01,22.6057085669076,FALSE,0
"45",2019-09-01,22.8204053204222,FALSE,0
"45",2019-10-01,22.4045360183388,FALSE,0
"45",2019-11-01,20.1882569328456,FALSE,0
"45",2019-12-01,20.7444398612417,FALSE,0
"45",2020-01-01,24.2793289289506,FALSE,0
"45",2020-02-01,21.0893070873596,FALSE,0
"45",2020-03-01,11.4634542171852,FALSE,0
"45",2020-04-01,0.183753334118113,FALSE,0
"45",2020-05-01,8.15678610793668,FALSE,0
"45",2020-06-01,10.5404272296342,FALSE,0
"45",2020-07-01,10.0248169160755,FALSE,0
"45",2020-08-01,11.5192415625866,FALSE,0
"45",2020-09-01,12.5741295483592,FALSE,0
"45",2020-10-01,11.7187235855372,FALSE,0
"45",2020-11-01,11.2318522074884,FALSE,0
"45",2020-12-01,11.2301616818701,FALSE,0
"45",2021-01-01,11.9638498001799,FALSE,0
"45",2021-02-01,9.465252936443,FALSE,0
"45",2021-03-01,10.0163642879844,FALSE,0
"45",2021-04-01,7.90827884205757,FALSE,0
"45",2021-05-01,8.75861322802486,FALSE,0
"45",2021-06-01,11.3214500652543,FALSE,0
"45",2021-07-01,11.3062353346903,FALSE,0
"45",2021-08-01,12.0534476579458,FALSE,0
"45",2021-09-01,14.937484362638,FALSE,0
"45",2021-10-01,14.6500950075397,FALSE,0
"45",2021-11-01,13.3247229228512,FALSE,0
"45",2021-12-01,13.5428007276022,FALSE,0
"45",2022-01-01,15.9856102459377,FALSE,0
"45",2022-02-01,14.7751939032884,FALSE,0
"45",2022-03-01,14.3424193450228,FALSE,0
"45",2022-04-01,12.978165171115,FALSE,0
"45",2022-05-01,15.6677914297113,FALSE,0
"45",2022-06-01,16.130995449105,FALSE,0
"45",2022-07-01,16.693940479974,FALSE,0
"45",2022-08-01,17.6473969286531,FALSE,0
"45",2022-09-01,17.1419297688037,FALSE,0
"45",2022-10-01,18.0024073084804,FALSE,0
"45",2022-11-01,16.3152627414916,FALSE,0
"45",2022-12-01,15.4344988943962,FALSE,0
"45",2023-01-01,19.853532860437,FALSE,0
"45",2023-02-01,16.3254058952009,FALSE,0
"45",2023-03-01,16.2189027812527,FALSE,0
"45",2023-04-01,15.9636334129007,FALSE,0
"45",2023-05-01,18.5890196980045,FALSE,0
"45",2023-06-01,18.6329733640784,FALSE,0
"45",2023-07-01,19.3007309832773,FALSE,0
"45",2023-08-01,18.9872560800176,FALSE,0
"45",2023-09-01,19.0370089868342,FALSE,0
"45",2023-10-01,17.977049424207,FALSE,0
"45",2023-11-01,15.1031558732241,FALSE,0
"45",2023-12-01,15.1657053210984,FALSE,0
"45",2024-01-01,19.4816172244274,FALSE,0
"45",2024-02-01,17.444533854466,FALSE,0
"45",2024-03-01,15.0067959129853,FALSE,0
"45",2024-04-01,16.3440016770014,FALSE,0
"45",2024-05-01,18.0869335893916,FALSE,0
"45",2024-06-01,18.1849840752487,FALSE,0
"45",2024-07-01,19.9177728339295,FALSE,0
"45",2024-08-01,18.6363544153148,FALSE,0
"45",2024-09-01,17.6913505947269,FALSE,0
"45",2024-10-01,18.3455840089801,FALSE,0
"45",2024-11-01,17.17404975555,FALSE,0
"45",2024-12-01,16.918780387198,FALSE,0
"45",2025-01-01,19.5695245565751,FALSE,0
"45",2025-02-01,18.5095649939479,FALSE,0
"45",2025-03-01,16.1039470392134,FALSE,0
"45",2025-04-01,16.2391890886714,FALSE,0
"45",2025-05-01,19.2432531122577,FALSE,0
"45",2025-06-01,18.5332323526031,FALSE,0
"45",2025-07-01,20.1781137791362,FALSE,0
"45",2025-08-01,20.8695387569903,FALSE,0
"45",2025-09-01,19.8856528471832,FALSE,0
"47",2016-01-01,6.80897820193173,TRUE,0
"47",2016-02-01,6.59732688620466,TRUE,0
"47",2016-03-01,5.5143460007396,TRUE,0
"47",2016-04-01,6.00879358439022,TRUE,0
"47",2016-05-01,7.2699236174191,TRUE,0
"47",2016-06-01,7.75367529189117,TRUE,0
"47",2016-07-01,7.50162369444091,TRUE,0
"47",2016-08-01,8.23189774920214,TRUE,0
"47",2016-09-01,7.4099509939496,TRUE,0
"47",2016-10-01,7.53578798942935,TRUE,0
"47",2016-11-01,6.12497941248675,TRUE,0
"47",2016-12-01,6.77290341426427,TRUE,0
"47",2017-01-01,7.13998315217146,TRUE,0
"47",2017-02-01,6.5625874999054,TRUE,0
"47",2017-03-01,5.73549511970548,TRUE,0
"47",2017-04-01,5.72042550562323,TRUE,0
"47",2017-05-01,6.93805032346927,TRUE,0
"47",2017-06-01,7.24697741215545,TRUE,0
"47",2017-07-01,7.59056461323082,TRUE,0
"47",2017-08-01,7.72920506278755,TRUE,0
"47",2017-09-01,6.79187506687141,TRUE,0
"47",2017-10-01,7.43899270752146,TRUE,0
"47",2017-11-01,6.48294797818523,TRUE,0
"47",2017-12-01,5.6887793160505,TRUE,0
"47",2018-01-01,8.08786187794517,TRUE,0
"47",2018-02-01,6.73008964913418,TRUE,0
"47",2018-03-01,5.74755081097128,TRUE,0
"47",2018-04-01,6.46787836410297,TRUE,0
"47",2018-05-01,7.56796019210744,TRUE,0
"47",2018-06-01,7.43685454959184,TRUE,0
"47",2018-07-01,7.77139998221786,TRUE,0
"47",2018-08-01,7.83921324558799,TRUE,0
"47",2018-09-01,7.10315522790108,TRUE,0
"47",2018-10-01,7.58453676759792,TRUE,0
"47",2018-11-01,6.61706754351728,TRUE,0
"47",2018-12-01,5.40748330308997,TRUE,0
"47",2019-01-01,8.2879727433697,TRUE,0
"47",2019-02-01,6.40412737031268,TRUE,0
"47",2019-03-01,5.53903824331648,TRUE,0
"47",2019-04-01,6.02802337220247,TRUE,0
"47",2019-05-01,7.24377171378748,TRUE,0
"47",2019-06-01,6.78764953993486,TRUE,0
"47",2019-07-01,8.21637038705549,TRUE,0
"47",2019-08-01,7.87289293165819,TRUE,0
"47",2019-09-01,7.39443500519863,TRUE,0
"47",2019-10-01,6.95126161420573,TRUE,0
"47",2019-11-01,6.08059826255781,TRUE,0
"47",2019-12-01,6.11752631759523,TRUE,0
"47",2020-01-01,7.95979527692957,TRUE,0
"47",2020-02-01,6.78879840804094,TRUE,0
"47",2020-03-01,3.95015803622424,TRUE,0
"47",2020-04-01,0.999320734287937,TRUE,0
"47",2020-05-01,1.93267586659528,TRUE,0
"47",2020-06-01,3.88616202098437,TRUE,0
"47",2020-07-01,3.47122256548259,TRUE,0
"47",2020-08-01,3.74569826468706,TRUE,0
"47",2020-09-01,4.7625406819106,TRUE,0
"47",2020-10-01,4.95846317475898,TRUE,0
"47",2020-11-01,4.02575764398613,TRUE,1
"47",2020-12-01,4.89214129310137,TRUE,1
"47",2021-01-01,3.33959882844235,TRUE,1
"47",2021-02-01,2.52809537623079,TRUE,1
"47",2021-03-01,4.77349042094727,TRUE,1
"47",2021-04-01,4.13503607714557,TRUE,1
"47",2021-05-01,3.80089174767926,TRUE,1
"47",2021-06-01,4.73172237976398,TRUE,1
"47",2021-07-01,4.78840757851273,TRUE,1
"47",2021-08-01,5.41607200981497,TRUE,1
"47",2021-09-01,6.14297985466265,TRUE,1
"47",2021-10-01,5.74469816470117,TRUE,1
"47",2021-11-01,5.20168256591302,TRUE,1
"47",2021-12-01,5.43015598788152,TRUE,1
"47",2022-01-01,6.12341593652465,TRUE,1
"47",2022-02-01,6.6100908515214,TRUE,1
"47",2022-03-01,6.88393550164,TRUE,1
"47",2022-04-01,5.94234157413271,TRUE,1
"47",2022-05-01,6.94340118680989,TRUE,1
"47",2022-06-01,7.51771451463482,TRUE,1
"47",2022-07-01,7.85885976113573,TRUE,1
"47",2022-08-01,8.50359297929342,TRUE,1
"47",2022-09-01,8.03725681664539,TRUE,1
"47",2022-10-01,8.2500813740955,TRUE,1
"47",2022-11-01,7.20103328714473,TRUE,1
"47",2022-12-01,7.73845107945556,TRUE,1
"47",2023-01-01,9.03901332492076,TRUE,1
"47",2023-02-01,7.76811332942749,TRUE,1
"47",2023-03-01,7.4391214866225,TRUE,1
"47",2023-04-01,6.54979193894873,TRUE,1
"47",2023-05-01,8.31793531329337,TRUE,1
"47",2023-06-01,8.23782126442528,TRUE,1
"47",2023-07-01,7.85824808088092,TRUE,1
"47",2023-08-01,8.63403847660133,TRUE,1
"47",2023-09-01,8.80294778350599,TRUE,1
"47",2023-10-01,9.4655526286019,TRUE,1
"47",2023-11-01,8.29673565471043,TRUE,1
"47",2023-12-01,7.05238754224213,TRUE,1
"47",2024-01-01,8.78269448254289,TRUE,1
"47",2024-02-01,8.47411270250805,TRUE,1
"47",2024-03-01,6.4303509263995,TRUE,1
"47",2024-04-01,10.3274759725589,TRUE,1
"47",2024-05-01,11.2031976193548,TRUE,1
"47",2024-06-01,10.9314219358664,TRUE,1
"47",2024-07-01,12.6911008562307,TRUE,1
"47",2024-08-01,11.7961627469659,TRUE,1
"47",2024-09-01,11.6424310472148,TRUE,1
"47",2024-10-01,11.6589023007596,TRUE,1
"47",2024-11-01,10.1819798995803,TRUE,1
"47",2024-12-01,9.18546906012282,TRUE,1
"47",2025-01-01,9.41881181867346,TRUE,1
"47",2025-02-01,9.9678536034985,TRUE,1
"47",2025-03-01,9.3474363866462,TRUE,1
"47",2025-04-01,8.02150047629375,TRUE,1
"47",2025-05-01,9.40508577405283,TRUE,1
"47",2025-06-01,9.92393026071249,TRUE,1
"47",2025-07-01,11.8510669254484,TRUE,1
"47",2025-08-01,9.2376280296812,TRUE,1
"47",2025-09-01,7.6454068536886,TRUE,1
"48",2016-01-01,5.50212773934724,FALSE,0
"48",2016-02-01,4.40135069268695,FALSE,0
"48",2016-03-01,3.89812159046173,FALSE,0
"48",2016-04-01,4.4001790300508,FALSE,0
"48",2016-05-01,5.13774065950547,FALSE,0
"48",2016-06-01,5.76692349511651,FALSE,0
"48",2016-07-01,5.59644658155709,FALSE,0
"48",2016-08-01,6.06628329865212,FALSE,0
"48",2016-09-01,5.98231515714646,FALSE,0
"48",2016-10-01,5.68302230292569,FALSE,0
"48",2016-11-01,5.16649124287999,FALSE,0
"48",2016-12-01,5.23381699566954,FALSE,0
"48",2017-01-01,6.3099434295183,FALSE,0
"48",2017-02-01,5.17347636990795,FALSE,0
"48",2017-03-01,4.34653508013315,FALSE,0
"48",2017-04-01,4.70012466490449,FALSE,0
"48",2017-05-01,5.51560185966294,FALSE,0
"48",2017-06-01,5.98368108280374,FALSE,0
"48",2017-07-01,6.0621824794256,FALSE,0
"48",2017-08-01,5.67377631554281,FALSE,0
"48",2017-09-01,4.94793131244962,FALSE,0
"48",2017-10-01,5.89932137300114,FALSE,0
"48",2017-11-01,5.27599685057083,FALSE,0
"48",2017-12-01,5.23498865830568,FALSE,0
"48",2018-01-01,6.13892638209325,FALSE,0
"48",2018-02-01,5.45291790862906,FALSE,0
"48",2018-03-01,4.26602365821195,FALSE,0
"48",2018-04-01,4.93035637290741,FALSE,0
"48",2018-05-01,5.55895337720038,FALSE,0
"48",2018-06-01,6.05256338131267,FALSE,0
"48",2018-07-01,6.37794555986727,FALSE,0
"48",2018-08-01,6.50624261852539,FALSE,0
"48",2018-09-01,6.29007086215623,FALSE,0
"48",2018-10-01,6.65055876854273,FALSE,0
"48",2018-11-01,5.79445756706597,FALSE,0
"48",2018-12-01,5.56598335301727,FALSE,0
"48",2019-01-01,6.77279586824888,FALSE,0
"48",2019-02-01,5.65678720731867,FALSE,0
"48",2019-03-01,4.6186731586258,FALSE,0
"48",2019-04-01,5.1769913578164,FALSE,0
"48",2019-05-01,6.33400821101175,FALSE,0
"48",2019-06-01,6.54549331683632,FALSE,0
"48",2019-07-01,7.14245542995332,FALSE,0
"48",2019-08-01,6.77045254297659,FALSE,0
"48",2019-09-01,6.84133813246349,FALSE,0
"48",2019-10-01,6.92042536040343,FALSE,0
"48",2019-11-01,6.06569746733405,FALSE,0
"48",2019-12-01,6.24671934461879,FALSE,0
"48",2020-01-01,7.30355904242356,FALSE,0
"48",2020-02-01,6.56834073824119,FALSE,0
"48",2020-03-01,3.55078208705703,FALSE,0
"48",2020-04-01,0.480521466145374,FALSE,0
"48",2020-05-01,1.18949724113382,FALSE,0
"48",2020-06-01,2.33353974898361,FALSE,0
"48",2020-07-01,2.22088652681701,FALSE,0
"48",2020-08-01,2.55949702866355,FALSE,0
"48",2020-09-01,2.44629110037645,FALSE,0
"48",2020-10-01,2.40425172937405,FALSE,0
"48",2020-11-01,2.67490579832405,FALSE,0
"48",2020-12-01,3.25089891162478,FALSE,0
"48",2021-01-01,3.05550259062464,FALSE,0
"48",2021-02-01,1.98820184026734,FALSE,0
"48",2021-03-01,3.02816208312243,FALSE,0
"48",2021-04-01,2.45053240350187,FALSE,0
"48",2021-05-01,2.54367958307557,FALSE,0
"48",2021-06-01,2.8002737003918,FALSE,0
"48",2021-07-01,3.0199604446694,FALSE,0
"48",2021-08-01,3.32342106743153,FALSE,0
"48",2021-09-01,4.24141874285286,FALSE,0
"48",2021-10-01,4.79092851920589,FALSE,0
"48",2021-11-01,4.44645970417862,FALSE,0
"48",2021-12-01,4.22384380331065,FALSE,0
"48",2022-01-01,6.28948503083816,FALSE,0
"48",2022-02-01,6.8899621318636,FALSE,0
"48",2022-03-01,6.98955345593611,FALSE,0
"48",2022-04-01,6.04988002174606,FALSE,0
"48",2022-05-01,6.85539808409726,FALSE,0
"48",2022-06-01,7.33402227096339,FALSE,0
"48",2022-07-01,7.60057552068688,FALSE,0
"48",2022-08-01,8.04346399715052,FALSE,0
"48",2022-09-01,7.6843493991714,FALSE,0
"48",2022-10-01,7.44005773953471,FALSE,0
"48",2022-11-01,6.51444425697842,FALSE,0
"48",2022-12-01,6.78392666329228,FALSE,0
"48",2023-01-01,7.77573908479088,FALSE,0
"48",2023-02-01,6.89640627636241,FALSE,0
"48",2023-03-01,6.58181485855689,FALSE,0
"48",2023-04-01,6.48532639425094,FALSE,0
"48",2023-05-01,7.37723356781109,FALSE,0
"48",2023-06-01,7.73594197435539,FALSE,0
"48",2023-07-01,7.81254749846485,FALSE,0
"48",2023-08-01,8.40532833978806,FALSE,0
"48",2023-09-01,7.84598641771898,FALSE,0
"48",2023-10-01,8.3335866584792,FALSE,0
"48",2023-11-01,7.41796825126612,FALSE,0
"48",2023-12-01,7.04985332211469,FALSE,0
"48",2024-01-01,8.72755792532785,FALSE,0
"48",2024-02-01,7.92806376497912,FALSE,0
"48",2024-03-01,6.32421160148104,FALSE,0
"48",2024-04-01,6.65799281367226,FALSE,0
"48",2024-05-01,4.69786416503019,FALSE,0
"48",2024-06-01,6.92983003036138,FALSE,0
"48",2024-07-01,7.34581890818422,FALSE,0
"48",2024-08-01,7.12335877721081,FALSE,0
"48",2024-09-01,7.22300237754265,FALSE,0
"48",2024-10-01,6.91764458796041,FALSE,0
"48",2024-11-01,6.5071443743571,FALSE,0
"48",2024-12-01,6.73029419977518,FALSE,0
"48",2025-01-01,7.81501714793043,FALSE,0
"48",2025-02-01,6.81501953455958,FALSE,0
"48",2025-03-01,6.3042808967043,FALSE,0
"48",2025-04-01,6.1950088422206,FALSE,0
"48",2025-05-01,6.97559692564656,FALSE,0
"48",2025-06-01,6.99620251169973,FALSE,0
"48",2025-07-01,7.48710029708407,FALSE,0
"48",2025-08-01,7.57921938767471,FALSE,0
"48",2025-09-01,7.70770127718271,FALSE,0
"49",2016-01-01,2.03779355263873,FALSE,0
"49",2016-02-01,1.92914711556315,FALSE,0
"49",2016-03-01,1.80260810921536,FALSE,0
"49",2016-04-01,1.77207858838045,FALSE,0
"49",2016-05-01,1.86121301709594,FALSE,0
"49",2016-06-01,2.1880594470177,FALSE,0
"49",2016-07-01,1.99214579838341,FALSE,0
"49",2016-08-01,2.23049258799794,FALSE,0
"49",2016-09-01,2.01521979772113,FALSE,0
"49",2016-10-01,1.82946605411567,FALSE,0
"49",2016-11-01,1.79524731893986,FALSE,0
"49",2016-12-01,1.65622343272773,FALSE,0
"49",2017-01-01,2.12215956498878,FALSE,0
"49",2017-02-01,1.96295899526747,FALSE,0
"49",2017-03-01,1.7858874234117,FALSE,0
"49",2017-04-01,1.7736696689885,FALSE,0
"49",2017-05-01,2.06858319474143,FALSE,0
"49",2017-06-01,1.90861332627839,FALSE,0
"49",2017-07-01,2.11179534265225,FALSE,0
"49",2017-08-01,1.99497166447975,FALSE,0
"49",2017-09-01,1.96994268972462,FALSE,0
"49",2017-10-01,2.03189890188285,FALSE,0
"49",2017-11-01,1.83144960186567,FALSE,0
"49",2017-12-01,1.49172769189043,FALSE,0
"49",2018-01-01,1.95896873838634,FALSE,0
"49",2018-02-01,1.78227905397759,FALSE,0
"49",2018-03-01,1.71232339704891,FALSE,0
"49",2018-04-01,1.65842717925229,FALSE,0
"49",2018-05-01,1.99592603704464,FALSE,0
"49",2018-06-01,2.00575898366375,FALSE,0
"49",2018-07-01,2.01984497689802,FALSE,0
"49",2018-08-01,2.05718923643629,FALSE,0
"49",2018-09-01,2.04073920108839,FALSE,0
"49",2018-10-01,1.97304247583577,FALSE,0
"49",2018-11-01,1.55306461948339,FALSE,0
"49",2018-12-01,1.45845167961295,FALSE,0
"49",2019-01-01,2.14812561782374,FALSE,0
"49",2019-02-01,1.58075250205977,FALSE,0
"49",2019-03-01,1.54828350791345,FALSE,0
"49",2019-04-01,1.82090423439542,FALSE,0
"49",2019-05-01,1.92808160629143,FALSE,0
"49",2019-06-01,1.99728243775398,FALSE,0
"49",2019-07-01,1.90790408181713,FALSE,0
"49",2019-08-01,1.98944311636638,FALSE,0
"49",2019-09-01,2.11893047455869,FALSE,0
"49",2019-10-01,2.00681041375334,FALSE,0
"49",2019-11-01,1.64329708599184,FALSE,0
"49",2019-12-01,1.74081237911025,FALSE,0
"49",2020-01-01,2.05152671755725,FALSE,0
"49",2020-02-01,1.87583714722185,FALSE,0
"49",2020-03-01,1.47281063497349,FALSE,0
"49",2020-04-01,0.687318027779104,FALSE,0
"49",2020-05-01,0.82760113445017,FALSE,0
"49",2020-06-01,1.04699085310718,FALSE,0
"49",2020-07-01,1.2016650270615,FALSE,0
"49",2020-08-01,2.12636502493963,FALSE,0
"49",2020-09-01,1.14286079125552,FALSE,0
"49",2020-10-01,1.03351211167066,FALSE,0
"49",2020-11-01,0.871511162046806,FALSE,0
"49",2020-12-01,0.891015118514592,FALSE,0
"49",2021-01-01,1.18299943254499,FALSE,0
"49",2021-02-01,0.913259324567308,FALSE,0
"49",2021-03-01,1.08297075978949,FALSE,0
"49",2021-04-01,1.01332344517185,FALSE,0
"49",2021-05-01,0.97311172680454,FALSE,0
"49",2021-06-01,1.11786926581738,FALSE,0
"49",2021-07-01,1.28326311901796,FALSE,0
"49",2021-08-01,1.19464746689898,FALSE,0
"49",2021-09-01,1.66832756529242,FALSE,0
"49",2021-10-01,1.39710925394366,FALSE,0
"49",2021-11-01,1.36330279872463,FALSE,0
"49",2021-12-01,1.22606038504584,FALSE,0
"49",2022-01-01,1.52457734969024,FALSE,0
"49",2022-02-01,1.53108646659621,FALSE,0
"49",2022-03-01,1.63099462057915,FALSE,0
"49",2022-04-01,1.35054745405727,FALSE,0
"49",2022-05-01,1.44423188259874,FALSE,0
"49",2022-06-01,1.72708281743084,FALSE,0
"49",2022-07-01,1.77051192995493,FALSE,0
"49",2022-08-01,2.03185340366996,FALSE,0
"49",2022-09-01,1.91252784508209,FALSE,0
"49",2022-10-01,1.87245256611113,FALSE,0
"49",2022-11-01,1.67911327725808,FALSE,0
"49",2022-12-01,1.70367443698143,FALSE,0
"49",2023-01-01,2.04899213022343,FALSE,0
"49",2023-02-01,1.87751424674191,FALSE,0
"49",2023-03-01,2.4034609838167,FALSE,0
"49",2023-04-01,1.9872863823865,FALSE,0
"49",2023-05-01,2.25205389831788,FALSE,0
"49",2023-06-01,2.47400716674178,FALSE,0
"49",2023-07-01,2.4331055827144,FALSE,0
"49",2023-08-01,2.49735583374114,FALSE,0
"49",2023-09-01,2.29812009924284,FALSE,0
"49",2023-10-01,2.25634060270634,FALSE,0
"49",2023-11-01,0.174800851886601,FALSE,0
"49",2023-12-01,0.294558307998894,FALSE,0
"49",2024-01-01,2.28786736049532,FALSE,0
"49",2024-02-01,2.1900296354301,FALSE,0
"49",2024-03-01,1.94514075603229,FALSE,0
"49",2024-04-01,2.01649055143624,FALSE,0
"49",2024-05-01,2.11427934597443,FALSE,0
"49",2024-06-01,2.07489569225919,FALSE,0
"49",2024-07-01,2.11980371250399,FALSE,0
"49",2024-08-01,2.74973905859278,FALSE,0
"49",2024-09-01,2.34783726259102,FALSE,0
"49",2024-10-01,2.48182722955012,FALSE,0
"49",2024-11-01,2.03300035106756,FALSE,0
"49",2024-12-01,2.13312999804647,FALSE,0
"49",2025-01-01,2.37526682163963,FALSE,0
"49",2025-02-01,2.15944941990637,FALSE,0
"49",2025-03-01,1.98864983638692,FALSE,0
"49",2025-04-01,1.84092608809598,FALSE,0
"49",2025-05-01,2.22209560708792,FALSE,0
"49",2025-06-01,2.04641924076897,FALSE,0
"49",2025-07-01,2.39288355162313,FALSE,0
"49",2025-08-01,2.14390869397351,FALSE,0
"49",2025-09-01,2.19058050383352,FALSE,0
"50",2016-01-01,1.08320298790712,FALSE,0
"50",2016-02-01,1.12852006403695,FALSE,0
"50",2016-03-01,1.03180235071492,FALSE,0
"50",2016-04-01,1.12980321559377,FALSE,0
"50",2016-05-01,1.27225432120775,FALSE,0
"50",2016-06-01,1.24473688423547,FALSE,0
"50",2016-07-01,1.26123846500557,FALSE,0
"50",2016-08-01,1.42726929147862,FALSE,0
"50",2016-09-01,1.19676914619191,FALSE,0
"50",2016-10-01,1.24269706965359,FALSE,0
"50",2016-11-01,1.19314961670069,FALSE,0
"50",2016-12-01,1.22386874834612,FALSE,0
"50",2017-01-01,1.20791244067922,FALSE,0
"50",2017-02-01,1.35310061119932,FALSE,0
"50",2017-03-01,1.01671446938977,FALSE,0
"50",2017-04-01,1.14546165696816,FALSE,0
"50",2017-05-01,1.36122877224185,FALSE,0
"50",2017-06-01,1.30282318944104,FALSE,0
"50",2017-07-01,1.26588306256399,FALSE,0
"50",2017-08-01,1.32647918556597,FALSE,0
"50",2017-09-01,1.20139443204587,FALSE,0
"50",2017-10-01,1.40990385524439,FALSE,0
"50",2017-11-01,1.03599047215062,FALSE,0
"50",2017-12-01,1.16420936866344,FALSE,0
"50",2018-01-01,1.39034416055453,FALSE,0
"50",2018-02-01,1.35072569649448,FALSE,0
"50",2018-03-01,1.07758620689655,FALSE,0
"50",2018-04-01,1.20085691810742,FALSE,0
"50",2018-05-01,1.27981430768803,FALSE,0
"50",2018-06-01,1.2310454004603,FALSE,0
"50",2018-07-01,1.55405963654676,FALSE,0
"50",2018-08-01,1.7205153617443,FALSE,0
"50",2018-09-01,1.39901747163774,FALSE,0
"50",2018-10-01,1.5549743229881,FALSE,0
"50",2018-11-01,1.31643222029955,FALSE,0
"50",2018-12-01,1.31858381633483,FALSE,0
"50",2019-01-01,1.65965215393061,FALSE,0
"50",2019-02-01,1.39770183185523,FALSE,0
"50",2019-03-01,1.20836461298209,FALSE,0
"50",2019-04-01,1.33616285467264,FALSE,0
"50",2019-05-01,1.41749056656068,FALSE,0
"50",2019-06-01,1.41271694553976,FALSE,0
"50",2019-07-01,1.60141997830589,FALSE,0
"50",2019-08-01,1.58816055715025,FALSE,0
"50",2019-09-01,1.69954832200999,FALSE,0
"50",2019-10-01,1.50347679007705,FALSE,0
"50",2019-11-01,1.28402138931114,FALSE,0
"50",2019-12-01,1.36312352415665,FALSE,0
"50",2020-01-01,1.66662144825528,FALSE,0
"50",2020-02-01,1.36084738613846,FALSE,0
"50",2020-03-01,1.10459749256369,FALSE,0
"50",2020-04-01,0.51425143085699,FALSE,0
"50",2020-05-01,0.624036087115438,FALSE,0
"50",2020-06-01,0.85170464364184,FALSE,0
"50",2020-07-01,0.953113504113437,FALSE,0
"50",2020-08-01,1.11998572129758,FALSE,0
"50",2020-09-01,1.14917011635347,FALSE,0
"50",2020-10-01,1.02702816931172,FALSE,0
"50",2020-11-01,1.0358749158905,FALSE,0
"50",2020-12-01,1.12686947173868,FALSE,0
"50",2021-01-01,1.11218786161439,FALSE,0
"50",2021-02-01,0.739597985389537,FALSE,0
"50",2021-03-01,1.07985703982174,FALSE,0
"50",2021-04-01,0.772869724739475,FALSE,0
"50",2021-05-01,0.810372771474878,FALSE,0
"50",2021-06-01,1.28332807047374,FALSE,0
"50",2021-07-01,1.28897962451463,FALSE,0
"50",2021-08-01,1.61411263270058,FALSE,0
"50",2021-09-01,1.70375643284749,FALSE,0
"50",2021-10-01,1.35799651021979,FALSE,0
"50",2021-11-01,1.4143532749109,FALSE,0
"50",2021-12-01,1.31316377254893,FALSE,0
"50",2022-01-01,1.53256704980843,FALSE,0
"50",2022-02-01,1.15201504672714,FALSE,0
"50",2022-03-01,1.33068259236093,FALSE,0
"50",2022-04-01,1.38255480977561,FALSE,0
"50",2022-05-01,1.42457291767204,FALSE,0
"50",2022-06-01,1.65695592419814,FALSE,0
"50",2022-07-01,1.57990543464572,FALSE,0
"50",2022-08-01,1.8022555740066,FALSE,0
"50",2022-09-01,1.6144528973523,FALSE,0
"50",2022-10-01,1.62550987079475,FALSE,0
"50",2022-11-01,1.68469409396671,FALSE,0
"50",2022-12-01,1.42190420493768,FALSE,0
"50",2023-01-01,1.9305335814472,FALSE,0
"50",2023-02-01,1.44781639878293,FALSE,0
"50",2023-03-01,1.55088698805817,FALSE,0
"50",2023-04-01,1.68871039215608,FALSE,0
"50",2023-05-01,1.7398364553732,FALSE,0
"50",2023-06-01,2.15213773681516,FALSE,0
"50",2023-07-01,1.74884053090092,FALSE,0
"50",2023-08-01,1.93185671142792,FALSE,0
"50",2023-09-01,1.94669422480713,FALSE,0
"50",2023-10-01,1.79109275793841,FALSE,0
"50",2023-11-01,1.58460094920322,FALSE,0
"50",2023-12-01,1.7586569697342,FALSE,0
"50",2024-01-01,1.56318921554212,FALSE,0
"50",2024-02-01,1.75336514216998,FALSE,0
"50",2024-03-01,1.58750341968273,FALSE,0
"50",2024-04-01,1.67421667827713,FALSE,0
"50",2024-05-01,1.6149015907356,FALSE,0
"50",2024-06-01,1.7640538274803,FALSE,0
"50",2024-07-01,2.10257448564798,FALSE,0
"50",2024-08-01,1.84582144883383,FALSE,0
"50",2024-09-01,2.03668437406034,FALSE,0
"50",2024-10-01,1.8789333987334,FALSE,0
"50",2024-11-01,1.65414355157105,FALSE,0
"50",2024-12-01,1.67525721425214,FALSE,0
"50",2025-01-01,2.0709243005288,FALSE,0
"50",2025-02-01,1.67984627593791,FALSE,0
"50",2025-03-01,1.52365925719678,FALSE,0
"50",2025-04-01,1.6563927535825,FALSE,0
"50",2025-05-01,1.65008665922743,FALSE,0
"50",2025-06-01,1.59247772811578,FALSE,0
"50",2025-07-01,1.80279747138059,FALSE,0
"50",2025-08-01,1.81976327044328,FALSE,0
"50",2025-09-01,1.69702318863837,FALSE,0
"51",2016-01-01,12.8447783446767,TRUE,0
"51",2016-02-01,10.614442971814,TRUE,0
"51",2016-03-01,9.21735774924577,TRUE,0
"51",2016-04-01,10.2715829521998,TRUE,0
"51",2016-05-01,10.8501186832106,TRUE,0
"51",2016-06-01,12.0136135517744,TRUE,0
"51",2016-07-01,11.9561199067749,TRUE,0
"51",2016-08-01,11.6078950680273,TRUE,0
"51",2016-09-01,12.5215288004825,TRUE,0
"51",2016-10-01,11.6638836657783,TRUE,0
"51",2016-11-01,10.6580772083723,TRUE,0
"51",2016-12-01,11.7621056861563,TRUE,0
"51",2017-01-01,12.8312204102257,TRUE,0
"51",2017-02-01,11.3815753514946,TRUE,0
"51",2017-03-01,9.47930941313707,TRUE,0
"51",2017-04-01,9.34522740619585,TRUE,0
"51",2017-05-01,10.8348508025353,TRUE,0
"51",2017-06-01,12.3263873522366,TRUE,0
"51",2017-07-01,11.7951342660703,TRUE,0
"51",2017-08-01,11.9340968454893,TRUE,0
"51",2017-09-01,12.3417762144398,TRUE,0
"51",2017-10-01,12.5433794566205,TRUE,0
"51",2017-11-01,11.0732393888521,TRUE,0
"51",2017-12-01,11.0881567660952,TRUE,0
"51",2018-01-01,12.4772583372739,TRUE,0
"51",2018-02-01,11.633311472041,TRUE,0
"51",2018-03-01,9.80004640779651,TRUE,0
"51",2018-04-01,9.9623747641361,TRUE,0
"51",2018-05-01,10.9368315755277,TRUE,0
"51",2018-06-01,11.9763652261466,TRUE,0
"51",2018-07-01,12.2420406999318,TRUE,0
"51",2018-08-01,11.9326973080207,TRUE,0
"51",2018-09-01,11.5567335301086,TRUE,0
"51",2018-10-01,11.8884077787297,TRUE,0
"51",2018-11-01,11.327261267798,TRUE,0
"51",2018-12-01,10.1366687593567,TRUE,0
"51",2019-01-01,13.1860718242007,TRUE,0
"51",2019-02-01,11.0449236032091,TRUE,0
"51",2019-03-01,9.34723583374837,TRUE,0
"51",2019-04-01,8.61257145057297,TRUE,0
"51",2019-05-01,11.0026643620056,TRUE,0
"51",2019-06-01,11.1734864344432,TRUE,0
"51",2019-07-01,10.8324807248873,TRUE,0
"51",2019-08-01,11.8320837270943,TRUE,0
"51",2019-09-01,10.6976552453267,TRUE,0
"51",2019-10-01,10.7488007900677,TRUE,0
"51",2019-11-01,10.45273141074,TRUE,0
"51",2019-12-01,9.40423772692791,TRUE,0
"51",2020-01-01,13.0770933860009,TRUE,0
"51",2020-02-01,10.5348128992539,TRUE,0
"51",2020-03-01,4.96111634020147,TRUE,0
"51",2020-04-01,0.942530953905655,TRUE,0
"51",2020-05-01,1.50115861829679,TRUE,0
"51",2020-06-01,1.72181127344474,TRUE,0
"51",2020-07-01,4.24383372337073,TRUE,0
"51",2020-08-01,4.14785154442317,TRUE,0
"51",2020-09-01,6.72489125431903,TRUE,0
"51",2020-10-01,7.76693038180236,TRUE,0
"51",2020-11-01,3.5278764071638,TRUE,0
"51",2020-12-01,1.63562880555446,TRUE,0
"51",2021-01-01,2.30867520589446,TRUE,1
"51",2021-02-01,2.35466940967304,TRUE,1
"51",2021-03-01,3.24543708436689,TRUE,1
"51",2021-04-01,2.61588732468076,TRUE,1
"51",2021-05-01,2.63136762168656,TRUE,1
"51",2021-06-01,3.31726693790619,TRUE,1
"51",2021-07-01,3.60808754398038,TRUE,1
"51",2021-08-01,4.06105703750457,TRUE,1
"51",2021-09-01,2.94652881398401,TRUE,1
"51",2021-10-01,3.25339297350786,TRUE,1
"51",2021-11-01,3.27339750812917,TRUE,1
"51",2021-12-01,2.91209900332386,TRUE,1
"51",2022-01-01,3.54346244386049,TRUE,1
"51",2022-02-01,3.68280846337714,TRUE,1
"51",2022-03-01,5.51832146847463,TRUE,1
"51",2022-04-01,4.70719348321093,TRUE,1
"51",2022-05-01,5.11374900971781,TRUE,1
"51",2022-06-01,6.48318414128165,TRUE,1
"51",2022-07-01,9.11653653345642,TRUE,1
"51",2022-08-01,10.6039384689053,TRUE,1
"51",2022-09-01,10.0263419419777,TRUE,1
"51",2022-10-01,10.0810941766894,TRUE,1
"51",2022-11-01,8.8302754134251,TRUE,1
"51",2022-12-01,9.13373906391777,TRUE,1
"51",2023-01-01,10.63597062347,TRUE,1
"51",2023-02-01,8.77862044985122,TRUE,1
"51",2023-03-01,9.75675295261737,TRUE,1
"51",2023-04-01,8.05621705906369,TRUE,1
"51",2023-05-01,9.41262812517164,TRUE,1
"51",2023-06-01,9.92080814618014,TRUE,1
"51",2023-07-01,9.79650757589109,TRUE,1
"51",2023-08-01,10.068883926496,TRUE,1
"51",2023-09-01,9.62723742488911,TRUE,1
"51",2023-10-01,10.3624497775133,TRUE,1
"51",2023-11-01,8.70372965506196,TRUE,1
"51",2023-12-01,9.43679198930148,TRUE,1
"51",2024-01-01,10.6235199492417,TRUE,1
"51",2024-02-01,10.3468361470725,TRUE,1
"51",2024-03-01,8.82261011345657,TRUE,1
"51",2024-04-01,8.46435690373361,TRUE,1
"51",2024-05-01,9.58620589838718,TRUE,1
"51",2024-06-01,9.83054516590698,TRUE,1
"51",2024-07-01,9.7422911720001,TRUE,1
"51",2024-08-01,9.90886429354871,TRUE,1
"51",2024-09-01,9.73014234480004,TRUE,1
"51",2024-10-01,10.5391771467446,TRUE,1
"51",2024-11-01,9.41890587900846,TRUE,1
"51",2024-12-01,8.80054825461021,TRUE,1
"51",2025-01-01,12.1239134209665,TRUE,1
"51",2025-02-01,8.51638585625026,TRUE,1
"51",2025-03-01,9.62291507494326,TRUE,1
"51",2025-04-01,8.73451115068737,TRUE,1
"51",2025-05-01,9.90408091246884,TRUE,1
"51",2025-06-01,9.24782483286023,TRUE,1
"51",2025-07-01,11.1306070422942,TRUE,1
"51",2025-08-01,9.92903831930757,TRUE,1
"51",2025-09-01,10.0448762669843,TRUE,1
"54",2016-01-01,6.40325201410867,TRUE,0
"54",2016-02-01,6.11676116930765,TRUE,0
"54",2016-03-01,5.98893914264204,TRUE,0
"54",2016-04-01,6.45423288301703,TRUE,0
"54",2016-05-01,6.38186173179775,TRUE,0
"54",2016-06-01,7.66476810414972,TRUE,0
"54",2016-07-01,6.66191201737608,TRUE,0
"54",2016-08-01,7.54723088376509,TRUE,0
"54",2016-09-01,6.84857285277736,TRUE,0
"54",2016-10-01,5.94216801425243,TRUE,0
"54",2016-11-01,5.96293487689513,TRUE,0
"54",2016-12-01,5.66705247756109,TRUE,0
"54",2017-01-01,6.79400426397378,TRUE,0
"54",2017-02-01,6.48290330254991,TRUE,0
"54",2017-03-01,5.9399495511134,TRUE,0
"54",2017-04-01,5.90479403969545,TRUE,0
"54",2017-05-01,7.20507817867055,TRUE,0
"54",2017-06-01,7.45441339500745,TRUE,0
"54",2017-07-01,7.10101286613742,TRUE,0
"54",2017-08-01,7.27245221037162,TRUE,0
"54",2017-09-01,7.00836990306535,TRUE,0
"54",2017-10-01,7.47978986907646,TRUE,0
"54",2017-11-01,5.81285008594559,TRUE,0
"54",2017-12-01,5.34462791494267,TRUE,0
"54",2018-01-01,7.08090120560799,TRUE,0
"54",2018-02-01,5.86894679873157,TRUE,0
"54",2018-03-01,6.07917544078082,TRUE,0
"54",2018-04-01,6.7066063054027,TRUE,0
"54",2018-05-01,6.82204260936367,TRUE,0
"54",2018-06-01,7.16769452827713,TRUE,0
"54",2018-07-01,7.5914871528679,TRUE,0
"54",2018-08-01,7.43394149951987,TRUE,1
"54",2018-09-01,6.80134496049862,TRUE,1
"54",2018-10-01,6.83909610672475,TRUE,1
"54",2018-11-01,5.77721120724728,TRUE,1
"54",2018-12-01,5.20932418670755,TRUE,1
"54",2019-01-01,6.74426547684234,TRUE,1
"54",2019-02-01,5.92476846200173,TRUE,1
"54",2019-03-01,5.75143785946487,TRUE,1
"54",2019-04-01,6.50400350340338,TRUE,1
"54",2019-05-01,7.02915477117398,TRUE,1
"54",2019-06-01,6.68700902421606,TRUE,1
"54",2019-07-01,7.11961826266132,TRUE,1
"54",2019-08-01,7.14541878131215,TRUE,1
"54",2019-09-01,6.6136059072142,TRUE,1
"54",2019-10-01,6.6984350462988,TRUE,1
"54",2019-11-01,5.6755716031676,TRUE,1
"54",2019-12-01,5.60193139567646,TRUE,1
"54",2020-01-01,7.20044677470952,TRUE,1
"54",2020-02-01,6.01275664704245,TRUE,1
"54",2020-03-01,3.69011759174726,TRUE,1
"54",2020-04-01,0.62178006750755,TRUE,1
"54",2020-05-01,3.1846433089489,TRUE,1
"54",2020-06-01,5.63083164300203,TRUE,1
"54",2020-07-01,5.64658267510934,TRUE,1
"54",2020-08-01,5.95389603922046,TRUE,1
"54",2020-09-01,5.48655492584107,TRUE,1
"54",2020-10-01,5.10765491303848,TRUE,1
"54",2020-11-01,4.4378780081564,TRUE,1
"54",2020-12-01,4.43921666204837,TRUE,1
"54",2021-01-01,4.67312814035858,TRUE,1
"54",2021-02-01,3.56432130998509,TRUE,1
"54",2021-03-01,4.85040897766607,TRUE,1
"54",2021-04-01,4.12812932273726,TRUE,1
"54",2021-05-01,4.2942319656021,TRUE,1
"54",2021-06-01,5.1532146630903,TRUE,1
"54",2021-07-01,5.05178353272653,TRUE,1
"54",2021-08-01,4.89682665891656,TRUE,1
"54",2021-09-01,4.98174442190669,TRUE,1
"54",2021-10-01,4.7292684924774,TRUE,1
"54",2021-11-01,4.23784136655424,TRUE,1
"54",2021-12-01,3.95119501575511,TRUE,1
"54",2022-01-01,4.44635998603352,TRUE,1
"54",2022-02-01,4.41383797852727,TRUE,1
"54",2022-03-01,4.88210185617621,TRUE,1
"54",2022-04-01,4.54599638054162,TRUE,1
"54",2022-05-01,4.90811295383236,TRUE,1
"54",2022-06-01,4.60113976317496,TRUE,1
"54",2022-07-01,5.36668482607537,TRUE,1
"54",2022-08-01,5.10251170149647,TRUE,1
"54",2022-09-01,5.35046570127133,TRUE,1
"54",2022-10-01,4.92131964274865,TRUE,1
"54",2022-11-01,5.51729300793532,TRUE,1
"54",2022-12-01,5.50443517416906,TRUE,1
"54",2023-01-01,7.08070156415191,TRUE,1
"54",2023-02-01,6.02619706645163,TRUE,1
"54",2023-03-01,6.29163180370978,TRUE,1
"54",2023-04-01,5.84090588324702,TRUE,1
"54",2023-05-01,6.8890323350565,TRUE,1
"54",2023-06-01,6.24423975699273,TRUE,1
"54",2023-07-01,6.91285465655312,TRUE,1
"54",2023-08-01,6.85587950206384,TRUE,1
"54",2023-09-01,6.76559027323833,TRUE,1
"54",2023-10-01,6.14182934878063,TRUE,1
"54",2023-11-01,5.34513446692022,TRUE,1
"54",2023-12-01,5.06401576450125,TRUE,1
"54",2024-01-01,6.46758874606976,TRUE,1
"54",2024-02-01,6.0976278472961,TRUE,1
"54",2024-03-01,5.63590721077524,TRUE,1
"54",2024-04-01,5.78472066104827,TRUE,1
"54",2024-05-01,7.20118862993048,TRUE,1
"54",2024-06-01,6.26072134873201,TRUE,1
"54",2024-07-01,7.22534729944508,TRUE,1
"54",2024-08-01,6.73755017901703,TRUE,1
"54",2024-09-01,5.92510274029125,TRUE,1
"54",2024-10-01,6.49827347127437,TRUE,1
"54",2024-11-01,4.99752570816408,TRUE,1
"54",2024-12-01,5.35496556345222,TRUE,1
"54",2025-01-01,6.28387011499317,TRUE,1
"54",2025-02-01,5.56573123132945,TRUE,1
"54",2025-03-01,5.21382669870714,TRUE,1
"54",2025-04-01,6.10683728407583,TRUE,1
"54",2025-05-01,5.91401676733272,TRUE,1
"54",2025-06-01,5.71929213556518,TRUE,1
"54",2025-07-01,6.57887559051682,TRUE,1
"54",2025-08-01,6.42319591021787,TRUE,1
"54",2025-09-01,5.68552521204213,TRUE,1
"55",2021-01-01,1.58108396837832,TRUE,0
"55",2021-02-01,1.52925069341346,TRUE,0
"55",2021-03-01,1.65016927459642,TRUE,0
"55",2021-04-01,1.41376245387273,TRUE,0
"55",2021-05-01,1.37582588418189,TRUE,0
"55",2021-06-01,1.79408777090403,TRUE,0
"55",2021-07-01,1.82018519967521,TRUE,0
"55",2021-08-01,1.82996559050006,TRUE,0
"55",2021-09-01,2.54117042791564,TRUE,0
"55",2021-10-01,2.54716035935128,TRUE,0
"55",2021-11-01,2.19912396399838,TRUE,1
"55",2021-12-01,2.34910987922568,TRUE,1
"55",2022-01-01,2.94801270628341,TRUE,1
"55",2022-02-01,3.05885311154056,TRUE,1
"55",2022-03-01,2.69987001577279,TRUE,1
"55",2022-04-01,2.39623227409171,TRUE,1
"55",2022-05-01,2.61393458154983,TRUE,1
"55",2022-06-01,2.88439489543263,TRUE,1
"55",2022-07-01,2.69561528672246,TRUE,1
"55",2022-08-01,3.06484102752284,TRUE,1
"55",2022-09-01,2.86841948923794,TRUE,1
"55",2022-10-01,2.8103904296769,TRUE,1
"55",2022-11-01,2.69646751149964,TRUE,1
"55",2022-12-01,2.58012824641449,TRUE,1
"55",2023-01-01,3.31853861011795,TRUE,1
"55",2023-02-01,2.50469469698332,TRUE,1
"55",2023-03-01,2.79163536670712,TRUE,1
"55",2023-04-01,2.67393110376939,TRUE,1
"55",2023-05-01,3.08021330253546,TRUE,1
"55",2023-06-01,3.26892744986381,TRUE,1
"55",2023-07-01,3.28630459392673,TRUE,1
"55",2023-08-01,3.52535454939524,TRUE,1
"55",2023-09-01,2.95611950052216,TRUE,1
"55",2023-10-01,3.29376542751025,TRUE,1
"55",2023-11-01,2.7985446538923,TRUE,1
"55",2023-12-01,2.69355404652315,TRUE,1
"55",2024-01-01,0.939757647093521,TRUE,1
"72",2019-01-01,1.51505827259913,FALSE,0
"72",2019-02-01,1.26858110452609,FALSE,0
"72",2019-03-01,1.09556497997711,FALSE,0
"72",2019-04-01,1.28437218005569,FALSE,0
"72",2019-05-01,1.48495704634703,FALSE,0
"72",2019-06-01,1.60217799836168,FALSE,0
"72",2019-07-01,1.01238198601921,FALSE,0
"72",2019-08-01,1.46961672395839,FALSE,0
"72",2019-09-01,1.3692417462743,FALSE,0
"72",2019-10-01,1.35283672951721,FALSE,0
"72",2019-11-01,1.06555841133911,FALSE,0
"72",2019-12-01,1.08688248342282,FALSE,0
"72",2020-01-01,1.50500391713348,FALSE,0
"72",2020-02-01,1.25033674174543,FALSE,0
"72",2020-03-01,0.804093802366609,FALSE,0
"72",2020-04-01,0.0443164192333259,FALSE,0
"72",2020-05-01,0.151699029126214,FALSE,0
"72",2020-06-01,0.286719961368258,FALSE,0
"72",2020-07-01,0.342734648603512,FALSE,0
"72",2020-08-01,0.543366661928004,FALSE,0
"72",2020-09-01,0.513978872763177,FALSE,0
"72",2020-10-01,0.297308322558788,FALSE,0
"72",2020-11-01,0.444242264853684,FALSE,0
"72",2020-12-01,0.648697261096962,FALSE,0
"72",2021-01-01,0.696085678202906,FALSE,0
"72",2021-02-01,0.54551740105361,FALSE,0
"72",2021-03-01,0.710627557646598,FALSE,0
"72",2021-04-01,0.634180461646071,FALSE,0
"72",2021-05-01,0.593760991839013,FALSE,0
"72",2021-06-01,0.655780492977276,FALSE,0
"72",2021-07-01,0.658545615664281,FALSE,0
"72",2021-08-01,0.720486728812353,FALSE,0
"72",2021-09-01,0.667072622176799,FALSE,0
"72",2021-10-01,0.676225174046061,FALSE,0
"72",2021-11-01,0.640234567099366,FALSE,0
"72",2021-12-01,0.645683497689133,FALSE,0
"72",2022-01-01,0.7676594194413,FALSE,0
"72",2022-02-01,0.849803756658256,FALSE,0
"72",2022-03-01,1.11720121247522,FALSE,0
"72",2022-04-01,1.08685591097336,FALSE,0
"72",2022-05-01,2.0417756526905,FALSE,0
"72",2022-06-01,1.48890054088308,FALSE,0
"72",2022-07-01,1.21957051987183,FALSE,0
"72",2022-08-01,1.41997393016613,FALSE,0
"72",2022-09-01,0.746394149213926,FALSE,0
"72",2022-10-01,1.35899017858632,FALSE,0
"72",2022-11-01,1.26791320948044,FALSE,0
"72",2022-12-01,1.09641196173402,FALSE,0
"72",2023-01-01,1.20622811050752,FALSE,0
"72",2023-02-01,1.31021017835487,FALSE,0
"72",2023-03-01,1.46182578149317,FALSE,0
"72",2023-04-01,1.23770712649872,FALSE,0
"72",2023-05-01,2.31813421969502,FALSE,0
"72",2023-06-01,1.76340884981311,FALSE,0
"72",2023-07-01,1.21222743139231,FALSE,0
"72",2023-08-01,1.52993902993903,FALSE,0
"72",2023-09-01,1.46999677110536,FALSE,0
"72",2023-10-01,1.49338405833375,FALSE,0
"72",2023-11-01,1.43676179813083,FALSE,0
"72",2023-12-01,1.28758976660682,FALSE,0
"72",2024-01-01,1.73731854442077,FALSE,0
"72",2024-02-01,2.0776308412756,FALSE,0
"72",2024-03-01,1.36157032525123,FALSE,0
"72",2024-04-01,1.66073615379283,FALSE,0
"72",2024-05-01,1.49107155206993,FALSE,0
"72",2024-06-01,2.4618579491216,FALSE,0
"72",2024-07-01,1.50730125458177,FALSE,0
"72",2024-08-01,1.19433405766234,FALSE,0
"72",2024-09-01,1.1064815615221,FALSE,0
"80",2019-01-01,6.41399948906974,FALSE,0
"80",2019-02-01,5.61365649525573,FALSE,0
"80",2019-03-01,4.72553246592182,FALSE,0
"80",2019-04-01,5.22150890133406,FALSE,0
"80",2019-05-01,5.59178341268236,FALSE,0
"80",2019-06-01,4.0363140707913,FALSE,0
"80",2019-07-01,5.16540599653695,FALSE,0
"80",2019-08-01,4.75365360823991,FALSE,0
"80",2019-09-01,4.96014752885523,FALSE,0
"80",2019-10-01,5.22945415293054,FALSE,0
"80",2019-11-01,4.4595792491856,FALSE,0
"80",2019-12-01,5.00465082346933,FALSE,0
"80",2020-01-01,5.34006166412334,FALSE,0
"80",2020-02-01,5.22662759820529,FALSE,0
"80",2020-03-01,2.49663344004927,FALSE,0
"80",2020-04-01,0.171457850277423,FALSE,0
"80",2020-05-01,0.178587561481394,FALSE,0
"80",2020-06-01,0.724613508574902,FALSE,0
"80",2020-07-01,1.68903689938455,FALSE,0
"80",2020-08-01,2.33850829727826,FALSE,0
"80",2020-09-01,2.9606930982543,FALSE,0
"80",2020-10-01,1.70245937354643,FALSE,0
"80",2020-11-01,1.45695214646322,FALSE,0
"80",2020-12-01,1.47470599215979,FALSE,0
"80",2021-01-01,3.3001774885372,FALSE,0
"80",2021-02-01,2.74906572547159,FALSE,0
"80",2021-03-01,2.92348427517018,FALSE,0
"80",2021-04-01,2.12129623332053,FALSE,0
"80",2021-05-01,1.31635464186267,FALSE,0
"80",2021-06-01,2.55426662258725,FALSE,0
"80",2021-07-01,2.66887082701933,FALSE,0
"80",2021-08-01,3.17541989782792,FALSE,0
"80",2021-09-01,3.41591230394588,FALSE,0
"80",2021-10-01,3.56753652214892,FALSE,0
"80",2021-11-01,4.09887221357455,FALSE,0
"80",2021-12-01,4.44409835974392,FALSE,0
"80",2022-01-01,4.75934964130307,FALSE,0
"80",2022-02-01,4.48458607934324,FALSE,0
"80",2022-03-01,4.94571264639621,FALSE,0
"80",2022-04-01,4.27200514256853,FALSE,0
"80",2022-05-01,4.38302649713853,FALSE,0
"80",2022-06-01,5.33956588925086,FALSE,0
"80",2022-07-01,5.24333928021239,FALSE,0
"80",2022-08-01,5.26745130317517,FALSE,0
"80",2022-09-01,5.78009071659464,FALSE,0
"80",2022-10-01,5.61347530200423,FALSE,0
"80",2022-11-01,5.29931808360251,FALSE,0
"80",2022-12-01,6.43013732779036,FALSE,0
"80",2023-01-01,6.94337236912717,FALSE,0
"80",2023-02-01,5.67861680384467,FALSE,0
"80",2023-03-01,6.48274643089919,FALSE,0
"80",2023-04-01,5.12877730607497,FALSE,0
"80",2023-05-01,5.17091626427983,FALSE,0
"80",2023-06-01,3.10893792058043,FALSE,0
"80",2023-07-01,4.38121746301737,FALSE,0
"80",2023-08-01,6.11467411147294,FALSE,0
"80",2023-09-01,5.79554601556211,FALSE,0
"80",2023-10-01,6.24278304221118,FALSE,0
"80",2023-11-01,0.589748872004298,FALSE,0
"81",2019-01-01,3.73083189937413,FALSE,0
"81",2019-02-01,3.18927160148107,FALSE,0
"81",2019-03-01,2.63442415751725,FALSE,0
"81",2019-04-01,3.1900349384779,FALSE,0
"81",2019-05-01,3.38657269690174,FALSE,0
"81",2019-06-01,3.03034917541001,FALSE,0
"81",2019-07-01,3.7460597846777,FALSE,0
"81",2019-08-01,4.05872857252671,FALSE,0
"81",2019-09-01,4.08628284976455,FALSE,0
"81",2019-10-01,3.8128512836093,FALSE,0
"81",2019-11-01,3.56721881009988,FALSE,0
"81",2019-12-01,4.14423782725716,FALSE,0
"81",2020-01-01,3.77722045510154,FALSE,0
"81",2020-02-01,3.8058838643371,FALSE,0
"81",2020-03-01,1.45179106832886,FALSE,0
"81",2020-04-01,0.231588698471515,FALSE,0
"81",2020-05-01,0.580888759802498,FALSE,0
"81",2020-06-01,2.14086255041886,FALSE,0
"81",2020-07-01,2.21252535185299,FALSE,0
"81",2020-08-01,2.85955876700746,FALSE,0
"81",2020-09-01,2.52807246107079,FALSE,0
"81",2020-10-01,1.91871354824955,FALSE,0
"81",2020-11-01,2.01992997576084,FALSE,0
"81",2020-12-01,2.37836243293571,FALSE,0
"81",2021-01-01,3.635882858465,FALSE,0
"81",2021-02-01,2.78032238882728,FALSE,0
"81",2021-03-01,3.24680595464212,FALSE,0
"81",2021-04-01,1.90034112680883,FALSE,0
"81",2021-05-01,1.57131862493586,FALSE,0
"81",2021-06-01,3.23667568509635,FALSE,0
"81",2021-07-01,2.85257515438387,FALSE,0
"81",2021-08-01,3.20639305445935,FALSE,0
"81",2021-09-01,3.52025691699605,FALSE,0
"81",2021-10-01,4.22972705042628,FALSE,0
"81",2021-11-01,3.55612001905064,FALSE,0
"81",2021-12-01,3.64582521851581,FALSE,0
"81",2022-01-01,3.60374662644864,FALSE,0
"81",2022-02-01,3.39031159328876,FALSE,0
"81",2022-03-01,3.95665736332294,FALSE,0
"81",2022-04-01,3.91634558975091,FALSE,0
"81",2022-05-01,3.61418927525156,FALSE,0
"81",2022-06-01,5.52689168250723,FALSE,0
"81",2022-07-01,5.19144449946488,FALSE,0
"81",2022-08-01,5.39627940735598,FALSE,0
"81",2022-09-01,4.39742527563571,FALSE,0
"81",2022-10-01,5.71808079826352,FALSE,0
"81",2022-11-01,4.48919978476439,FALSE,0
"81",2022-12-01,5.19221004700834,FALSE,0
"81",2023-01-01,6.00181676615624,FALSE,0
"81",2023-02-01,4.592,FALSE,0
"81",2023-03-01,4.9834415997962,FALSE,0
"81",2023-04-01,4.608,FALSE,0
"81",2023-05-01,5.00061169562026,FALSE,0
"81",2023-06-01,4.02390970413411,FALSE,0
"81",2023-07-01,4.01780692027064,FALSE,0
"81",2023-08-01,4.79886432021232,FALSE,0
"81",2023-09-01,5.06507556633774,FALSE,0
"81",2023-10-01,5.7131100841932,FALSE,0
"81",2023-11-01,0.845065357714368,FALSE,0
"90",2016-01-01,0.422665794066318,FALSE,0
"90",2016-02-01,0.45808923930758,FALSE,0
"90",2016-03-01,2.54735674810937,FALSE,0
"90",2016-04-01,2.2519451716114,FALSE,0
"90",2016-05-01,2.49306259084702,FALSE,0
"90",2016-06-01,2.84984363300004,FALSE,0
"90",2016-07-01,2.89048865619546,FALSE,0
"90",2016-08-01,3.14716116812756,FALSE,0
"90",2016-09-01,2.95555653437872,FALSE,0
"90",2016-10-01,2.67585781614765,FALSE,0
"90",2016-11-01,2.63181077390653,FALSE,0
"90",2016-12-01,2.82098507696775,FALSE,0
"90",2017-01-01,2.94815194745465,FALSE,0
"90",2017-02-01,2.58784581440843,FALSE,0
"90",2017-03-01,2.67262372806636,FALSE,0
"90",2017-04-01,2.12368673713124,FALSE,0
"90",2017-05-01,3.04776599600272,FALSE,0
"90",2017-06-01,2.9417936039303,FALSE,0
"90",2017-07-01,3.06684102657576,FALSE,0
"90",2017-08-01,3.34872758948839,FALSE,0
"90",2017-09-01,2.75952108956575,FALSE,0
"90",2017-10-01,3.03081041327113,FALSE,0
"90",2017-11-01,2.73620716330981,FALSE,0
"90",2017-12-01,2.64930980181043,FALSE,0
"90",2018-01-01,2.80614894207761,FALSE,0
"90",2018-02-01,2.64295145828609,FALSE,0
"90",2018-03-01,2.19362851589904,FALSE,0
"90",2018-04-01,2.12156728928979,FALSE,0
"90",2018-05-01,2.41617053925111,FALSE,0
"90",2018-06-01,2.90152409494279,FALSE,0
"90",2018-07-01,3.01385483053955,FALSE,0
"90",2018-08-01,2.98418256075927,FALSE,0
"90",2018-09-01,2.82522397265064,FALSE,0
"90",2018-10-01,3.24275519741597,FALSE,0
"90",2018-11-01,2.61751808418871,FALSE,0
"90",2018-12-01,2.4331261219827,FALSE,0
"90",2019-01-01,2.86973237732106,FALSE,0
"90",2019-02-01,2.26145084682538,FALSE,0
"90",2019-03-01,2.31655649070304,FALSE,0
"90",2019-04-01,2.08129778030228,FALSE,0
"90",2019-05-01,2.57300967951829,FALSE,0
"90",2019-06-01,2.47551507881167,FALSE,0
"90",2019-07-01,3.03292986111258,FALSE,0
"90",2019-08-01,2.92271857335727,FALSE,0
"90",2019-09-01,2.73620716330981,FALSE,0
"90",2019-10-01,2.75952108956575,FALSE,0
"90",2019-11-01,2.39073716515373,FALSE,0
"90",2019-12-01,2.4373650176656,FALSE,0
"90",2020-01-01,2.5602929924696,FALSE,0
"90",2020-02-01,1.74218612567054,FALSE,0
"90",2020-03-01,1.13390459517486,FALSE,0
"90",2020-04-01,0.118927014051006,FALSE,0
"90",2020-05-01,0.0197291678483616,FALSE,0
"90",2020-06-01,0.0204515706806283,FALSE,0
"90",2020-07-01,0.173794722998764,FALSE,0
"90",2020-08-01,0.167340063633261,FALSE,0
"90",2020-09-01,0.275528219388285,FALSE,0
"90",2020-10-01,0.385739507143599,FALSE,0
"90",2020-11-01,0.599803739129882,FALSE,0
"90",2020-12-01,0.714253922568093,FALSE,0
"90",2021-01-01,0.705776131202299,FALSE,0
"90",2021-02-01,0.775717909970095,FALSE,0
"90",2021-03-01,1.11059066891893,FALSE,0
"90",2021-04-01,0.905004228298444,FALSE,0
"90",2021-05-01,0.642192695958849,FALSE,0
"90",2021-06-01,0.726970609616783,FALSE,0
"90",2021-07-01,0.409053433399531,FALSE,0
"90",2021-08-01,0.669745517897677,FALSE,0
"90",2021-09-01,1.27802704839335,FALSE,0
"90",2021-10-01,1.06608226424852,FALSE,0
"90",2021-11-01,1.22927974804004,FALSE,0
"90",2021-12-01,1.50056907174543,FALSE,0
"90",2022-01-01,1.49421072822108,FALSE,0
"90",2022-02-01,1.33949103579535,FALSE,0
"90",2022-03-01,3.14102170102645,FALSE,0
"90",2022-04-01,2.79767115071182,FALSE,0
"90",2022-05-01,2.64719035396898,FALSE,0
"90",2022-06-01,2.80826838991906,FALSE,0
"90",2022-07-01,2.84217955538223,FALSE,0
"90",2022-08-01,2.9502713952961,FALSE,0
"90",2022-09-01,2.93543526040596,FALSE,0
"90",2022-10-01,2.8231045248092,FALSE,0
"90",2022-11-01,2.8188656291263,FALSE,0
"90",2022-12-01,2.31655649070304,FALSE,0
"90",2023-01-01,2.43100667414125,FALSE,0
"90",2023-02-01,2.32503428206884,FALSE,0
"90",2023-03-01,2.54757630542091,FALSE,0
"90",2023-04-01,2.09613391519241,FALSE,0
"90",2023-05-01,2.28264532523987,FALSE,0
"90",2023-06-01,2.67686262374926,FALSE,0
"90",2023-07-01,2.46915673528732,FALSE,0
"90",2023-08-01,2.85701569027237,FALSE,0
"90",2023-09-01,2.58996526224988,FALSE,0
"90",2023-10-01,2.85489624243092,FALSE,0
"90",2023-11-01,2.71077378921243,FALSE,0
"90",2023-12-01,2.47339563097022,FALSE,0
"90",2024-01-01,2.65990704101767,FALSE,0
"90",2024-02-01,2.3059592514958,FALSE,0
"90",2024-03-01,2.4288872262998,FALSE,0
"90",2024-04-01,2.49670955722615,FALSE,0
"90",2024-05-01,2.39073716515373,FALSE,0
"90",2024-06-01,2.40345385220242,FALSE,0
"90",2024-07-01,2.90152409494279,FALSE,0
"90",2024-08-01,2.68534041511505,FALSE,0
"90",2024-09-01,2.82098507696775,FALSE,0
"90",2024-10-01,2.77859612013878,FALSE,0
"90",2024-11-01,2.31231759502015,FALSE,0
"90",2024-12-01,2.6959376543223,FALSE,0
"90",2025-01-01,2.65354869749333,FALSE,0
"90",2025-02-01,2.41617053925111,FALSE,0
"90",2025-03-01,2.77223777661444,FALSE,0
"90",2025-04-01,2.42676777845836,FALSE,0
"90",2025-05-01,2.48399287017746,FALSE,0
"90",2025-06-01,2.89304630357699,FALSE,0
"90",2025-07-01,1.9202197443522,FALSE,0
