location,location_std,month_date,filings_count,filings_avg,is_state
ALBUQUERQUE,albuquerque,2017-01-01,956,NA,FALSE
ALBUQUERQUE,albuquerque,2017-02-01,848,NA,FALSE
ALBUQUERQUE,albuquerque,2017-03-01,698,NA,FALSE
ALBUQUERQUE,albuquerque,2017-04-01,774,NA,FALSE
ALBUQUERQUE,albuquerque,2017-05-01,850,NA,FALSE
ALBUQUERQUE,albuquerque,2017-06-01,954,NA,FALSE
ALBUQUERQUE,albuquerque,2017-07-01,914,NA,FALSE
ALBUQUERQUE,albuquerque,2017-08-01,1007,NA,FALSE
ALBUQUERQUE,albuquerque,2017-09-01,926,NA,FALSE
ALBUQUERQUE,albuquerque,2017-10-01,981,NA,FALSE
ALBUQUERQUE,albuquerque,2017-11-01,812,NA,FALSE
ALBUQUERQUE,albuquerque,2017-12-01,826,NA,FALSE
ALBUQUERQUE,albuquerque,2018-01-01,979,NA,FALSE
ALBUQUERQUE,albuquerque,2018-02-01,863,NA,FALSE
ALBUQUERQUE,albuquerque,2018-03-01,698,NA,FALSE
ALBUQUERQUE,albuquerque,2018-04-01,811,NA,FALSE
ALBUQUERQUE,albuquerque,2018-05-01,876,NA,FALSE
ALBUQUERQUE,albuquerque,2018-06-01,917,NA,FALSE
ALBUQUERQUE,albuquerque,2018-07-01,1049,NA,FALSE
ALBUQUERQUE,albuquerque,2018-08-01,1021,NA,FALSE
ALBUQUERQUE,albuquerque,2018-09-01,936,NA,FALSE
ALBUQUERQUE,albuquerque,2018-10-01,1035,NA,FALSE
ALBUQUERQUE,albuquerque,2018-11-01,888,NA,FALSE
ALBUQUERQUE,albuquerque,2018-12-01,819,NA,FALSE
ALBUQUERQUE,albuquerque,2019-01-01,1060,NA,FALSE
ALBUQUERQUE,albuquerque,2019-02-01,869,NA,FALSE
ALBUQUERQUE,albuquerque,2019-03-01,726,NA,FALSE
ALBUQUERQUE,albuquerque,2019-04-01,838,NA,FALSE
ALBUQUERQUE,albuquerque,2019-05-01,916,NA,FALSE
ALBUQUERQUE,albuquerque,2019-06-01,965,NA,FALSE
ALBUQUERQUE,albuquerque,2019-07-01,1018,NA,FALSE
ALBUQUERQUE,albuquerque,2019-08-01,1034,NA,FALSE
ALBUQUERQUE,albuquerque,2019-09-01,1038,NA,FALSE
ALBUQUERQUE,albuquerque,2019-10-01,965,NA,FALSE
ALBUQUERQUE,albuquerque,2019-11-01,919,NA,FALSE
ALBUQUERQUE,albuquerque,2019-12-01,922,NA,FALSE
"Albuquerque, NM","albuquerque, nm",2020-01-01,1023,755,FALSE
"Albuquerque, NM","albuquerque, nm",2020-02-01,888,703.5,FALSE
"Albuquerque, NM","albuquerque, nm",2020-03-01,698,724.5,FALSE
"Albuquerque, NM","albuquerque, nm",2020-04-01,298,743,FALSE
"Albuquerque, NM","albuquerque, nm",2020-05-01,271,809,FALSE
"Albuquerque, NM","albuquerque, nm",2020-06-01,301,790.5,FALSE
"Albuquerque, NM","albuquerque, nm",2020-07-01,295,797.5,FALSE
"Albuquerque, NM","albuquerque, nm",2020-08-01,410,900.5,FALSE
"Albuquerque, NM","albuquerque, nm",2020-09-01,386,777,FALSE
"Albuquerque, NM","albuquerque, nm",2020-10-01,416,815.5,FALSE
"Albuquerque, NM","albuquerque, nm",2020-11-01,425,710.5,FALSE
"Albuquerque, NM","albuquerque, nm",2020-12-01,215,733.5,FALSE
"Albuquerque, NM","albuquerque, nm",2021-01-01,550,755,FALSE
"Albuquerque, NM","albuquerque, nm",2021-02-01,423,699.5,FALSE
"Albuquerque, NM","albuquerque, nm",2021-03-01,409,724.5,FALSE
"Albuquerque, NM","albuquerque, nm",2021-04-01,342,743,FALSE
"Albuquerque, NM","albuquerque, nm",2021-05-01,463,809,FALSE
"Albuquerque, NM","albuquerque, nm",2021-06-01,489,790.5,FALSE
"Albuquerque, NM","albuquerque, nm",2021-07-01,488,797.5,FALSE
"Albuquerque, NM","albuquerque, nm",2021-08-01,455,900.5,FALSE
"Albuquerque, NM","albuquerque, nm",2021-09-01,416,777,FALSE
"Albuquerque, NM","albuquerque, nm",2021-10-01,474,815.5,FALSE
"Albuquerque, NM","albuquerque, nm",2021-11-01,416,710.5,FALSE
"Albuquerque, NM","albuquerque, nm",2021-12-01,403,733.5,FALSE
"Albuquerque, NM","albuquerque, nm",2022-01-01,540,755,FALSE
"Albuquerque, NM","albuquerque, nm",2022-02-01,560,699.5,FALSE
"Albuquerque, NM","albuquerque, nm",2022-03-01,597,724.5,FALSE
"Albuquerque, NM","albuquerque, nm",2022-04-01,524,743,FALSE
"Albuquerque, NM","albuquerque, nm",2022-05-01,623,809,FALSE
"Albuquerque, NM","albuquerque, nm",2022-06-01,612,790.5,FALSE
"Albuquerque, NM","albuquerque, nm",2022-07-01,672,797.5,FALSE
"Albuquerque, NM","albuquerque, nm",2022-08-01,755,900.5,FALSE
"Albuquerque, NM","albuquerque, nm",2022-09-01,593,777,FALSE
"Albuquerque, NM","albuquerque, nm",2022-10-01,603,815.5,FALSE
"Albuquerque, NM","albuquerque, nm",2022-11-01,635,710.5,FALSE
"Albuquerque, NM","albuquerque, nm",2022-12-01,599,733.5,FALSE
"Albuquerque, NM","albuquerque, nm",2023-01-01,794,755,FALSE
"Albuquerque, NM","albuquerque, nm",2023-02-01,738,699.5,FALSE
"Albuquerque, NM","albuquerque, nm",2023-03-01,805,724.5,FALSE
"Albuquerque, NM","albuquerque, nm",2023-04-01,808,743,FALSE
"Albuquerque, NM","albuquerque, nm",2023-05-01,892,809,FALSE
"Albuquerque, NM","albuquerque, nm",2023-06-01,821,790.5,FALSE
"Albuquerque, NM","albuquerque, nm",2023-07-01,817,797.5,FALSE
"Albuquerque, NM","albuquerque, nm",2023-08-01,949,900.5,FALSE
"Albuquerque, NM","albuquerque, nm",2023-09-01,768,777,FALSE
"Albuquerque, NM","albuquerque, nm",2023-10-01,857,815.5,FALSE
"Albuquerque, NM","albuquerque, nm",2023-11-01,689,710.5,FALSE
"Albuquerque, NM","albuquerque, nm",2023-12-01,749,733.5,FALSE
"Albuquerque, NM","albuquerque, nm",2024-01-01,716,755,FALSE
"Albuquerque, NM","albuquerque, nm",2024-02-01,669,703.5,FALSE
"Albuquerque, NM","albuquerque, nm",2024-03-01,644,724.5,FALSE
"Albuquerque, NM","albuquerque, nm",2024-04-01,678,743,FALSE
"Albuquerque, NM","albuquerque, nm",2024-05-01,726,809,FALSE
"Albuquerque, NM","albuquerque, nm",2024-06-01,760,790.5,FALSE
"Albuquerque, NM","albuquerque, nm",2024-07-01,778,797.5,FALSE
"Albuquerque, NM","albuquerque, nm",2024-08-01,852,900.5,FALSE
"Albuquerque, NM","albuquerque, nm",2024-09-01,786,777,FALSE
"Albuquerque, NM","albuquerque, nm",2024-10-01,774,815.5,FALSE
"Albuquerque, NM","albuquerque, nm",2024-11-01,732,710.5,FALSE
"Albuquerque, NM","albuquerque, nm",2024-12-01,718,733.5,FALSE
"Albuquerque, NM","albuquerque, nm",2025-01-01,778,755,FALSE
"Albuquerque, NM","albuquerque, nm",2025-02-01,633,699.5,FALSE
"Albuquerque, NM","albuquerque, nm",2025-03-01,578,724.5,FALSE
"Albuquerque, NM","albuquerque, nm",2025-04-01,621,743,FALSE
"Albuquerque, NM","albuquerque, nm",2025-05-01,616,809,FALSE
"Albuquerque, NM","albuquerque, nm",2025-06-01,579,790.5,FALSE
"Albuquerque, NM","albuquerque, nm",2025-07-01,637,797.5,FALSE
"Albuquerque, NM","albuquerque, nm",2025-08-01,644,900.5,FALSE
"Albuquerque, NM","albuquerque, nm",2025-09-01,757,777,FALSE
"Albuquerque, NM","albuquerque, nm",2025-10-01,642,815.5,FALSE
"Albuquerque, NM","albuquerque, nm",2025-11-01,66,433,FALSE
AUSTIN,austin,2014-01-01,742,NA,FALSE
AUSTIN,austin,2014-02-01,608,NA,FALSE
AUSTIN,austin,2014-03-01,511,NA,FALSE
AUSTIN,austin,2014-04-01,600,NA,FALSE
AUSTIN,austin,2014-05-01,620,NA,FALSE
AUSTIN,austin,2014-06-01,755,NA,FALSE
AUSTIN,austin,2014-07-01,720,NA,FALSE
AUSTIN,austin,2014-08-01,721,NA,FALSE
AUSTIN,austin,2014-09-01,735,NA,FALSE
AUSTIN,austin,2014-10-01,704,NA,FALSE
AUSTIN,austin,2014-11-01,600,NA,FALSE
AUSTIN,austin,2014-12-01,604,NA,FALSE
AUSTIN,austin,2015-01-01,732,NA,FALSE
AUSTIN,austin,2015-02-01,560,NA,FALSE
AUSTIN,austin,2015-03-01,529,NA,FALSE
AUSTIN,austin,2015-04-01,586,NA,FALSE
AUSTIN,austin,2015-05-01,647,NA,FALSE
AUSTIN,austin,2015-06-01,682,NA,FALSE
AUSTIN,austin,2015-07-01,687,NA,FALSE
AUSTIN,austin,2015-08-01,679,NA,FALSE
AUSTIN,austin,2015-09-01,704,NA,FALSE
AUSTIN,austin,2015-10-01,662,NA,FALSE
AUSTIN,austin,2015-11-01,654,NA,FALSE
AUSTIN,austin,2015-12-01,717,NA,FALSE
AUSTIN,austin,2016-01-01,763,NA,FALSE
AUSTIN,austin,2016-02-01,577,NA,FALSE
AUSTIN,austin,2016-03-01,555,NA,FALSE
AUSTIN,austin,2016-04-01,586,NA,FALSE
AUSTIN,austin,2016-05-01,642,NA,FALSE
AUSTIN,austin,2016-06-01,721,NA,FALSE
AUSTIN,austin,2016-07-01,672,NA,FALSE
AUSTIN,austin,2016-08-01,733,NA,FALSE
AUSTIN,austin,2016-09-01,747,NA,FALSE
AUSTIN,austin,2016-10-01,714,NA,FALSE
AUSTIN,austin,2016-11-01,654,NA,FALSE
AUSTIN,austin,2016-12-01,714,NA,FALSE
AUSTIN,austin,2017-01-01,816,NA,FALSE
AUSTIN,austin,2017-02-01,686,NA,FALSE
AUSTIN,austin,2017-03-01,585,NA,FALSE
AUSTIN,austin,2017-04-01,699,NA,FALSE
AUSTIN,austin,2017-05-01,764,NA,FALSE
AUSTIN,austin,2017-06-01,835,NA,FALSE
AUSTIN,austin,2017-07-01,834,NA,FALSE
AUSTIN,austin,2017-08-01,843,NA,FALSE
AUSTIN,austin,2017-09-01,775,NA,FALSE
AUSTIN,austin,2017-10-01,837,NA,FALSE
AUSTIN,austin,2017-11-01,803,NA,FALSE
AUSTIN,austin,2017-12-01,799,NA,FALSE
AUSTIN,austin,2018-01-01,947,NA,FALSE
AUSTIN,austin,2018-02-01,856,NA,FALSE
AUSTIN,austin,2018-03-01,646,NA,FALSE
AUSTIN,austin,2018-04-01,726,NA,FALSE
AUSTIN,austin,2018-05-01,811,NA,FALSE
AUSTIN,austin,2018-06-01,871,NA,FALSE
AUSTIN,austin,2018-07-01,924,NA,FALSE
AUSTIN,austin,2018-08-01,913,NA,FALSE
AUSTIN,austin,2018-09-01,798,NA,FALSE
AUSTIN,austin,2018-10-01,1018,NA,FALSE
AUSTIN,austin,2018-11-01,889,NA,FALSE
AUSTIN,austin,2018-12-01,947,NA,FALSE
AUSTIN,austin,2019-01-01,1050,NA,FALSE
AUSTIN,austin,2019-02-01,940,NA,FALSE
AUSTIN,austin,2019-03-01,767,NA,FALSE
AUSTIN,austin,2019-04-01,781,NA,FALSE
AUSTIN,austin,2019-05-01,942,NA,FALSE
AUSTIN,austin,2019-06-01,960,NA,FALSE
AUSTIN,austin,2019-07-01,1151,NA,FALSE
AUSTIN,austin,2019-08-01,1076,NA,FALSE
AUSTIN,austin,2019-09-01,1096,NA,FALSE
AUSTIN,austin,2019-10-01,1143,NA,FALSE
AUSTIN,austin,2019-11-01,950,NA,FALSE
AUSTIN,austin,2019-12-01,1006,NA,FALSE
"Austin, TX","austin, tx",2020-01-01,1101,957,FALSE
"Austin, TX","austin, tx",2020-02-01,1084,962.5,FALSE
"Austin, TX","austin, tx",2020-03-01,639,901.5,FALSE
"Austin, TX","austin, tx",2020-04-01,23,817.5,FALSE
"Austin, TX","austin, tx",2020-05-01,28,915,FALSE
"Austin, TX","austin, tx",2020-06-01,130,952,FALSE
"Austin, TX","austin, tx",2020-07-01,67,976.5,FALSE
"Austin, TX","austin, tx",2020-08-01,49,915,FALSE
"Austin, TX","austin, tx",2020-09-01,69,949.5,FALSE
"Austin, TX","austin, tx",2020-10-01,77,1020.5,FALSE
"Austin, TX","austin, tx",2020-11-01,62,921,FALSE
"Austin, TX","austin, tx",2020-12-01,66,926,FALSE
"Austin, TX","austin, tx",2021-01-01,78,957,FALSE
"Austin, TX","austin, tx",2021-02-01,54,941.5,FALSE
"Austin, TX","austin, tx",2021-03-01,100,901.5,FALSE
"Austin, TX","austin, tx",2021-04-01,108,817.5,FALSE
"Austin, TX","austin, tx",2021-05-01,104,915,FALSE
"Austin, TX","austin, tx",2021-06-01,112,952,FALSE
"Austin, TX","austin, tx",2021-07-01,141,976.5,FALSE
"Austin, TX","austin, tx",2021-08-01,162,915,FALSE
"Austin, TX","austin, tx",2021-09-01,170,949.5,FALSE
"Austin, TX","austin, tx",2021-10-01,186,1020.5,FALSE
"Austin, TX","austin, tx",2021-11-01,245,921,FALSE
"Austin, TX","austin, tx",2021-12-01,290,926,FALSE
"Austin, TX","austin, tx",2022-01-01,464,957,FALSE
"Austin, TX","austin, tx",2022-02-01,734,941.5,FALSE
"Austin, TX","austin, tx",2022-03-01,1061,901.5,FALSE
"Austin, TX","austin, tx",2022-04-01,999,817.5,FALSE
"Austin, TX","austin, tx",2022-05-01,789,915,FALSE
"Austin, TX","austin, tx",2022-06-01,741,952,FALSE
"Austin, TX","austin, tx",2022-07-01,781,976.5,FALSE
"Austin, TX","austin, tx",2022-08-01,882,915,FALSE
"Austin, TX","austin, tx",2022-09-01,805,949.5,FALSE
"Austin, TX","austin, tx",2022-10-01,851,1020.5,FALSE
"Austin, TX","austin, tx",2022-11-01,577,921,FALSE
"Austin, TX","austin, tx",2022-12-01,516,926,FALSE
"Austin, TX","austin, tx",2023-01-01,711,957,FALSE
"Austin, TX","austin, tx",2023-02-01,777,941.5,FALSE
"Austin, TX","austin, tx",2023-03-01,791,901.5,FALSE
"Austin, TX","austin, tx",2023-04-01,811,817.5,FALSE
"Austin, TX","austin, tx",2023-05-01,779,915,FALSE
"Austin, TX","austin, tx",2023-06-01,937,952,FALSE
"Austin, TX","austin, tx",2023-07-01,828,976.5,FALSE
"Austin, TX","austin, tx",2023-08-01,746,915,FALSE
"Austin, TX","austin, tx",2023-09-01,633,949.5,FALSE
"Austin, TX","austin, tx",2023-10-01,882,1020.5,FALSE
"Austin, TX","austin, tx",2023-11-01,812,921,FALSE
"Austin, TX","austin, tx",2023-12-01,744,926,FALSE
"Austin, TX","austin, tx",2024-01-01,1203,957,FALSE
"Austin, TX","austin, tx",2024-02-01,1148,962.5,FALSE
"Austin, TX","austin, tx",2024-03-01,1012,901.5,FALSE
"Austin, TX","austin, tx",2024-04-01,824,817.5,FALSE
"Austin, TX","austin, tx",2024-05-01,1051,915,FALSE
"Austin, TX","austin, tx",2024-06-01,967,952,FALSE
"Austin, TX","austin, tx",2024-07-01,1125,976.5,FALSE
"Austin, TX","austin, tx",2024-08-01,1084,915,FALSE
"Austin, TX","austin, tx",2024-09-01,1266,949.5,FALSE
"Austin, TX","austin, tx",2024-10-01,1159,1020.5,FALSE
"Austin, TX","austin, tx",2024-11-01,1030,921,FALSE
"Austin, TX","austin, tx",2024-12-01,1108,926,FALSE
"Austin, TX","austin, tx",2025-01-01,1287,957,FALSE
"Austin, TX","austin, tx",2025-02-01,1248,941.5,FALSE
"Austin, TX","austin, tx",2025-03-01,1235,901.5,FALSE
"Austin, TX","austin, tx",2025-04-01,1112,817.5,FALSE
"Austin, TX","austin, tx",2025-05-01,1140,915,FALSE
"Austin, TX","austin, tx",2025-06-01,1204,952,FALSE
"Austin, TX","austin, tx",2025-07-01,1300,976.5,FALSE
"Austin, TX","austin, tx",2025-08-01,1270,915,FALSE
"Austin, TX","austin, tx",2025-09-01,1250,949.5,FALSE
"Austin, TX","austin, tx",2025-10-01,1467,1020.5,FALSE
"Austin, TX","austin, tx",2025-11-01,133,446,FALSE
BOSTON,boston,2012-01-01,617,NA,FALSE
BOSTON,boston,2012-02-01,462,NA,FALSE
BOSTON,boston,2012-03-01,433,NA,FALSE
BOSTON,boston,2012-04-01,479,NA,FALSE
BOSTON,boston,2012-05-01,445,NA,FALSE
BOSTON,boston,2012-06-01,421,NA,FALSE
BOSTON,boston,2012-07-01,668,NA,FALSE
BOSTON,boston,2012-08-01,652,NA,FALSE
BOSTON,boston,2012-09-01,426,NA,FALSE
BOSTON,boston,2012-10-01,664,NA,FALSE
BOSTON,boston,2012-11-01,585,NA,FALSE
BOSTON,boston,2012-12-01,586,NA,FALSE
BOSTON,boston,2013-01-01,664,NA,FALSE
BOSTON,boston,2013-02-01,641,NA,FALSE
BOSTON,boston,2013-03-01,729,NA,FALSE
BOSTON,boston,2013-04-01,664,NA,FALSE
BOSTON,boston,2013-05-01,685,NA,FALSE
BOSTON,boston,2013-06-01,613,NA,FALSE
BOSTON,boston,2013-07-01,859,NA,FALSE
BOSTON,boston,2013-08-01,730,NA,FALSE
BOSTON,boston,2013-09-01,718,NA,FALSE
BOSTON,boston,2013-10-01,729,NA,FALSE
BOSTON,boston,2013-11-01,588,NA,FALSE
BOSTON,boston,2013-12-01,659,NA,FALSE
BOSTON,boston,2015-01-01,642,NA,FALSE
BOSTON,boston,2015-02-01,687,NA,FALSE
BOSTON,boston,2015-03-01,684,NA,FALSE
BOSTON,boston,2015-04-01,557,NA,FALSE
BOSTON,boston,2015-05-01,606,NA,FALSE
BOSTON,boston,2015-06-01,727,NA,FALSE
BOSTON,boston,2015-07-01,703,NA,FALSE
BOSTON,boston,2015-08-01,796,NA,FALSE
BOSTON,boston,2015-09-01,678,NA,FALSE
BOSTON,boston,2015-10-01,591,NA,FALSE
BOSTON,boston,2015-11-01,562,NA,FALSE
BOSTON,boston,2015-12-01,441,NA,FALSE
BOSTON,boston,2016-01-01,470,NA,FALSE
BOSTON,boston,2016-02-01,659,NA,FALSE
BOSTON,boston,2016-03-01,747,NA,FALSE
BOSTON,boston,2016-04-01,580,NA,FALSE
BOSTON,boston,2016-05-01,679,NA,FALSE
BOSTON,boston,2016-06-01,650,NA,FALSE
BOSTON,boston,2016-07-01,632,NA,FALSE
BOSTON,boston,2016-08-01,829,NA,FALSE
BOSTON,boston,2016-09-01,712,NA,FALSE
BOSTON,boston,2016-10-01,706,NA,FALSE
BOSTON,boston,2016-11-01,612,NA,FALSE
BOSTON,boston,2016-12-01,513,NA,FALSE
"Boston, MA","boston, ma",2020-01-01,650,530,FALSE
"Boston, MA","boston, ma",2020-02-01,610,552.5,FALSE
"Boston, MA","boston, ma",2020-03-01,480,403,FALSE
"Boston, MA","boston, ma",2020-04-01,96,536,FALSE
"Boston, MA","boston, ma",2020-05-01,4,648,FALSE
"Boston, MA","boston, ma",2020-06-01,8,433,FALSE
"Boston, MA","boston, ma",2020-07-01,13,642,FALSE
"Boston, MA","boston, ma",2020-08-01,11,686.5,FALSE
"Boston, MA","boston, ma",2020-09-01,16,702.5,FALSE
"Boston, MA","boston, ma",2020-10-01,38,695,FALSE
"Boston, MA","boston, ma",2020-11-01,322,511,FALSE
"Boston, MA","boston, ma",2020-12-01,462,540.5,FALSE
"Boston, MA","boston, ma",2021-01-01,310,530,FALSE
"Boston, MA","boston, ma",2021-02-01,303,549,FALSE
"Boston, MA","boston, ma",2021-03-01,455,403,FALSE
"Boston, MA","boston, ma",2021-04-01,253,536,FALSE
"Boston, MA","boston, ma",2021-05-01,237,648,FALSE
"Boston, MA","boston, ma",2021-06-01,245,433,FALSE
"Boston, MA","boston, ma",2021-07-01,253,642,FALSE
"Boston, MA","boston, ma",2021-08-01,269,686.5,FALSE
"Boston, MA","boston, ma",2021-09-01,233,702.5,FALSE
"Boston, MA","boston, ma",2021-10-01,230,695,FALSE
"Boston, MA","boston, ma",2021-11-01,281,511,FALSE
"Boston, MA","boston, ma",2021-12-01,301,540.5,FALSE
"Boston, MA","boston, ma",2022-01-01,298,530,FALSE
"Boston, MA","boston, ma",2022-02-01,252,549,FALSE
"Boston, MA","boston, ma",2022-03-01,336,403,FALSE
"Boston, MA","boston, ma",2022-04-01,388,536,FALSE
"Boston, MA","boston, ma",2022-05-01,441,648,FALSE
"Boston, MA","boston, ma",2022-06-01,383,433,FALSE
"Boston, MA","boston, ma",2022-07-01,406,642,FALSE
"Boston, MA","boston, ma",2022-08-01,476,686.5,FALSE
"Boston, MA","boston, ma",2022-09-01,465,702.5,FALSE
"Boston, MA","boston, ma",2022-10-01,670,695,FALSE
"Boston, MA","boston, ma",2022-11-01,627,511,FALSE
"Boston, MA","boston, ma",2022-12-01,592,540.5,FALSE
"Boston, MA","boston, ma",2023-01-01,681,530,FALSE
"Boston, MA","boston, ma",2023-02-01,586,549,FALSE
"Boston, MA","boston, ma",2023-03-01,515,403,FALSE
"Boston, MA","boston, ma",2023-04-01,670,536,FALSE
"Boston, MA","boston, ma",2023-05-01,736,648,FALSE
"Boston, MA","boston, ma",2023-06-01,426,433,FALSE
"Boston, MA","boston, ma",2023-07-01,571,642,FALSE
"Boston, MA","boston, ma",2023-08-01,683,686.5,FALSE
"Boston, MA","boston, ma",2023-09-01,603,702.5,FALSE
"Boston, MA","boston, ma",2023-10-01,690,695,FALSE
"Boston, MA","boston, ma",2023-11-01,11,71.5,FALSE
BRIDGEPORT,bridgeport,2017-01-01,350,NA,FALSE
BRIDGEPORT,bridgeport,2017-02-01,318,NA,FALSE
BRIDGEPORT,bridgeport,2017-03-01,347,NA,FALSE
BRIDGEPORT,bridgeport,2017-04-01,263,NA,FALSE
BRIDGEPORT,bridgeport,2017-05-01,373,NA,FALSE
BRIDGEPORT,bridgeport,2017-06-01,367,NA,FALSE
BRIDGEPORT,bridgeport,2017-07-01,390,NA,FALSE
BRIDGEPORT,bridgeport,2017-08-01,348,NA,FALSE
BRIDGEPORT,bridgeport,2017-09-01,326,NA,FALSE
BRIDGEPORT,bridgeport,2017-10-01,363,NA,FALSE
BRIDGEPORT,bridgeport,2017-11-01,283,NA,FALSE
BRIDGEPORT,bridgeport,2017-12-01,334,NA,FALSE
BRIDGEPORT,bridgeport,2018-01-01,326,NA,FALSE
BRIDGEPORT,bridgeport,2018-02-01,349,NA,FALSE
BRIDGEPORT,bridgeport,2018-03-01,262,NA,FALSE
BRIDGEPORT,bridgeport,2018-04-01,347,NA,FALSE
BRIDGEPORT,bridgeport,2018-05-01,310,NA,FALSE
BRIDGEPORT,bridgeport,2018-06-01,362,NA,FALSE
BRIDGEPORT,bridgeport,2018-07-01,356,NA,FALSE
BRIDGEPORT,bridgeport,2018-08-01,379,NA,FALSE
BRIDGEPORT,bridgeport,2018-09-01,317,NA,FALSE
BRIDGEPORT,bridgeport,2018-10-01,381,NA,FALSE
BRIDGEPORT,bridgeport,2018-11-01,372,NA,FALSE
BRIDGEPORT,bridgeport,2018-12-01,301,NA,FALSE
BRIDGEPORT,bridgeport,2019-01-01,313,NA,FALSE
BRIDGEPORT,bridgeport,2019-02-01,271,NA,FALSE
BRIDGEPORT,bridgeport,2019-03-01,308,NA,FALSE
BRIDGEPORT,bridgeport,2019-04-01,313,NA,FALSE
BRIDGEPORT,bridgeport,2019-05-01,312,NA,FALSE
BRIDGEPORT,bridgeport,2019-06-01,295,NA,FALSE
BRIDGEPORT,bridgeport,2019-07-01,382,NA,FALSE
BRIDGEPORT,bridgeport,2019-08-01,347,NA,FALSE
BRIDGEPORT,bridgeport,2019-09-01,351,NA,FALSE
BRIDGEPORT,bridgeport,2019-10-01,362,NA,FALSE
BRIDGEPORT,bridgeport,2019-11-01,284,NA,FALSE
BRIDGEPORT,bridgeport,2019-12-01,349,NA,FALSE
"Bridgeport, CT","bridgeport, ct",2020-01-01,312,341,FALSE
"Bridgeport, CT","bridgeport, ct",2020-02-01,259,348.5,FALSE
"Bridgeport, CT","bridgeport, ct",2020-03-01,286,334,FALSE
"Bridgeport, CT","bridgeport, ct",2020-04-01,27,353,FALSE
"Bridgeport, CT","bridgeport, ct",2020-05-01,6,349.5,FALSE
"Bridgeport, CT","bridgeport, ct",2020-06-01,5,366,FALSE
"Bridgeport, CT","bridgeport, ct",2020-07-01,28,342,FALSE
"Bridgeport, CT","bridgeport, ct",2020-08-01,28,393,FALSE
"Bridgeport, CT","bridgeport, ct",2020-09-01,56,376,FALSE
"Bridgeport, CT","bridgeport, ct",2020-10-01,79,408,FALSE
"Bridgeport, CT","bridgeport, ct",2020-11-01,104,338,FALSE
"Bridgeport, CT","bridgeport, ct",2020-12-01,102,349,FALSE
"Bridgeport, CT","bridgeport, ct",2021-01-01,127,341,FALSE
"Bridgeport, CT","bridgeport, ct",2021-02-01,92,345,FALSE
"Bridgeport, CT","bridgeport, ct",2021-03-01,186,334,FALSE
"Bridgeport, CT","bridgeport, ct",2021-04-01,158,353,FALSE
"Bridgeport, CT","bridgeport, ct",2021-05-01,120,349.5,FALSE
"Bridgeport, CT","bridgeport, ct",2021-06-01,151,366,FALSE
"Bridgeport, CT","bridgeport, ct",2021-07-01,91,342,FALSE
"Bridgeport, CT","bridgeport, ct",2021-08-01,126,393,FALSE
"Bridgeport, CT","bridgeport, ct",2021-09-01,224,376,FALSE
"Bridgeport, CT","bridgeport, ct",2021-10-01,211,408,FALSE
"Bridgeport, CT","bridgeport, ct",2021-11-01,211,338,FALSE
"Bridgeport, CT","bridgeport, ct",2021-12-01,209,349,FALSE
"Bridgeport, CT","bridgeport, ct",2022-01-01,247,341,FALSE
"Bridgeport, CT","bridgeport, ct",2022-02-01,228,345,FALSE
"Bridgeport, CT","bridgeport, ct",2022-03-01,523,334,FALSE
"Bridgeport, CT","bridgeport, ct",2022-04-01,421,353,FALSE
"Bridgeport, CT","bridgeport, ct",2022-05-01,391,349.5,FALSE
"Bridgeport, CT","bridgeport, ct",2022-06-01,394,366,FALSE
"Bridgeport, CT","bridgeport, ct",2022-07-01,403,342,FALSE
"Bridgeport, CT","bridgeport, ct",2022-08-01,445,393,FALSE
"Bridgeport, CT","bridgeport, ct",2022-09-01,394,376,FALSE
"Bridgeport, CT","bridgeport, ct",2022-10-01,414,408,FALSE
"Bridgeport, CT","bridgeport, ct",2022-11-01,398,338,FALSE
"Bridgeport, CT","bridgeport, ct",2022-12-01,327,349,FALSE
"Bridgeport, CT","bridgeport, ct",2023-01-01,349,341,FALSE
"Bridgeport, CT","bridgeport, ct",2023-02-01,360,345,FALSE
"Bridgeport, CT","bridgeport, ct",2023-03-01,337,334,FALSE
"Bridgeport, CT","bridgeport, ct",2023-04-01,352,353,FALSE
"Bridgeport, CT","bridgeport, ct",2023-05-01,361,349.5,FALSE
"Bridgeport, CT","bridgeport, ct",2023-06-01,412,366,FALSE
"Bridgeport, CT","bridgeport, ct",2023-07-01,332,342,FALSE
"Bridgeport, CT","bridgeport, ct",2023-08-01,441,393,FALSE
"Bridgeport, CT","bridgeport, ct",2023-09-01,375,376,FALSE
"Bridgeport, CT","bridgeport, ct",2023-10-01,435,408,FALSE
"Bridgeport, CT","bridgeport, ct",2023-11-01,388,338,FALSE
"Bridgeport, CT","bridgeport, ct",2023-12-01,349,349,FALSE
"Bridgeport, CT","bridgeport, ct",2024-01-01,333,341,FALSE
"Bridgeport, CT","bridgeport, ct",2024-02-01,337,348.5,FALSE
"Bridgeport, CT","bridgeport, ct",2024-03-01,331,334,FALSE
"Bridgeport, CT","bridgeport, ct",2024-04-01,354,353,FALSE
"Bridgeport, CT","bridgeport, ct",2024-05-01,338,349.5,FALSE
"Bridgeport, CT","bridgeport, ct",2024-06-01,320,366,FALSE
"Bridgeport, CT","bridgeport, ct",2024-07-01,352,342,FALSE
"Bridgeport, CT","bridgeport, ct",2024-08-01,345,393,FALSE
"Bridgeport, CT","bridgeport, ct",2024-09-01,377,376,FALSE
"Bridgeport, CT","bridgeport, ct",2024-10-01,381,408,FALSE
"Bridgeport, CT","bridgeport, ct",2024-11-01,288,338,FALSE
"Bridgeport, CT","bridgeport, ct",2024-12-01,349,349,FALSE
"Bridgeport, CT","bridgeport, ct",2025-01-01,313,341,FALSE
"Bridgeport, CT","bridgeport, ct",2025-02-01,286,345,FALSE
"Bridgeport, CT","bridgeport, ct",2025-03-01,335,334,FALSE
"Bridgeport, CT","bridgeport, ct",2025-04-01,278,353,FALSE
"Bridgeport, CT","bridgeport, ct",2025-05-01,274,349.5,FALSE
"Bridgeport, CT","bridgeport, ct",2025-06-01,270,366,FALSE
"Bridgeport, CT","bridgeport, ct",2025-07-01,258,342,FALSE
"Bridgeport, CT","bridgeport, ct",2025-08-01,276,393,FALSE
"Bridgeport, CT","bridgeport, ct",2025-09-01,318,376,FALSE
"Bridgeport, CT","bridgeport, ct",2025-10-01,26,77.5,FALSE
CHARLESTON,charleston,2016-01-01,1477,NA,FALSE
CHARLESTON,charleston,2016-02-01,1174,NA,FALSE
CHARLESTON,charleston,2016-03-01,950,NA,FALSE
CHARLESTON,charleston,2016-04-01,1188,NA,FALSE
CHARLESTON,charleston,2016-05-01,1276,NA,FALSE
CHARLESTON,charleston,2016-06-01,1305,NA,FALSE
CHARLESTON,charleston,2016-07-01,1489,NA,FALSE
CHARLESTON,charleston,2016-08-01,1327,NA,FALSE
CHARLESTON,charleston,2016-09-01,1392,NA,FALSE
CHARLESTON,charleston,2016-10-01,1254,NA,FALSE
CHARLESTON,charleston,2016-11-01,1182,NA,FALSE
CHARLESTON,charleston,2016-12-01,1256,NA,FALSE
CHARLESTON,charleston,2017-01-01,1421,NA,FALSE
CHARLESTON,charleston,2017-02-01,1195,NA,FALSE
CHARLESTON,charleston,2017-03-01,1103,NA,FALSE
CHARLESTON,charleston,2017-04-01,994,NA,FALSE
CHARLESTON,charleston,2017-05-01,1206,NA,FALSE
CHARLESTON,charleston,2017-06-01,1218,NA,FALSE
CHARLESTON,charleston,2017-07-01,1313,NA,FALSE
CHARLESTON,charleston,2017-08-01,1353,NA,FALSE
CHARLESTON,charleston,2017-09-01,1382,NA,FALSE
CHARLESTON,charleston,2017-10-01,1411,NA,FALSE
CHARLESTON,charleston,2017-11-01,1341,NA,FALSE
CHARLESTON,charleston,2017-12-01,1337,NA,FALSE
CHARLESTON,charleston,2018-01-01,1422,NA,FALSE
CHARLESTON,charleston,2018-02-01,1358,NA,FALSE
CHARLESTON,charleston,2018-03-01,1116,NA,FALSE
CHARLESTON,charleston,2018-04-01,1134,NA,FALSE
CHARLESTON,charleston,2018-05-01,1306,NA,FALSE
CHARLESTON,charleston,2018-06-01,1244,NA,FALSE
CHARLESTON,charleston,2018-07-01,1244,NA,FALSE
CHARLESTON,charleston,2018-08-01,1375,NA,FALSE
CHARLESTON,charleston,2018-09-01,1234,NA,FALSE
CHARLESTON,charleston,2018-10-01,1416,NA,FALSE
CHARLESTON,charleston,2018-11-01,1159,NA,FALSE
CHARLESTON,charleston,2018-12-01,1213,NA,FALSE
CHARLESTON,charleston,2019-01-01,1400,NA,FALSE
CHARLESTON,charleston,2019-02-01,1192,NA,FALSE
CHARLESTON,charleston,2019-03-01,1019,NA,FALSE
CHARLESTON,charleston,2019-04-01,907,NA,FALSE
CHARLESTON,charleston,2019-05-01,1141,NA,FALSE
CHARLESTON,charleston,2019-06-01,1073,NA,FALSE
CHARLESTON,charleston,2019-07-01,1242,NA,FALSE
CHARLESTON,charleston,2019-08-01,1209,NA,FALSE
CHARLESTON,charleston,2019-09-01,1275,NA,FALSE
CHARLESTON,charleston,2019-10-01,1120,NA,FALSE
CHARLESTON,charleston,2019-11-01,1156,NA,FALSE
CHARLESTON,charleston,2019-12-01,1173,NA,FALSE
"Charleston, SC","charleston, sc",2020-01-01,1282,1024,FALSE
"Charleston, SC","charleston, sc",2020-02-01,1216,862.5,FALSE
"Charleston, SC","charleston, sc",2020-03-01,605,771.5,FALSE
"Charleston, SC","charleston, sc",2020-04-01,3,743.5,FALSE
"Charleston, SC","charleston, sc",2020-05-01,311,873,FALSE
"Charleston, SC","charleston, sc",2020-06-01,443,843,FALSE
"Charleston, SC","charleston, sc",2020-07-01,449,908,FALSE
"Charleston, SC","charleston, sc",2020-08-01,494,832,FALSE
"Charleston, SC","charleston, sc",2020-09-01,644,874,FALSE
"Charleston, SC","charleston, sc",2020-10-01,481,937,FALSE
"Charleston, SC","charleston, sc",2020-11-01,550,772,FALSE
"Charleston, SC","charleston, sc",2020-12-01,474,851.5,FALSE
"Charleston, SC","charleston, sc",2021-01-01,544,1024,FALSE
"Charleston, SC","charleston, sc",2021-02-01,464,860.5,FALSE
"Charleston, SC","charleston, sc",2021-03-01,458,771.5,FALSE
"Charleston, SC","charleston, sc",2021-04-01,354,743.5,FALSE
"Charleston, SC","charleston, sc",2021-05-01,335,873,FALSE
"Charleston, SC","charleston, sc",2021-06-01,430,843,FALSE
"Charleston, SC","charleston, sc",2021-07-01,408,908,FALSE
"Charleston, SC","charleston, sc",2021-08-01,391,832,FALSE
"Charleston, SC","charleston, sc",2021-09-01,594,874,FALSE
"Charleston, SC","charleston, sc",2021-10-01,598,937,FALSE
"Charleston, SC","charleston, sc",2021-11-01,534,772,FALSE
"Charleston, SC","charleston, sc",2021-12-01,526,851.5,FALSE
"Charleston, SC","charleston, sc",2022-01-01,800,1024,FALSE
"Charleston, SC","charleston, sc",2022-02-01,688,860.5,FALSE
"Charleston, SC","charleston, sc",2022-03-01,972,771.5,FALSE
"Charleston, SC","charleston, sc",2022-04-01,662,743.5,FALSE
"Charleston, SC","charleston, sc",2022-05-01,656,873,FALSE
"Charleston, SC","charleston, sc",2022-06-01,804,843,FALSE
"Charleston, SC","charleston, sc",2022-07-01,742,908,FALSE
"Charleston, SC","charleston, sc",2022-08-01,835,832,FALSE
"Charleston, SC","charleston, sc",2022-09-01,911,874,FALSE
"Charleston, SC","charleston, sc",2022-10-01,871,937,FALSE
"Charleston, SC","charleston, sc",2022-11-01,759,772,FALSE
"Charleston, SC","charleston, sc",2022-12-01,795,851.5,FALSE
"Charleston, SC","charleston, sc",2023-01-01,1001,1024,FALSE
"Charleston, SC","charleston, sc",2023-02-01,791,860.5,FALSE
"Charleston, SC","charleston, sc",2023-03-01,827,771.5,FALSE
"Charleston, SC","charleston, sc",2023-04-01,729,743.5,FALSE
"Charleston, SC","charleston, sc",2023-05-01,886,873,FALSE
"Charleston, SC","charleston, sc",2023-06-01,854,843,FALSE
"Charleston, SC","charleston, sc",2023-07-01,902,908,FALSE
"Charleston, SC","charleston, sc",2023-08-01,872,832,FALSE
"Charleston, SC","charleston, sc",2023-09-01,835,874,FALSE
"Charleston, SC","charleston, sc",2023-10-01,958,937,FALSE
"Charleston, SC","charleston, sc",2023-11-01,718,772,FALSE
"Charleston, SC","charleston, sc",2023-12-01,863,851.5,FALSE
"Charleston, SC","charleston, sc",2024-01-01,1047,1024,FALSE
"Charleston, SC","charleston, sc",2024-02-01,937,862.5,FALSE
"Charleston, SC","charleston, sc",2024-03-01,716,771.5,FALSE
"Charleston, SC","charleston, sc",2024-04-01,758,743.5,FALSE
"Charleston, SC","charleston, sc",2024-05-01,860,873,FALSE
"Charleston, SC","charleston, sc",2024-06-01,832,843,FALSE
"Charleston, SC","charleston, sc",2024-07-01,914,908,FALSE
"Charleston, SC","charleston, sc",2024-08-01,792,832,FALSE
"Charleston, SC","charleston, sc",2024-09-01,913,874,FALSE
"Charleston, SC","charleston, sc",2024-10-01,916,937,FALSE
"Charleston, SC","charleston, sc",2024-11-01,826,772,FALSE
"Charleston, SC","charleston, sc",2024-12-01,840,851.5,FALSE
"Charleston, SC","charleston, sc",2025-01-01,932,1024,FALSE
"Charleston, SC","charleston, sc",2025-02-01,882,860.5,FALSE
"Charleston, SC","charleston, sc",2025-03-01,959,771.5,FALSE
"Charleston, SC","charleston, sc",2025-04-01,817,743.5,FALSE
"Charleston, SC","charleston, sc",2025-05-01,879,873,FALSE
"Charleston, SC","charleston, sc",2025-06-01,929,843,FALSE
"Charleston, SC","charleston, sc",2025-07-01,1092,908,FALSE
"Charleston, SC","charleston, sc",2025-08-01,1082,832,FALSE
"Charleston, SC","charleston, sc",2025-09-01,963,874,FALSE
"Charleston, SC","charleston, sc",2025-10-01,977,937,FALSE
"Charleston, SC","charleston, sc",2025-11-01,82,411.5,FALSE
CINCINNATI,cincinnati,2012-01-01,1070,NA,FALSE
CINCINNATI,cincinnati,2012-02-01,933,NA,FALSE
CINCINNATI,cincinnati,2012-03-01,898,NA,FALSE
CINCINNATI,cincinnati,2012-04-01,1038,NA,FALSE
CINCINNATI,cincinnati,2012-05-01,1296,NA,FALSE
CINCINNATI,cincinnati,2012-06-01,1147,NA,FALSE
CINCINNATI,cincinnati,2012-07-01,1369,NA,FALSE
CINCINNATI,cincinnati,2012-08-01,1282,NA,FALSE
CINCINNATI,cincinnati,2012-09-01,1176,NA,FALSE
CINCINNATI,cincinnati,2012-10-01,1197,NA,FALSE
CINCINNATI,cincinnati,2012-11-01,1090,NA,FALSE
CINCINNATI,cincinnati,2012-12-01,879,NA,FALSE
CINCINNATI,cincinnati,2013-01-01,1263,NA,FALSE
CINCINNATI,cincinnati,2013-02-01,938,NA,FALSE
CINCINNATI,cincinnati,2013-03-01,805,NA,FALSE
CINCINNATI,cincinnati,2013-04-01,1057,NA,FALSE
CINCINNATI,cincinnati,2013-05-01,1207,NA,FALSE
CINCINNATI,cincinnati,2013-06-01,1193,NA,FALSE
CINCINNATI,cincinnati,2013-07-01,1308,NA,FALSE
CINCINNATI,cincinnati,2013-08-01,1339,NA,FALSE
CINCINNATI,cincinnati,2013-09-01,1171,NA,FALSE
CINCINNATI,cincinnati,2013-10-01,1068,NA,FALSE
CINCINNATI,cincinnati,2013-11-01,1021,NA,FALSE
CINCINNATI,cincinnati,2013-12-01,977,NA,FALSE
CINCINNATI,cincinnati,2014-01-01,1174,NA,FALSE
CINCINNATI,cincinnati,2014-02-01,889,NA,FALSE
CINCINNATI,cincinnati,2014-03-01,847,NA,FALSE
CINCINNATI,cincinnati,2014-04-01,925,NA,FALSE
CINCINNATI,cincinnati,2014-05-01,1198,NA,FALSE
CINCINNATI,cincinnati,2014-06-01,1233,NA,FALSE
CINCINNATI,cincinnati,2014-07-01,1297,NA,FALSE
CINCINNATI,cincinnati,2014-08-01,1145,NA,FALSE
CINCINNATI,cincinnati,2014-09-01,1288,NA,FALSE
CINCINNATI,cincinnati,2014-10-01,1212,NA,FALSE
CINCINNATI,cincinnati,2014-11-01,923,NA,FALSE
CINCINNATI,cincinnati,2014-12-01,1100,NA,FALSE
CINCINNATI,cincinnati,2015-01-01,1069,NA,FALSE
CINCINNATI,cincinnati,2015-02-01,731,NA,FALSE
CINCINNATI,cincinnati,2015-03-01,859,NA,FALSE
CINCINNATI,cincinnati,2015-04-01,913,NA,FALSE
CINCINNATI,cincinnati,2015-05-01,929,NA,FALSE
CINCINNATI,cincinnati,2015-06-01,1064,NA,FALSE
CINCINNATI,cincinnati,2015-07-01,1363,NA,FALSE
CINCINNATI,cincinnati,2015-08-01,1010,NA,FALSE
CINCINNATI,cincinnati,2015-09-01,1188,NA,FALSE
CINCINNATI,cincinnati,2015-10-01,1102,NA,FALSE
CINCINNATI,cincinnati,2015-11-01,870,NA,FALSE
CINCINNATI,cincinnati,2015-12-01,1128,NA,FALSE
CINCINNATI,cincinnati,2016-01-01,1105,NA,FALSE
CINCINNATI,cincinnati,2016-02-01,772,NA,FALSE
CINCINNATI,cincinnati,2016-03-01,762,NA,FALSE
CINCINNATI,cincinnati,2016-04-01,864,NA,FALSE
CINCINNATI,cincinnati,2016-05-01,970,NA,FALSE
CINCINNATI,cincinnati,2016-06-01,1121,NA,FALSE
CINCINNATI,cincinnati,2016-07-01,1111,NA,FALSE
CINCINNATI,cincinnati,2016-08-01,1162,NA,FALSE
CINCINNATI,cincinnati,2016-09-01,1097,NA,FALSE
CINCINNATI,cincinnati,2016-10-01,998,NA,FALSE
CINCINNATI,cincinnati,2016-11-01,893,NA,FALSE
CINCINNATI,cincinnati,2016-12-01,958,NA,FALSE
"Cincinnati, OH","cincinnati, oh",2020-01-01,1143,1025.5,FALSE
"Cincinnati, OH","cincinnati, oh",2020-02-01,887,1197.5,FALSE
"Cincinnati, OH","cincinnati, oh",2020-03-01,527,875.5,FALSE
"Cincinnati, OH","cincinnati, oh",2020-04-01,239,941,FALSE
"Cincinnati, OH","cincinnati, oh",2020-05-01,328,1112.5,FALSE
"Cincinnati, OH","cincinnati, oh",2020-06-01,379,1206.5,FALSE
"Cincinnati, OH","cincinnati, oh",2020-07-01,533,1151.5,FALSE
"Cincinnati, OH","cincinnati, oh",2020-08-01,736,1289.5,FALSE
"Cincinnati, OH","cincinnati, oh",2020-09-01,777,1123.5,FALSE
"Cincinnati, OH","cincinnati, oh",2020-10-01,698,1187.5,FALSE
"Cincinnati, OH","cincinnati, oh",2020-11-01,709,975,FALSE
"Cincinnati, OH","cincinnati, oh",2020-12-01,873,1176.5,FALSE
"Cincinnati, OH","cincinnati, oh",2021-01-01,760,1025.5,FALSE
"Cincinnati, OH","cincinnati, oh",2021-02-01,662,1175.5,FALSE
"Cincinnati, OH","cincinnati, oh",2021-03-01,673,875.5,FALSE
"Cincinnati, OH","cincinnati, oh",2021-04-01,707,941,FALSE
"Cincinnati, OH","cincinnati, oh",2021-05-01,690,1112.5,FALSE
"Cincinnati, OH","cincinnati, oh",2021-06-01,897,1206.5,FALSE
"Cincinnati, OH","cincinnati, oh",2021-07-01,920,1151.5,FALSE
"Cincinnati, OH","cincinnati, oh",2021-08-01,865,1289.5,FALSE
"Cincinnati, OH","cincinnati, oh",2021-09-01,980,1123.5,FALSE
"Cincinnati, OH","cincinnati, oh",2021-10-01,934,1187.5,FALSE
"Cincinnati, OH","cincinnati, oh",2021-11-01,866,975,FALSE
"Cincinnati, OH","cincinnati, oh",2021-12-01,960,1176.5,FALSE
"Cincinnati, OH","cincinnati, oh",2022-01-01,1039,1025.5,FALSE
"Cincinnati, OH","cincinnati, oh",2022-02-01,848,1175.5,FALSE
"Cincinnati, OH","cincinnati, oh",2022-03-01,1000,875.5,FALSE
"Cincinnati, OH","cincinnati, oh",2022-04-01,805,941,FALSE
"Cincinnati, OH","cincinnati, oh",2022-05-01,974,1112.5,FALSE
"Cincinnati, OH","cincinnati, oh",2022-06-01,1182,1206.5,FALSE
"Cincinnati, OH","cincinnati, oh",2022-07-01,1182,1151.5,FALSE
"Cincinnati, OH","cincinnati, oh",2022-08-01,1260,1289.5,FALSE
"Cincinnati, OH","cincinnati, oh",2022-09-01,1238,1123.5,FALSE
"Cincinnati, OH","cincinnati, oh",2022-10-01,1166,1187.5,FALSE
"Cincinnati, OH","cincinnati, oh",2022-11-01,1054,975,FALSE
"Cincinnati, OH","cincinnati, oh",2022-12-01,1310,1176.5,FALSE
"Cincinnati, OH","cincinnati, oh",2023-01-01,972,1025.5,FALSE
"Cincinnati, OH","cincinnati, oh",2023-02-01,1115,1175.5,FALSE
"Cincinnati, OH","cincinnati, oh",2023-03-01,862,875.5,FALSE
"Cincinnati, OH","cincinnati, oh",2023-04-01,843,941,FALSE
"Cincinnati, OH","cincinnati, oh",2023-05-01,942,1112.5,FALSE
"Cincinnati, OH","cincinnati, oh",2023-06-01,1189,1206.5,FALSE
"Cincinnati, OH","cincinnati, oh",2023-07-01,1048,1151.5,FALSE
"Cincinnati, OH","cincinnati, oh",2023-08-01,1406,1289.5,FALSE
"Cincinnati, OH","cincinnati, oh",2023-09-01,1093,1123.5,FALSE
"Cincinnati, OH","cincinnati, oh",2023-10-01,1165,1187.5,FALSE
"Cincinnati, OH","cincinnati, oh",2023-11-01,1000,975,FALSE
"Cincinnati, OH","cincinnati, oh",2023-12-01,1155,1176.5,FALSE
"Cincinnati, OH","cincinnati, oh",2024-01-01,1079,1025.5,FALSE
"Cincinnati, OH","cincinnati, oh",2024-02-01,1280,1197.5,FALSE
"Cincinnati, OH","cincinnati, oh",2024-03-01,889,875.5,FALSE
"Cincinnati, OH","cincinnati, oh",2024-04-01,1039,941,FALSE
"Cincinnati, OH","cincinnati, oh",2024-05-01,1283,1112.5,FALSE
"Cincinnati, OH","cincinnati, oh",2024-06-01,1224,1206.5,FALSE
"Cincinnati, OH","cincinnati, oh",2024-07-01,1255,1151.5,FALSE
"Cincinnati, OH","cincinnati, oh",2024-08-01,1173,1289.5,FALSE
"Cincinnati, OH","cincinnati, oh",2024-09-01,1154,1123.5,FALSE
"Cincinnati, OH","cincinnati, oh",2024-10-01,1210,1187.5,FALSE
"Cincinnati, OH","cincinnati, oh",2024-11-01,950,975,FALSE
"Cincinnati, OH","cincinnati, oh",2024-12-01,1198,1176.5,FALSE
"Cincinnati, OH","cincinnati, oh",2025-01-01,1158,1025.5,FALSE
"Cincinnati, OH","cincinnati, oh",2025-02-01,1082,1175.5,FALSE
"Cincinnati, OH","cincinnati, oh",2025-03-01,934,875.5,FALSE
"Cincinnati, OH","cincinnati, oh",2025-04-01,1024,941,FALSE
"Cincinnati, OH","cincinnati, oh",2025-05-01,1040,1112.5,FALSE
"Cincinnati, OH","cincinnati, oh",2025-06-01,916,1206.5,FALSE
"Cincinnati, OH","cincinnati, oh",2025-07-01,1345,1151.5,FALSE
"Cincinnati, OH","cincinnati, oh",2025-08-01,1057,1289.5,FALSE
"Cincinnati, OH","cincinnati, oh",2025-09-01,1072,1123.5,FALSE
"Cincinnati, OH","cincinnati, oh",2025-10-01,985,1187.5,FALSE
"Cincinnati, OH","cincinnati, oh",2025-11-01,141,430,FALSE
CLEVELAND,cleveland,2016-01-01,792,NA,FALSE
CLEVELAND,cleveland,2016-02-01,617,NA,FALSE
CLEVELAND,cleveland,2016-03-01,697,NA,FALSE
CLEVELAND,cleveland,2016-04-01,709,NA,FALSE
CLEVELAND,cleveland,2016-05-01,787,NA,FALSE
CLEVELAND,cleveland,2016-06-01,802,NA,FALSE
CLEVELAND,cleveland,2016-07-01,842,NA,FALSE
CLEVELAND,cleveland,2016-08-01,959,NA,FALSE
CLEVELAND,cleveland,2016-09-01,901,NA,FALSE
CLEVELAND,cleveland,2016-10-01,804,NA,FALSE
CLEVELAND,cleveland,2016-11-01,639,NA,FALSE
CLEVELAND,cleveland,2016-12-01,728,NA,FALSE
CLEVELAND,cleveland,2017-01-01,701,NA,FALSE
CLEVELAND,cleveland,2017-02-01,668,NA,FALSE
CLEVELAND,cleveland,2017-03-01,625,NA,FALSE
CLEVELAND,cleveland,2017-04-01,604,NA,FALSE
CLEVELAND,cleveland,2017-05-01,820,NA,FALSE
CLEVELAND,cleveland,2017-06-01,839,NA,FALSE
CLEVELAND,cleveland,2017-07-01,578,NA,FALSE
CLEVELAND,cleveland,2017-08-01,723,NA,FALSE
CLEVELAND,cleveland,2017-09-01,778,NA,FALSE
CLEVELAND,cleveland,2017-10-01,782,NA,FALSE
CLEVELAND,cleveland,2017-11-01,669,NA,FALSE
CLEVELAND,cleveland,2017-12-01,613,NA,FALSE
CLEVELAND,cleveland,2018-01-01,646,NA,FALSE
CLEVELAND,cleveland,2018-02-01,610,NA,FALSE
CLEVELAND,cleveland,2018-03-01,614,NA,FALSE
CLEVELAND,cleveland,2018-04-01,625,NA,FALSE
CLEVELAND,cleveland,2018-05-01,667,NA,FALSE
CLEVELAND,cleveland,2018-06-01,677,NA,FALSE
CLEVELAND,cleveland,2018-07-01,822,NA,FALSE
CLEVELAND,cleveland,2018-08-01,835,NA,FALSE
CLEVELAND,cleveland,2018-09-01,721,NA,FALSE
CLEVELAND,cleveland,2018-10-01,769,NA,FALSE
CLEVELAND,cleveland,2018-11-01,644,NA,FALSE
CLEVELAND,cleveland,2018-12-01,536,NA,FALSE
CLEVELAND,cleveland,2019-01-01,605,NA,FALSE
CLEVELAND,cleveland,2019-02-01,690,NA,FALSE
CLEVELAND,cleveland,2019-03-01,590,NA,FALSE
CLEVELAND,cleveland,2019-04-01,583,NA,FALSE
CLEVELAND,cleveland,2019-05-01,734,NA,FALSE
CLEVELAND,cleveland,2019-06-01,652,NA,FALSE
CLEVELAND,cleveland,2019-07-01,806,NA,FALSE
CLEVELAND,cleveland,2019-08-01,720,NA,FALSE
CLEVELAND,cleveland,2019-09-01,659,NA,FALSE
CLEVELAND,cleveland,2019-10-01,745,NA,FALSE
CLEVELAND,cleveland,2019-11-01,536,NA,FALSE
CLEVELAND,cleveland,2019-12-01,648,NA,FALSE
"Cleveland, OH","cleveland, oh",2020-01-01,658,531.5,FALSE
"Cleveland, OH","cleveland, oh",2020-02-01,593,592.5,FALSE
"Cleveland, OH","cleveland, oh",2020-03-01,223,426,FALSE
"Cleveland, OH","cleveland, oh",2020-04-01,1,434.5,FALSE
"Cleveland, OH","cleveland, oh",2020-05-01,2,488,FALSE
"Cleveland, OH","cleveland, oh",2020-06-01,509,535,FALSE
"Cleveland, OH","cleveland, oh",2020-07-01,416,535.5,FALSE
"Cleveland, OH","cleveland, oh",2020-08-01,439,539,FALSE
"Cleveland, OH","cleveland, oh",2020-09-01,323,543.5,FALSE
"Cleveland, OH","cleveland, oh",2020-10-01,382,553.5,FALSE
"Cleveland, OH","cleveland, oh",2020-11-01,332,477.5,FALSE
"Cleveland, OH","cleveland, oh",2020-12-01,437,522.5,FALSE
"Cleveland, OH","cleveland, oh",2021-01-01,397,531.5,FALSE
"Cleveland, OH","cleveland, oh",2021-02-01,322,588,FALSE
"Cleveland, OH","cleveland, oh",2021-03-01,423,426,FALSE
"Cleveland, OH","cleveland, oh",2021-04-01,237,434.5,FALSE
"Cleveland, OH","cleveland, oh",2021-05-01,244,488,FALSE
"Cleveland, OH","cleveland, oh",2021-06-01,304,535,FALSE
"Cleveland, OH","cleveland, oh",2021-07-01,332,535.5,FALSE
"Cleveland, OH","cleveland, oh",2021-08-01,377,539,FALSE
"Cleveland, OH","cleveland, oh",2021-09-01,441,543.5,FALSE
"Cleveland, OH","cleveland, oh",2021-10-01,421,553.5,FALSE
"Cleveland, OH","cleveland, oh",2021-11-01,392,477.5,FALSE
"Cleveland, OH","cleveland, oh",2021-12-01,345,522.5,FALSE
"Cleveland, OH","cleveland, oh",2022-01-01,403,531.5,FALSE
"Cleveland, OH","cleveland, oh",2022-02-01,344,588,FALSE
"Cleveland, OH","cleveland, oh",2022-03-01,419,426,FALSE
"Cleveland, OH","cleveland, oh",2022-04-01,364,434.5,FALSE
"Cleveland, OH","cleveland, oh",2022-05-01,357,488,FALSE
"Cleveland, OH","cleveland, oh",2022-06-01,449,535,FALSE
"Cleveland, OH","cleveland, oh",2022-07-01,418,535.5,FALSE
"Cleveland, OH","cleveland, oh",2022-08-01,525,539,FALSE
"Cleveland, OH","cleveland, oh",2022-09-01,676,543.5,FALSE
"Cleveland, OH","cleveland, oh",2022-10-01,602,553.5,FALSE
"Cleveland, OH","cleveland, oh",2022-11-01,548,477.5,FALSE
"Cleveland, OH","cleveland, oh",2022-12-01,525,522.5,FALSE
"Cleveland, OH","cleveland, oh",2023-01-01,497,531.5,FALSE
"Cleveland, OH","cleveland, oh",2023-02-01,642,588,FALSE
"Cleveland, OH","cleveland, oh",2023-03-01,475,426,FALSE
"Cleveland, OH","cleveland, oh",2023-04-01,441,434.5,FALSE
"Cleveland, OH","cleveland, oh",2023-05-01,520,488,FALSE
"Cleveland, OH","cleveland, oh",2023-06-01,593,535,FALSE
"Cleveland, OH","cleveland, oh",2023-07-01,551,535.5,FALSE
"Cleveland, OH","cleveland, oh",2023-08-01,597,539,FALSE
"Cleveland, OH","cleveland, oh",2023-09-01,579,543.5,FALSE
"Cleveland, OH","cleveland, oh",2023-10-01,561,553.5,FALSE
"Cleveland, OH","cleveland, oh",2023-11-01,528,477.5,FALSE
"Cleveland, OH","cleveland, oh",2023-12-01,532,522.5,FALSE
"Cleveland, OH","cleveland, oh",2024-01-01,566,531.5,FALSE
"Cleveland, OH","cleveland, oh",2024-02-01,543,592.5,FALSE
"Cleveland, OH","cleveland, oh",2024-03-01,377,426,FALSE
"Cleveland, OH","cleveland, oh",2024-04-01,428,434.5,FALSE
"Cleveland, OH","cleveland, oh",2024-05-01,455,488,FALSE
"Cleveland, OH","cleveland, oh",2024-06-01,477,535,FALSE
"Cleveland, OH","cleveland, oh",2024-07-01,520,535.5,FALSE
"Cleveland, OH","cleveland, oh",2024-08-01,481,539,FALSE
"Cleveland, OH","cleveland, oh",2024-09-01,508,543.5,FALSE
"Cleveland, OH","cleveland, oh",2024-10-01,546,553.5,FALSE
"Cleveland, OH","cleveland, oh",2024-11-01,427,477.5,FALSE
"Cleveland, OH","cleveland, oh",2024-12-01,513,522.5,FALSE
"Cleveland, OH","cleveland, oh",2025-01-01,542,531.5,FALSE
"Cleveland, OH","cleveland, oh",2025-02-01,320,588,FALSE
"Cleveland, OH","cleveland, oh",2025-03-01,457,426,FALSE
"Cleveland, OH","cleveland, oh",2025-04-01,416,434.5,FALSE
"Cleveland, OH","cleveland, oh",2025-05-01,447,488,FALSE
"Cleveland, OH","cleveland, oh",2025-06-01,431,535,FALSE
"Cleveland, OH","cleveland, oh",2025-07-01,531,535.5,FALSE
"Cleveland, OH","cleveland, oh",2025-08-01,551,539,FALSE
"Cleveland, OH","cleveland, oh",2025-09-01,591,543.5,FALSE
"Cleveland, OH","cleveland, oh",2025-10-01,616,553.5,FALSE
"Cleveland, OH","cleveland, oh",2025-11-01,62,281.5,FALSE
COLUMBUS,columbus,2012-01-01,1698,NA,FALSE
COLUMBUS,columbus,2012-02-01,1258,NA,FALSE
COLUMBUS,columbus,2012-03-01,1290,NA,FALSE
COLUMBUS,columbus,2012-04-01,1473,NA,FALSE
COLUMBUS,columbus,2012-05-01,1780,NA,FALSE
COLUMBUS,columbus,2012-06-01,1759,NA,FALSE
COLUMBUS,columbus,2012-07-01,878,NA,FALSE
COLUMBUS,columbus,2012-08-01,1837,NA,FALSE
COLUMBUS,columbus,2012-09-01,2441,NA,FALSE
COLUMBUS,columbus,2012-10-01,1364,NA,FALSE
COLUMBUS,columbus,2012-11-01,1351,NA,FALSE
COLUMBUS,columbus,2012-12-01,1110,NA,FALSE
COLUMBUS,columbus,2013-01-01,1574,NA,FALSE
COLUMBUS,columbus,2013-02-01,1385,NA,FALSE
COLUMBUS,columbus,2013-03-01,1739,NA,FALSE
COLUMBUS,columbus,2013-04-01,1392,NA,FALSE
COLUMBUS,columbus,2013-05-01,1617,NA,FALSE
COLUMBUS,columbus,2013-06-01,985,NA,FALSE
COLUMBUS,columbus,2013-07-01,1682,NA,FALSE
COLUMBUS,columbus,2013-08-01,1598,NA,FALSE
COLUMBUS,columbus,2013-09-01,1671,NA,FALSE
COLUMBUS,columbus,2013-10-01,2568,NA,FALSE
COLUMBUS,columbus,2013-11-01,743,NA,FALSE
COLUMBUS,columbus,2013-12-01,1410,NA,FALSE
COLUMBUS,columbus,2015-01-01,1590,NA,FALSE
COLUMBUS,columbus,2015-02-01,1396,NA,FALSE
COLUMBUS,columbus,2015-03-01,1833,NA,FALSE
COLUMBUS,columbus,2015-04-01,1262,NA,FALSE
COLUMBUS,columbus,2015-05-01,1470,NA,FALSE
COLUMBUS,columbus,2015-06-01,1516,NA,FALSE
COLUMBUS,columbus,2015-07-01,2393,NA,FALSE
COLUMBUS,columbus,2015-08-01,1555,NA,FALSE
COLUMBUS,columbus,2015-09-01,1502,NA,FALSE
COLUMBUS,columbus,2015-10-01,1360,NA,FALSE
COLUMBUS,columbus,2015-11-01,925,NA,FALSE
COLUMBUS,columbus,2015-12-01,1554,NA,FALSE
"Columbus, OH","columbus, oh",2020-01-01,1578,2398.5,FALSE
"Columbus, OH","columbus, oh",2020-02-01,1380,2058.5,FALSE
"Columbus, OH","columbus, oh",2020-03-01,823,1769.5,FALSE
"Columbus, OH","columbus, oh",2020-04-01,297,1752.5,FALSE
"Columbus, OH","columbus, oh",2020-05-01,394,2303.5,FALSE
"Columbus, OH","columbus, oh",2020-06-01,682,2061.5,FALSE
"Columbus, OH","columbus, oh",2020-07-01,768,2254,FALSE
"Columbus, OH","columbus, oh",2020-08-01,978,2327,FALSE
"Columbus, OH","columbus, oh",2020-09-01,1399,2014,FALSE
"Columbus, OH","columbus, oh",2020-10-01,1321,2252,FALSE
"Columbus, OH","columbus, oh",2020-11-01,840,1674,FALSE
"Columbus, OH","columbus, oh",2020-12-01,1657,1873,FALSE
"Columbus, OH","columbus, oh",2021-01-01,926,2398.5,FALSE
"Columbus, OH","columbus, oh",2021-02-01,825,1991,FALSE
"Columbus, OH","columbus, oh",2021-03-01,1670,1769.5,FALSE
"Columbus, OH","columbus, oh",2021-04-01,1032,1752.5,FALSE
"Columbus, OH","columbus, oh",2021-05-01,930,2303.5,FALSE
"Columbus, OH","columbus, oh",2021-06-01,1209,2061.5,FALSE
"Columbus, OH","columbus, oh",2021-07-01,1535,2254,FALSE
"Columbus, OH","columbus, oh",2021-08-01,1477,2327,FALSE
"Columbus, OH","columbus, oh",2021-09-01,1420,2014,FALSE
"Columbus, OH","columbus, oh",2021-10-01,1481,2252,FALSE
"Columbus, OH","columbus, oh",2021-11-01,1296,1674,FALSE
"Columbus, OH","columbus, oh",2021-12-01,1650,1873,FALSE
"Columbus, OH","columbus, oh",2022-01-01,1674,2398.5,FALSE
"Columbus, OH","columbus, oh",2022-02-01,1555,1991,FALSE
"Columbus, OH","columbus, oh",2022-03-01,1657,1769.5,FALSE
"Columbus, OH","columbus, oh",2022-04-01,1433,1752.5,FALSE
"Columbus, OH","columbus, oh",2022-05-01,1715,2303.5,FALSE
"Columbus, OH","columbus, oh",2022-06-01,1633,2061.5,FALSE
"Columbus, OH","columbus, oh",2022-07-01,1843,2254,FALSE
"Columbus, OH","columbus, oh",2022-08-01,1892,2327,FALSE
"Columbus, OH","columbus, oh",2022-09-01,2050,2014,FALSE
"Columbus, OH","columbus, oh",2022-10-01,2064,2252,FALSE
"Columbus, OH","columbus, oh",2022-11-01,1745,1674,FALSE
"Columbus, OH","columbus, oh",2022-12-01,1635,1873,FALSE
"Columbus, OH","columbus, oh",2023-01-01,2034,2398.5,FALSE
"Columbus, OH","columbus, oh",2023-02-01,1994,1991,FALSE
"Columbus, OH","columbus, oh",2023-03-01,1887,1769.5,FALSE
"Columbus, OH","columbus, oh",2023-04-01,1640,1752.5,FALSE
"Columbus, OH","columbus, oh",2023-05-01,1983,2303.5,FALSE
"Columbus, OH","columbus, oh",2023-06-01,2136,2061.5,FALSE
"Columbus, OH","columbus, oh",2023-07-01,2050,2254,FALSE
"Columbus, OH","columbus, oh",2023-08-01,2441,2327,FALSE
"Columbus, OH","columbus, oh",2023-09-01,1986,2014,FALSE
"Columbus, OH","columbus, oh",2023-10-01,2166,2252,FALSE
"Columbus, OH","columbus, oh",2023-11-01,1798,1674,FALSE
"Columbus, OH","columbus, oh",2023-12-01,1676,1873,FALSE
"Columbus, OH","columbus, oh",2024-01-01,2768,2398.5,FALSE
"Columbus, OH","columbus, oh",2024-02-01,2133,2058.5,FALSE
"Columbus, OH","columbus, oh",2024-03-01,1657,1769.5,FALSE
"Columbus, OH","columbus, oh",2024-04-01,1865,1752.5,FALSE
"Columbus, OH","columbus, oh",2024-05-01,2623,2303.5,FALSE
"Columbus, OH","columbus, oh",2024-06-01,1989,2061.5,FALSE
"Columbus, OH","columbus, oh",2024-07-01,2461,2254,FALSE
"Columbus, OH","columbus, oh",2024-08-01,2216,2327,FALSE
"Columbus, OH","columbus, oh",2024-09-01,2045,2014,FALSE
"Columbus, OH","columbus, oh",2024-10-01,2342,2252,FALSE
"Columbus, OH","columbus, oh",2024-11-01,1552,1674,FALSE
"Columbus, OH","columbus, oh",2024-12-01,2070,1873,FALSE
"Columbus, OH","columbus, oh",2025-01-01,2355,2398.5,FALSE
"Columbus, OH","columbus, oh",2025-02-01,1988,1991,FALSE
"Columbus, OH","columbus, oh",2025-03-01,1934,1769.5,FALSE
"Columbus, OH","columbus, oh",2025-04-01,1945,1752.5,FALSE
"Columbus, OH","columbus, oh",2025-05-01,2063,2303.5,FALSE
"Columbus, OH","columbus, oh",2025-06-01,2110,2061.5,FALSE
"Columbus, OH","columbus, oh",2025-07-01,2483,2254,FALSE
"Columbus, OH","columbus, oh",2025-08-01,2165,2327,FALSE
"Columbus, OH","columbus, oh",2025-09-01,2133,2014,FALSE
"Columbus, OH","columbus, oh",2025-10-01,2120,2252,FALSE
"Columbus, OH","columbus, oh",2025-11-01,261,681.5,FALSE
DALLAS,dallas,2017-01-01,3503,NA,FALSE
DALLAS,dallas,2017-02-01,3029,NA,FALSE
DALLAS,dallas,2017-03-01,2495,NA,FALSE
DALLAS,dallas,2017-04-01,2835,NA,FALSE
DALLAS,dallas,2017-05-01,3093,NA,FALSE
DALLAS,dallas,2017-06-01,3419,NA,FALSE
DALLAS,dallas,2017-07-01,3579,NA,FALSE
DALLAS,dallas,2017-08-01,3398,NA,FALSE
DALLAS,dallas,2017-09-01,3355,NA,FALSE
DALLAS,dallas,2017-10-01,3393,NA,FALSE
DALLAS,dallas,2017-11-01,3060,NA,FALSE
DALLAS,dallas,2017-12-01,3008,NA,FALSE
DALLAS,dallas,2018-01-01,3797,NA,FALSE
DALLAS,dallas,2018-02-01,3029,NA,FALSE
DALLAS,dallas,2018-03-01,2446,NA,FALSE
DALLAS,dallas,2018-04-01,2886,NA,FALSE
DALLAS,dallas,2018-05-01,3231,NA,FALSE
DALLAS,dallas,2018-06-01,3338,NA,FALSE
DALLAS,dallas,2018-07-01,3472,NA,FALSE
DALLAS,dallas,2018-08-01,3735,NA,FALSE
DALLAS,dallas,2018-09-01,3571,NA,FALSE
DALLAS,dallas,2018-10-01,3747,NA,FALSE
DALLAS,dallas,2018-11-01,3306,NA,FALSE
DALLAS,dallas,2018-12-01,3246,NA,FALSE
DALLAS,dallas,2019-01-01,3946,NA,FALSE
DALLAS,dallas,2019-02-01,3379,NA,FALSE
DALLAS,dallas,2019-03-01,2625,NA,FALSE
DALLAS,dallas,2019-04-01,3320,NA,FALSE
DALLAS,dallas,2019-05-01,3616,NA,FALSE
DALLAS,dallas,2019-06-01,3672,NA,FALSE
DALLAS,dallas,2019-07-01,3907,NA,FALSE
DALLAS,dallas,2019-08-01,3967,NA,FALSE
DALLAS,dallas,2019-09-01,3940,NA,FALSE
DALLAS,dallas,2019-10-01,3821,NA,FALSE
DALLAS,dallas,2019-11-01,3391,NA,FALSE
DALLAS,dallas,2019-12-01,3523,NA,FALSE
"Dallas, TX","dallas, tx",2020-01-01,4309,4261.5,FALSE
"Dallas, TX","dallas, tx",2020-02-01,3939,3985,FALSE
"Dallas, TX","dallas, tx",2020-03-01,1860,3836.5,FALSE
"Dallas, TX","dallas, tx",2020-04-01,43,3744.5,FALSE
"Dallas, TX","dallas, tx",2020-05-01,191,3990.5,FALSE
"Dallas, TX","dallas, tx",2020-06-01,1280,4138,FALSE
"Dallas, TX","dallas, tx",2020-07-01,1021,4300,FALSE
"Dallas, TX","dallas, tx",2020-08-01,1495,4428.5,FALSE
"Dallas, TX","dallas, tx",2020-09-01,1659,4290,FALSE
"Dallas, TX","dallas, tx",2020-10-01,1570,4450.5,FALSE
"Dallas, TX","dallas, tx",2020-11-01,1773,3866,FALSE
"Dallas, TX","dallas, tx",2020-12-01,2059,3967.5,FALSE
"Dallas, TX","dallas, tx",2021-01-01,1966,4261.5,FALSE
"Dallas, TX","dallas, tx",2021-02-01,1196,3896.5,FALSE
"Dallas, TX","dallas, tx",2021-03-01,1807,3836.5,FALSE
"Dallas, TX","dallas, tx",2021-04-01,1752,3744.5,FALSE
"Dallas, TX","dallas, tx",2021-05-01,1656,3990.5,FALSE
"Dallas, TX","dallas, tx",2021-06-01,1755,4138,FALSE
"Dallas, TX","dallas, tx",2021-07-01,1951,4300,FALSE
"Dallas, TX","dallas, tx",2021-08-01,2142,4428.5,FALSE
"Dallas, TX","dallas, tx",2021-09-01,2624,4290,FALSE
"Dallas, TX","dallas, tx",2021-10-01,2828,4450.5,FALSE
"Dallas, TX","dallas, tx",2021-11-01,2609,3866,FALSE
"Dallas, TX","dallas, tx",2021-12-01,2657,3967.5,FALSE
"Dallas, TX","dallas, tx",2022-01-01,3337,4261.5,FALSE
"Dallas, TX","dallas, tx",2022-02-01,3191,3896.5,FALSE
"Dallas, TX","dallas, tx",2022-03-01,3996,3836.5,FALSE
"Dallas, TX","dallas, tx",2022-04-01,3430,3744.5,FALSE
"Dallas, TX","dallas, tx",2022-05-01,3239,3990.5,FALSE
"Dallas, TX","dallas, tx",2022-06-01,3839,4138,FALSE
"Dallas, TX","dallas, tx",2022-07-01,3907,4300,FALSE
"Dallas, TX","dallas, tx",2022-08-01,4368,4428.5,FALSE
"Dallas, TX","dallas, tx",2022-09-01,4064,4290,FALSE
"Dallas, TX","dallas, tx",2022-10-01,3440,4450.5,FALSE
"Dallas, TX","dallas, tx",2022-11-01,3825,3866,FALSE
"Dallas, TX","dallas, tx",2022-12-01,3733,3967.5,FALSE
"Dallas, TX","dallas, tx",2023-01-01,4106,4261.5,FALSE
"Dallas, TX","dallas, tx",2023-02-01,3746,3896.5,FALSE
"Dallas, TX","dallas, tx",2023-03-01,4022,3836.5,FALSE
"Dallas, TX","dallas, tx",2023-04-01,3549,3744.5,FALSE
"Dallas, TX","dallas, tx",2023-05-01,4054,3990.5,FALSE
"Dallas, TX","dallas, tx",2023-06-01,4021,4138,FALSE
"Dallas, TX","dallas, tx",2023-07-01,4114,4300,FALSE
"Dallas, TX","dallas, tx",2023-08-01,4431,4428.5,FALSE
"Dallas, TX","dallas, tx",2023-09-01,4029,4290,FALSE
"Dallas, TX","dallas, tx",2023-10-01,4555,4450.5,FALSE
"Dallas, TX","dallas, tx",2023-11-01,3936,3866,FALSE
"Dallas, TX","dallas, tx",2023-12-01,3810,3967.5,FALSE
"Dallas, TX","dallas, tx",2024-01-01,4417,4261.5,FALSE
"Dallas, TX","dallas, tx",2024-02-01,4224,3985,FALSE
"Dallas, TX","dallas, tx",2024-03-01,3651,3836.5,FALSE
"Dallas, TX","dallas, tx",2024-04-01,3940,3744.5,FALSE
"Dallas, TX","dallas, tx",2024-05-01,3927,3990.5,FALSE
"Dallas, TX","dallas, tx",2024-06-01,4255,4138,FALSE
"Dallas, TX","dallas, tx",2024-07-01,4486,4300,FALSE
"Dallas, TX","dallas, tx",2024-08-01,4426,4428.5,FALSE
"Dallas, TX","dallas, tx",2024-09-01,4551,4290,FALSE
"Dallas, TX","dallas, tx",2024-10-01,4346,4450.5,FALSE
"Dallas, TX","dallas, tx",2024-11-01,3796,3866,FALSE
"Dallas, TX","dallas, tx",2024-12-01,4125,3967.5,FALSE
"Dallas, TX","dallas, tx",2025-01-01,4481,4261.5,FALSE
"Dallas, TX","dallas, tx",2025-02-01,4033,3896.5,FALSE
"Dallas, TX","dallas, tx",2025-03-01,3299,3836.5,FALSE
"Dallas, TX","dallas, tx",2025-04-01,3525,3744.5,FALSE
"Dallas, TX","dallas, tx",2025-05-01,4015,3990.5,FALSE
"Dallas, TX","dallas, tx",2025-06-01,4039,4138,FALSE
"Dallas, TX","dallas, tx",2025-07-01,4360,4300,FALSE
"Dallas, TX","dallas, tx",2025-08-01,4073,4428.5,FALSE
"Dallas, TX","dallas, tx",2025-09-01,0,477.5,FALSE
Fort Lauderdale,fort lauderdale,2020-01-01,1431,1700.5,FALSE
Fort Lauderdale,fort lauderdale,2020-02-01,1257,1491.5,FALSE
Fort Lauderdale,fort lauderdale,2020-03-01,747,1470,FALSE
Fort Lauderdale,fort lauderdale,2020-04-01,111,1325,FALSE
Fort Lauderdale,fort lauderdale,2020-05-01,210,1582,FALSE
Fort Lauderdale,fort lauderdale,2020-06-01,367,1499,FALSE
Fort Lauderdale,fort lauderdale,2020-07-01,273,1608,FALSE
Fort Lauderdale,fort lauderdale,2020-08-01,777,1693.5,FALSE
Fort Lauderdale,fort lauderdale,2020-09-01,1099,1580,FALSE
Fort Lauderdale,fort lauderdale,2020-10-01,1271,1266.5,FALSE
Fort Lauderdale,fort lauderdale,2020-11-01,1034,809.5,FALSE
Fort Lauderdale,fort lauderdale,2020-12-01,623,765.5,FALSE
Fort Lauderdale,fort lauderdale,2021-01-01,903,1700.5,FALSE
Fort Lauderdale,fort lauderdale,2021-02-01,1006,1478.5,FALSE
Fort Lauderdale,fort lauderdale,2021-03-01,972,1470,FALSE
Fort Lauderdale,fort lauderdale,2021-04-01,762,1325,FALSE
Fort Lauderdale,fort lauderdale,2021-05-01,635,1582,FALSE
Fort Lauderdale,fort lauderdale,2021-06-01,761,1499,FALSE
Fort Lauderdale,fort lauderdale,2021-07-01,846,1608,FALSE
Fort Lauderdale,fort lauderdale,2021-08-01,898,1693.5,FALSE
Fort Lauderdale,fort lauderdale,2021-09-01,1093,1580,FALSE
Fort Lauderdale,fort lauderdale,2021-10-01,1227,1266.5,FALSE
Fort Lauderdale,fort lauderdale,2021-11-01,1170,809.5,FALSE
Fort Lauderdale,fort lauderdale,2021-12-01,1150,765.5,FALSE
Fort Lauderdale,fort lauderdale,2022-01-01,1208,1700.5,FALSE
Fort Lauderdale,fort lauderdale,2022-02-01,1139,1478.5,FALSE
Fort Lauderdale,fort lauderdale,2022-03-01,1139,1470,FALSE
Fort Lauderdale,fort lauderdale,2022-04-01,0,1325,FALSE
Fort Lauderdale,fort lauderdale,2022-05-01,0,1582,FALSE
Fort Lauderdale,fort lauderdale,2022-06-01,0,1499,FALSE
Fort Lauderdale,fort lauderdale,2022-07-01,1522,1608,FALSE
Fort Lauderdale,fort lauderdale,2022-08-01,1949,1693.5,FALSE
Fort Lauderdale,fort lauderdale,2022-09-01,1588,1580,FALSE
Fort Lauderdale,fort lauderdale,2022-10-01,1657,1266.5,FALSE
Fort Lauderdale,fort lauderdale,2022-11-01,1463,809.5,FALSE
Fort Lauderdale,fort lauderdale,2022-12-01,1728,765.5,FALSE
Fort Lauderdale,fort lauderdale,2023-01-01,1643,1700.5,FALSE
Fort Lauderdale,fort lauderdale,2023-02-01,1458,1478.5,FALSE
Fort Lauderdale,fort lauderdale,2023-03-01,1587,1470,FALSE
Fort Lauderdale,fort lauderdale,2023-04-01,1240,1325,FALSE
Fort Lauderdale,fort lauderdale,2023-05-01,1609,1582,FALSE
Fort Lauderdale,fort lauderdale,2023-06-01,1513,1499,FALSE
Fort Lauderdale,fort lauderdale,2023-07-01,1571,1608,FALSE
Fort Lauderdale,fort lauderdale,2023-08-01,1708,1693.5,FALSE
Fort Lauderdale,fort lauderdale,2023-09-01,1620,1580,FALSE
Fort Lauderdale,fort lauderdale,2023-10-01,1650,1266.5,FALSE
Fort Lauderdale,fort lauderdale,2023-11-01,1478,809.5,FALSE
Fort Lauderdale,fort lauderdale,2023-12-01,1483,765.5,FALSE
Fort Lauderdale,fort lauderdale,2024-01-01,1758,1700.5,FALSE
Fort Lauderdale,fort lauderdale,2024-02-01,1525,1491.5,FALSE
Fort Lauderdale,fort lauderdale,2024-03-01,1353,1470,FALSE
Fort Lauderdale,fort lauderdale,2024-04-01,1410,1325,FALSE
Fort Lauderdale,fort lauderdale,2024-05-01,1555,1582,FALSE
Fort Lauderdale,fort lauderdale,2024-06-01,1485,1499,FALSE
Fort Lauderdale,fort lauderdale,2024-07-01,1645,1608,FALSE
Fort Lauderdale,fort lauderdale,2024-08-01,1679,1693.5,FALSE
Fort Lauderdale,fort lauderdale,2024-09-01,165,177.5,FALSE
"Fort Worth, TX","fort worth, tx",2020-01-01,3992,4109.5,FALSE
"Fort Worth, TX","fort worth, tx",2020-02-01,3761,3913,FALSE
"Fort Worth, TX","fort worth, tx",2020-03-01,1802,3347.5,FALSE
"Fort Worth, TX","fort worth, tx",2020-04-01,116,3485,FALSE
"Fort Worth, TX","fort worth, tx",2020-05-01,424,3708.5,FALSE
"Fort Worth, TX","fort worth, tx",2020-06-01,879,3934.5,FALSE
"Fort Worth, TX","fort worth, tx",2020-07-01,895,4189.5,FALSE
"Fort Worth, TX","fort worth, tx",2020-08-01,1474,4136.5,FALSE
"Fort Worth, TX","fort worth, tx",2020-09-01,1590,4163,FALSE
"Fort Worth, TX","fort worth, tx",2020-10-01,1375,4060.5,FALSE
"Fort Worth, TX","fort worth, tx",2020-11-01,1390,3882,FALSE
"Fort Worth, TX","fort worth, tx",2020-12-01,1809,3671,FALSE
"Fort Worth, TX","fort worth, tx",2021-01-01,1803,4109.5,FALSE
"Fort Worth, TX","fort worth, tx",2021-02-01,1007,3866.5,FALSE
"Fort Worth, TX","fort worth, tx",2021-03-01,1608,3347.5,FALSE
"Fort Worth, TX","fort worth, tx",2021-04-01,1357,3485,FALSE
"Fort Worth, TX","fort worth, tx",2021-05-01,1483,3708.5,FALSE
"Fort Worth, TX","fort worth, tx",2021-06-01,1557,3934.5,FALSE
"Fort Worth, TX","fort worth, tx",2021-07-01,1655,4189.5,FALSE
"Fort Worth, TX","fort worth, tx",2021-08-01,1802,4136.5,FALSE
"Fort Worth, TX","fort worth, tx",2021-09-01,2252,4163,FALSE
"Fort Worth, TX","fort worth, tx",2021-10-01,2577,4060.5,FALSE
"Fort Worth, TX","fort worth, tx",2021-11-01,2396,3882,FALSE
"Fort Worth, TX","fort worth, tx",2021-12-01,2168,3671,FALSE
"Fort Worth, TX","fort worth, tx",2022-01-01,3168,4109.5,FALSE
"Fort Worth, TX","fort worth, tx",2022-02-01,3268,3866.5,FALSE
"Fort Worth, TX","fort worth, tx",2022-03-01,3310,3347.5,FALSE
"Fort Worth, TX","fort worth, tx",2022-04-01,2902,3485,FALSE
"Fort Worth, TX","fort worth, tx",2022-05-01,3407,3708.5,FALSE
"Fort Worth, TX","fort worth, tx",2022-06-01,3531,3934.5,FALSE
"Fort Worth, TX","fort worth, tx",2022-07-01,3674,4189.5,FALSE
"Fort Worth, TX","fort worth, tx",2022-08-01,4041,4136.5,FALSE
"Fort Worth, TX","fort worth, tx",2022-09-01,3997,4163,FALSE
"Fort Worth, TX","fort worth, tx",2022-10-01,4017,4060.5,FALSE
"Fort Worth, TX","fort worth, tx",2022-11-01,3464,3882,FALSE
"Fort Worth, TX","fort worth, tx",2022-12-01,3628,3671,FALSE
"Fort Worth, TX","fort worth, tx",2023-01-01,3741,4109.5,FALSE
"Fort Worth, TX","fort worth, tx",2023-02-01,3869,3866.5,FALSE
"Fort Worth, TX","fort worth, tx",2023-03-01,3391,3347.5,FALSE
"Fort Worth, TX","fort worth, tx",2023-04-01,3400,3485,FALSE
"Fort Worth, TX","fort worth, tx",2023-05-01,3683,3708.5,FALSE
"Fort Worth, TX","fort worth, tx",2023-06-01,3869,3934.5,FALSE
"Fort Worth, TX","fort worth, tx",2023-07-01,3962,4189.5,FALSE
"Fort Worth, TX","fort worth, tx",2023-08-01,4186,4136.5,FALSE
"Fort Worth, TX","fort worth, tx",2023-09-01,4187,4163,FALSE
"Fort Worth, TX","fort worth, tx",2023-10-01,4284,4060.5,FALSE
"Fort Worth, TX","fort worth, tx",2023-11-01,3971,3882,FALSE
"Fort Worth, TX","fort worth, tx",2023-12-01,3419,3671,FALSE
"Fort Worth, TX","fort worth, tx",2024-01-01,4478,4109.5,FALSE
"Fort Worth, TX","fort worth, tx",2024-02-01,3957,3913,FALSE
"Fort Worth, TX","fort worth, tx",2024-03-01,3303,3347.5,FALSE
"Fort Worth, TX","fort worth, tx",2024-04-01,3570,3485,FALSE
"Fort Worth, TX","fort worth, tx",2024-05-01,3734,3708.5,FALSE
"Fort Worth, TX","fort worth, tx",2024-06-01,4002,3934.5,FALSE
"Fort Worth, TX","fort worth, tx",2024-07-01,4417,4189.5,FALSE
"Fort Worth, TX","fort worth, tx",2024-08-01,4087,4136.5,FALSE
"Fort Worth, TX","fort worth, tx",2024-09-01,4139,4163,FALSE
"Fort Worth, TX","fort worth, tx",2024-10-01,3837,4060.5,FALSE
"Fort Worth, TX","fort worth, tx",2024-11-01,3793,3882,FALSE
"Fort Worth, TX","fort worth, tx",2024-12-01,3923,3671,FALSE
"Fort Worth, TX","fort worth, tx",2025-01-01,4291,4109.5,FALSE
"Fort Worth, TX","fort worth, tx",2025-02-01,3707,3866.5,FALSE
"Fort Worth, TX","fort worth, tx",2025-03-01,3312,3347.5,FALSE
"Fort Worth, TX","fort worth, tx",2025-04-01,3326,3485,FALSE
"Fort Worth, TX","fort worth, tx",2025-05-01,3809,3708.5,FALSE
"Fort Worth, TX","fort worth, tx",2025-06-01,3653,3934.5,FALSE
"Fort Worth, TX","fort worth, tx",2025-07-01,4002,4189.5,FALSE
"Fort Worth, TX","fort worth, tx",2025-08-01,4309,4136.5,FALSE
"Fort Worth, TX","fort worth, tx",2025-09-01,4356,4163,FALSE
"Fort Worth, TX","fort worth, tx",2025-10-01,4142,4060.5,FALSE
"Fort Worth, TX","fort worth, tx",2025-11-01,50,2142,FALSE
FORTLAUDERDALE,fortlauderdale,2012-01-01,1530,NA,FALSE
FORTLAUDERDALE,fortlauderdale,2012-02-01,1183,NA,FALSE
FORTLAUDERDALE,fortlauderdale,2012-03-01,1153,NA,FALSE
FORTLAUDERDALE,fortlauderdale,2012-04-01,1234,NA,FALSE
FORTLAUDERDALE,fortlauderdale,2012-05-01,1528,NA,FALSE
FORTLAUDERDALE,fortlauderdale,2012-06-01,1610,NA,FALSE
FORTLAUDERDALE,fortlauderdale,2012-07-01,1677,NA,FALSE
FORTLAUDERDALE,fortlauderdale,2012-08-01,1849,NA,FALSE
FORTLAUDERDALE,fortlauderdale,2012-09-01,1588,NA,FALSE
FORTLAUDERDALE,fortlauderdale,2012-10-01,1850,NA,FALSE
FORTLAUDERDALE,fortlauderdale,2012-11-01,1490,NA,FALSE
FORTLAUDERDALE,fortlauderdale,2012-12-01,1407,NA,FALSE
FORTLAUDERDALE,fortlauderdale,2013-01-01,1801,NA,FALSE
FORTLAUDERDALE,fortlauderdale,2013-02-01,1430,NA,FALSE
FORTLAUDERDALE,fortlauderdale,2013-03-01,1219,NA,FALSE
FORTLAUDERDALE,fortlauderdale,2013-04-01,1250,NA,FALSE
FORTLAUDERDALE,fortlauderdale,2013-05-01,1547,NA,FALSE
FORTLAUDERDALE,fortlauderdale,2013-06-01,1617,NA,FALSE
FORTLAUDERDALE,fortlauderdale,2013-07-01,1808,NA,FALSE
FORTLAUDERDALE,fortlauderdale,2013-08-01,1826,NA,FALSE
FORTLAUDERDALE,fortlauderdale,2013-09-01,1609,NA,FALSE
FORTLAUDERDALE,fortlauderdale,2013-10-01,1906,NA,FALSE
FORTLAUDERDALE,fortlauderdale,2013-11-01,1286,NA,FALSE
FORTLAUDERDALE,fortlauderdale,2013-12-01,1554,NA,FALSE
FORTLAUDERDALE,fortlauderdale,2014-01-01,1770,NA,FALSE
FORTLAUDERDALE,fortlauderdale,2014-02-01,1322,NA,FALSE
FORTLAUDERDALE,fortlauderdale,2014-03-01,1261,NA,FALSE
FORTLAUDERDALE,fortlauderdale,2014-04-01,1385,NA,FALSE
FORTLAUDERDALE,fortlauderdale,2014-05-01,1540,NA,FALSE
FORTLAUDERDALE,fortlauderdale,2014-06-01,1662,NA,FALSE
FORTLAUDERDALE,fortlauderdale,2014-07-01,1755,NA,FALSE
FORTLAUDERDALE,fortlauderdale,2014-08-01,1690,NA,FALSE
FORTLAUDERDALE,fortlauderdale,2014-09-01,1697,NA,FALSE
FORTLAUDERDALE,fortlauderdale,2014-10-01,1750,NA,FALSE
FORTLAUDERDALE,fortlauderdale,2014-11-01,1234,NA,FALSE
FORTLAUDERDALE,fortlauderdale,2014-12-01,1492,NA,FALSE
FORTLAUDERDALE,fortlauderdale,2015-01-01,1690,NA,FALSE
FORTLAUDERDALE,fortlauderdale,2015-02-01,1192,NA,FALSE
FORTLAUDERDALE,fortlauderdale,2015-03-01,1162,NA,FALSE
FORTLAUDERDALE,fortlauderdale,2015-04-01,1258,NA,FALSE
FORTLAUDERDALE,fortlauderdale,2015-05-01,1349,NA,FALSE
FORTLAUDERDALE,fortlauderdale,2015-06-01,1532,NA,FALSE
FORTLAUDERDALE,fortlauderdale,2015-07-01,1694,NA,FALSE
FORTLAUDERDALE,fortlauderdale,2015-08-01,1513,NA,FALSE
FORTLAUDERDALE,fortlauderdale,2015-09-01,1446,NA,FALSE
FORTLAUDERDALE,fortlauderdale,2015-10-01,1731,NA,FALSE
FORTLAUDERDALE,fortlauderdale,2015-11-01,1312,NA,FALSE
FORTLAUDERDALE,fortlauderdale,2015-12-01,1459,NA,FALSE
FORTLAUDERDALE,fortlauderdale,2016-01-01,1481,NA,FALSE
FORTLAUDERDALE,fortlauderdale,2016-02-01,1268,NA,FALSE
FORTLAUDERDALE,fortlauderdale,2016-03-01,1176,NA,FALSE
FORTLAUDERDALE,fortlauderdale,2016-04-01,1298,NA,FALSE
FORTLAUDERDALE,fortlauderdale,2016-05-01,1338,NA,FALSE
FORTLAUDERDALE,fortlauderdale,2016-06-01,1513,NA,FALSE
FORTLAUDERDALE,fortlauderdale,2016-07-01,1410,NA,FALSE
FORTLAUDERDALE,fortlauderdale,2016-08-01,1663,NA,FALSE
FORTLAUDERDALE,fortlauderdale,2016-09-01,1556,NA,FALSE
FORTLAUDERDALE,fortlauderdale,2016-10-01,1394,NA,FALSE
FORTLAUDERDALE,fortlauderdale,2016-11-01,1440,NA,FALSE
FORTLAUDERDALE,fortlauderdale,2016-12-01,1349,NA,FALSE
FORTLAUDERDALE,fortlauderdale,2017-01-01,1429,NA,FALSE
FORTLAUDERDALE,fortlauderdale,2017-02-01,1264,NA,FALSE
FORTLAUDERDALE,fortlauderdale,2017-03-01,1110,NA,FALSE
FORTLAUDERDALE,fortlauderdale,2017-04-01,950,NA,FALSE
FORTLAUDERDALE,fortlauderdale,2017-05-01,1239,NA,FALSE
FORTLAUDERDALE,fortlauderdale,2017-06-01,1429,NA,FALSE
FORTLAUDERDALE,fortlauderdale,2017-07-01,1391,NA,FALSE
FORTLAUDERDALE,fortlauderdale,2017-08-01,1532,NA,FALSE
FORTLAUDERDALE,fortlauderdale,2017-09-01,775,NA,FALSE
FORTLAUDERDALE,fortlauderdale,2017-10-01,1736,NA,FALSE
FORTLAUDERDALE,fortlauderdale,2017-11-01,1218,NA,FALSE
FORTLAUDERDALE,fortlauderdale,2017-12-01,1309,NA,FALSE
FORTLAUDERDALE,fortlauderdale,2018-01-01,1554,NA,FALSE
FORTLAUDERDALE,fortlauderdale,2018-02-01,1227,NA,FALSE
FORTLAUDERDALE,fortlauderdale,2018-03-01,1044,NA,FALSE
FORTLAUDERDALE,fortlauderdale,2018-04-01,1067,NA,FALSE
FORTLAUDERDALE,fortlauderdale,2018-05-01,1309,NA,FALSE
FORTLAUDERDALE,fortlauderdale,2018-06-01,1316,NA,FALSE
FORTLAUDERDALE,fortlauderdale,2018-07-01,1375,NA,FALSE
FORTLAUDERDALE,fortlauderdale,2018-08-01,1482,NA,FALSE
FORTLAUDERDALE,fortlauderdale,2018-09-01,1213,NA,FALSE
FORTLAUDERDALE,fortlauderdale,2018-10-01,1561,NA,FALSE
FORTLAUDERDALE,fortlauderdale,2018-11-01,1187,NA,FALSE
FORTLAUDERDALE,fortlauderdale,2018-12-01,1216,NA,FALSE
FORTLAUDERDALE,fortlauderdale,2019-01-01,1485,NA,FALSE
FORTLAUDERDALE,fortlauderdale,2019-02-01,1274,NA,FALSE
FORTLAUDERDALE,fortlauderdale,2019-03-01,983,NA,FALSE
FORTLAUDERDALE,fortlauderdale,2019-04-01,981,NA,FALSE
FORTLAUDERDALE,fortlauderdale,2019-05-01,1213,NA,FALSE
FORTLAUDERDALE,fortlauderdale,2019-06-01,1190,NA,FALSE
FORTLAUDERDALE,fortlauderdale,2019-07-01,1334,NA,FALSE
FORTLAUDERDALE,fortlauderdale,2019-08-01,1357,NA,FALSE
FORTLAUDERDALE,fortlauderdale,2019-09-01,1278,NA,FALSE
FORTLAUDERDALE,fortlauderdale,2019-10-01,1395,NA,FALSE
FORTLAUDERDALE,fortlauderdale,2019-11-01,1237,NA,FALSE
FORTLAUDERDALE,fortlauderdale,2019-12-01,1182,NA,FALSE
FORTWORTH,fortworth,2016-01-01,598,NA,FALSE
FORTWORTH,fortworth,2016-02-01,509,NA,FALSE
FORTWORTH,fortworth,2016-03-01,476,NA,FALSE
FORTWORTH,fortworth,2016-04-01,537,NA,FALSE
FORTWORTH,fortworth,2016-05-01,589,NA,FALSE
FORTWORTH,fortworth,2016-06-01,597,NA,FALSE
FORTWORTH,fortworth,2016-07-01,614,NA,FALSE
FORTWORTH,fortworth,2016-08-01,659,NA,FALSE
FORTWORTH,fortworth,2016-09-01,675,NA,FALSE
FORTWORTH,fortworth,2016-10-01,699,NA,FALSE
FORTWORTH,fortworth,2016-11-01,617,NA,FALSE
FORTWORTH,fortworth,2016-12-01,645,NA,FALSE
FORTWORTH,fortworth,2017-01-01,699,NA,FALSE
FORTWORTH,fortworth,2017-02-01,679,NA,FALSE
FORTWORTH,fortworth,2017-03-01,523,NA,FALSE
FORTWORTH,fortworth,2017-04-01,582,NA,FALSE
FORTWORTH,fortworth,2017-05-01,685,NA,FALSE
FORTWORTH,fortworth,2017-06-01,702,NA,FALSE
FORTWORTH,fortworth,2017-07-01,680,NA,FALSE
FORTWORTH,fortworth,2017-08-01,751,NA,FALSE
FORTWORTH,fortworth,2017-09-01,766,NA,FALSE
FORTWORTH,fortworth,2017-10-01,768,NA,FALSE
FORTWORTH,fortworth,2017-11-01,736,NA,FALSE
FORTWORTH,fortworth,2017-12-01,662,NA,FALSE
FORTWORTH,fortworth,2018-01-01,3253,NA,FALSE
FORTWORTH,fortworth,2018-02-01,2767,NA,FALSE
FORTWORTH,fortworth,2018-03-01,2175,NA,FALSE
FORTWORTH,fortworth,2018-04-01,2615,NA,FALSE
FORTWORTH,fortworth,2018-05-01,2881,NA,FALSE
FORTWORTH,fortworth,2018-06-01,3025,NA,FALSE
FORTWORTH,fortworth,2018-07-01,3286,NA,FALSE
FORTWORTH,fortworth,2018-08-01,3337,NA,FALSE
FORTWORTH,fortworth,2018-09-01,3076,NA,FALSE
FORTWORTH,fortworth,2018-10-01,3556,NA,FALSE
FORTWORTH,fortworth,2018-11-01,3051,NA,FALSE
FORTWORTH,fortworth,2018-12-01,3017,NA,FALSE
FORTWORTH,fortworth,2019-01-01,3557,NA,FALSE
FORTWORTH,fortworth,2019-02-01,3025,NA,FALSE
FORTWORTH,fortworth,2019-03-01,2441,NA,FALSE
FORTWORTH,fortworth,2019-04-01,2985,NA,FALSE
FORTWORTH,fortworth,2019-05-01,3505,NA,FALSE
FORTWORTH,fortworth,2019-06-01,3514,NA,FALSE
FORTWORTH,fortworth,2019-07-01,3734,NA,FALSE
FORTWORTH,fortworth,2019-08-01,3714,NA,FALSE
FORTWORTH,fortworth,2019-09-01,3709,NA,FALSE
FORTWORTH,fortworth,2019-10-01,3677,NA,FALSE
FORTWORTH,fortworth,2019-11-01,3371,NA,FALSE
FORTWORTH,fortworth,2019-12-01,3429,NA,FALSE
GAINESVILLE,gainesville,2012-01-01,179,NA,FALSE
GAINESVILLE,gainesville,2012-02-01,125,NA,FALSE
GAINESVILLE,gainesville,2012-03-01,99,NA,FALSE
GAINESVILLE,gainesville,2012-04-01,179,NA,FALSE
GAINESVILLE,gainesville,2012-05-01,158,NA,FALSE
GAINESVILLE,gainesville,2012-06-01,160,NA,FALSE
GAINESVILLE,gainesville,2012-07-01,163,NA,FALSE
GAINESVILLE,gainesville,2012-08-01,156,NA,FALSE
GAINESVILLE,gainesville,2012-09-01,158,NA,FALSE
GAINESVILLE,gainesville,2012-10-01,182,NA,FALSE
GAINESVILLE,gainesville,2012-11-01,157,NA,FALSE
GAINESVILLE,gainesville,2012-12-01,133,NA,FALSE
GAINESVILLE,gainesville,2013-01-01,192,NA,FALSE
GAINESVILLE,gainesville,2013-02-01,137,NA,FALSE
GAINESVILLE,gainesville,2013-03-01,110,NA,FALSE
GAINESVILLE,gainesville,2013-04-01,106,NA,FALSE
GAINESVILLE,gainesville,2013-05-01,144,NA,FALSE
GAINESVILLE,gainesville,2013-06-01,171,NA,FALSE
GAINESVILLE,gainesville,2013-07-01,163,NA,FALSE
GAINESVILLE,gainesville,2013-08-01,151,NA,FALSE
GAINESVILLE,gainesville,2013-09-01,142,NA,FALSE
GAINESVILLE,gainesville,2013-10-01,162,NA,FALSE
GAINESVILLE,gainesville,2013-11-01,118,NA,FALSE
GAINESVILLE,gainesville,2013-12-01,130,NA,FALSE
GAINESVILLE,gainesville,2014-01-01,183,NA,FALSE
GAINESVILLE,gainesville,2014-02-01,109,NA,FALSE
GAINESVILLE,gainesville,2014-03-01,89,NA,FALSE
GAINESVILLE,gainesville,2014-04-01,148,NA,FALSE
GAINESVILLE,gainesville,2014-05-01,143,NA,FALSE
GAINESVILLE,gainesville,2014-06-01,162,NA,FALSE
GAINESVILLE,gainesville,2014-07-01,200,NA,FALSE
GAINESVILLE,gainesville,2014-08-01,159,NA,FALSE
GAINESVILLE,gainesville,2014-09-01,180,NA,FALSE
GAINESVILLE,gainesville,2014-10-01,153,NA,FALSE
GAINESVILLE,gainesville,2014-11-01,102,NA,FALSE
GAINESVILLE,gainesville,2014-12-01,129,NA,FALSE
GAINESVILLE,gainesville,2015-01-01,152,NA,FALSE
GAINESVILLE,gainesville,2015-02-01,121,NA,FALSE
GAINESVILLE,gainesville,2015-03-01,137,NA,FALSE
GAINESVILLE,gainesville,2015-04-01,143,NA,FALSE
GAINESVILLE,gainesville,2015-05-01,148,NA,FALSE
GAINESVILLE,gainesville,2015-06-01,159,NA,FALSE
GAINESVILLE,gainesville,2015-07-01,157,NA,FALSE
GAINESVILLE,gainesville,2015-08-01,122,NA,FALSE
GAINESVILLE,gainesville,2015-09-01,160,NA,FALSE
GAINESVILLE,gainesville,2015-10-01,124,NA,FALSE
GAINESVILLE,gainesville,2015-11-01,108,NA,FALSE
GAINESVILLE,gainesville,2015-12-01,148,NA,FALSE
GAINESVILLE,gainesville,2016-01-01,170,NA,FALSE
GAINESVILLE,gainesville,2016-02-01,123,NA,FALSE
GAINESVILLE,gainesville,2016-03-01,98,NA,FALSE
GAINESVILLE,gainesville,2016-04-01,113,NA,FALSE
GAINESVILLE,gainesville,2016-05-01,172,NA,FALSE
GAINESVILLE,gainesville,2016-06-01,154,NA,FALSE
GAINESVILLE,gainesville,2016-07-01,149,NA,FALSE
GAINESVILLE,gainesville,2016-08-01,123,NA,FALSE
GAINESVILLE,gainesville,2016-09-01,140,NA,FALSE
GAINESVILLE,gainesville,2016-10-01,124,NA,FALSE
GAINESVILLE,gainesville,2016-11-01,149,NA,FALSE
GAINESVILLE,gainesville,2016-12-01,113,NA,FALSE
GAINESVILLE,gainesville,2017-01-01,172,NA,FALSE
GAINESVILLE,gainesville,2017-02-01,126,NA,FALSE
GAINESVILLE,gainesville,2017-03-01,105,NA,FALSE
GAINESVILLE,gainesville,2017-04-01,109,NA,FALSE
GAINESVILLE,gainesville,2017-05-01,149,NA,FALSE
GAINESVILLE,gainesville,2017-06-01,126,NA,FALSE
GAINESVILLE,gainesville,2017-07-01,135,NA,FALSE
GAINESVILLE,gainesville,2017-08-01,143,NA,FALSE
GAINESVILLE,gainesville,2017-09-01,130,NA,FALSE
GAINESVILLE,gainesville,2017-10-01,145,NA,FALSE
GAINESVILLE,gainesville,2017-11-01,111,NA,FALSE
GAINESVILLE,gainesville,2017-12-01,103,NA,FALSE
GAINESVILLE,gainesville,2018-01-01,145,NA,FALSE
GAINESVILLE,gainesville,2018-02-01,107,NA,FALSE
GAINESVILLE,gainesville,2018-03-01,108,NA,FALSE
GAINESVILLE,gainesville,2018-04-01,125,NA,FALSE
GAINESVILLE,gainesville,2018-05-01,144,NA,FALSE
GAINESVILLE,gainesville,2018-06-01,152,NA,FALSE
GAINESVILLE,gainesville,2018-07-01,164,NA,FALSE
GAINESVILLE,gainesville,2018-08-01,133,NA,FALSE
GAINESVILLE,gainesville,2018-09-01,138,NA,FALSE
GAINESVILLE,gainesville,2018-10-01,141,NA,FALSE
GAINESVILLE,gainesville,2018-11-01,133,NA,FALSE
GAINESVILLE,gainesville,2018-12-01,127,NA,FALSE
GAINESVILLE,gainesville,2019-01-01,228,NA,FALSE
GAINESVILLE,gainesville,2019-02-01,121,NA,FALSE
GAINESVILLE,gainesville,2019-03-01,90,NA,FALSE
GAINESVILLE,gainesville,2019-04-01,104,NA,FALSE
GAINESVILLE,gainesville,2019-05-01,99,NA,FALSE
GAINESVILLE,gainesville,2019-06-01,129,NA,FALSE
GAINESVILLE,gainesville,2019-07-01,134,NA,FALSE
GAINESVILLE,gainesville,2019-08-01,146,NA,FALSE
GAINESVILLE,gainesville,2019-09-01,151,NA,FALSE
GAINESVILLE,gainesville,2019-10-01,131,NA,FALSE
GAINESVILLE,gainesville,2019-11-01,114,NA,FALSE
GAINESVILLE,gainesville,2019-12-01,119,NA,FALSE
"Gainesville, FL","gainesville, fl",2020-01-01,159,235.5,FALSE
"Gainesville, FL","gainesville, fl",2020-02-01,145,188,FALSE
"Gainesville, FL","gainesville, fl",2020-03-01,93,206,FALSE
"Gainesville, FL","gainesville, fl",2020-04-01,15,188.5,FALSE
"Gainesville, FL","gainesville, fl",2020-05-01,19,179,FALSE
"Gainesville, FL","gainesville, fl",2020-06-01,29,222.5,FALSE
"Gainesville, FL","gainesville, fl",2020-07-01,29,218,FALSE
"Gainesville, FL","gainesville, fl",2020-08-01,83,188.5,FALSE
"Gainesville, FL","gainesville, fl",2020-09-01,119,211,FALSE
"Gainesville, FL","gainesville, fl",2020-10-01,129,217.5,FALSE
"Gainesville, FL","gainesville, fl",2020-11-01,120,145,FALSE
"Gainesville, FL","gainesville, fl",2020-12-01,54,168.5,FALSE
"Gainesville, FL","gainesville, fl",2021-01-01,119,235.5,FALSE
"Gainesville, FL","gainesville, fl",2021-02-01,107,184,FALSE
"Gainesville, FL","gainesville, fl",2021-03-01,88,206,FALSE
"Gainesville, FL","gainesville, fl",2021-04-01,71,188.5,FALSE
"Gainesville, FL","gainesville, fl",2021-05-01,83,179,FALSE
"Gainesville, FL","gainesville, fl",2021-06-01,94,222.5,FALSE
"Gainesville, FL","gainesville, fl",2021-07-01,93,218,FALSE
"Gainesville, FL","gainesville, fl",2021-08-01,120,188.5,FALSE
"Gainesville, FL","gainesville, fl",2021-09-01,145,211,FALSE
"Gainesville, FL","gainesville, fl",2021-10-01,107,217.5,FALSE
"Gainesville, FL","gainesville, fl",2021-11-01,101,145,FALSE
"Gainesville, FL","gainesville, fl",2021-12-01,131,168.5,FALSE
"Gainesville, FL","gainesville, fl",2022-01-01,153,235.5,FALSE
"Gainesville, FL","gainesville, fl",2022-02-01,118,184,FALSE
"Gainesville, FL","gainesville, fl",2022-03-01,150,206,FALSE
"Gainesville, FL","gainesville, fl",2022-04-01,121,188.5,FALSE
"Gainesville, FL","gainesville, fl",2022-05-01,183,179,FALSE
"Gainesville, FL","gainesville, fl",2022-06-01,203,222.5,FALSE
"Gainesville, FL","gainesville, fl",2022-07-01,167,218,FALSE
"Gainesville, FL","gainesville, fl",2022-08-01,272,188.5,FALSE
"Gainesville, FL","gainesville, fl",2022-09-01,174,211,FALSE
"Gainesville, FL","gainesville, fl",2022-10-01,195,217.5,FALSE
"Gainesville, FL","gainesville, fl",2022-11-01,182,145,FALSE
"Gainesville, FL","gainesville, fl",2022-12-01,190,168.5,FALSE
"Gainesville, FL","gainesville, fl",2023-01-01,207,235.5,FALSE
"Gainesville, FL","gainesville, fl",2023-02-01,169,184,FALSE
"Gainesville, FL","gainesville, fl",2023-03-01,218,206,FALSE
"Gainesville, FL","gainesville, fl",2023-04-01,204,188.5,FALSE
"Gainesville, FL","gainesville, fl",2023-05-01,174,179,FALSE
"Gainesville, FL","gainesville, fl",2023-06-01,241,222.5,FALSE
"Gainesville, FL","gainesville, fl",2023-07-01,220,218,FALSE
"Gainesville, FL","gainesville, fl",2023-08-01,166,188.5,FALSE
"Gainesville, FL","gainesville, fl",2023-09-01,225,211,FALSE
"Gainesville, FL","gainesville, fl",2023-10-01,240,217.5,FALSE
"Gainesville, FL","gainesville, fl",2023-11-01,157,145,FALSE
"Gainesville, FL","gainesville, fl",2023-12-01,147,168.5,FALSE
"Gainesville, FL","gainesville, fl",2024-01-01,264,235.5,FALSE
"Gainesville, FL","gainesville, fl",2024-02-01,207,188,FALSE
"Gainesville, FL","gainesville, fl",2024-03-01,194,206,FALSE
"Gainesville, FL","gainesville, fl",2024-04-01,173,188.5,FALSE
"Gainesville, FL","gainesville, fl",2024-05-01,184,179,FALSE
"Gainesville, FL","gainesville, fl",2024-06-01,204,222.5,FALSE
"Gainesville, FL","gainesville, fl",2024-07-01,216,218,FALSE
"Gainesville, FL","gainesville, fl",2024-08-01,211,188.5,FALSE
"Gainesville, FL","gainesville, fl",2024-09-01,197,211,FALSE
"Gainesville, FL","gainesville, fl",2024-10-01,195,217.5,FALSE
"Gainesville, FL","gainesville, fl",2024-11-01,133,145,FALSE
"Gainesville, FL","gainesville, fl",2024-12-01,190,168.5,FALSE
"Gainesville, FL","gainesville, fl",2025-01-01,227,235.5,FALSE
"Gainesville, FL","gainesville, fl",2025-02-01,223,184,FALSE
"Gainesville, FL","gainesville, fl",2025-03-01,169,206,FALSE
"Gainesville, FL","gainesville, fl",2025-04-01,0,22,FALSE
GREENVILLE,greenville,2016-01-01,1261,NA,FALSE
GREENVILLE,greenville,2016-02-01,1005,NA,FALSE
GREENVILLE,greenville,2016-03-01,886,NA,FALSE
GREENVILLE,greenville,2016-04-01,1052,NA,FALSE
GREENVILLE,greenville,2016-05-01,984,NA,FALSE
GREENVILLE,greenville,2016-06-01,1125,NA,FALSE
GREENVILLE,greenville,2016-07-01,1113,NA,FALSE
GREENVILLE,greenville,2016-08-01,1152,NA,FALSE
GREENVILLE,greenville,2016-09-01,1238,NA,FALSE
GREENVILLE,greenville,2016-10-01,1200,NA,FALSE
GREENVILLE,greenville,2016-11-01,1040,NA,FALSE
GREENVILLE,greenville,2016-12-01,1097,NA,FALSE
GREENVILLE,greenville,2017-01-01,1368,NA,FALSE
GREENVILLE,greenville,2017-02-01,1083,NA,FALSE
GREENVILLE,greenville,2017-03-01,855,NA,FALSE
GREENVILLE,greenville,2017-04-01,960,NA,FALSE
GREENVILLE,greenville,2017-05-01,1017,NA,FALSE
GREENVILLE,greenville,2017-06-01,1147,NA,FALSE
GREENVILLE,greenville,2017-07-01,1241,NA,FALSE
GREENVILLE,greenville,2017-08-01,1209,NA,FALSE
GREENVILLE,greenville,2017-09-01,1246,NA,FALSE
GREENVILLE,greenville,2017-10-01,1308,NA,FALSE
GREENVILLE,greenville,2017-11-01,1013,NA,FALSE
GREENVILLE,greenville,2017-12-01,1191,NA,FALSE
GREENVILLE,greenville,2018-01-01,1392,NA,FALSE
GREENVILLE,greenville,2018-02-01,1194,NA,FALSE
GREENVILLE,greenville,2018-03-01,954,NA,FALSE
GREENVILLE,greenville,2018-04-01,1153,NA,FALSE
GREENVILLE,greenville,2018-05-01,1213,NA,FALSE
GREENVILLE,greenville,2018-06-01,1292,NA,FALSE
GREENVILLE,greenville,2018-07-01,1376,NA,FALSE
GREENVILLE,greenville,2018-08-01,1284,NA,FALSE
GREENVILLE,greenville,2018-09-01,1344,NA,FALSE
GREENVILLE,greenville,2018-10-01,1431,NA,FALSE
GREENVILLE,greenville,2018-11-01,1272,NA,FALSE
GREENVILLE,greenville,2018-12-01,1293,NA,FALSE
GREENVILLE,greenville,2019-01-01,1513,NA,FALSE
GREENVILLE,greenville,2019-02-01,1277,NA,FALSE
GREENVILLE,greenville,2019-03-01,1079,NA,FALSE
GREENVILLE,greenville,2019-04-01,1159,NA,FALSE
GREENVILLE,greenville,2019-05-01,1240,NA,FALSE
GREENVILLE,greenville,2019-06-01,1340,NA,FALSE
GREENVILLE,greenville,2019-07-01,1472,NA,FALSE
GREENVILLE,greenville,2019-08-01,1369,NA,FALSE
GREENVILLE,greenville,2019-09-01,1529,NA,FALSE
GREENVILLE,greenville,2019-10-01,1380,NA,FALSE
GREENVILLE,greenville,2019-11-01,1254,NA,FALSE
GREENVILLE,greenville,2019-12-01,1342,NA,FALSE
"Greenville, SC","greenville, sc",2020-01-01,1722,1366,FALSE
"Greenville, SC","greenville, sc",2020-02-01,1479,1156.5,FALSE
"Greenville, SC","greenville, sc",2020-03-01,905,1018,FALSE
"Greenville, SC","greenville, sc",2020-04-01,4,1187.5,FALSE
"Greenville, SC","greenville, sc",2020-05-01,538,1264.5,FALSE
"Greenville, SC","greenville, sc",2020-06-01,535,1299.5,FALSE
"Greenville, SC","greenville, sc",2020-07-01,502,1400.5,FALSE
"Greenville, SC","greenville, sc",2020-08-01,780,1388,FALSE
"Greenville, SC","greenville, sc",2020-09-01,901,1232,FALSE
"Greenville, SC","greenville, sc",2020-10-01,778,1183,FALSE
"Greenville, SC","greenville, sc",2020-11-01,781,1226.5,FALSE
"Greenville, SC","greenville, sc",2020-12-01,805,1133.5,FALSE
"Greenville, SC","greenville, sc",2021-01-01,844,1366,FALSE
"Greenville, SC","greenville, sc",2021-02-01,714,1151,FALSE
"Greenville, SC","greenville, sc",2021-03-01,690,1018,FALSE
"Greenville, SC","greenville, sc",2021-04-01,518,1187.5,FALSE
"Greenville, SC","greenville, sc",2021-05-01,644,1264.5,FALSE
"Greenville, SC","greenville, sc",2021-06-01,828,1299.5,FALSE
"Greenville, SC","greenville, sc",2021-07-01,708,1400.5,FALSE
"Greenville, SC","greenville, sc",2021-08-01,763,1388,FALSE
"Greenville, SC","greenville, sc",2021-09-01,1002,1232,FALSE
"Greenville, SC","greenville, sc",2021-10-01,1036,1183,FALSE
"Greenville, SC","greenville, sc",2021-11-01,1021,1226.5,FALSE
"Greenville, SC","greenville, sc",2021-12-01,1043,1133.5,FALSE
"Greenville, SC","greenville, sc",2022-01-01,1154,1366,FALSE
"Greenville, SC","greenville, sc",2022-02-01,1213,1151,FALSE
"Greenville, SC","greenville, sc",2022-03-01,934,1018,FALSE
"Greenville, SC","greenville, sc",2022-04-01,985,1187.5,FALSE
"Greenville, SC","greenville, sc",2022-05-01,1125,1264.5,FALSE
"Greenville, SC","greenville, sc",2022-06-01,1148,1299.5,FALSE
"Greenville, SC","greenville, sc",2022-07-01,1323,1400.5,FALSE
"Greenville, SC","greenville, sc",2022-08-01,1158,1388,FALSE
"Greenville, SC","greenville, sc",2022-09-01,1183,1232,FALSE
"Greenville, SC","greenville, sc",2022-10-01,1208,1183,FALSE
"Greenville, SC","greenville, sc",2022-11-01,1120,1226.5,FALSE
"Greenville, SC","greenville, sc",2022-12-01,1136,1133.5,FALSE
"Greenville, SC","greenville, sc",2023-01-01,1409,1366,FALSE
"Greenville, SC","greenville, sc",2023-02-01,1067,1151,FALSE
"Greenville, SC","greenville, sc",2023-03-01,1069,1018,FALSE
"Greenville, SC","greenville, sc",2023-04-01,1140,1187.5,FALSE
"Greenville, SC","greenville, sc",2023-05-01,1235,1264.5,FALSE
"Greenville, SC","greenville, sc",2023-06-01,1295,1299.5,FALSE
"Greenville, SC","greenville, sc",2023-07-01,1403,1400.5,FALSE
"Greenville, SC","greenville, sc",2023-08-01,1402,1388,FALSE
"Greenville, SC","greenville, sc",2023-09-01,1280,1232,FALSE
"Greenville, SC","greenville, sc",2023-10-01,1348,1183,FALSE
"Greenville, SC","greenville, sc",2023-11-01,1279,1226.5,FALSE
"Greenville, SC","greenville, sc",2023-12-01,1151,1133.5,FALSE
"Greenville, SC","greenville, sc",2024-01-01,1323,1366,FALSE
"Greenville, SC","greenville, sc",2024-02-01,1246,1156.5,FALSE
"Greenville, SC","greenville, sc",2024-03-01,967,1018,FALSE
"Greenville, SC","greenville, sc",2024-04-01,1235,1187.5,FALSE
"Greenville, SC","greenville, sc",2024-05-01,1294,1264.5,FALSE
"Greenville, SC","greenville, sc",2024-06-01,1304,1299.5,FALSE
"Greenville, SC","greenville, sc",2024-07-01,1398,1400.5,FALSE
"Greenville, SC","greenville, sc",2024-08-01,1374,1388,FALSE
"Greenville, SC","greenville, sc",2024-09-01,1184,1232,FALSE
"Greenville, SC","greenville, sc",2024-10-01,1018,1183,FALSE
"Greenville, SC","greenville, sc",2024-11-01,1174,1226.5,FALSE
"Greenville, SC","greenville, sc",2024-12-01,1116,1133.5,FALSE
"Greenville, SC","greenville, sc",2025-01-01,1316,1366,FALSE
"Greenville, SC","greenville, sc",2025-02-01,1263,1151,FALSE
"Greenville, SC","greenville, sc",2025-03-01,1156,1018,FALSE
"Greenville, SC","greenville, sc",2025-04-01,1076,1187.5,FALSE
"Greenville, SC","greenville, sc",2025-05-01,1372,1264.5,FALSE
"Greenville, SC","greenville, sc",2025-06-01,1211,1299.5,FALSE
"Greenville, SC","greenville, sc",2025-07-01,1369,1400.5,FALSE
"Greenville, SC","greenville, sc",2025-08-01,1355,1388,FALSE
"Greenville, SC","greenville, sc",2025-09-01,1331,1232,FALSE
"Greenville, SC","greenville, sc",2025-10-01,841,1183,FALSE
"Greenville, SC","greenville, sc",2025-11-01,24,724.5,FALSE
HARTFORD,hartford,2017-01-01,544,NA,FALSE
HARTFORD,hartford,2017-02-01,479,NA,FALSE
HARTFORD,hartford,2017-03-01,492,NA,FALSE
HARTFORD,hartford,2017-04-01,411,NA,FALSE
HARTFORD,hartford,2017-05-01,520,NA,FALSE
HARTFORD,hartford,2017-06-01,540,NA,FALSE
HARTFORD,hartford,2017-07-01,566,NA,FALSE
HARTFORD,hartford,2017-08-01,651,NA,FALSE
HARTFORD,hartford,2017-09-01,545,NA,FALSE
HARTFORD,hartford,2017-10-01,575,NA,FALSE
HARTFORD,hartford,2017-11-01,515,NA,FALSE
HARTFORD,hartford,2017-12-01,473,NA,FALSE
HARTFORD,hartford,2018-01-01,511,NA,FALSE
HARTFORD,hartford,2018-02-01,533,NA,FALSE
HARTFORD,hartford,2018-03-01,398,NA,FALSE
HARTFORD,hartford,2018-04-01,399,NA,FALSE
HARTFORD,hartford,2018-05-01,408,NA,FALSE
HARTFORD,hartford,2018-06-01,515,NA,FALSE
HARTFORD,hartford,2018-07-01,557,NA,FALSE
HARTFORD,hartford,2018-08-01,587,NA,FALSE
HARTFORD,hartford,2018-09-01,538,NA,FALSE
HARTFORD,hartford,2018-10-01,635,NA,FALSE
HARTFORD,hartford,2018-11-01,419,NA,FALSE
HARTFORD,hartford,2018-12-01,487,NA,FALSE
HARTFORD,hartford,2019-01-01,535,NA,FALSE
HARTFORD,hartford,2019-02-01,448,NA,FALSE
HARTFORD,hartford,2019-03-01,409,NA,FALSE
HARTFORD,hartford,2019-04-01,373,NA,FALSE
HARTFORD,hartford,2019-05-01,519,NA,FALSE
HARTFORD,hartford,2019-06-01,495,NA,FALSE
HARTFORD,hartford,2019-07-01,566,NA,FALSE
HARTFORD,hartford,2019-08-01,589,NA,FALSE
HARTFORD,hartford,2019-09-01,560,NA,FALSE
HARTFORD,hartford,2019-10-01,503,NA,FALSE
HARTFORD,hartford,2019-11-01,416,NA,FALSE
HARTFORD,hartford,2019-12-01,432,NA,FALSE
"Hartford, CT","hartford, ct",2020-01-01,509,586.5,FALSE
"Hartford, CT","hartford, ct",2020-02-01,484,486.5,FALSE
"Hartford, CT","hartford, ct",2020-03-01,382,619.5,FALSE
"Hartford, CT","hartford, ct",2020-04-01,60,485,FALSE
"Hartford, CT","hartford, ct",2020-05-01,4,506,FALSE
"Hartford, CT","hartford, ct",2020-06-01,9,549,FALSE
"Hartford, CT","hartford, ct",2020-07-01,45,586.5,FALSE
"Hartford, CT","hartford, ct",2020-08-01,38,610,FALSE
"Hartford, CT","hartford, ct",2020-09-01,40,576,FALSE
"Hartford, CT","hartford, ct",2020-10-01,100,590.5,FALSE
"Hartford, CT","hartford, ct",2020-11-01,153,541,FALSE
"Hartford, CT","hartford, ct",2020-12-01,148,553,FALSE
"Hartford, CT","hartford, ct",2021-01-01,148,586.5,FALSE
"Hartford, CT","hartford, ct",2021-02-01,180,481.5,FALSE
"Hartford, CT","hartford, ct",2021-03-01,248,619.5,FALSE
"Hartford, CT","hartford, ct",2021-04-01,212,485,FALSE
"Hartford, CT","hartford, ct",2021-05-01,195,506,FALSE
"Hartford, CT","hartford, ct",2021-06-01,205,549,FALSE
"Hartford, CT","hartford, ct",2021-07-01,125,586.5,FALSE
"Hartford, CT","hartford, ct",2021-08-01,184,610,FALSE
"Hartford, CT","hartford, ct",2021-09-01,343,576,FALSE
"Hartford, CT","hartford, ct",2021-10-01,268,590.5,FALSE
"Hartford, CT","hartford, ct",2021-11-01,345,541,FALSE
"Hartford, CT","hartford, ct",2021-12-01,421,553,FALSE
"Hartford, CT","hartford, ct",2022-01-01,403,586.5,FALSE
"Hartford, CT","hartford, ct",2022-02-01,379,481.5,FALSE
"Hartford, CT","hartford, ct",2022-03-01,719,619.5,FALSE
"Hartford, CT","hartford, ct",2022-04-01,705,485,FALSE
"Hartford, CT","hartford, ct",2022-05-01,630,506,FALSE
"Hartford, CT","hartford, ct",2022-06-01,680,549,FALSE
"Hartford, CT","hartford, ct",2022-07-01,568,586.5,FALSE
"Hartford, CT","hartford, ct",2022-08-01,645,610,FALSE
"Hartford, CT","hartford, ct",2022-09-01,666,576,FALSE
"Hartford, CT","hartford, ct",2022-10-01,648,590.5,FALSE
"Hartford, CT","hartford, ct",2022-11-01,708,541,FALSE
"Hartford, CT","hartford, ct",2022-12-01,572,553,FALSE
"Hartford, CT","hartford, ct",2023-01-01,573,586.5,FALSE
"Hartford, CT","hartford, ct",2023-02-01,488,481.5,FALSE
"Hartford, CT","hartford, ct",2023-03-01,646,619.5,FALSE
"Hartford, CT","hartford, ct",2023-04-01,436,485,FALSE
"Hartford, CT","hartford, ct",2023-05-01,525,506,FALSE
"Hartford, CT","hartford, ct",2023-06-01,583,549,FALSE
"Hartford, CT","hartford, ct",2023-07-01,556,586.5,FALSE
"Hartford, CT","hartford, ct",2023-08-01,620,610,FALSE
"Hartford, CT","hartford, ct",2023-09-01,567,576,FALSE
"Hartford, CT","hartford, ct",2023-10-01,557,590.5,FALSE
"Hartford, CT","hartford, ct",2023-11-01,552,541,FALSE
"Hartford, CT","hartford, ct",2023-12-01,525,553,FALSE
"Hartford, CT","hartford, ct",2024-01-01,600,586.5,FALSE
"Hartford, CT","hartford, ct",2024-02-01,485,486.5,FALSE
"Hartford, CT","hartford, ct",2024-03-01,593,619.5,FALSE
"Hartford, CT","hartford, ct",2024-04-01,534,485,FALSE
"Hartford, CT","hartford, ct",2024-05-01,487,506,FALSE
"Hartford, CT","hartford, ct",2024-06-01,515,549,FALSE
"Hartford, CT","hartford, ct",2024-07-01,617,586.5,FALSE
"Hartford, CT","hartford, ct",2024-08-01,600,610,FALSE
"Hartford, CT","hartford, ct",2024-09-01,585,576,FALSE
"Hartford, CT","hartford, ct",2024-10-01,624,590.5,FALSE
"Hartford, CT","hartford, ct",2024-11-01,529,541,FALSE
"Hartford, CT","hartford, ct",2024-12-01,581,553,FALSE
"Hartford, CT","hartford, ct",2025-01-01,559,586.5,FALSE
"Hartford, CT","hartford, ct",2025-02-01,462,481.5,FALSE
"Hartford, CT","hartford, ct",2025-03-01,577,619.5,FALSE
"Hartford, CT","hartford, ct",2025-04-01,439,485,FALSE
"Hartford, CT","hartford, ct",2025-05-01,413,506,FALSE
"Hartford, CT","hartford, ct",2025-06-01,463,549,FALSE
"Hartford, CT","hartford, ct",2025-07-01,516,586.5,FALSE
"Hartford, CT","hartford, ct",2025-08-01,514,610,FALSE
"Hartford, CT","hartford, ct",2025-09-01,500,576,FALSE
"Hartford, CT","hartford, ct",2025-10-01,74,82.5,FALSE
HOUSTON,houston,2012-01-01,5505,NA,FALSE
HOUSTON,houston,2012-02-01,4502,NA,FALSE
HOUSTON,houston,2012-03-01,1946,NA,FALSE
HOUSTON,houston,2012-04-01,3177,NA,FALSE
HOUSTON,houston,2012-05-01,5799,NA,FALSE
HOUSTON,houston,2012-06-01,5641,NA,FALSE
HOUSTON,houston,2012-07-01,4585,NA,FALSE
HOUSTON,houston,2012-08-01,5573,NA,FALSE
HOUSTON,houston,2012-09-01,5675,NA,FALSE
HOUSTON,houston,2012-10-01,5055,NA,FALSE
HOUSTON,houston,2012-11-01,4822,NA,FALSE
HOUSTON,houston,2012-12-01,3356,NA,FALSE
HOUSTON,houston,2013-01-01,6286,NA,FALSE
HOUSTON,houston,2013-02-01,4835,NA,FALSE
HOUSTON,houston,2013-03-01,4961,NA,FALSE
HOUSTON,houston,2013-04-01,4805,NA,FALSE
HOUSTON,houston,2013-05-01,3684,NA,FALSE
HOUSTON,houston,2013-06-01,7157,NA,FALSE
HOUSTON,houston,2013-07-01,4288,NA,FALSE
HOUSTON,houston,2013-08-01,7128,NA,FALSE
HOUSTON,houston,2013-09-01,3156,NA,FALSE
HOUSTON,houston,2013-10-01,5492,NA,FALSE
HOUSTON,houston,2013-11-01,4099,NA,FALSE
HOUSTON,houston,2013-12-01,4996,NA,FALSE
HOUSTON,houston,2014-01-01,5009,NA,FALSE
HOUSTON,houston,2014-02-01,4621,NA,FALSE
HOUSTON,houston,2014-03-01,3542,NA,FALSE
HOUSTON,houston,2014-04-01,3459,NA,FALSE
HOUSTON,houston,2014-05-01,4500,NA,FALSE
HOUSTON,houston,2014-06-01,6947,NA,FALSE
HOUSTON,houston,2014-07-01,5269,NA,FALSE
HOUSTON,houston,2014-08-01,5034,NA,FALSE
HOUSTON,houston,2014-09-01,5162,NA,FALSE
HOUSTON,houston,2014-10-01,4519,NA,FALSE
HOUSTON,houston,2014-11-01,4162,NA,FALSE
HOUSTON,houston,2014-12-01,4668,NA,FALSE
HOUSTON,houston,2015-01-01,5072,NA,FALSE
HOUSTON,houston,2015-02-01,2713,NA,FALSE
HOUSTON,houston,2015-03-01,4094,NA,FALSE
HOUSTON,houston,2015-04-01,3481,NA,FALSE
HOUSTON,houston,2015-05-01,3893,NA,FALSE
HOUSTON,houston,2015-06-01,4783,NA,FALSE
HOUSTON,houston,2015-07-01,5343,NA,FALSE
HOUSTON,houston,2015-08-01,4801,NA,FALSE
HOUSTON,houston,2015-09-01,5321,NA,FALSE
HOUSTON,houston,2015-10-01,3787,NA,FALSE
HOUSTON,houston,2015-11-01,4775,NA,FALSE
HOUSTON,houston,2015-12-01,3991,NA,FALSE
"Houston, TX","houston, tx",2020-01-01,6599,7798,FALSE
"Houston, TX","houston, tx",2020-02-01,5781,6866.5,FALSE
"Houston, TX","houston, tx",2020-03-01,3193,6055.5,FALSE
"Houston, TX","houston, tx",2020-04-01,619,6015.5,FALSE
"Houston, TX","houston, tx",2020-05-01,1215,6723.5,FALSE
"Houston, TX","houston, tx",2020-06-01,2484,7096,FALSE
"Houston, TX","houston, tx",2020-07-01,2251,6946,FALSE
"Houston, TX","houston, tx",2020-08-01,2391,7575,FALSE
"Houston, TX","houston, tx",2020-09-01,2031,6995,FALSE
"Houston, TX","houston, tx",2020-10-01,2173,6474.5,FALSE
"Houston, TX","houston, tx",2020-11-01,2702,6104,FALSE
"Houston, TX","houston, tx",2020-12-01,3198,6333.5,FALSE
"Houston, TX","houston, tx",2021-01-01,2831,7798,FALSE
"Houston, TX","houston, tx",2021-02-01,1991,6773.5,FALSE
"Houston, TX","houston, tx",2021-03-01,2962,6055.5,FALSE
"Houston, TX","houston, tx",2021-04-01,2266,6015.5,FALSE
"Houston, TX","houston, tx",2021-05-01,2230,6723.5,FALSE
"Houston, TX","houston, tx",2021-06-01,2512,7096,FALSE
"Houston, TX","houston, tx",2021-07-01,2755,6946,FALSE
"Houston, TX","houston, tx",2021-08-01,3141,7575,FALSE
"Houston, TX","houston, tx",2021-09-01,4172,6995,FALSE
"Houston, TX","houston, tx",2021-10-01,4779,6474.5,FALSE
"Houston, TX","houston, tx",2021-11-01,4307,6104,FALSE
"Houston, TX","houston, tx",2021-12-01,4250,6333.5,FALSE
"Houston, TX","houston, tx",2022-01-01,6326,7798,FALSE
"Houston, TX","houston, tx",2022-02-01,7068,6773.5,FALSE
"Houston, TX","houston, tx",2022-03-01,6769,6055.5,FALSE
"Houston, TX","houston, tx",2022-04-01,5657,6015.5,FALSE
"Houston, TX","houston, tx",2022-05-01,6652,6723.5,FALSE
"Houston, TX","houston, tx",2022-06-01,7246,7096,FALSE
"Houston, TX","houston, tx",2022-07-01,7644,6946,FALSE
"Houston, TX","houston, tx",2022-08-01,7747,7575,FALSE
"Houston, TX","houston, tx",2022-09-01,7298,6995,FALSE
"Houston, TX","houston, tx",2022-10-01,7019,6474.5,FALSE
"Houston, TX","houston, tx",2022-11-01,6155,6104,FALSE
"Houston, TX","houston, tx",2022-12-01,6557,6333.5,FALSE
"Houston, TX","houston, tx",2023-01-01,7668,7798,FALSE
"Houston, TX","houston, tx",2023-02-01,6484,6773.5,FALSE
"Houston, TX","houston, tx",2023-03-01,6634,6055.5,FALSE
"Houston, TX","houston, tx",2023-04-01,6065,6015.5,FALSE
"Houston, TX","houston, tx",2023-05-01,6933,6723.5,FALSE
"Houston, TX","houston, tx",2023-06-01,7274,7096,FALSE
"Houston, TX","houston, tx",2023-07-01,7323,6946,FALSE
"Houston, TX","houston, tx",2023-08-01,7986,7575,FALSE
"Houston, TX","houston, tx",2023-09-01,7177,6995,FALSE
"Houston, TX","houston, tx",2023-10-01,7478,6474.5,FALSE
"Houston, TX","houston, tx",2023-11-01,6555,6104,FALSE
"Houston, TX","houston, tx",2023-12-01,6385,6333.5,FALSE
"Houston, TX","houston, tx",2024-01-01,7928,7798,FALSE
"Houston, TX","houston, tx",2024-02-01,7249,6866.5,FALSE
"Houston, TX","houston, tx",2024-03-01,5477,6055.5,FALSE
"Houston, TX","houston, tx",2024-04-01,5966,6015.5,FALSE
"Houston, TX","houston, tx",2024-05-01,6514,6723.5,FALSE
"Houston, TX","houston, tx",2024-06-01,6918,7096,FALSE
"Houston, TX","houston, tx",2024-07-01,6569,6946,FALSE
"Houston, TX","houston, tx",2024-08-01,7164,7575,FALSE
"Houston, TX","houston, tx",2024-09-01,6813,6995,FALSE
"Houston, TX","houston, tx",2024-10-01,5471,6474.5,FALSE
"Houston, TX","houston, tx",2024-11-01,5653,6104,FALSE
"Houston, TX","houston, tx",2024-12-01,6282,6333.5,FALSE
"Houston, TX","houston, tx",2025-01-01,7215,7798,FALSE
"Houston, TX","houston, tx",2025-02-01,6541,6773.5,FALSE
"Houston, TX","houston, tx",2025-03-01,5760,6055.5,FALSE
"Houston, TX","houston, tx",2025-04-01,5437,6015.5,FALSE
"Houston, TX","houston, tx",2025-05-01,6378,6723.5,FALSE
"Houston, TX","houston, tx",2025-06-01,6873,7096,FALSE
"Houston, TX","houston, tx",2025-07-01,7105,6946,FALSE
"Houston, TX","houston, tx",2025-08-01,6821,7575,FALSE
"Houston, TX","houston, tx",2025-09-01,6722,6995,FALSE
"Houston, TX","houston, tx",2025-10-01,6512,6474.5,FALSE
"Houston, TX","houston, tx",2025-11-01,854,3361,FALSE
INDIANAPOLIS,indianapolis,2016-01-01,2733,NA,FALSE
INDIANAPOLIS,indianapolis,2016-02-01,1871,NA,FALSE
INDIANAPOLIS,indianapolis,2016-03-01,1690,NA,FALSE
INDIANAPOLIS,indianapolis,2016-04-01,2253,NA,FALSE
INDIANAPOLIS,indianapolis,2016-05-01,2398,NA,FALSE
INDIANAPOLIS,indianapolis,2016-06-01,2762,NA,FALSE
INDIANAPOLIS,indianapolis,2016-07-01,2478,NA,FALSE
INDIANAPOLIS,indianapolis,2016-08-01,2838,NA,FALSE
INDIANAPOLIS,indianapolis,2016-09-01,2617,NA,FALSE
INDIANAPOLIS,indianapolis,2016-10-01,2412,NA,FALSE
INDIANAPOLIS,indianapolis,2016-11-01,2400,NA,FALSE
INDIANAPOLIS,indianapolis,2016-12-01,2124,NA,FALSE
INDIANAPOLIS,indianapolis,2017-01-01,2823,NA,FALSE
INDIANAPOLIS,indianapolis,2017-02-01,2219,NA,FALSE
INDIANAPOLIS,indianapolis,2017-03-01,1943,NA,FALSE
INDIANAPOLIS,indianapolis,2017-04-01,2236,NA,FALSE
INDIANAPOLIS,indianapolis,2017-05-01,2570,NA,FALSE
INDIANAPOLIS,indianapolis,2017-06-01,2831,NA,FALSE
INDIANAPOLIS,indianapolis,2017-07-01,2728,NA,FALSE
INDIANAPOLIS,indianapolis,2017-08-01,2795,NA,FALSE
INDIANAPOLIS,indianapolis,2017-09-01,2613,NA,FALSE
INDIANAPOLIS,indianapolis,2017-10-01,2562,NA,FALSE
INDIANAPOLIS,indianapolis,2017-11-01,2376,NA,FALSE
INDIANAPOLIS,indianapolis,2017-12-01,2261,NA,FALSE
INDIANAPOLIS,indianapolis,2018-01-01,3092,NA,FALSE
INDIANAPOLIS,indianapolis,2018-02-01,2539,NA,FALSE
INDIANAPOLIS,indianapolis,2018-03-01,1924,NA,FALSE
INDIANAPOLIS,indianapolis,2018-04-01,2408,NA,FALSE
INDIANAPOLIS,indianapolis,2018-05-01,2432,NA,FALSE
INDIANAPOLIS,indianapolis,2018-06-01,2884,NA,FALSE
INDIANAPOLIS,indianapolis,2018-07-01,2927,NA,FALSE
INDIANAPOLIS,indianapolis,2018-08-01,3016,NA,FALSE
INDIANAPOLIS,indianapolis,2018-09-01,2593,NA,FALSE
INDIANAPOLIS,indianapolis,2018-10-01,2846,NA,FALSE
INDIANAPOLIS,indianapolis,2018-11-01,2274,NA,FALSE
INDIANAPOLIS,indianapolis,2018-12-01,1987,NA,FALSE
INDIANAPOLIS,indianapolis,2019-01-01,2745,NA,FALSE
INDIANAPOLIS,indianapolis,2019-02-01,2405,NA,FALSE
INDIANAPOLIS,indianapolis,2019-03-01,1880,NA,FALSE
INDIANAPOLIS,indianapolis,2019-04-01,2317,NA,FALSE
INDIANAPOLIS,indianapolis,2019-05-01,2670,NA,FALSE
INDIANAPOLIS,indianapolis,2019-06-01,2530,NA,FALSE
INDIANAPOLIS,indianapolis,2019-07-01,2774,NA,FALSE
INDIANAPOLIS,indianapolis,2019-08-01,2849,NA,FALSE
INDIANAPOLIS,indianapolis,2019-09-01,2754,NA,FALSE
INDIANAPOLIS,indianapolis,2019-10-01,2594,NA,FALSE
INDIANAPOLIS,indianapolis,2019-11-01,2216,NA,FALSE
INDIANAPOLIS,indianapolis,2019-12-01,2245,NA,FALSE
"Indianapolis, IN","indianapolis, in",2020-01-01,2690,2440,FALSE
"Indianapolis, IN","indianapolis, in",2020-02-01,2435,2097.5,FALSE
"Indianapolis, IN","indianapolis, in",2020-03-01,1004,1834,FALSE
"Indianapolis, IN","indianapolis, in",2020-04-01,6,2171,FALSE
"Indianapolis, IN","indianapolis, in",2020-05-01,16,2394,FALSE
"Indianapolis, IN","indianapolis, in",2020-06-01,60,2402,FALSE
"Indianapolis, IN","indianapolis, in",2020-07-01,108,2330,FALSE
"Indianapolis, IN","indianapolis, in",2020-08-01,1608,2486,FALSE
"Indianapolis, IN","indianapolis, in",2020-09-01,2002,2197.5,FALSE
"Indianapolis, IN","indianapolis, in",2020-10-01,1550,2287,FALSE
"Indianapolis, IN","indianapolis, in",2020-11-01,1434,2105,FALSE
"Indianapolis, IN","indianapolis, in",2020-12-01,1567,1881,FALSE
"Indianapolis, IN","indianapolis, in",2021-01-01,1670,2440,FALSE
"Indianapolis, IN","indianapolis, in",2021-02-01,1493,2025.5,FALSE
"Indianapolis, IN","indianapolis, in",2021-03-01,1553,1834,FALSE
"Indianapolis, IN","indianapolis, in",2021-04-01,1155,2171,FALSE
"Indianapolis, IN","indianapolis, in",2021-05-01,1172,2394,FALSE
"Indianapolis, IN","indianapolis, in",2021-06-01,1410,2402,FALSE
"Indianapolis, IN","indianapolis, in",2021-07-01,1473,2330,FALSE
"Indianapolis, IN","indianapolis, in",2021-08-01,1467,2486,FALSE
"Indianapolis, IN","indianapolis, in",2021-09-01,2098,2197.5,FALSE
"Indianapolis, IN","indianapolis, in",2021-10-01,2216,2287,FALSE
"Indianapolis, IN","indianapolis, in",2021-11-01,1998,2105,FALSE
"Indianapolis, IN","indianapolis, in",2021-12-01,1999,1881,FALSE
"Indianapolis, IN","indianapolis, in",2022-01-01,2142,2440,FALSE
"Indianapolis, IN","indianapolis, in",2022-02-01,2034,2025.5,FALSE
"Indianapolis, IN","indianapolis, in",2022-03-01,2051,1834,FALSE
"Indianapolis, IN","indianapolis, in",2022-04-01,1838,2171,FALSE
"Indianapolis, IN","indianapolis, in",2022-05-01,1915,2394,FALSE
"Indianapolis, IN","indianapolis, in",2022-06-01,2241,2402,FALSE
"Indianapolis, IN","indianapolis, in",2022-07-01,2380,2330,FALSE
"Indianapolis, IN","indianapolis, in",2022-08-01,2603,2486,FALSE
"Indianapolis, IN","indianapolis, in",2022-09-01,2317,2197.5,FALSE
"Indianapolis, IN","indianapolis, in",2022-10-01,2200,2287,FALSE
"Indianapolis, IN","indianapolis, in",2022-11-01,2258,2105,FALSE
"Indianapolis, IN","indianapolis, in",2022-12-01,2140,1881,FALSE
"Indianapolis, IN","indianapolis, in",2023-01-01,2644,2440,FALSE
"Indianapolis, IN","indianapolis, in",2023-02-01,2222,2025.5,FALSE
"Indianapolis, IN","indianapolis, in",2023-03-01,1877,1834,FALSE
"Indianapolis, IN","indianapolis, in",2023-04-01,2166,2171,FALSE
"Indianapolis, IN","indianapolis, in",2023-05-01,2540,2394,FALSE
"Indianapolis, IN","indianapolis, in",2023-06-01,2659,2402,FALSE
"Indianapolis, IN","indianapolis, in",2023-07-01,2283,2330,FALSE
"Indianapolis, IN","indianapolis, in",2023-08-01,2596,2486,FALSE
"Indianapolis, IN","indianapolis, in",2023-09-01,2167,2197.5,FALSE
"Indianapolis, IN","indianapolis, in",2023-10-01,2314,2287,FALSE
"Indianapolis, IN","indianapolis, in",2023-11-01,2097,2105,FALSE
"Indianapolis, IN","indianapolis, in",2023-12-01,1831,1881,FALSE
"Indianapolis, IN","indianapolis, in",2024-01-01,2187,2440,FALSE
"Indianapolis, IN","indianapolis, in",2024-02-01,1933,2097.5,FALSE
"Indianapolis, IN","indianapolis, in",2024-03-01,1750,1834,FALSE
"Indianapolis, IN","indianapolis, in",2024-04-01,2134,2171,FALSE
"Indianapolis, IN","indianapolis, in",2024-05-01,2210,2394,FALSE
"Indianapolis, IN","indianapolis, in",2024-06-01,2118,2402,FALSE
"Indianapolis, IN","indianapolis, in",2024-07-01,2336,2330,FALSE
"Indianapolis, IN","indianapolis, in",2024-08-01,2311,2486,FALSE
"Indianapolis, IN","indianapolis, in",2024-09-01,2160,2197.5,FALSE
"Indianapolis, IN","indianapolis, in",2024-10-01,2225,2287,FALSE
"Indianapolis, IN","indianapolis, in",2024-11-01,2068,2105,FALSE
"Indianapolis, IN","indianapolis, in",2024-12-01,1892,1881,FALSE
"Indianapolis, IN","indianapolis, in",2025-01-01,2371,2440,FALSE
"Indianapolis, IN","indianapolis, in",2025-02-01,2045,2025.5,FALSE
"Indianapolis, IN","indianapolis, in",2025-03-01,1685,1834,FALSE
"Indianapolis, IN","indianapolis, in",2025-04-01,1977,2171,FALSE
"Indianapolis, IN","indianapolis, in",2025-05-01,2083,2394,FALSE
"Indianapolis, IN","indianapolis, in",2025-06-01,2186,2402,FALSE
"Indianapolis, IN","indianapolis, in",2025-07-01,2294,2330,FALSE
"Indianapolis, IN","indianapolis, in",2025-08-01,2162,2486,FALSE
"Indianapolis, IN","indianapolis, in",2025-09-01,2096,2197.5,FALSE
"Indianapolis, IN","indianapolis, in",2025-10-01,2056,2287,FALSE
"Indianapolis, IN","indianapolis, in",2025-11-01,108,750.5,FALSE
JACKSONVILLE,jacksonville,2012-01-01,2083,NA,FALSE
JACKSONVILLE,jacksonville,2012-02-01,1423,NA,FALSE
JACKSONVILLE,jacksonville,2012-03-01,1393,NA,FALSE
JACKSONVILLE,jacksonville,2012-04-01,1779,NA,FALSE
JACKSONVILLE,jacksonville,2012-05-01,1695,NA,FALSE
JACKSONVILLE,jacksonville,2012-06-01,2262,NA,FALSE
JACKSONVILLE,jacksonville,2012-07-01,2373,NA,FALSE
JACKSONVILLE,jacksonville,2012-08-01,2318,NA,FALSE
JACKSONVILLE,jacksonville,2012-09-01,2268,NA,FALSE
JACKSONVILLE,jacksonville,2012-10-01,2299,NA,FALSE
JACKSONVILLE,jacksonville,2012-11-01,1847,NA,FALSE
JACKSONVILLE,jacksonville,2012-12-01,1711,NA,FALSE
JACKSONVILLE,jacksonville,2013-01-01,2445,NA,FALSE
JACKSONVILLE,jacksonville,2013-02-01,1600,NA,FALSE
JACKSONVILLE,jacksonville,2013-03-01,1358,NA,FALSE
JACKSONVILLE,jacksonville,2013-04-01,1598,NA,FALSE
JACKSONVILLE,jacksonville,2013-05-01,1911,NA,FALSE
JACKSONVILLE,jacksonville,2013-06-01,2125,NA,FALSE
JACKSONVILLE,jacksonville,2013-07-01,2267,NA,FALSE
JACKSONVILLE,jacksonville,2013-08-01,2143,NA,FALSE
JACKSONVILLE,jacksonville,2013-09-01,2181,NA,FALSE
JACKSONVILLE,jacksonville,2013-10-01,2229,NA,FALSE
JACKSONVILLE,jacksonville,2013-11-01,1569,NA,FALSE
JACKSONVILLE,jacksonville,2013-12-01,1963,NA,FALSE
JACKSONVILLE,jacksonville,2014-01-01,2286,NA,FALSE
JACKSONVILLE,jacksonville,2014-02-01,1407,NA,FALSE
JACKSONVILLE,jacksonville,2014-03-01,1517,NA,FALSE
JACKSONVILLE,jacksonville,2014-04-01,1914,NA,FALSE
JACKSONVILLE,jacksonville,2014-05-01,2033,NA,FALSE
JACKSONVILLE,jacksonville,2014-06-01,2078,NA,FALSE
JACKSONVILLE,jacksonville,2014-07-01,2346,NA,FALSE
JACKSONVILLE,jacksonville,2014-08-01,2094,NA,FALSE
JACKSONVILLE,jacksonville,2014-09-01,2308,NA,FALSE
JACKSONVILLE,jacksonville,2014-10-01,2043,NA,FALSE
JACKSONVILLE,jacksonville,2014-11-01,1618,NA,FALSE
JACKSONVILLE,jacksonville,2014-12-01,2078,NA,FALSE
JACKSONVILLE,jacksonville,2015-01-01,2237,NA,FALSE
JACKSONVILLE,jacksonville,2015-02-01,1502,NA,FALSE
JACKSONVILLE,jacksonville,2015-03-01,1589,NA,FALSE
JACKSONVILLE,jacksonville,2015-04-01,1825,NA,FALSE
JACKSONVILLE,jacksonville,2015-05-01,1972,NA,FALSE
JACKSONVILLE,jacksonville,2015-06-01,2002,NA,FALSE
JACKSONVILLE,jacksonville,2015-07-01,2280,NA,FALSE
JACKSONVILLE,jacksonville,2015-08-01,2217,NA,FALSE
JACKSONVILLE,jacksonville,2015-09-01,2198,NA,FALSE
JACKSONVILLE,jacksonville,2015-10-01,2129,NA,FALSE
JACKSONVILLE,jacksonville,2015-11-01,1796,NA,FALSE
JACKSONVILLE,jacksonville,2015-12-01,2135,NA,FALSE
JACKSONVILLE,jacksonville,2016-01-01,2015,NA,FALSE
JACKSONVILLE,jacksonville,2016-02-01,1616,NA,FALSE
JACKSONVILLE,jacksonville,2016-03-01,1557,NA,FALSE
JACKSONVILLE,jacksonville,2016-04-01,1727,NA,FALSE
JACKSONVILLE,jacksonville,2016-05-01,1964,NA,FALSE
JACKSONVILLE,jacksonville,2016-06-01,2517,NA,FALSE
JACKSONVILLE,jacksonville,2016-07-01,2247,NA,FALSE
JACKSONVILLE,jacksonville,2016-08-01,2346,NA,FALSE
JACKSONVILLE,jacksonville,2016-09-01,2316,NA,FALSE
JACKSONVILLE,jacksonville,2016-10-01,2066,NA,FALSE
JACKSONVILLE,jacksonville,2016-11-01,1970,NA,FALSE
JACKSONVILLE,jacksonville,2016-12-01,1948,NA,FALSE
JACKSONVILLE,jacksonville,2017-01-01,1165,NA,FALSE
JACKSONVILLE,jacksonville,2017-02-01,955,NA,FALSE
JACKSONVILLE,jacksonville,2017-03-01,793,NA,FALSE
JACKSONVILLE,jacksonville,2017-04-01,796,NA,FALSE
JACKSONVILLE,jacksonville,2017-05-01,1026,NA,FALSE
JACKSONVILLE,jacksonville,2017-06-01,1117,NA,FALSE
JACKSONVILLE,jacksonville,2017-07-01,1054,NA,FALSE
JACKSONVILLE,jacksonville,2017-08-01,1278,NA,FALSE
JACKSONVILLE,jacksonville,2017-09-01,950,NA,FALSE
JACKSONVILLE,jacksonville,2017-10-01,1244,NA,FALSE
JACKSONVILLE,jacksonville,2017-11-01,986,NA,FALSE
JACKSONVILLE,jacksonville,2017-12-01,1073,NA,FALSE
JACKSONVILLE,jacksonville,2018-01-01,1228,NA,FALSE
JACKSONVILLE,jacksonville,2018-02-01,966,NA,FALSE
JACKSONVILLE,jacksonville,2018-03-01,849,NA,FALSE
JACKSONVILLE,jacksonville,2018-04-01,880,NA,FALSE
JACKSONVILLE,jacksonville,2018-05-01,1004,NA,FALSE
JACKSONVILLE,jacksonville,2018-06-01,1234,NA,FALSE
JACKSONVILLE,jacksonville,2018-07-01,1135,NA,FALSE
JACKSONVILLE,jacksonville,2018-08-01,1279,NA,FALSE
JACKSONVILLE,jacksonville,2018-09-01,1093,NA,FALSE
JACKSONVILLE,jacksonville,2018-10-01,1338,NA,FALSE
JACKSONVILLE,jacksonville,2018-11-01,1027,NA,FALSE
JACKSONVILLE,jacksonville,2018-12-01,1059,NA,FALSE
JACKSONVILLE,jacksonville,2019-01-01,1248,NA,FALSE
JACKSONVILLE,jacksonville,2019-02-01,1090,NA,FALSE
JACKSONVILLE,jacksonville,2019-03-01,782,NA,FALSE
JACKSONVILLE,jacksonville,2019-04-01,907,NA,FALSE
JACKSONVILLE,jacksonville,2019-05-01,1072,NA,FALSE
JACKSONVILLE,jacksonville,2019-06-01,1129,NA,FALSE
JACKSONVILLE,jacksonville,2019-07-01,829,NA,FALSE
JACKSONVILLE,jacksonville,2019-08-01,1172,NA,FALSE
JACKSONVILLE,jacksonville,2019-09-01,1078,NA,FALSE
JACKSONVILLE,jacksonville,2019-10-01,1276,NA,FALSE
JACKSONVILLE,jacksonville,2019-11-01,927,NA,FALSE
JACKSONVILLE,jacksonville,2019-12-01,964,NA,FALSE
"Jacksonville, FL","jacksonville, fl",2020-01-01,1278,1313,FALSE
"Jacksonville, FL","jacksonville, fl",2020-02-01,946,1376,FALSE
"Jacksonville, FL","jacksonville, fl",2020-03-01,633,1107,FALSE
"Jacksonville, FL","jacksonville, fl",2020-04-01,43,997,FALSE
"Jacksonville, FL","jacksonville, fl",2020-05-01,32,1207.5,FALSE
"Jacksonville, FL","jacksonville, fl",2020-06-01,57,1234.5,FALSE
"Jacksonville, FL","jacksonville, fl",2020-07-01,57,1240,FALSE
"Jacksonville, FL","jacksonville, fl",2020-08-01,839,1290.5,FALSE
"Jacksonville, FL","jacksonville, fl",2020-09-01,938,1219.5,FALSE
"Jacksonville, FL","jacksonville, fl",2020-10-01,962,1262,FALSE
"Jacksonville, FL","jacksonville, fl",2020-11-01,845,999,FALSE
"Jacksonville, FL","jacksonville, fl",2020-12-01,1039,1079,FALSE
"Jacksonville, FL","jacksonville, fl",2021-01-01,940,1313,FALSE
"Jacksonville, FL","jacksonville, fl",2021-02-01,694,1334.5,FALSE
"Jacksonville, FL","jacksonville, fl",2021-03-01,709,1107,FALSE
"Jacksonville, FL","jacksonville, fl",2021-04-01,452,997,FALSE
"Jacksonville, FL","jacksonville, fl",2021-05-01,460,1207.5,FALSE
"Jacksonville, FL","jacksonville, fl",2021-06-01,651,1234.5,FALSE
"Jacksonville, FL","jacksonville, fl",2021-07-01,830,1240,FALSE
"Jacksonville, FL","jacksonville, fl",2021-08-01,731,1290.5,FALSE
"Jacksonville, FL","jacksonville, fl",2021-09-01,1007,1219.5,FALSE
"Jacksonville, FL","jacksonville, fl",2021-10-01,823,1262,FALSE
"Jacksonville, FL","jacksonville, fl",2021-11-01,657,999,FALSE
"Jacksonville, FL","jacksonville, fl",2021-12-01,646,1079,FALSE
"Jacksonville, FL","jacksonville, fl",2022-01-01,848,1313,FALSE
"Jacksonville, FL","jacksonville, fl",2022-02-01,749,1334.5,FALSE
"Jacksonville, FL","jacksonville, fl",2022-03-01,990,1107,FALSE
"Jacksonville, FL","jacksonville, fl",2022-04-01,920,997,FALSE
"Jacksonville, FL","jacksonville, fl",2022-05-01,982,1207.5,FALSE
"Jacksonville, FL","jacksonville, fl",2022-06-01,1301,1234.5,FALSE
"Jacksonville, FL","jacksonville, fl",2022-07-01,1375,1240,FALSE
"Jacksonville, FL","jacksonville, fl",2022-08-01,1576,1290.5,FALSE
"Jacksonville, FL","jacksonville, fl",2022-09-01,1269,1219.5,FALSE
"Jacksonville, FL","jacksonville, fl",2022-10-01,1382,1262,FALSE
"Jacksonville, FL","jacksonville, fl",2022-11-01,1248,999,FALSE
"Jacksonville, FL","jacksonville, fl",2022-12-01,1316,1079,FALSE
"Jacksonville, FL","jacksonville, fl",2023-01-01,1282,1313,FALSE
"Jacksonville, FL","jacksonville, fl",2023-02-01,1502,1334.5,FALSE
"Jacksonville, FL","jacksonville, fl",2023-03-01,1262,1107,FALSE
"Jacksonville, FL","jacksonville, fl",2023-04-01,1001,997,FALSE
"Jacksonville, FL","jacksonville, fl",2023-05-01,1221,1207.5,FALSE
"Jacksonville, FL","jacksonville, fl",2023-06-01,1351,1234.5,FALSE
"Jacksonville, FL","jacksonville, fl",2023-07-01,1184,1240,FALSE
"Jacksonville, FL","jacksonville, fl",2023-08-01,1344,1290.5,FALSE
"Jacksonville, FL","jacksonville, fl",2023-09-01,1271,1219.5,FALSE
"Jacksonville, FL","jacksonville, fl",2023-10-01,1361,1262,FALSE
"Jacksonville, FL","jacksonville, fl",2023-11-01,1097,999,FALSE
"Jacksonville, FL","jacksonville, fl",2023-12-01,1133,1079,FALSE
"Jacksonville, FL","jacksonville, fl",2024-01-01,1344,1313,FALSE
"Jacksonville, FL","jacksonville, fl",2024-02-01,1250,1376,FALSE
"Jacksonville, FL","jacksonville, fl",2024-03-01,952,1107,FALSE
"Jacksonville, FL","jacksonville, fl",2024-04-01,993,997,FALSE
"Jacksonville, FL","jacksonville, fl",2024-05-01,1194,1207.5,FALSE
"Jacksonville, FL","jacksonville, fl",2024-06-01,1118,1234.5,FALSE
"Jacksonville, FL","jacksonville, fl",2024-07-01,1296,1240,FALSE
"Jacksonville, FL","jacksonville, fl",2024-08-01,1237,1290.5,FALSE
"Jacksonville, FL","jacksonville, fl",2024-09-01,1168,1219.5,FALSE
"Jacksonville, FL","jacksonville, fl",2024-10-01,1163,1262,FALSE
"Jacksonville, FL","jacksonville, fl",2024-11-01,901,999,FALSE
"Jacksonville, FL","jacksonville, fl",2024-12-01,1025,1079,FALSE
"Jacksonville, FL","jacksonville, fl",2025-01-01,1475,1313,FALSE
"Jacksonville, FL","jacksonville, fl",2025-02-01,1262,1334.5,FALSE
"Jacksonville, FL","jacksonville, fl",2025-03-01,1072,1107,FALSE
"Jacksonville, FL","jacksonville, fl",2025-04-01,1008,997,FALSE
"Jacksonville, FL","jacksonville, fl",2025-05-01,1143,1207.5,FALSE
"Jacksonville, FL","jacksonville, fl",2025-06-01,1047,1234.5,FALSE
"Jacksonville, FL","jacksonville, fl",2025-07-01,1280,1240,FALSE
"Jacksonville, FL","jacksonville, fl",2025-08-01,1364,1290.5,FALSE
"Jacksonville, FL","jacksonville, fl",2025-09-01,1335,1219.5,FALSE
"Jacksonville, FL","jacksonville, fl",2025-10-01,1354,1262,FALSE
"Jacksonville, FL","jacksonville, fl",2025-11-01,6,455,FALSE
"Kansas City, MO","kansas city, mo",2020-01-01,764,804.5,FALSE
"Kansas City, MO","kansas city, mo",2020-02-01,594,830,FALSE
"Kansas City, MO","kansas city, mo",2020-03-01,436,772,FALSE
"Kansas City, MO","kansas city, mo",2020-04-01,155,708.5,FALSE
"Kansas City, MO","kansas city, mo",2020-05-01,175,769,FALSE
"Kansas City, MO","kansas city, mo",2020-06-01,236,769.5,FALSE
"Kansas City, MO","kansas city, mo",2020-07-01,281,752.5,FALSE
"Kansas City, MO","kansas city, mo",2020-08-01,407,776.5,FALSE
"Kansas City, MO","kansas city, mo",2020-09-01,420,577,FALSE
"Kansas City, MO","kansas city, mo",2020-10-01,362,850.5,FALSE
"Kansas City, MO","kansas city, mo",2020-11-01,264,710.5,FALSE
"Kansas City, MO","kansas city, mo",2020-12-01,362,558.5,FALSE
"Kansas City, MO","kansas city, mo",2021-01-01,272,804.5,FALSE
"Kansas City, MO","kansas city, mo",2021-02-01,271,814,FALSE
"Kansas City, MO","kansas city, mo",2021-03-01,416,772,FALSE
"Kansas City, MO","kansas city, mo",2021-04-01,297,708.5,FALSE
"Kansas City, MO","kansas city, mo",2021-05-01,352,769,FALSE
"Kansas City, MO","kansas city, mo",2021-06-01,515,769.5,FALSE
"Kansas City, MO","kansas city, mo",2021-07-01,401,752.5,FALSE
"Kansas City, MO","kansas city, mo",2021-08-01,424,776.5,FALSE
"Kansas City, MO","kansas city, mo",2021-09-01,652,577,FALSE
"Kansas City, MO","kansas city, mo",2021-10-01,644,850.5,FALSE
"Kansas City, MO","kansas city, mo",2021-11-01,447,710.5,FALSE
"Kansas City, MO","kansas city, mo",2021-12-01,364,558.5,FALSE
"Kansas City, MO","kansas city, mo",2022-01-01,601,804.5,FALSE
"Kansas City, MO","kansas city, mo",2022-02-01,620,814,FALSE
"Kansas City, MO","kansas city, mo",2022-03-01,612,772,FALSE
"Kansas City, MO","kansas city, mo",2022-04-01,632,708.5,FALSE
"Kansas City, MO","kansas city, mo",2022-05-01,584,769,FALSE
"Kansas City, MO","kansas city, mo",2022-06-01,696,769.5,FALSE
"Kansas City, MO","kansas city, mo",2022-07-01,760,752.5,FALSE
"Kansas City, MO","kansas city, mo",2022-08-01,843,776.5,FALSE
"Kansas City, MO","kansas city, mo",2022-09-01,768,577,FALSE
"Kansas City, MO","kansas city, mo",2022-10-01,882,850.5,FALSE
"Kansas City, MO","kansas city, mo",2022-11-01,780,710.5,FALSE
"Kansas City, MO","kansas city, mo",2022-12-01,483,558.5,FALSE
"Kansas City, MO","kansas city, mo",2023-01-01,798,804.5,FALSE
"Kansas City, MO","kansas city, mo",2023-02-01,871,814,FALSE
"Kansas City, MO","kansas city, mo",2023-03-01,845,772,FALSE
"Kansas City, MO","kansas city, mo",2023-04-01,821,708.5,FALSE
"Kansas City, MO","kansas city, mo",2023-05-01,754,769,FALSE
"Kansas City, MO","kansas city, mo",2023-06-01,961,769.5,FALSE
"Kansas City, MO","kansas city, mo",2023-07-01,704,752.5,FALSE
"Kansas City, MO","kansas city, mo",2023-08-01,788,776.5,FALSE
"Kansas City, MO","kansas city, mo",2023-09-01,395,577,FALSE
"Kansas City, MO","kansas city, mo",2023-10-01,971,850.5,FALSE
"Kansas City, MO","kansas city, mo",2023-11-01,766,710.5,FALSE
"Kansas City, MO","kansas city, mo",2023-12-01,379,558.5,FALSE
"Kansas City, MO","kansas city, mo",2024-01-01,811,804.5,FALSE
"Kansas City, MO","kansas city, mo",2024-02-01,789,830,FALSE
"Kansas City, MO","kansas city, mo",2024-03-01,699,772,FALSE
"Kansas City, MO","kansas city, mo",2024-04-01,596,708.5,FALSE
"Kansas City, MO","kansas city, mo",2024-05-01,784,769,FALSE
"Kansas City, MO","kansas city, mo",2024-06-01,578,769.5,FALSE
"Kansas City, MO","kansas city, mo",2024-07-01,801,752.5,FALSE
"Kansas City, MO","kansas city, mo",2024-08-01,765,776.5,FALSE
"Kansas City, MO","kansas city, mo",2024-09-01,759,577,FALSE
"Kansas City, MO","kansas city, mo",2024-10-01,730,850.5,FALSE
"Kansas City, MO","kansas city, mo",2024-11-01,655,710.5,FALSE
"Kansas City, MO","kansas city, mo",2024-12-01,738,558.5,FALSE
"Kansas City, MO","kansas city, mo",2025-01-01,730,804.5,FALSE
"Kansas City, MO","kansas city, mo",2025-02-01,670,814,FALSE
"Kansas City, MO","kansas city, mo",2025-03-01,657,772,FALSE
"Kansas City, MO","kansas city, mo",2025-04-01,745,708.5,FALSE
"Kansas City, MO","kansas city, mo",2025-05-01,730,769,FALSE
"Kansas City, MO","kansas city, mo",2025-06-01,681,769.5,FALSE
"Kansas City, MO","kansas city, mo",2025-07-01,868,752.5,FALSE
"Kansas City, MO","kansas city, mo",2025-08-01,892,776.5,FALSE
"Kansas City, MO","kansas city, mo",2025-09-01,760,577,FALSE
"Kansas City, MO","kansas city, mo",2025-10-01,84,92.5,FALSE
KANSASCITY,kansascity,2012-01-01,1629,NA,FALSE
KANSASCITY,kansascity,2012-02-01,1257,NA,FALSE
KANSASCITY,kansascity,2012-03-01,1526,NA,FALSE
KANSASCITY,kansascity,2012-04-01,1476,NA,FALSE
KANSASCITY,kansascity,2012-05-01,1750,NA,FALSE
KANSASCITY,kansascity,2012-06-01,1934,NA,FALSE
KANSASCITY,kansascity,2012-07-01,1863,NA,FALSE
KANSASCITY,kansascity,2012-08-01,1939,NA,FALSE
KANSASCITY,kansascity,2012-09-01,1799,NA,FALSE
KANSASCITY,kansascity,2012-10-01,1637,NA,FALSE
KANSASCITY,kansascity,2012-11-01,1428,NA,FALSE
KANSASCITY,kansascity,2012-12-01,1464,NA,FALSE
KANSASCITY,kansascity,2013-01-01,1469,NA,FALSE
KANSASCITY,kansascity,2013-02-01,1299,NA,FALSE
KANSASCITY,kansascity,2013-03-01,1345,NA,FALSE
KANSASCITY,kansascity,2013-04-01,1598,NA,FALSE
KANSASCITY,kansascity,2013-05-01,1703,NA,FALSE
KANSASCITY,kansascity,2013-06-01,1711,NA,FALSE
KANSASCITY,kansascity,2013-07-01,1802,NA,FALSE
KANSASCITY,kansascity,2013-08-01,1239,NA,FALSE
KANSASCITY,kansascity,2013-09-01,1501,NA,FALSE
KANSASCITY,kansascity,2013-10-01,1665,NA,FALSE
KANSASCITY,kansascity,2013-11-01,1191,NA,FALSE
KANSASCITY,kansascity,2013-12-01,1223,NA,FALSE
KANSASCITY,kansascity,2014-01-01,1569,NA,FALSE
KANSASCITY,kansascity,2014-02-01,1225,NA,FALSE
KANSASCITY,kansascity,2014-03-01,1326,NA,FALSE
KANSASCITY,kansascity,2014-04-01,1289,NA,FALSE
KANSASCITY,kansascity,2014-05-01,1319,NA,FALSE
KANSASCITY,kansascity,2014-06-01,1352,NA,FALSE
KANSASCITY,kansascity,2014-07-01,1685,NA,FALSE
KANSASCITY,kansascity,2014-08-01,1647,NA,FALSE
KANSASCITY,kansascity,2014-09-01,1560,NA,FALSE
KANSASCITY,kansascity,2014-10-01,1603,NA,FALSE
KANSASCITY,kansascity,2014-11-01,1206,NA,FALSE
KANSASCITY,kansascity,2014-12-01,1233,NA,FALSE
KANSASCITY,kansascity,2015-01-01,1784,NA,FALSE
KANSASCITY,kansascity,2015-02-01,1320,NA,FALSE
KANSASCITY,kansascity,2015-03-01,824,NA,FALSE
KANSASCITY,kansascity,2015-04-01,1238,NA,FALSE
KANSASCITY,kansascity,2015-05-01,1283,NA,FALSE
KANSASCITY,kansascity,2015-06-01,1536,NA,FALSE
KANSASCITY,kansascity,2015-07-01,1610,NA,FALSE
KANSASCITY,kansascity,2015-08-01,1722,NA,FALSE
KANSASCITY,kansascity,2015-09-01,1774,NA,FALSE
KANSASCITY,kansascity,2015-10-01,1544,NA,FALSE
KANSASCITY,kansascity,2015-11-01,1485,NA,FALSE
KANSASCITY,kansascity,2015-12-01,1852,NA,FALSE
"Las Vegas, NV","las vegas, nv",2020-01-01,3036,5111,FALSE
"Las Vegas, NV","las vegas, nv",2020-02-01,2993,4249.5,FALSE
"Las Vegas, NV","las vegas, nv",2020-03-01,1159,3875,FALSE
"Las Vegas, NV","las vegas, nv",2020-04-01,66,3996.5,FALSE
"Las Vegas, NV","las vegas, nv",2020-05-01,115,4775.5,FALSE
"Las Vegas, NV","las vegas, nv",2020-06-01,157,4672,FALSE
"Las Vegas, NV","las vegas, nv",2020-07-01,255,4961.5,FALSE
"Las Vegas, NV","las vegas, nv",2020-08-01,565,4906,FALSE
"Las Vegas, NV","las vegas, nv",2020-09-01,825,4528,FALSE
"Las Vegas, NV","las vegas, nv",2020-10-01,3309,3985,FALSE
"Las Vegas, NV","las vegas, nv",2020-11-01,5016,3916.5,FALSE
"Las Vegas, NV","las vegas, nv",2020-12-01,2751,4057,FALSE
"Las Vegas, NV","las vegas, nv",2021-01-01,1832,5111,FALSE
"Las Vegas, NV","las vegas, nv",2021-02-01,2107,4186,FALSE
"Las Vegas, NV","las vegas, nv",2021-03-01,2759,3875,FALSE
"Las Vegas, NV","las vegas, nv",2021-04-01,2087,3996.5,FALSE
"Las Vegas, NV","las vegas, nv",2021-05-01,1996,4775.5,FALSE
"Las Vegas, NV","las vegas, nv",2021-06-01,4278,4672,FALSE
"Las Vegas, NV","las vegas, nv",2021-07-01,3489,4961.5,FALSE
"Las Vegas, NV","las vegas, nv",2021-08-01,3587,4906,FALSE
"Las Vegas, NV","las vegas, nv",2021-09-01,3807,4528,FALSE
"Las Vegas, NV","las vegas, nv",2021-10-01,4255,3985,FALSE
"Las Vegas, NV","las vegas, nv",2021-11-01,3852,3916.5,FALSE
"Las Vegas, NV","las vegas, nv",2021-12-01,4018,4057,FALSE
"Las Vegas, NV","las vegas, nv",2022-01-01,4257,5111,FALSE
"Las Vegas, NV","las vegas, nv",2022-02-01,4490,4186,FALSE
"Las Vegas, NV","las vegas, nv",2022-03-01,4508,3875,FALSE
"Las Vegas, NV","las vegas, nv",2022-04-01,4017,3996.5,FALSE
"Las Vegas, NV","las vegas, nv",2022-05-01,3845,4775.5,FALSE
"Las Vegas, NV","las vegas, nv",2022-06-01,5072,4672,FALSE
"Las Vegas, NV","las vegas, nv",2022-07-01,5115,4961.5,FALSE
"Las Vegas, NV","las vegas, nv",2022-08-01,5549,4906,FALSE
"Las Vegas, NV","las vegas, nv",2022-09-01,5276,4528,FALSE
"Las Vegas, NV","las vegas, nv",2022-10-01,4927,3985,FALSE
"Las Vegas, NV","las vegas, nv",2022-11-01,4833,3916.5,FALSE
"Las Vegas, NV","las vegas, nv",2022-12-01,5456,4057,FALSE
"Las Vegas, NV","las vegas, nv",2023-01-01,5476,5111,FALSE
"Las Vegas, NV","las vegas, nv",2023-02-01,4413,4186,FALSE
"Las Vegas, NV","las vegas, nv",2023-03-01,4441,3875,FALSE
"Las Vegas, NV","las vegas, nv",2023-04-01,4133,3996.5,FALSE
"Las Vegas, NV","las vegas, nv",2023-05-01,5574,4775.5,FALSE
"Las Vegas, NV","las vegas, nv",2023-06-01,5303,4672,FALSE
"Las Vegas, NV","las vegas, nv",2023-07-01,4940,4961.5,FALSE
"Las Vegas, NV","las vegas, nv",2023-08-01,5223,4906,FALSE
"Las Vegas, NV","las vegas, nv",2023-09-01,4627,4528,FALSE
"Las Vegas, NV","las vegas, nv",2023-10-01,4739,3985,FALSE
"Las Vegas, NV","las vegas, nv",2023-11-01,4223,3916.5,FALSE
"Las Vegas, NV","las vegas, nv",2023-12-01,4014,4057,FALSE
"Las Vegas, NV","las vegas, nv",2024-01-01,4746,5111,FALSE
"Las Vegas, NV","las vegas, nv",2024-02-01,4086,4249.5,FALSE
"Las Vegas, NV","las vegas, nv",2024-03-01,3309,3875,FALSE
"Las Vegas, NV","las vegas, nv",2024-04-01,3860,3996.5,FALSE
"Las Vegas, NV","las vegas, nv",2024-05-01,3977,4775.5,FALSE
"Las Vegas, NV","las vegas, nv",2024-06-01,4041,4672,FALSE
"Las Vegas, NV","las vegas, nv",2024-07-01,4983,4961.5,FALSE
"Las Vegas, NV","las vegas, nv",2024-08-01,4589,4906,FALSE
"Las Vegas, NV","las vegas, nv",2024-09-01,4429,4528,FALSE
"Las Vegas, NV","las vegas, nv",2024-10-01,3231,3985,FALSE
"Las Vegas, NV","las vegas, nv",2024-11-01,3610,3916.5,FALSE
"Las Vegas, NV","las vegas, nv",2024-12-01,4100,4057,FALSE
"Las Vegas, NV","las vegas, nv",2025-01-01,3911,5111,FALSE
"Las Vegas, NV","las vegas, nv",2025-02-01,3377,4186,FALSE
"Las Vegas, NV","las vegas, nv",2025-03-01,3394,3875,FALSE
"Las Vegas, NV","las vegas, nv",2025-04-01,3428,3996.5,FALSE
"Las Vegas, NV","las vegas, nv",2025-05-01,3779,4775.5,FALSE
"Las Vegas, NV","las vegas, nv",2025-06-01,3871,4672,FALSE
"Las Vegas, NV","las vegas, nv",2025-07-01,4244,4961.5,FALSE
"Las Vegas, NV","las vegas, nv",2025-08-01,3973,4906,FALSE
"Las Vegas, NV","las vegas, nv",2025-09-01,3363,4528,FALSE
"Las Vegas, NV","las vegas, nv",2025-10-01,3710,3985,FALSE
"Las Vegas, NV","las vegas, nv",2025-11-01,0,674.5,FALSE
LASVEGAS,lasvegas,2016-01-01,2905,NA,FALSE
LASVEGAS,lasvegas,2016-02-01,2504,NA,FALSE
LASVEGAS,lasvegas,2016-03-01,2512,NA,FALSE
LASVEGAS,lasvegas,2016-04-01,2688,NA,FALSE
LASVEGAS,lasvegas,2016-05-01,3046,NA,FALSE
LASVEGAS,lasvegas,2016-06-01,3258,NA,FALSE
LASVEGAS,lasvegas,2016-07-01,3210,NA,FALSE
LASVEGAS,lasvegas,2016-08-01,3335,NA,FALSE
LASVEGAS,lasvegas,2016-09-01,3314,NA,FALSE
LASVEGAS,lasvegas,2016-10-01,3091,NA,FALSE
LASVEGAS,lasvegas,2016-11-01,2887,NA,FALSE
LASVEGAS,lasvegas,2016-12-01,2997,NA,FALSE
LASVEGAS,lasvegas,2017-01-01,3332,NA,FALSE
LASVEGAS,lasvegas,2017-02-01,2969,NA,FALSE
LASVEGAS,lasvegas,2017-03-01,2689,NA,FALSE
LASVEGAS,lasvegas,2017-04-01,2893,NA,FALSE
LASVEGAS,lasvegas,2017-05-01,3207,NA,FALSE
LASVEGAS,lasvegas,2017-06-01,3280,NA,FALSE
LASVEGAS,lasvegas,2017-07-01,3327,NA,FALSE
LASVEGAS,lasvegas,2017-08-01,3520,NA,FALSE
LASVEGAS,lasvegas,2017-09-01,3344,NA,FALSE
LASVEGAS,lasvegas,2017-10-01,3266,NA,FALSE
LASVEGAS,lasvegas,2017-11-01,3177,NA,FALSE
LASVEGAS,lasvegas,2017-12-01,3050,NA,FALSE
LASVEGAS,lasvegas,2018-01-01,3419,NA,FALSE
LASVEGAS,lasvegas,2018-02-01,2718,NA,FALSE
LASVEGAS,lasvegas,2018-03-01,2607,NA,FALSE
LASVEGAS,lasvegas,2018-04-01,2830,NA,FALSE
LASVEGAS,lasvegas,2018-05-01,3054,NA,FALSE
LASVEGAS,lasvegas,2018-06-01,3284,NA,FALSE
LASVEGAS,lasvegas,2018-07-01,3361,NA,FALSE
LASVEGAS,lasvegas,2018-08-01,3366,NA,FALSE
LASVEGAS,lasvegas,2018-09-01,3308,NA,FALSE
LASVEGAS,lasvegas,2018-10-01,3378,NA,FALSE
LASVEGAS,lasvegas,2018-11-01,3280,NA,FALSE
LASVEGAS,lasvegas,2018-12-01,2924,NA,FALSE
LASVEGAS,lasvegas,2019-01-01,3364,NA,FALSE
LASVEGAS,lasvegas,2019-02-01,2966,NA,FALSE
LASVEGAS,lasvegas,2019-03-01,2685,NA,FALSE
LASVEGAS,lasvegas,2019-04-01,2784,NA,FALSE
LASVEGAS,lasvegas,2019-05-01,3100,NA,FALSE
LASVEGAS,lasvegas,2019-06-01,3071,NA,FALSE
LASVEGAS,lasvegas,2019-07-01,2358,NA,FALSE
LASVEGAS,lasvegas,2019-08-01,2909,NA,FALSE
LASVEGAS,lasvegas,2019-09-01,2761,NA,FALSE
LASVEGAS,lasvegas,2019-10-01,3007,NA,FALSE
LASVEGAS,lasvegas,2019-11-01,2721,NA,FALSE
LASVEGAS,lasvegas,2019-12-01,3038,NA,FALSE
MEMPHIS,memphis,2016-01-01,2312,NA,FALSE
MEMPHIS,memphis,2016-02-01,1967,NA,FALSE
MEMPHIS,memphis,2016-03-01,1621,NA,FALSE
MEMPHIS,memphis,2016-04-01,1886,NA,FALSE
MEMPHIS,memphis,2016-05-01,2304,NA,FALSE
MEMPHIS,memphis,2016-06-01,2567,NA,FALSE
MEMPHIS,memphis,2016-07-01,2440,NA,FALSE
MEMPHIS,memphis,2016-08-01,2725,NA,FALSE
MEMPHIS,memphis,2016-09-01,2425,NA,FALSE
MEMPHIS,memphis,2016-10-01,2288,NA,FALSE
MEMPHIS,memphis,2016-11-01,2011,NA,FALSE
MEMPHIS,memphis,2016-12-01,2101,NA,FALSE
MEMPHIS,memphis,2017-01-01,2304,NA,FALSE
MEMPHIS,memphis,2017-02-01,2271,NA,FALSE
MEMPHIS,memphis,2017-03-01,1936,NA,FALSE
MEMPHIS,memphis,2017-04-01,1910,NA,FALSE
MEMPHIS,memphis,2017-05-01,2159,NA,FALSE
MEMPHIS,memphis,2017-06-01,2419,NA,FALSE
MEMPHIS,memphis,2017-07-01,2399,NA,FALSE
MEMPHIS,memphis,2017-08-01,2786,NA,FALSE
MEMPHIS,memphis,2017-09-01,2298,NA,FALSE
MEMPHIS,memphis,2017-10-01,2454,NA,FALSE
MEMPHIS,memphis,2017-11-01,2238,NA,FALSE
MEMPHIS,memphis,2017-12-01,1897,NA,FALSE
MEMPHIS,memphis,2018-01-01,2662,NA,FALSE
MEMPHIS,memphis,2018-02-01,2167,NA,FALSE
MEMPHIS,memphis,2018-03-01,1767,NA,FALSE
MEMPHIS,memphis,2018-04-01,2158,NA,FALSE
MEMPHIS,memphis,2018-05-01,2383,NA,FALSE
MEMPHIS,memphis,2018-06-01,2471,NA,FALSE
MEMPHIS,memphis,2018-07-01,2398,NA,FALSE
MEMPHIS,memphis,2018-08-01,2626,NA,FALSE
MEMPHIS,memphis,2018-09-01,2409,NA,FALSE
MEMPHIS,memphis,2018-10-01,2448,NA,FALSE
MEMPHIS,memphis,2018-11-01,2269,NA,FALSE
MEMPHIS,memphis,2018-12-01,1851,NA,FALSE
MEMPHIS,memphis,2019-01-01,2555,NA,FALSE
MEMPHIS,memphis,2019-02-01,2096,NA,FALSE
MEMPHIS,memphis,2019-03-01,1680,NA,FALSE
MEMPHIS,memphis,2019-04-01,1862,NA,FALSE
MEMPHIS,memphis,2019-05-01,2378,NA,FALSE
MEMPHIS,memphis,2019-06-01,2159,NA,FALSE
MEMPHIS,memphis,2019-07-01,2865,NA,FALSE
MEMPHIS,memphis,2019-08-01,2401,NA,FALSE
MEMPHIS,memphis,2019-09-01,2295,NA,FALSE
MEMPHIS,memphis,2019-10-01,2308,NA,FALSE
MEMPHIS,memphis,2019-11-01,1877,NA,FALSE
MEMPHIS,memphis,2019-12-01,1990,NA,FALSE
"Memphis, TN","memphis, tn",2020-01-01,2504,2593.5,FALSE
"Memphis, TN","memphis, tn",2020-02-01,2147,2633,FALSE
"Memphis, TN","memphis, tn",2020-03-01,1228,2057.5,FALSE
"Memphis, TN","memphis, tn",2020-04-01,353,2202,FALSE
"Memphis, TN","memphis, tn",2020-05-01,667,2574,FALSE
"Memphis, TN","memphis, tn",2020-06-01,1048,2604.5,FALSE
"Memphis, TN","memphis, tn",2020-07-01,1189,2733,FALSE
"Memphis, TN","memphis, tn",2020-08-01,1205,2737,FALSE
"Memphis, TN","memphis, tn",2020-09-01,1452,2774,FALSE
"Memphis, TN","memphis, tn",2020-10-01,1626,2715,FALSE
"Memphis, TN","memphis, tn",2020-11-01,1379,2355,FALSE
"Memphis, TN","memphis, tn",2020-12-01,1409,1943.5,FALSE
"Memphis, TN","memphis, tn",2021-01-01,822,2593.5,FALSE
"Memphis, TN","memphis, tn",2021-02-01,673,2596,FALSE
"Memphis, TN","memphis, tn",2021-03-01,1417,2057.5,FALSE
"Memphis, TN","memphis, tn",2021-04-01,1312,2202,FALSE
"Memphis, TN","memphis, tn",2021-05-01,1146,2574,FALSE
"Memphis, TN","memphis, tn",2021-06-01,1279,2604.5,FALSE
"Memphis, TN","memphis, tn",2021-07-01,1254,2733,FALSE
"Memphis, TN","memphis, tn",2021-08-01,1496,2737,FALSE
"Memphis, TN","memphis, tn",2021-09-01,1799,2774,FALSE
"Memphis, TN","memphis, tn",2021-10-01,1717,2715,FALSE
"Memphis, TN","memphis, tn",2021-11-01,1522,2355,FALSE
"Memphis, TN","memphis, tn",2021-12-01,1601,1943.5,FALSE
"Memphis, TN","memphis, tn",2022-01-01,1986,2593.5,FALSE
"Memphis, TN","memphis, tn",2022-02-01,1777,2596,FALSE
"Memphis, TN","memphis, tn",2022-03-01,1911,2057.5,FALSE
"Memphis, TN","memphis, tn",2022-04-01,1719,2202,FALSE
"Memphis, TN","memphis, tn",2022-05-01,2194,2574,FALSE
"Memphis, TN","memphis, tn",2022-06-01,2379,2604.5,FALSE
"Memphis, TN","memphis, tn",2022-07-01,2584,2733,FALSE
"Memphis, TN","memphis, tn",2022-08-01,2558,2737,FALSE
"Memphis, TN","memphis, tn",2022-09-01,2564,2774,FALSE
"Memphis, TN","memphis, tn",2022-10-01,2683,2715,FALSE
"Memphis, TN","memphis, tn",2022-11-01,2462,2355,FALSE
"Memphis, TN","memphis, tn",2022-12-01,2302,1943.5,FALSE
"Memphis, TN","memphis, tn",2023-01-01,2715,2593.5,FALSE
"Memphis, TN","memphis, tn",2023-02-01,2634,2596,FALSE
"Memphis, TN","memphis, tn",2023-03-01,2279,2057.5,FALSE
"Memphis, TN","memphis, tn",2023-04-01,2073,2202,FALSE
"Memphis, TN","memphis, tn",2023-05-01,2511,2574,FALSE
"Memphis, TN","memphis, tn",2023-06-01,2728,2604.5,FALSE
"Memphis, TN","memphis, tn",2023-07-01,2499,2733,FALSE
"Memphis, TN","memphis, tn",2023-08-01,2801,2737,FALSE
"Memphis, TN","memphis, tn",2023-09-01,2757,2774,FALSE
"Memphis, TN","memphis, tn",2023-10-01,3040,2715,FALSE
"Memphis, TN","memphis, tn",2023-11-01,2486,2355,FALSE
"Memphis, TN","memphis, tn",2023-12-01,2119,1943.5,FALSE
"Memphis, TN","memphis, tn",2024-01-01,2472,2593.5,FALSE
"Memphis, TN","memphis, tn",2024-02-01,2632,2633,FALSE
"Memphis, TN","memphis, tn",2024-03-01,1836,2057.5,FALSE
"Memphis, TN","memphis, tn",2024-04-01,2428,2202,FALSE
"Memphis, TN","memphis, tn",2024-05-01,2637,2574,FALSE
"Memphis, TN","memphis, tn",2024-06-01,2481,2604.5,FALSE
"Memphis, TN","memphis, tn",2024-07-01,2967,2733,FALSE
"Memphis, TN","memphis, tn",2024-08-01,2674,2737,FALSE
"Memphis, TN","memphis, tn",2024-09-01,2791,2774,FALSE
"Memphis, TN","memphis, tn",2024-10-01,2547,2715,FALSE
"Memphis, TN","memphis, tn",2024-11-01,2224,2355,FALSE
"Memphis, TN","memphis, tn",2024-12-01,1850,1943.5,FALSE
"Memphis, TN","memphis, tn",2025-01-01,1738,2593.5,FALSE
"Memphis, TN","memphis, tn",2025-02-01,2108,2596,FALSE
"Memphis, TN","memphis, tn",2025-03-01,1592,2057.5,FALSE
"Memphis, TN","memphis, tn",2025-04-01,1577,2202,FALSE
"Memphis, TN","memphis, tn",2025-05-01,1850,2574,FALSE
"Memphis, TN","memphis, tn",2025-06-01,2135,2604.5,FALSE
"Memphis, TN","memphis, tn",2025-07-01,2609,2733,FALSE
"Memphis, TN","memphis, tn",2025-08-01,1941,2737,FALSE
"Memphis, TN","memphis, tn",2025-09-01,1715,2774,FALSE
"Memphis, TN","memphis, tn",2025-10-01,682,1478,FALSE
MIAMI,miami,2012-01-01,2160,NA,FALSE
MIAMI,miami,2012-02-01,1679,NA,FALSE
MIAMI,miami,2012-03-01,1689,NA,FALSE
MIAMI,miami,2012-04-01,1683,NA,FALSE
MIAMI,miami,2012-05-01,1995,NA,FALSE
MIAMI,miami,2012-06-01,2049,NA,FALSE
MIAMI,miami,2012-07-01,2190,NA,FALSE
MIAMI,miami,2012-08-01,2212,NA,FALSE
MIAMI,miami,2012-09-01,2073,NA,FALSE
MIAMI,miami,2012-10-01,2159,NA,FALSE
MIAMI,miami,2012-11-01,1916,NA,FALSE
MIAMI,miami,2012-12-01,1832,NA,FALSE
MIAMI,miami,2013-01-01,2197,NA,FALSE
MIAMI,miami,2013-02-01,1822,NA,FALSE
MIAMI,miami,2013-03-01,1624,NA,FALSE
MIAMI,miami,2013-04-01,1653,NA,FALSE
MIAMI,miami,2013-05-01,1850,NA,FALSE
MIAMI,miami,2013-06-01,1914,NA,FALSE
MIAMI,miami,2013-07-01,2316,NA,FALSE
MIAMI,miami,2013-08-01,2154,NA,FALSE
MIAMI,miami,2013-09-01,1933,NA,FALSE
MIAMI,miami,2013-10-01,2180,NA,FALSE
MIAMI,miami,2013-11-01,1813,NA,FALSE
MIAMI,miami,2013-12-01,1779,NA,FALSE
MIAMI,miami,2014-01-01,2137,NA,FALSE
MIAMI,miami,2014-02-01,1582,NA,FALSE
MIAMI,miami,2014-03-01,1400,NA,FALSE
MIAMI,miami,2014-04-01,1494,NA,FALSE
MIAMI,miami,2014-05-01,1725,NA,FALSE
MIAMI,miami,2014-06-01,1913,NA,FALSE
MIAMI,miami,2014-07-01,2104,NA,FALSE
MIAMI,miami,2014-08-01,1904,NA,FALSE
MIAMI,miami,2014-09-01,1971,NA,FALSE
MIAMI,miami,2014-10-01,2011,NA,FALSE
MIAMI,miami,2014-11-01,1478,NA,FALSE
MIAMI,miami,2014-12-01,1724,NA,FALSE
MIAMI,miami,2015-01-01,1739,NA,FALSE
MIAMI,miami,2015-02-01,1438,NA,FALSE
MIAMI,miami,2015-03-01,1474,NA,FALSE
MIAMI,miami,2015-04-01,1493,NA,FALSE
MIAMI,miami,2015-05-01,1501,NA,FALSE
MIAMI,miami,2015-06-01,1788,NA,FALSE
MIAMI,miami,2015-07-01,1836,NA,FALSE
MIAMI,miami,2015-08-01,1750,NA,FALSE
MIAMI,miami,2015-09-01,1755,NA,FALSE
MIAMI,miami,2015-10-01,1845,NA,FALSE
MIAMI,miami,2015-11-01,1414,NA,FALSE
MIAMI,miami,2015-12-01,1647,NA,FALSE
MIAMI,miami,2016-01-01,1606,NA,FALSE
MIAMI,miami,2016-02-01,1513,NA,FALSE
MIAMI,miami,2016-03-01,1432,NA,FALSE
MIAMI,miami,2016-04-01,1368,NA,FALSE
MIAMI,miami,2016-05-01,1520,NA,FALSE
MIAMI,miami,2016-06-01,1635,NA,FALSE
MIAMI,miami,2016-07-01,1622,NA,FALSE
MIAMI,miami,2016-08-01,1761,NA,FALSE
MIAMI,miami,2016-09-01,1605,NA,FALSE
MIAMI,miami,2016-10-01,1579,NA,FALSE
MIAMI,miami,2016-11-01,1504,NA,FALSE
MIAMI,miami,2016-12-01,1538,NA,FALSE
MIAMI,miami,2017-01-01,1661,NA,FALSE
MIAMI,miami,2017-02-01,1384,NA,FALSE
MIAMI,miami,2017-03-01,1351,NA,FALSE
MIAMI,miami,2017-04-01,1175,NA,FALSE
MIAMI,miami,2017-05-01,1426,NA,FALSE
MIAMI,miami,2017-06-01,1558,NA,FALSE
MIAMI,miami,2017-07-01,1511,NA,FALSE
MIAMI,miami,2017-08-01,1600,NA,FALSE
MIAMI,miami,2017-09-01,1030,NA,FALSE
MIAMI,miami,2017-10-01,1916,NA,FALSE
MIAMI,miami,2017-11-01,1551,NA,FALSE
MIAMI,miami,2017-12-01,1461,NA,FALSE
MIAMI,miami,2018-01-01,1560,NA,FALSE
MIAMI,miami,2018-02-01,1328,NA,FALSE
MIAMI,miami,2018-03-01,1214,NA,FALSE
MIAMI,miami,2018-04-01,1191,NA,FALSE
MIAMI,miami,2018-05-01,1401,NA,FALSE
MIAMI,miami,2018-06-01,1444,NA,FALSE
MIAMI,miami,2018-07-01,1445,NA,FALSE
MIAMI,miami,2018-08-01,1576,NA,FALSE
MIAMI,miami,2018-09-01,1366,NA,FALSE
MIAMI,miami,2018-10-01,1478,NA,FALSE
MIAMI,miami,2018-11-01,1315,NA,FALSE
MIAMI,miami,2018-12-01,1167,NA,FALSE
MIAMI,miami,2019-01-01,1566,NA,FALSE
MIAMI,miami,2019-02-01,1289,NA,FALSE
MIAMI,miami,2019-03-01,1209,NA,FALSE
MIAMI,miami,2019-04-01,1156,NA,FALSE
MIAMI,miami,2019-05-01,1316,NA,FALSE
MIAMI,miami,2019-06-01,1365,NA,FALSE
MIAMI,miami,2019-07-01,1549,NA,FALSE
MIAMI,miami,2019-08-01,1593,NA,FALSE
MIAMI,miami,2019-09-01,1405,NA,FALSE
MIAMI,miami,2019-10-01,1546,NA,FALSE
MIAMI,miami,2019-11-01,1258,NA,FALSE
MIAMI,miami,2019-12-01,1336,NA,FALSE
Miami,miami,2020-01-01,1497,1918.5,FALSE
Miami,miami,2020-02-01,1252,1597.5,FALSE
Miami,miami,2020-03-01,730,1585.5,FALSE
Miami,miami,2020-04-01,118,1426,FALSE
Miami,miami,2020-05-01,185,1496,FALSE
Miami,miami,2020-06-01,239,1574.5,FALSE
Miami,miami,2020-07-01,186,1734,FALSE
Miami,miami,2020-08-01,1094,1701.5,FALSE
Miami,miami,2020-09-01,1200,1580,FALSE
Miami,miami,2020-10-01,700,1554.5,FALSE
Miami,miami,2020-11-01,100,1410,FALSE
Miami,miami,2020-12-01,382,1457,FALSE
Miami,miami,2021-01-01,904,1918.5,FALSE
Miami,miami,2021-02-01,877,1570.5,FALSE
Miami,miami,2021-03-01,835,1585.5,FALSE
Miami,miami,2021-04-01,882,1426,FALSE
Miami,miami,2021-05-01,785,1496,FALSE
Miami,miami,2021-06-01,1048,1574.5,FALSE
Miami,miami,2021-07-01,1077,1734,FALSE
Miami,miami,2021-08-01,1121,1701.5,FALSE
Miami,miami,2021-09-01,1244,1580,FALSE
Miami,miami,2021-10-01,1296,1554.5,FALSE
Miami,miami,2021-11-01,1309,1410,FALSE
Miami,miami,2021-12-01,1404,1457,FALSE
Miami,miami,2022-01-01,1463,1918.5,FALSE
Miami,miami,2022-02-01,1381,1570.5,FALSE
Miami,miami,2022-03-01,1580,1585.5,FALSE
Miami,miami,2022-04-01,1374,1426,FALSE
Miami,miami,2022-05-01,1481,1496,FALSE
Miami,miami,2022-06-01,1549,1574.5,FALSE
Miami,miami,2022-07-01,1640,1734,FALSE
Miami,miami,2022-08-01,1915,1701.5,FALSE
Miami,miami,2022-09-01,1729,1580,FALSE
Miami,miami,2022-10-01,1837,1554.5,FALSE
Miami,miami,2022-11-01,1592,1410,FALSE
Miami,miami,2022-12-01,1850,1457,FALSE
Miami,miami,2023-01-01,1895,1918.5,FALSE
Miami,miami,2023-02-01,1619,1570.5,FALSE
Miami,miami,2023-03-01,1767,1585.5,FALSE
Miami,miami,2023-04-01,1476,1426,FALSE
Miami,miami,2023-05-01,1487,1496,FALSE
Miami,miami,2023-06-01,1753,1574.5,FALSE
Miami,miami,2023-07-01,1683,1734,FALSE
Miami,miami,2023-08-01,1751,1701.5,FALSE
Miami,miami,2023-09-01,1633,1580,FALSE
Miami,miami,2023-10-01,1622,1554.5,FALSE
Miami,miami,2023-11-01,1441,1410,FALSE
Miami,miami,2023-12-01,1513,1457,FALSE
Miami,miami,2024-01-01,1942,1918.5,FALSE
Miami,miami,2024-02-01,1576,1597.5,FALSE
Miami,miami,2024-03-01,1404,1585.5,FALSE
Miami,miami,2024-04-01,1376,1426,FALSE
Miami,miami,2024-05-01,1505,1496,FALSE
Miami,miami,2024-06-01,1396,1574.5,FALSE
Miami,miami,2024-07-01,1785,1734,FALSE
Miami,miami,2024-08-01,1652,1701.5,FALSE
Miami,miami,2024-09-01,1527,1580,FALSE
Miami,miami,2024-10-01,1487,1554.5,FALSE
Miami,miami,2024-11-01,1379,1410,FALSE
Miami,miami,2024-12-01,1401,1457,FALSE
Miami,miami,2025-01-01,1523,1918.5,FALSE
Miami,miami,2025-02-01,1361,1570.5,FALSE
Miami,miami,2025-03-01,1328,1585.5,FALSE
Miami,miami,2025-04-01,0,193.5,FALSE
MILWAUKEE,milwaukee,2012-01-01,1082,NA,FALSE
MILWAUKEE,milwaukee,2012-02-01,812,NA,FALSE
MILWAUKEE,milwaukee,2012-03-01,859,NA,FALSE
MILWAUKEE,milwaukee,2012-04-01,1008,NA,FALSE
MILWAUKEE,milwaukee,2012-05-01,1208,NA,FALSE
MILWAUKEE,milwaukee,2012-06-01,1190,NA,FALSE
MILWAUKEE,milwaukee,2012-07-01,1299,NA,FALSE
MILWAUKEE,milwaukee,2012-08-01,1395,NA,FALSE
MILWAUKEE,milwaukee,2012-09-01,1052,NA,FALSE
MILWAUKEE,milwaukee,2012-10-01,1038,NA,FALSE
MILWAUKEE,milwaukee,2012-11-01,964,NA,FALSE
MILWAUKEE,milwaukee,2012-12-01,845,NA,FALSE
MILWAUKEE,milwaukee,2013-01-01,1199,NA,FALSE
MILWAUKEE,milwaukee,2013-02-01,803,NA,FALSE
MILWAUKEE,milwaukee,2013-03-01,802,NA,FALSE
MILWAUKEE,milwaukee,2013-04-01,1057,NA,FALSE
MILWAUKEE,milwaukee,2013-05-01,1174,NA,FALSE
MILWAUKEE,milwaukee,2013-06-01,1203,NA,FALSE
MILWAUKEE,milwaukee,2013-07-01,1193,NA,FALSE
MILWAUKEE,milwaukee,2013-08-01,1357,NA,FALSE
MILWAUKEE,milwaukee,2013-09-01,1144,NA,FALSE
MILWAUKEE,milwaukee,2013-10-01,1185,NA,FALSE
MILWAUKEE,milwaukee,2013-11-01,910,NA,FALSE
MILWAUKEE,milwaukee,2013-12-01,961,NA,FALSE
MILWAUKEE,milwaukee,2014-01-01,1203,NA,FALSE
MILWAUKEE,milwaukee,2014-02-01,906,NA,FALSE
MILWAUKEE,milwaukee,2014-03-01,862,NA,FALSE
MILWAUKEE,milwaukee,2014-04-01,1034,NA,FALSE
MILWAUKEE,milwaukee,2014-05-01,1204,NA,FALSE
MILWAUKEE,milwaukee,2014-06-01,1272,NA,FALSE
MILWAUKEE,milwaukee,2014-07-01,1452,NA,FALSE
MILWAUKEE,milwaukee,2014-08-01,1154,NA,FALSE
MILWAUKEE,milwaukee,2014-09-01,1298,NA,FALSE
MILWAUKEE,milwaukee,2014-10-01,1312,NA,FALSE
MILWAUKEE,milwaukee,2014-11-01,963,NA,FALSE
MILWAUKEE,milwaukee,2014-12-01,1003,NA,FALSE
MILWAUKEE,milwaukee,2015-01-01,1070,NA,FALSE
MILWAUKEE,milwaukee,2015-02-01,838,NA,FALSE
MILWAUKEE,milwaukee,2015-03-01,912,NA,FALSE
MILWAUKEE,milwaukee,2015-04-01,1086,NA,FALSE
MILWAUKEE,milwaukee,2015-05-01,1139,NA,FALSE
MILWAUKEE,milwaukee,2015-06-01,1240,NA,FALSE
MILWAUKEE,milwaukee,2015-07-01,1251,NA,FALSE
MILWAUKEE,milwaukee,2015-08-01,1089,NA,FALSE
MILWAUKEE,milwaukee,2015-09-01,1233,NA,FALSE
MILWAUKEE,milwaukee,2015-10-01,1180,NA,FALSE
MILWAUKEE,milwaukee,2015-11-01,1041,NA,FALSE
MILWAUKEE,milwaukee,2015-12-01,1061,NA,FALSE
MILWAUKEE,milwaukee,2016-01-01,1656,NA,FALSE
MILWAUKEE,milwaukee,2016-02-01,1626,NA,FALSE
MILWAUKEE,milwaukee,2016-03-01,1638,NA,FALSE
MILWAUKEE,milwaukee,2016-04-01,2210,NA,FALSE
MILWAUKEE,milwaukee,2016-05-01,2400,NA,FALSE
MILWAUKEE,milwaukee,2016-06-01,2605,NA,FALSE
MILWAUKEE,milwaukee,2016-07-01,1933,NA,FALSE
MILWAUKEE,milwaukee,2016-08-01,2991,NA,FALSE
MILWAUKEE,milwaukee,2016-09-01,2715,NA,FALSE
MILWAUKEE,milwaukee,2016-10-01,1932,NA,FALSE
MILWAUKEE,milwaukee,2016-11-01,1743,NA,FALSE
MILWAUKEE,milwaukee,2016-12-01,1702,NA,FALSE
MILWAUKEE,milwaukee,2017-01-01,1125,NA,FALSE
MILWAUKEE,milwaukee,2017-02-01,860,NA,FALSE
MILWAUKEE,milwaukee,2017-03-01,999,NA,FALSE
MILWAUKEE,milwaukee,2017-04-01,942,NA,FALSE
MILWAUKEE,milwaukee,2017-05-01,1558,NA,FALSE
MILWAUKEE,milwaukee,2017-06-01,1354,NA,FALSE
MILWAUKEE,milwaukee,2017-07-01,1224,NA,FALSE
MILWAUKEE,milwaukee,2017-08-01,1520,NA,FALSE
MILWAUKEE,milwaukee,2017-09-01,1265,NA,FALSE
MILWAUKEE,milwaukee,2017-10-01,1073,NA,FALSE
MILWAUKEE,milwaukee,2017-11-01,1013,NA,FALSE
MILWAUKEE,milwaukee,2017-12-01,997,NA,FALSE
MILWAUKEE,milwaukee,2018-01-01,1246,NA,FALSE
MILWAUKEE,milwaukee,2018-02-01,1055,NA,FALSE
MILWAUKEE,milwaukee,2018-03-01,810,NA,FALSE
MILWAUKEE,milwaukee,2018-04-01,948,NA,FALSE
MILWAUKEE,milwaukee,2018-05-01,1101,NA,FALSE
MILWAUKEE,milwaukee,2018-06-01,1260,NA,FALSE
MILWAUKEE,milwaukee,2018-07-01,1289,NA,FALSE
MILWAUKEE,milwaukee,2018-08-01,1339,NA,FALSE
MILWAUKEE,milwaukee,2018-09-01,1149,NA,FALSE
MILWAUKEE,milwaukee,2018-10-01,1181,NA,FALSE
MILWAUKEE,milwaukee,2018-11-01,1014,NA,FALSE
MILWAUKEE,milwaukee,2018-12-01,1052,NA,FALSE
"Milwaukee, WI","milwaukee, wi",2020-01-01,1316,1308,FALSE
"Milwaukee, WI","milwaukee, wi",2020-02-01,1063,1002,FALSE
"Milwaukee, WI","milwaukee, wi",2020-03-01,430,989,FALSE
"Milwaukee, WI","milwaukee, wi",2020-04-01,15,1102.5,FALSE
"Milwaukee, WI","milwaukee, wi",2020-05-01,66,1195.5,FALSE
"Milwaukee, WI","milwaukee, wi",2020-06-01,1460,1229,FALSE
"Milwaukee, WI","milwaukee, wi",2020-07-01,1364,1309.5,FALSE
"Milwaukee, WI","milwaukee, wi",2020-08-01,847,1299.5,FALSE
"Milwaukee, WI","milwaukee, wi",2020-09-01,509,977.5,FALSE
"Milwaukee, WI","milwaukee, wi",2020-10-01,632,1158.5,FALSE
"Milwaukee, WI","milwaukee, wi",2020-11-01,523,905.5,FALSE
"Milwaukee, WI","milwaukee, wi",2020-12-01,692,858,FALSE
"Milwaukee, WI","milwaukee, wi",2021-01-01,586,1308,FALSE
"Milwaukee, WI","milwaukee, wi",2021-02-01,578,992,FALSE
"Milwaukee, WI","milwaukee, wi",2021-03-01,565,989,FALSE
"Milwaukee, WI","milwaukee, wi",2021-04-01,451,1102.5,FALSE
"Milwaukee, WI","milwaukee, wi",2021-05-01,482,1195.5,FALSE
"Milwaukee, WI","milwaukee, wi",2021-06-01,591,1229,FALSE
"Milwaukee, WI","milwaukee, wi",2021-07-01,618,1309.5,FALSE
"Milwaukee, WI","milwaukee, wi",2021-08-01,626,1299.5,FALSE
"Milwaukee, WI","milwaukee, wi",2021-09-01,895,977.5,FALSE
"Milwaukee, WI","milwaukee, wi",2021-10-01,962,1158.5,FALSE
"Milwaukee, WI","milwaukee, wi",2021-11-01,766,905.5,FALSE
"Milwaukee, WI","milwaukee, wi",2021-12-01,965,858,FALSE
"Milwaukee, WI","milwaukee, wi",2022-01-01,1342,1308,FALSE
"Milwaukee, WI","milwaukee, wi",2022-02-01,1489,992,FALSE
"Milwaukee, WI","milwaukee, wi",2022-03-01,1106,989,FALSE
"Milwaukee, WI","milwaukee, wi",2022-04-01,1045,1102.5,FALSE
"Milwaukee, WI","milwaukee, wi",2022-05-01,1138,1195.5,FALSE
"Milwaukee, WI","milwaukee, wi",2022-06-01,1171,1229,FALSE
"Milwaukee, WI","milwaukee, wi",2022-07-01,1019,1309.5,FALSE
"Milwaukee, WI","milwaukee, wi",2022-08-01,1237,1299.5,FALSE
"Milwaukee, WI","milwaukee, wi",2022-09-01,1121,977.5,FALSE
"Milwaukee, WI","milwaukee, wi",2022-10-01,1081,1158.5,FALSE
"Milwaukee, WI","milwaukee, wi",2022-11-01,1028,905.5,FALSE
"Milwaukee, WI","milwaukee, wi",2022-12-01,1024,858,FALSE
"Milwaukee, WI","milwaukee, wi",2023-01-01,1328,1308,FALSE
"Milwaukee, WI","milwaukee, wi",2023-02-01,858,992,FALSE
"Milwaukee, WI","milwaukee, wi",2023-03-01,1000,989,FALSE
"Milwaukee, WI","milwaukee, wi",2023-04-01,964,1102.5,FALSE
"Milwaukee, WI","milwaukee, wi",2023-05-01,1165,1195.5,FALSE
"Milwaukee, WI","milwaukee, wi",2023-06-01,1180,1229,FALSE
"Milwaukee, WI","milwaukee, wi",2023-07-01,1347,1309.5,FALSE
"Milwaukee, WI","milwaukee, wi",2023-08-01,1348,1299.5,FALSE
"Milwaukee, WI","milwaukee, wi",2023-09-01,1096,977.5,FALSE
"Milwaukee, WI","milwaukee, wi",2023-10-01,1370,1158.5,FALSE
"Milwaukee, WI","milwaukee, wi",2023-11-01,1141,905.5,FALSE
"Milwaukee, WI","milwaukee, wi",2023-12-01,1083,858,FALSE
"Milwaukee, WI","milwaukee, wi",2024-01-01,1293,1308,FALSE
"Milwaukee, WI","milwaukee, wi",2024-02-01,1149,1002,FALSE
"Milwaukee, WI","milwaukee, wi",2024-03-01,978,989,FALSE
"Milwaukee, WI","milwaukee, wi",2024-04-01,1242,1102.5,FALSE
"Milwaukee, WI","milwaukee, wi",2024-05-01,1227,1195.5,FALSE
"Milwaukee, WI","milwaukee, wi",2024-06-01,1280,1229,FALSE
"Milwaukee, WI","milwaukee, wi",2024-07-01,1272,1309.5,FALSE
"Milwaukee, WI","milwaukee, wi",2024-08-01,1254,1299.5,FALSE
"Milwaukee, WI","milwaukee, wi",2024-09-01,862,977.5,FALSE
"Milwaukee, WI","milwaukee, wi",2024-10-01,947,1158.5,FALSE
"Milwaukee, WI","milwaukee, wi",2024-11-01,673,905.5,FALSE
"Milwaukee, WI","milwaukee, wi",2024-12-01,710,858,FALSE
"Milwaukee, WI","milwaukee, wi",2025-01-01,856,1308,FALSE
"Milwaukee, WI","milwaukee, wi",2025-02-01,658,992,FALSE
"Milwaukee, WI","milwaukee, wi",2025-03-01,671,989,FALSE
"Milwaukee, WI","milwaukee, wi",2025-04-01,1057,1102.5,FALSE
"Milwaukee, WI","milwaukee, wi",2025-05-01,1084,1195.5,FALSE
"Milwaukee, WI","milwaukee, wi",2025-06-01,1290,1229,FALSE
"Milwaukee, WI","milwaukee, wi",2025-07-01,1284,1309.5,FALSE
"Milwaukee, WI","milwaukee, wi",2025-08-01,1356,1299.5,FALSE
"Milwaukee, WI","milwaukee, wi",2025-09-01,1262,977.5,FALSE
"Milwaukee, WI","milwaukee, wi",2025-10-01,936,1158.5,FALSE
"Milwaukee, WI","milwaukee, wi",2025-11-01,176,350,FALSE
MINNEAPOLIS,minneapolis,2012-01-01,928,NA,FALSE
MINNEAPOLIS,minneapolis,2012-02-01,707,NA,FALSE
MINNEAPOLIS,minneapolis,2012-03-01,707,NA,FALSE
MINNEAPOLIS,minneapolis,2012-04-01,829,NA,FALSE
MINNEAPOLIS,minneapolis,2012-05-01,867,NA,FALSE
MINNEAPOLIS,minneapolis,2012-06-01,999,NA,FALSE
MINNEAPOLIS,minneapolis,2012-07-01,1022,NA,FALSE
MINNEAPOLIS,minneapolis,2012-08-01,1103,NA,FALSE
MINNEAPOLIS,minneapolis,2012-09-01,892,NA,FALSE
MINNEAPOLIS,minneapolis,2012-10-01,859,NA,FALSE
MINNEAPOLIS,minneapolis,2012-11-01,819,NA,FALSE
MINNEAPOLIS,minneapolis,2012-12-01,750,NA,FALSE
MINNEAPOLIS,minneapolis,2013-01-01,889,NA,FALSE
MINNEAPOLIS,minneapolis,2013-02-01,716,NA,FALSE
MINNEAPOLIS,minneapolis,2013-03-01,654,NA,FALSE
MINNEAPOLIS,minneapolis,2013-04-01,796,NA,FALSE
MINNEAPOLIS,minneapolis,2013-05-01,838,NA,FALSE
MINNEAPOLIS,minneapolis,2013-06-01,905,NA,FALSE
MINNEAPOLIS,minneapolis,2013-07-01,927,NA,FALSE
MINNEAPOLIS,minneapolis,2013-08-01,909,NA,FALSE
MINNEAPOLIS,minneapolis,2013-09-01,826,NA,FALSE
MINNEAPOLIS,minneapolis,2013-10-01,863,NA,FALSE
MINNEAPOLIS,minneapolis,2013-11-01,735,NA,FALSE
MINNEAPOLIS,minneapolis,2013-12-01,687,NA,FALSE
MINNEAPOLIS,minneapolis,2014-01-01,874,NA,FALSE
MINNEAPOLIS,minneapolis,2014-02-01,633,NA,FALSE
MINNEAPOLIS,minneapolis,2014-03-01,595,NA,FALSE
MINNEAPOLIS,minneapolis,2014-04-01,700,NA,FALSE
MINNEAPOLIS,minneapolis,2014-05-01,723,NA,FALSE
MINNEAPOLIS,minneapolis,2014-06-01,736,NA,FALSE
MINNEAPOLIS,minneapolis,2014-07-01,872,NA,FALSE
MINNEAPOLIS,minneapolis,2014-08-01,706,NA,FALSE
MINNEAPOLIS,minneapolis,2014-09-01,748,NA,FALSE
MINNEAPOLIS,minneapolis,2014-10-01,736,NA,FALSE
MINNEAPOLIS,minneapolis,2014-11-01,568,NA,FALSE
MINNEAPOLIS,minneapolis,2014-12-01,702,NA,FALSE
MINNEAPOLIS,minneapolis,2015-01-01,728,NA,FALSE
MINNEAPOLIS,minneapolis,2015-02-01,616,NA,FALSE
MINNEAPOLIS,minneapolis,2015-03-01,592,NA,FALSE
MINNEAPOLIS,minneapolis,2015-04-01,642,NA,FALSE
MINNEAPOLIS,minneapolis,2015-05-01,624,NA,FALSE
MINNEAPOLIS,minneapolis,2015-06-01,750,NA,FALSE
MINNEAPOLIS,minneapolis,2015-07-01,741,NA,FALSE
MINNEAPOLIS,minneapolis,2015-08-01,741,NA,FALSE
MINNEAPOLIS,minneapolis,2015-09-01,641,NA,FALSE
MINNEAPOLIS,minneapolis,2015-10-01,691,NA,FALSE
MINNEAPOLIS,minneapolis,2015-11-01,549,NA,FALSE
MINNEAPOLIS,minneapolis,2015-12-01,645,NA,FALSE
MINNEAPOLIS,minneapolis,2016-01-01,709,NA,FALSE
MINNEAPOLIS,minneapolis,2016-02-01,541,NA,FALSE
MINNEAPOLIS,minneapolis,2016-03-01,567,NA,FALSE
MINNEAPOLIS,minneapolis,2016-04-01,573,NA,FALSE
MINNEAPOLIS,minneapolis,2016-05-01,614,NA,FALSE
MINNEAPOLIS,minneapolis,2016-06-01,684,NA,FALSE
MINNEAPOLIS,minneapolis,2016-07-01,674,NA,FALSE
MINNEAPOLIS,minneapolis,2016-08-01,685,NA,FALSE
MINNEAPOLIS,minneapolis,2016-09-01,660,NA,FALSE
MINNEAPOLIS,minneapolis,2016-10-01,559,NA,FALSE
MINNEAPOLIS,minneapolis,2016-11-01,535,NA,FALSE
MINNEAPOLIS,minneapolis,2016-12-01,643,NA,FALSE
MINNEAPOLIS,minneapolis,2017-01-01,728,NA,FALSE
MINNEAPOLIS,minneapolis,2017-02-01,563,NA,FALSE
MINNEAPOLIS,minneapolis,2017-03-01,571,NA,FALSE
MINNEAPOLIS,minneapolis,2017-04-01,512,NA,FALSE
MINNEAPOLIS,minneapolis,2017-05-01,630,NA,FALSE
MINNEAPOLIS,minneapolis,2017-06-01,640,NA,FALSE
MINNEAPOLIS,minneapolis,2017-07-01,622,NA,FALSE
MINNEAPOLIS,minneapolis,2017-08-01,657,NA,FALSE
MINNEAPOLIS,minneapolis,2017-09-01,570,NA,FALSE
MINNEAPOLIS,minneapolis,2017-10-01,609,NA,FALSE
MINNEAPOLIS,minneapolis,2017-11-01,519,NA,FALSE
MINNEAPOLIS,minneapolis,2017-12-01,600,NA,FALSE
MINNEAPOLIS,minneapolis,2018-01-01,663,NA,FALSE
MINNEAPOLIS,minneapolis,2018-02-01,549,NA,FALSE
MINNEAPOLIS,minneapolis,2018-03-01,479,NA,FALSE
MINNEAPOLIS,minneapolis,2018-04-01,464,NA,FALSE
MINNEAPOLIS,minneapolis,2018-05-01,576,NA,FALSE
MINNEAPOLIS,minneapolis,2018-06-01,537,NA,FALSE
MINNEAPOLIS,minneapolis,2018-07-01,626,NA,FALSE
MINNEAPOLIS,minneapolis,2018-08-01,574,NA,FALSE
MINNEAPOLIS,minneapolis,2018-09-01,576,NA,FALSE
MINNEAPOLIS,minneapolis,2018-10-01,614,NA,FALSE
MINNEAPOLIS,minneapolis,2018-11-01,547,NA,FALSE
MINNEAPOLIS,minneapolis,2018-12-01,507,NA,FALSE
MINNEAPOLIS,minneapolis,2019-01-01,625,NA,FALSE
MINNEAPOLIS,minneapolis,2019-02-01,491,NA,FALSE
MINNEAPOLIS,minneapolis,2019-03-01,498,NA,FALSE
MINNEAPOLIS,minneapolis,2019-04-01,553,NA,FALSE
MINNEAPOLIS,minneapolis,2019-05-01,574,NA,FALSE
MINNEAPOLIS,minneapolis,2019-06-01,583,NA,FALSE
MINNEAPOLIS,minneapolis,2019-07-01,620,NA,FALSE
MINNEAPOLIS,minneapolis,2019-08-01,604,NA,FALSE
MINNEAPOLIS,minneapolis,2019-09-01,614,NA,FALSE
MINNEAPOLIS,minneapolis,2019-10-01,604,NA,FALSE
MINNEAPOLIS,minneapolis,2019-11-01,528,NA,FALSE
MINNEAPOLIS,minneapolis,2019-12-01,592,NA,FALSE
"Minneapolis-Saint Paul, MN","minneapolis-saint paul, mn",2020-01-01,702,950.5,FALSE
"Minneapolis-Saint Paul, MN","minneapolis-saint paul, mn",2020-02-01,536,1124.5,FALSE
"Minneapolis-Saint Paul, MN","minneapolis-saint paul, mn",2020-03-01,299,1169,FALSE
"Minneapolis-Saint Paul, MN","minneapolis-saint paul, mn",2020-04-01,23,971.5,FALSE
"Minneapolis-Saint Paul, MN","minneapolis-saint paul, mn",2020-05-01,17,1191.5,FALSE
"Minneapolis-Saint Paul, MN","minneapolis-saint paul, mn",2020-06-01,32,1009.5,FALSE
"Minneapolis-Saint Paul, MN","minneapolis-saint paul, mn",2020-07-01,36,1087.5,FALSE
"Minneapolis-Saint Paul, MN","minneapolis-saint paul, mn",2020-08-01,41,1150.5,FALSE
"Minneapolis-Saint Paul, MN","minneapolis-saint paul, mn",2020-09-01,46,1108.5,FALSE
"Minneapolis-Saint Paul, MN","minneapolis-saint paul, mn",2020-10-01,61,1118.5,FALSE
"Minneapolis-Saint Paul, MN","minneapolis-saint paul, mn",2020-11-01,75,1013.5,FALSE
"Minneapolis-Saint Paul, MN","minneapolis-saint paul, mn",2020-12-01,61,1228.5,FALSE
"Minneapolis-Saint Paul, MN","minneapolis-saint paul, mn",2021-01-01,69,950.5,FALSE
"Minneapolis-Saint Paul, MN","minneapolis-saint paul, mn",2021-02-01,68,1082.5,FALSE
"Minneapolis-Saint Paul, MN","minneapolis-saint paul, mn",2021-03-01,77,1169,FALSE
"Minneapolis-Saint Paul, MN","minneapolis-saint paul, mn",2021-04-01,75,971.5,FALSE
"Minneapolis-Saint Paul, MN","minneapolis-saint paul, mn",2021-05-01,66,1191.5,FALSE
"Minneapolis-Saint Paul, MN","minneapolis-saint paul, mn",2021-06-01,66,1009.5,FALSE
"Minneapolis-Saint Paul, MN","minneapolis-saint paul, mn",2021-07-01,178,1087.5,FALSE
"Minneapolis-Saint Paul, MN","minneapolis-saint paul, mn",2021-08-01,247,1150.5,FALSE
"Minneapolis-Saint Paul, MN","minneapolis-saint paul, mn",2021-09-01,306,1108.5,FALSE
"Minneapolis-Saint Paul, MN","minneapolis-saint paul, mn",2021-10-01,386,1118.5,FALSE
"Minneapolis-Saint Paul, MN","minneapolis-saint paul, mn",2021-11-01,320,1013.5,FALSE
"Minneapolis-Saint Paul, MN","minneapolis-saint paul, mn",2021-12-01,408,1228.5,FALSE
"Minneapolis-Saint Paul, MN","minneapolis-saint paul, mn",2022-01-01,398,950.5,FALSE
"Minneapolis-Saint Paul, MN","minneapolis-saint paul, mn",2022-02-01,536,1082.5,FALSE
"Minneapolis-Saint Paul, MN","minneapolis-saint paul, mn",2022-03-01,774,1169,FALSE
"Minneapolis-Saint Paul, MN","minneapolis-saint paul, mn",2022-04-01,973,971.5,FALSE
"Minneapolis-Saint Paul, MN","minneapolis-saint paul, mn",2022-05-01,897,1191.5,FALSE
"Minneapolis-Saint Paul, MN","minneapolis-saint paul, mn",2022-06-01,1455,1009.5,FALSE
"Minneapolis-Saint Paul, MN","minneapolis-saint paul, mn",2022-07-01,1335,1087.5,FALSE
"Minneapolis-Saint Paul, MN","minneapolis-saint paul, mn",2022-08-01,1177,1150.5,FALSE
"Minneapolis-Saint Paul, MN","minneapolis-saint paul, mn",2022-09-01,1006,1108.5,FALSE
"Minneapolis-Saint Paul, MN","minneapolis-saint paul, mn",2022-10-01,1071,1118.5,FALSE
"Minneapolis-Saint Paul, MN","minneapolis-saint paul, mn",2022-11-01,903,1013.5,FALSE
"Minneapolis-Saint Paul, MN","minneapolis-saint paul, mn",2022-12-01,1183,1228.5,FALSE
"Minneapolis-Saint Paul, MN","minneapolis-saint paul, mn",2023-01-01,1310,950.5,FALSE
"Minneapolis-Saint Paul, MN","minneapolis-saint paul, mn",2023-02-01,1270,1082.5,FALSE
"Minneapolis-Saint Paul, MN","minneapolis-saint paul, mn",2023-03-01,1298,1169,FALSE
"Minneapolis-Saint Paul, MN","minneapolis-saint paul, mn",2023-04-01,1090,971.5,FALSE
"Minneapolis-Saint Paul, MN","minneapolis-saint paul, mn",2023-05-01,1361,1191.5,FALSE
"Minneapolis-Saint Paul, MN","minneapolis-saint paul, mn",2023-06-01,1192,1009.5,FALSE
"Minneapolis-Saint Paul, MN","minneapolis-saint paul, mn",2023-07-01,1131,1087.5,FALSE
"Minneapolis-Saint Paul, MN","minneapolis-saint paul, mn",2023-08-01,1192,1150.5,FALSE
"Minneapolis-Saint Paul, MN","minneapolis-saint paul, mn",2023-09-01,1097,1108.5,FALSE
"Minneapolis-Saint Paul, MN","minneapolis-saint paul, mn",2023-10-01,1183,1118.5,FALSE
"Minneapolis-Saint Paul, MN","minneapolis-saint paul, mn",2023-11-01,895,1013.5,FALSE
"Minneapolis-Saint Paul, MN","minneapolis-saint paul, mn",2023-12-01,1166,1228.5,FALSE
"Minneapolis-Saint Paul, MN","minneapolis-saint paul, mn",2024-01-01,591,950.5,FALSE
"Minneapolis-Saint Paul, MN","minneapolis-saint paul, mn",2024-02-01,979,1124.5,FALSE
"Minneapolis-Saint Paul, MN","minneapolis-saint paul, mn",2024-03-01,1040,1169,FALSE
"Minneapolis-Saint Paul, MN","minneapolis-saint paul, mn",2024-04-01,853,971.5,FALSE
"Minneapolis-Saint Paul, MN","minneapolis-saint paul, mn",2024-05-01,1022,1191.5,FALSE
"Minneapolis-Saint Paul, MN","minneapolis-saint paul, mn",2024-06-01,827,1009.5,FALSE
"Minneapolis-Saint Paul, MN","minneapolis-saint paul, mn",2024-07-01,1045,1087.5,FALSE
"Minneapolis-Saint Paul, MN","minneapolis-saint paul, mn",2024-08-01,1110,1150.5,FALSE
"Minneapolis-Saint Paul, MN","minneapolis-saint paul, mn",2024-09-01,1120,1108.5,FALSE
"Minneapolis-Saint Paul, MN","minneapolis-saint paul, mn",2024-10-01,1054,1118.5,FALSE
"Minneapolis-Saint Paul, MN","minneapolis-saint paul, mn",2024-11-01,1132,1013.5,FALSE
"Minneapolis-Saint Paul, MN","minneapolis-saint paul, mn",2024-12-01,1292,1228.5,FALSE
"Minneapolis-Saint Paul, MN","minneapolis-saint paul, mn",2025-01-01,1355,950.5,FALSE
"Minneapolis-Saint Paul, MN","minneapolis-saint paul, mn",2025-02-01,1213,1082.5,FALSE
"Minneapolis-Saint Paul, MN","minneapolis-saint paul, mn",2025-03-01,835,1169,FALSE
"Minneapolis-Saint Paul, MN","minneapolis-saint paul, mn",2025-04-01,933,971.5,FALSE
"Minneapolis-Saint Paul, MN","minneapolis-saint paul, mn",2025-05-01,884,1191.5,FALSE
"Minneapolis-Saint Paul, MN","minneapolis-saint paul, mn",2025-06-01,905,1009.5,FALSE
"Minneapolis-Saint Paul, MN","minneapolis-saint paul, mn",2025-07-01,1309,1087.5,FALSE
"Minneapolis-Saint Paul, MN","minneapolis-saint paul, mn",2025-08-01,1027,1150.5,FALSE
"Minneapolis-Saint Paul, MN","minneapolis-saint paul, mn",2025-09-01,1196,1108.5,FALSE
"Minneapolis-Saint Paul, MN","minneapolis-saint paul, mn",2025-10-01,1278,1118.5,FALSE
"Minneapolis-Saint Paul, MN","minneapolis-saint paul, mn",2025-11-01,211,403.5,FALSE
NASHVILLE,nashville,2017-01-01,715,NA,FALSE
NASHVILLE,nashville,2017-02-01,700,NA,FALSE
NASHVILLE,nashville,2017-03-01,630,NA,FALSE
NASHVILLE,nashville,2017-04-01,681,NA,FALSE
NASHVILLE,nashville,2017-05-01,887,NA,FALSE
NASHVILLE,nashville,2017-06-01,821,NA,FALSE
NASHVILLE,nashville,2017-07-01,1131,NA,FALSE
NASHVILLE,nashville,2017-08-01,690,NA,FALSE
NASHVILLE,nashville,2017-09-01,778,NA,FALSE
NASHVILLE,nashville,2017-10-01,794,NA,FALSE
NASHVILLE,nashville,2017-11-01,715,NA,FALSE
NASHVILLE,nashville,2017-12-01,666,NA,FALSE
NASHVILLE,nashville,2018-01-01,1113,NA,FALSE
NASHVILLE,nashville,2018-02-01,855,NA,FALSE
NASHVILLE,nashville,2018-03-01,732,NA,FALSE
NASHVILLE,nashville,2018-04-01,713,NA,FALSE
NASHVILLE,nashville,2018-05-01,957,NA,FALSE
NASHVILLE,nashville,2018-06-01,888,NA,FALSE
NASHVILLE,nashville,2018-07-01,989,NA,FALSE
NASHVILLE,nashville,2018-08-01,927,NA,FALSE
NASHVILLE,nashville,2018-09-01,929,NA,FALSE
NASHVILLE,nashville,2018-10-01,914,NA,FALSE
NASHVILLE,nashville,2018-11-01,753,NA,FALSE
NASHVILLE,nashville,2018-12-01,590,NA,FALSE
NASHVILLE,nashville,2019-01-01,1283,NA,FALSE
NASHVILLE,nashville,2019-02-01,815,NA,FALSE
NASHVILLE,nashville,2019-03-01,744,NA,FALSE
NASHVILLE,nashville,2019-04-01,872,NA,FALSE
NASHVILLE,nashville,2019-05-01,924,NA,FALSE
NASHVILLE,nashville,2019-06-01,845,NA,FALSE
NASHVILLE,nashville,2019-07-01,976,NA,FALSE
NASHVILLE,nashville,2019-08-01,1119,NA,FALSE
NASHVILLE,nashville,2019-09-01,1230,NA,FALSE
NASHVILLE,nashville,2019-10-01,783,NA,FALSE
NASHVILLE,nashville,2019-11-01,892,NA,FALSE
NASHVILLE,nashville,2019-12-01,742,NA,FALSE
"Nashville, TN","nashville, tn",2020-01-01,1144,1307.5,FALSE
"Nashville, TN","nashville, tn",2020-02-01,930,1242.5,FALSE
"Nashville, TN","nashville, tn",2020-03-01,613,1000,FALSE
"Nashville, TN","nashville, tn",2020-04-01,108,1021,FALSE
"Nashville, TN","nashville, tn",2020-05-01,132,1196.5,FALSE
"Nashville, TN","nashville, tn",2020-06-01,351,1149,FALSE
"Nashville, TN","nashville, tn",2020-07-01,234,1182,FALSE
"Nashville, TN","nashville, tn",2020-08-01,319,1249.5,FALSE
"Nashville, TN","nashville, tn",2020-09-01,643,1114.5,FALSE
"Nashville, TN","nashville, tn",2020-10-01,569,1276,FALSE
"Nashville, TN","nashville, tn",2020-11-01,409,1164,FALSE
"Nashville, TN","nashville, tn",2020-12-01,706,1118,FALSE
"Nashville, TN","nashville, tn",2021-01-01,616,1307.5,FALSE
"Nashville, TN","nashville, tn",2021-02-01,420,1218.5,FALSE
"Nashville, TN","nashville, tn",2021-03-01,569,1000,FALSE
"Nashville, TN","nashville, tn",2021-04-01,411,1021,FALSE
"Nashville, TN","nashville, tn",2021-05-01,420,1196.5,FALSE
"Nashville, TN","nashville, tn",2021-06-01,669,1149,FALSE
"Nashville, TN","nashville, tn",2021-07-01,627,1182,FALSE
"Nashville, TN","nashville, tn",2021-08-01,667,1249.5,FALSE
"Nashville, TN","nashville, tn",2021-09-01,719,1114.5,FALSE
"Nashville, TN","nashville, tn",2021-10-01,705,1276,FALSE
"Nashville, TN","nashville, tn",2021-11-01,641,1164,FALSE
"Nashville, TN","nashville, tn",2021-12-01,740,1118,FALSE
"Nashville, TN","nashville, tn",2022-01-01,756,1307.5,FALSE
"Nashville, TN","nashville, tn",2022-02-01,1090,1218.5,FALSE
"Nashville, TN","nashville, tn",2022-03-01,1001,1000,FALSE
"Nashville, TN","nashville, tn",2022-04-01,775,1021,FALSE
"Nashville, TN","nashville, tn",2022-05-01,851,1196.5,FALSE
"Nashville, TN","nashville, tn",2022-06-01,868,1149,FALSE
"Nashville, TN","nashville, tn",2022-07-01,1065,1182,FALSE
"Nashville, TN","nashville, tn",2022-08-01,1212,1249.5,FALSE
"Nashville, TN","nashville, tn",2022-09-01,1119,1114.5,FALSE
"Nashville, TN","nashville, tn",2022-10-01,1077,1276,FALSE
"Nashville, TN","nashville, tn",2022-11-01,826,1164,FALSE
"Nashville, TN","nashville, tn",2022-12-01,1153,1118,FALSE
"Nashville, TN","nashville, tn",2023-01-01,1308,1307.5,FALSE
"Nashville, TN","nashville, tn",2023-02-01,1005,1218.5,FALSE
"Nashville, TN","nashville, tn",2023-03-01,1058,1000,FALSE
"Nashville, TN","nashville, tn",2023-04-01,1021,1021,FALSE
"Nashville, TN","nashville, tn",2023-05-01,1283,1196.5,FALSE
"Nashville, TN","nashville, tn",2023-06-01,1099,1149,FALSE
"Nashville, TN","nashville, tn",2023-07-01,1154,1182,FALSE
"Nashville, TN","nashville, tn",2023-08-01,1225,1249.5,FALSE
"Nashville, TN","nashville, tn",2023-09-01,1152,1114.5,FALSE
"Nashville, TN","nashville, tn",2023-10-01,1172,1276,FALSE
"Nashville, TN","nashville, tn",2023-11-01,1169,1164,FALSE
"Nashville, TN","nashville, tn",2023-12-01,1001,1118,FALSE
"Nashville, TN","nashville, tn",2024-01-01,1307,1307.5,FALSE
"Nashville, TN","nashville, tn",2024-02-01,1480,1242.5,FALSE
"Nashville, TN","nashville, tn",2024-03-01,942,1000,FALSE
"Nashville, TN","nashville, tn",2024-04-01,1022,1021,FALSE
"Nashville, TN","nashville, tn",2024-05-01,1111,1196.5,FALSE
"Nashville, TN","nashville, tn",2024-06-01,1200,1149,FALSE
"Nashville, TN","nashville, tn",2024-07-01,1211,1182,FALSE
"Nashville, TN","nashville, tn",2024-08-01,1274,1249.5,FALSE
"Nashville, TN","nashville, tn",2024-09-01,1078,1114.5,FALSE
"Nashville, TN","nashville, tn",2024-10-01,1383,1276,FALSE
"Nashville, TN","nashville, tn",2024-11-01,1161,1164,FALSE
"Nashville, TN","nashville, tn",2024-12-01,1235,1118,FALSE
"Nashville, TN","nashville, tn",2025-01-01,1329,1307.5,FALSE
"Nashville, TN","nashville, tn",2025-02-01,1204,1218.5,FALSE
"Nashville, TN","nashville, tn",2025-03-01,1479,1000,FALSE
"Nashville, TN","nashville, tn",2025-04-01,997,1021,FALSE
"Nashville, TN","nashville, tn",2025-05-01,1212,1196.5,FALSE
"Nashville, TN","nashville, tn",2025-06-01,1155,1149,FALSE
"Nashville, TN","nashville, tn",2025-07-01,1361,1182,FALSE
"Nashville, TN","nashville, tn",2025-08-01,1202,1249.5,FALSE
"Nashville, TN","nashville, tn",2025-09-01,1181,1114.5,FALSE
"Nashville, TN","nashville, tn",2025-10-01,1282,1276,FALSE
"Nashville, TN","nashville, tn",2025-11-01,106,531.5,FALSE
"New Orleans, LA","new orleans, la",2020-01-01,520,555,FALSE
"New Orleans, LA","new orleans, la",2020-02-01,451,376,FALSE
"New Orleans, LA","new orleans, la",2020-03-01,143,437.5,FALSE
"New Orleans, LA","new orleans, la",2020-04-01,0,437,FALSE
"New Orleans, LA","new orleans, la",2020-05-01,0,466,FALSE
"New Orleans, LA","new orleans, la",2020-06-01,282,549.5,FALSE
"New Orleans, LA","new orleans, la",2020-07-01,214,518.5,FALSE
"New Orleans, LA","new orleans, la",2020-08-01,259,554,FALSE
"New Orleans, LA","new orleans, la",2020-09-01,194,504,FALSE
"New Orleans, LA","new orleans, la",2020-10-01,301,513,FALSE
"New Orleans, LA","new orleans, la",2020-11-01,285,462.5,FALSE
"New Orleans, LA","new orleans, la",2020-12-01,306,433,FALSE
"New Orleans, LA","new orleans, la",2021-01-01,168,555,FALSE
"New Orleans, LA","new orleans, la",2021-02-01,149,369.5,FALSE
"New Orleans, LA","new orleans, la",2021-03-01,172,437.5,FALSE
"New Orleans, LA","new orleans, la",2021-04-01,146,437,FALSE
"New Orleans, LA","new orleans, la",2021-05-01,169,466,FALSE
"New Orleans, LA","new orleans, la",2021-06-01,206,549.5,FALSE
"New Orleans, LA","new orleans, la",2021-07-01,221,518.5,FALSE
"New Orleans, LA","new orleans, la",2021-08-01,246,554,FALSE
"New Orleans, LA","new orleans, la",2021-09-01,135,504,FALSE
"New Orleans, LA","new orleans, la",2021-10-01,575,513,FALSE
"New Orleans, LA","new orleans, la",2021-11-01,476,462.5,FALSE
"New Orleans, LA","new orleans, la",2021-12-01,420,433,FALSE
"New Orleans, LA","new orleans, la",2022-01-01,461,555,FALSE
"New Orleans, LA","new orleans, la",2022-02-01,521,369.5,FALSE
"New Orleans, LA","new orleans, la",2022-03-01,400,437.5,FALSE
"New Orleans, LA","new orleans, la",2022-04-01,405,437,FALSE
"New Orleans, LA","new orleans, la",2022-05-01,475,466,FALSE
"New Orleans, LA","new orleans, la",2022-06-01,440,549.5,FALSE
"New Orleans, LA","new orleans, la",2022-07-01,490,518.5,FALSE
"New Orleans, LA","new orleans, la",2022-08-01,498,554,FALSE
"New Orleans, LA","new orleans, la",2022-09-01,513,504,FALSE
"New Orleans, LA","new orleans, la",2022-10-01,518,513,FALSE
"New Orleans, LA","new orleans, la",2022-11-01,414,462.5,FALSE
"New Orleans, LA","new orleans, la",2022-12-01,377,433,FALSE
"New Orleans, LA","new orleans, la",2023-01-01,580,555,FALSE
"New Orleans, LA","new orleans, la",2023-02-01,267,369.5,FALSE
"New Orleans, LA","new orleans, la",2023-03-01,465,437.5,FALSE
"New Orleans, LA","new orleans, la",2023-04-01,433,437,FALSE
"New Orleans, LA","new orleans, la",2023-05-01,473,466,FALSE
"New Orleans, LA","new orleans, la",2023-06-01,551,549.5,FALSE
"New Orleans, LA","new orleans, la",2023-07-01,466,518.5,FALSE
"New Orleans, LA","new orleans, la",2023-08-01,572,554,FALSE
"New Orleans, LA","new orleans, la",2023-09-01,536,504,FALSE
"New Orleans, LA","new orleans, la",2023-10-01,520,513,FALSE
"New Orleans, LA","new orleans, la",2023-11-01,454,462.5,FALSE
"New Orleans, LA","new orleans, la",2023-12-01,464,433,FALSE
"New Orleans, LA","new orleans, la",2024-01-01,530,555,FALSE
"New Orleans, LA","new orleans, la",2024-02-01,485,376,FALSE
"New Orleans, LA","new orleans, la",2024-03-01,410,437.5,FALSE
"New Orleans, LA","new orleans, la",2024-04-01,441,437,FALSE
"New Orleans, LA","new orleans, la",2024-05-01,459,466,FALSE
"New Orleans, LA","new orleans, la",2024-06-01,548,549.5,FALSE
"New Orleans, LA","new orleans, la",2024-07-01,571,518.5,FALSE
"New Orleans, LA","new orleans, la",2024-08-01,536,554,FALSE
"New Orleans, LA","new orleans, la",2024-09-01,472,504,FALSE
"New Orleans, LA","new orleans, la",2024-10-01,506,513,FALSE
"New Orleans, LA","new orleans, la",2024-11-01,471,462.5,FALSE
"New Orleans, LA","new orleans, la",2024-12-01,402,433,FALSE
"New Orleans, LA","new orleans, la",2025-01-01,542,555,FALSE
"New Orleans, LA","new orleans, la",2025-02-01,390,369.5,FALSE
"New Orleans, LA","new orleans, la",2025-03-01,416,437.5,FALSE
"New Orleans, LA","new orleans, la",2025-04-01,404,437,FALSE
"New Orleans, LA","new orleans, la",2025-05-01,444,466,FALSE
"New Orleans, LA","new orleans, la",2025-06-01,465,549.5,FALSE
"New Orleans, LA","new orleans, la",2025-07-01,440,518.5,FALSE
"New Orleans, LA","new orleans, la",2025-08-01,0,70,FALSE
"New York, NY","new york, ny",2020-01-01,14536,11025.5,FALSE
"New York, NY","new york, ny",2020-02-01,13307,9681,FALSE
"New York, NY","new york, ny",2020-03-01,9055,11738,FALSE
"New York, NY","new york, ny",2020-04-01,5,10470,FALSE
"New York, NY","new york, ny",2020-05-01,4,10872.5,FALSE
"New York, NY","new york, ny",2020-06-01,10,10686.5,FALSE
"New York, NY","new york, ny",2020-07-01,1904,10436.5,FALSE
"New York, NY","new york, ny",2020-08-01,5742,11097.5,FALSE
"New York, NY","new york, ny",2020-09-01,7153,9888.5,FALSE
"New York, NY","new york, ny",2020-10-01,8126,10475.5,FALSE
"New York, NY","new york, ny",2020-11-01,7524,9739.5,FALSE
"New York, NY","new york, ny",2020-12-01,7645,10020.5,FALSE
"New York, NY","new york, ny",2021-01-01,442,11025.5,FALSE
"New York, NY","new york, ny",2021-02-01,1370,9438,FALSE
"New York, NY","new york, ny",2021-03-01,3405,11738,FALSE
"New York, NY","new york, ny",2021-04-01,4946,10470,FALSE
"New York, NY","new york, ny",2021-05-01,5178,10872.5,FALSE
"New York, NY","new york, ny",2021-06-01,5026,10686.5,FALSE
"New York, NY","new york, ny",2021-07-01,3980,10436.5,FALSE
"New York, NY","new york, ny",2021-08-01,4298,11097.5,FALSE
"New York, NY","new york, ny",2021-09-01,2327,9888.5,FALSE
"New York, NY","new york, ny",2021-10-01,3330,10475.5,FALSE
"New York, NY","new york, ny",2021-11-01,3824,9739.5,FALSE
"New York, NY","new york, ny",2021-12-01,3983,10020.5,FALSE
"New York, NY","new york, ny",2022-01-01,5505,11025.5,FALSE
"New York, NY","new york, ny",2022-02-01,6398,9438,FALSE
"New York, NY","new york, ny",2022-03-01,9029,11738,FALSE
"New York, NY","new york, ny",2022-04-01,8992,10470,FALSE
"New York, NY","new york, ny",2022-05-01,9390,10872.5,FALSE
"New York, NY","new york, ny",2022-06-01,9596,10686.5,FALSE
"New York, NY","new york, ny",2022-07-01,9806,10436.5,FALSE
"New York, NY","new york, ny",2022-08-01,9235,11097.5,FALSE
"New York, NY","new york, ny",2022-09-01,10117,9888.5,FALSE
"New York, NY","new york, ny",2022-10-01,9610,10475.5,FALSE
"New York, NY","new york, ny",2022-11-01,9948,9739.5,FALSE
"New York, NY","new york, ny",2022-12-01,10514,10020.5,FALSE
"New York, NY","new york, ny",2023-01-01,11696,11025.5,FALSE
"New York, NY","new york, ny",2023-02-01,9434,9438,FALSE
"New York, NY","new york, ny",2023-03-01,12551,11738,FALSE
"New York, NY","new york, ny",2023-04-01,10800,10470,FALSE
"New York, NY","new york, ny",2023-05-01,11394,10872.5,FALSE
"New York, NY","new york, ny",2023-06-01,11756,10686.5,FALSE
"New York, NY","new york, ny",2023-07-01,10725,10436.5,FALSE
"New York, NY","new york, ny",2023-08-01,12213,11097.5,FALSE
"New York, NY","new york, ny",2023-09-01,10023,9888.5,FALSE
"New York, NY","new york, ny",2023-10-01,10953,10475.5,FALSE
"New York, NY","new york, ny",2023-11-01,10461,9739.5,FALSE
"New York, NY","new york, ny",2023-12-01,10468,10020.5,FALSE
"New York, NY","new york, ny",2024-01-01,10355,11025.5,FALSE
"New York, NY","new york, ny",2024-02-01,9928,9681,FALSE
"New York, NY","new york, ny",2024-03-01,10925,11738,FALSE
"New York, NY","new york, ny",2024-04-01,10141,10470,FALSE
"New York, NY","new york, ny",2024-05-01,10351,10872.5,FALSE
"New York, NY","new york, ny",2024-06-01,9618,10686.5,FALSE
"New York, NY","new york, ny",2024-07-01,10148,10436.5,FALSE
"New York, NY","new york, ny",2024-08-01,9985,11097.5,FALSE
"New York, NY","new york, ny",2024-09-01,9764,9888.5,FALSE
"New York, NY","new york, ny",2024-10-01,9999,10475.5,FALSE
"New York, NY","new york, ny",2024-11-01,9029,9739.5,FALSE
"New York, NY","new york, ny",2024-12-01,9576,10020.5,FALSE
"New York, NY","new york, ny",2025-01-01,9895,11025.5,FALSE
"New York, NY","new york, ny",2025-02-01,9041,9438,FALSE
"New York, NY","new york, ny",2025-03-01,9622,11738,FALSE
"New York, NY","new york, ny",2025-04-01,10264,10470,FALSE
"New York, NY","new york, ny",2025-05-01,9093,10872.5,FALSE
"New York, NY","new york, ny",2025-06-01,8898,10686.5,FALSE
"New York, NY","new york, ny",2025-07-01,10219,10436.5,FALSE
"New York, NY","new york, ny",2025-08-01,9431,11097.5,FALSE
"New York, NY","new york, ny",2025-09-01,9107,9888.5,FALSE
"New York, NY","new york, ny",2025-10-01,8481,10475.5,FALSE
"New York, NY","new york, ny",2025-11-01,502,5573.5,FALSE
NEWORLEANS,neworleans,2019-01-01,584,NA,FALSE
NEWORLEANS,neworleans,2019-02-01,462,NA,FALSE
NEWORLEANS,neworleans,2019-03-01,430,NA,FALSE
NEWORLEANS,neworleans,2019-04-01,459,NA,FALSE
NEWORLEANS,neworleans,2019-05-01,571,NA,FALSE
NEWORLEANS,neworleans,2019-06-01,505,NA,FALSE
NEWORLEANS,neworleans,2019-07-01,550,NA,FALSE
NEWORLEANS,neworleans,2019-08-01,621,NA,FALSE
NEWORLEANS,neworleans,2019-09-01,451,NA,FALSE
NEWORLEANS,neworleans,2019-10-01,636,NA,FALSE
NEWORLEANS,neworleans,2019-11-01,440,NA,FALSE
NEWORLEANS,neworleans,2019-12-01,429,NA,FALSE
ORLANDO,orlando,2012-01-01,1900,NA,FALSE
ORLANDO,orlando,2012-02-01,1284,NA,FALSE
ORLANDO,orlando,2012-03-01,1244,NA,FALSE
ORLANDO,orlando,2012-04-01,1293,NA,FALSE
ORLANDO,orlando,2012-05-01,1628,NA,FALSE
ORLANDO,orlando,2012-06-01,1691,NA,FALSE
ORLANDO,orlando,2012-07-01,1862,NA,FALSE
ORLANDO,orlando,2012-08-01,1836,NA,FALSE
ORLANDO,orlando,2012-09-01,1584,NA,FALSE
ORLANDO,orlando,2012-10-01,1998,NA,FALSE
ORLANDO,orlando,2012-11-01,1498,NA,FALSE
ORLANDO,orlando,2012-12-01,1477,NA,FALSE
ORLANDO,orlando,2013-01-01,2048,NA,FALSE
ORLANDO,orlando,2013-02-01,1255,NA,FALSE
ORLANDO,orlando,2013-03-01,1229,NA,FALSE
ORLANDO,orlando,2013-04-01,1274,NA,FALSE
ORLANDO,orlando,2013-05-01,1385,NA,FALSE
ORLANDO,orlando,2013-06-01,1705,NA,FALSE
ORLANDO,orlando,2013-07-01,1671,NA,FALSE
ORLANDO,orlando,2013-08-01,1754,NA,FALSE
ORLANDO,orlando,2013-09-01,1671,NA,FALSE
ORLANDO,orlando,2013-10-01,1822,NA,FALSE
ORLANDO,orlando,2013-11-01,1319,NA,FALSE
ORLANDO,orlando,2013-12-01,1449,NA,FALSE
ORLANDO,orlando,2014-01-01,1941,NA,FALSE
ORLANDO,orlando,2014-02-01,1260,NA,FALSE
ORLANDO,orlando,2014-03-01,1091,NA,FALSE
ORLANDO,orlando,2014-04-01,1296,NA,FALSE
ORLANDO,orlando,2014-05-01,1398,NA,FALSE
ORLANDO,orlando,2014-06-01,1661,NA,FALSE
ORLANDO,orlando,2014-07-01,1727,NA,FALSE
ORLANDO,orlando,2014-08-01,1629,NA,FALSE
ORLANDO,orlando,2014-09-01,1582,NA,FALSE
ORLANDO,orlando,2014-10-01,1701,NA,FALSE
ORLANDO,orlando,2014-11-01,1171,NA,FALSE
ORLANDO,orlando,2014-12-01,1561,NA,FALSE
ORLANDO,orlando,2015-01-01,1634,NA,FALSE
ORLANDO,orlando,2015-02-01,1081,NA,FALSE
ORLANDO,orlando,2015-03-01,1072,NA,FALSE
ORLANDO,orlando,2015-04-01,1188,NA,FALSE
ORLANDO,orlando,2015-05-01,1293,NA,FALSE
ORLANDO,orlando,2015-06-01,1548,NA,FALSE
ORLANDO,orlando,2015-07-01,1605,NA,FALSE
ORLANDO,orlando,2015-08-01,1507,NA,FALSE
ORLANDO,orlando,2015-09-01,1512,NA,FALSE
ORLANDO,orlando,2015-10-01,1483,NA,FALSE
ORLANDO,orlando,2015-11-01,1212,NA,FALSE
ORLANDO,orlando,2015-12-01,1443,NA,FALSE
ORLANDO,orlando,2016-01-01,1601,NA,FALSE
ORLANDO,orlando,2016-02-01,1282,NA,FALSE
ORLANDO,orlando,2016-03-01,1141,NA,FALSE
ORLANDO,orlando,2016-04-01,1120,NA,FALSE
ORLANDO,orlando,2016-05-01,1251,NA,FALSE
ORLANDO,orlando,2016-06-01,1457,NA,FALSE
ORLANDO,orlando,2016-07-01,1451,NA,FALSE
ORLANDO,orlando,2016-08-01,1544,NA,FALSE
ORLANDO,orlando,2016-09-01,1508,NA,FALSE
ORLANDO,orlando,2016-10-01,1430,NA,FALSE
ORLANDO,orlando,2016-11-01,1296,NA,FALSE
ORLANDO,orlando,2016-12-01,1398,NA,FALSE
ORLANDO,orlando,2017-01-01,1480,NA,FALSE
ORLANDO,orlando,2017-02-01,1305,NA,FALSE
ORLANDO,orlando,2017-03-01,1023,NA,FALSE
ORLANDO,orlando,2017-04-01,961,NA,FALSE
ORLANDO,orlando,2017-05-01,1301,NA,FALSE
ORLANDO,orlando,2017-06-01,1468,NA,FALSE
ORLANDO,orlando,2017-07-01,1404,NA,FALSE
ORLANDO,orlando,2017-08-01,1558,NA,FALSE
ORLANDO,orlando,2017-09-01,1098,NA,FALSE
ORLANDO,orlando,2017-10-01,1632,NA,FALSE
ORLANDO,orlando,2017-11-01,1288,NA,FALSE
ORLANDO,orlando,2017-12-01,1315,NA,FALSE
ORLANDO,orlando,2018-01-01,1542,NA,FALSE
ORLANDO,orlando,2018-02-01,1225,NA,FALSE
ORLANDO,orlando,2018-03-01,1002,NA,FALSE
ORLANDO,orlando,2018-04-01,1108,NA,FALSE
ORLANDO,orlando,2018-05-01,1273,NA,FALSE
ORLANDO,orlando,2018-06-01,1325,NA,FALSE
ORLANDO,orlando,2018-07-01,1499,NA,FALSE
ORLANDO,orlando,2018-08-01,1428,NA,FALSE
ORLANDO,orlando,2018-09-01,1246,NA,FALSE
ORLANDO,orlando,2018-10-01,1524,NA,FALSE
ORLANDO,orlando,2018-11-01,1288,NA,FALSE
ORLANDO,orlando,2018-12-01,1148,NA,FALSE
ORLANDO,orlando,2019-01-01,1608,NA,FALSE
ORLANDO,orlando,2019-02-01,1247,NA,FALSE
ORLANDO,orlando,2019-03-01,1042,NA,FALSE
ORLANDO,orlando,2019-04-01,1027,NA,FALSE
ORLANDO,orlando,2019-05-01,1329,NA,FALSE
ORLANDO,orlando,2019-06-01,1356,NA,FALSE
ORLANDO,orlando,2019-07-01,1579,NA,FALSE
ORLANDO,orlando,2019-08-01,1589,NA,FALSE
ORLANDO,orlando,2019-09-01,1505,NA,FALSE
ORLANDO,orlando,2019-10-01,1655,NA,FALSE
ORLANDO,orlando,2019-11-01,1329,NA,FALSE
ORLANDO,orlando,2019-12-01,1400,NA,FALSE
Palm Beach,palm beach,2020-01-01,777,883.5,FALSE
Palm Beach,palm beach,2020-02-01,677,740,FALSE
Palm Beach,palm beach,2020-03-01,452,580.5,FALSE
Palm Beach,palm beach,2020-04-01,79,702.5,FALSE
Palm Beach,palm beach,2020-05-01,157,805,FALSE
Palm Beach,palm beach,2020-06-01,162,752.5,FALSE
Palm Beach,palm beach,2020-07-01,161,774,FALSE
Palm Beach,palm beach,2020-08-01,451,857.5,FALSE
Palm Beach,palm beach,2020-09-01,564,694.5,FALSE
Palm Beach,palm beach,2020-10-01,745,758,FALSE
Palm Beach,palm beach,2020-11-01,558,771,FALSE
Palm Beach,palm beach,2020-12-01,295,759,FALSE
Palm Beach,palm beach,2021-01-01,546,883.5,FALSE
Palm Beach,palm beach,2021-02-01,537,724.5,FALSE
Palm Beach,palm beach,2021-03-01,538,580.5,FALSE
Palm Beach,palm beach,2021-04-01,405,702.5,FALSE
Palm Beach,palm beach,2021-05-01,322,805,FALSE
Palm Beach,palm beach,2021-06-01,456,752.5,FALSE
Palm Beach,palm beach,2021-07-01,414,774,FALSE
Palm Beach,palm beach,2021-08-01,411,857.5,FALSE
Palm Beach,palm beach,2021-09-01,459,694.5,FALSE
Palm Beach,palm beach,2021-10-01,475,758,FALSE
Palm Beach,palm beach,2021-11-01,485,771,FALSE
Palm Beach,palm beach,2021-12-01,346,759,FALSE
Palm Beach,palm beach,2022-01-01,488,883.5,FALSE
Palm Beach,palm beach,2022-02-01,491,724.5,FALSE
Palm Beach,palm beach,2022-03-01,516,580.5,FALSE
Palm Beach,palm beach,2022-04-01,568,702.5,FALSE
Palm Beach,palm beach,2022-05-01,615,805,FALSE
Palm Beach,palm beach,2022-06-01,578,752.5,FALSE
Palm Beach,palm beach,2022-07-01,731,774,FALSE
Palm Beach,palm beach,2022-08-01,870,857.5,FALSE
Palm Beach,palm beach,2022-09-01,774,694.5,FALSE
Palm Beach,palm beach,2022-10-01,769,758,FALSE
Palm Beach,palm beach,2022-11-01,685,771,FALSE
Palm Beach,palm beach,2022-12-01,739,759,FALSE
Palm Beach,palm beach,2023-01-01,848,883.5,FALSE
Palm Beach,palm beach,2023-02-01,689,724.5,FALSE
Palm Beach,palm beach,2023-03-01,605,580.5,FALSE
Palm Beach,palm beach,2023-04-01,692,702.5,FALSE
Palm Beach,palm beach,2023-05-01,820,805,FALSE
Palm Beach,palm beach,2023-06-01,714,752.5,FALSE
Palm Beach,palm beach,2023-07-01,803,774,FALSE
Palm Beach,palm beach,2023-08-01,846,857.5,FALSE
Palm Beach,palm beach,2023-09-01,583,694.5,FALSE
Palm Beach,palm beach,2023-10-01,818,758,FALSE
Palm Beach,palm beach,2023-11-01,787,771,FALSE
Palm Beach,palm beach,2023-12-01,787,759,FALSE
Palm Beach,palm beach,2024-01-01,919,883.5,FALSE
Palm Beach,palm beach,2024-02-01,791,740,FALSE
Palm Beach,palm beach,2024-03-01,556,580.5,FALSE
Palm Beach,palm beach,2024-04-01,713,702.5,FALSE
Palm Beach,palm beach,2024-05-01,790,805,FALSE
Palm Beach,palm beach,2024-06-01,791,752.5,FALSE
Palm Beach,palm beach,2024-07-01,745,774,FALSE
Palm Beach,palm beach,2024-08-01,869,857.5,FALSE
Palm Beach,palm beach,2024-09-01,806,694.5,FALSE
Palm Beach,palm beach,2024-10-01,698,758,FALSE
Palm Beach,palm beach,2024-11-01,755,771,FALSE
Palm Beach,palm beach,2024-12-01,731,759,FALSE
Palm Beach,palm beach,2025-01-01,824,883.5,FALSE
Palm Beach,palm beach,2025-02-01,705,724.5,FALSE
Palm Beach,palm beach,2025-03-01,632,580.5,FALSE
Palm Beach,palm beach,2025-04-01,0,93,FALSE
PALMBEACH,palmbeach,2012-01-01,801,NA,FALSE
PALMBEACH,palmbeach,2012-02-01,641,NA,FALSE
PALMBEACH,palmbeach,2012-03-01,639,NA,FALSE
PALMBEACH,palmbeach,2012-04-01,643,NA,FALSE
PALMBEACH,palmbeach,2012-05-01,797,NA,FALSE
PALMBEACH,palmbeach,2012-06-01,734,NA,FALSE
PALMBEACH,palmbeach,2012-07-01,882,NA,FALSE
PALMBEACH,palmbeach,2012-08-01,927,NA,FALSE
PALMBEACH,palmbeach,2012-09-01,733,NA,FALSE
PALMBEACH,palmbeach,2012-10-01,877,NA,FALSE
PALMBEACH,palmbeach,2012-11-01,806,NA,FALSE
PALMBEACH,palmbeach,2012-12-01,769,NA,FALSE
PALMBEACH,palmbeach,2013-01-01,891,NA,FALSE
PALMBEACH,palmbeach,2013-02-01,726,NA,FALSE
PALMBEACH,palmbeach,2013-03-01,599,NA,FALSE
PALMBEACH,palmbeach,2013-04-01,650,NA,FALSE
PALMBEACH,palmbeach,2013-05-01,774,NA,FALSE
PALMBEACH,palmbeach,2013-06-01,755,NA,FALSE
PALMBEACH,palmbeach,2013-07-01,833,NA,FALSE
PALMBEACH,palmbeach,2013-08-01,893,NA,FALSE
PALMBEACH,palmbeach,2013-09-01,854,NA,FALSE
PALMBEACH,palmbeach,2013-10-01,900,NA,FALSE
PALMBEACH,palmbeach,2013-11-01,721,NA,FALSE
PALMBEACH,palmbeach,2013-12-01,809,NA,FALSE
PALMBEACH,palmbeach,2014-01-01,822,NA,FALSE
PALMBEACH,palmbeach,2014-02-01,669,NA,FALSE
PALMBEACH,palmbeach,2014-03-01,610,NA,FALSE
PALMBEACH,palmbeach,2014-04-01,694,NA,FALSE
PALMBEACH,palmbeach,2014-05-01,797,NA,FALSE
PALMBEACH,palmbeach,2014-06-01,871,NA,FALSE
PALMBEACH,palmbeach,2014-07-01,857,NA,FALSE
PALMBEACH,palmbeach,2014-08-01,902,NA,FALSE
PALMBEACH,palmbeach,2014-09-01,829,NA,FALSE
PALMBEACH,palmbeach,2014-10-01,792,NA,FALSE
PALMBEACH,palmbeach,2014-11-01,716,NA,FALSE
PALMBEACH,palmbeach,2014-12-01,773,NA,FALSE
PALMBEACH,palmbeach,2015-01-01,835,NA,FALSE
PALMBEACH,palmbeach,2015-02-01,587,NA,FALSE
PALMBEACH,palmbeach,2015-03-01,592,NA,FALSE
PALMBEACH,palmbeach,2015-04-01,638,NA,FALSE
PALMBEACH,palmbeach,2015-05-01,665,NA,FALSE
PALMBEACH,palmbeach,2015-06-01,718,NA,FALSE
PALMBEACH,palmbeach,2015-07-01,798,NA,FALSE
PALMBEACH,palmbeach,2015-08-01,691,NA,FALSE
PALMBEACH,palmbeach,2015-09-01,771,NA,FALSE
PALMBEACH,palmbeach,2015-10-01,857,NA,FALSE
PALMBEACH,palmbeach,2015-11-01,610,NA,FALSE
PALMBEACH,palmbeach,2015-12-01,795,NA,FALSE
PALMBEACH,palmbeach,2016-01-01,731,NA,FALSE
PALMBEACH,palmbeach,2016-02-01,670,NA,FALSE
PALMBEACH,palmbeach,2016-03-01,587,NA,FALSE
PALMBEACH,palmbeach,2016-04-01,578,NA,FALSE
PALMBEACH,palmbeach,2016-05-01,639,NA,FALSE
PALMBEACH,palmbeach,2016-06-01,734,NA,FALSE
PALMBEACH,palmbeach,2016-07-01,698,NA,FALSE
PALMBEACH,palmbeach,2016-08-01,819,NA,FALSE
PALMBEACH,palmbeach,2016-09-01,762,NA,FALSE
PALMBEACH,palmbeach,2016-10-01,623,NA,FALSE
PALMBEACH,palmbeach,2016-11-01,754,NA,FALSE
PALMBEACH,palmbeach,2016-12-01,750,NA,FALSE
PALMBEACH,palmbeach,2017-01-01,731,NA,FALSE
PALMBEACH,palmbeach,2017-02-01,669,NA,FALSE
PALMBEACH,palmbeach,2017-03-01,605,NA,FALSE
PALMBEACH,palmbeach,2017-04-01,520,NA,FALSE
PALMBEACH,palmbeach,2017-05-01,621,NA,FALSE
PALMBEACH,palmbeach,2017-06-01,676,NA,FALSE
PALMBEACH,palmbeach,2017-07-01,743,NA,FALSE
PALMBEACH,palmbeach,2017-08-01,773,NA,FALSE
PALMBEACH,palmbeach,2017-09-01,454,NA,FALSE
PALMBEACH,palmbeach,2017-10-01,921,NA,FALSE
PALMBEACH,palmbeach,2017-11-01,700,NA,FALSE
PALMBEACH,palmbeach,2017-12-01,669,NA,FALSE
PALMBEACH,palmbeach,2018-01-01,808,NA,FALSE
PALMBEACH,palmbeach,2018-02-01,651,NA,FALSE
PALMBEACH,palmbeach,2018-03-01,530,NA,FALSE
PALMBEACH,palmbeach,2018-04-01,641,NA,FALSE
PALMBEACH,palmbeach,2018-05-01,633,NA,FALSE
PALMBEACH,palmbeach,2018-06-01,698,NA,FALSE
PALMBEACH,palmbeach,2018-07-01,695,NA,FALSE
PALMBEACH,palmbeach,2018-08-01,845,NA,FALSE
PALMBEACH,palmbeach,2018-09-01,589,NA,FALSE
PALMBEACH,palmbeach,2018-10-01,791,NA,FALSE
PALMBEACH,palmbeach,2018-11-01,671,NA,FALSE
PALMBEACH,palmbeach,2018-12-01,692,NA,FALSE
PALMBEACH,palmbeach,2019-01-01,808,NA,FALSE
PALMBEACH,palmbeach,2019-02-01,641,NA,FALSE
PALMBEACH,palmbeach,2019-03-01,601,NA,FALSE
PALMBEACH,palmbeach,2019-04-01,625,NA,FALSE
PALMBEACH,palmbeach,2019-05-01,733,NA,FALSE
PALMBEACH,palmbeach,2019-06-01,720,NA,FALSE
PALMBEACH,palmbeach,2019-07-01,724,NA,FALSE
PALMBEACH,palmbeach,2019-08-01,770,NA,FALSE
PALMBEACH,palmbeach,2019-09-01,779,NA,FALSE
PALMBEACH,palmbeach,2019-10-01,706,NA,FALSE
PALMBEACH,palmbeach,2019-11-01,687,NA,FALSE
PALMBEACH,palmbeach,2019-12-01,628,NA,FALSE
PHILADELPHIA,philadelphia,2016-01-01,3692,NA,FALSE
PHILADELPHIA,philadelphia,2016-02-01,3644,NA,FALSE
PHILADELPHIA,philadelphia,2016-03-01,3606,NA,FALSE
PHILADELPHIA,philadelphia,2016-04-01,2736,NA,FALSE
PHILADELPHIA,philadelphia,2016-05-01,3526,NA,FALSE
PHILADELPHIA,philadelphia,2016-06-01,3942,NA,FALSE
PHILADELPHIA,philadelphia,2016-07-01,3762,NA,FALSE
PHILADELPHIA,philadelphia,2016-08-01,4396,NA,FALSE
PHILADELPHIA,philadelphia,2016-09-01,4328,NA,FALSE
PHILADELPHIA,philadelphia,2016-10-01,3558,NA,FALSE
PHILADELPHIA,philadelphia,2016-11-01,3676,NA,FALSE
PHILADELPHIA,philadelphia,2016-12-01,3698,NA,FALSE
PHILADELPHIA,philadelphia,2017-01-01,3748,NA,FALSE
PHILADELPHIA,philadelphia,2017-02-01,3498,NA,FALSE
PHILADELPHIA,philadelphia,2017-03-01,3716,NA,FALSE
PHILADELPHIA,philadelphia,2017-04-01,2922,NA,FALSE
PHILADELPHIA,philadelphia,2017-05-01,3744,NA,FALSE
PHILADELPHIA,philadelphia,2017-06-01,4194,NA,FALSE
PHILADELPHIA,philadelphia,2017-07-01,3916,NA,FALSE
PHILADELPHIA,philadelphia,2017-08-01,4088,NA,FALSE
PHILADELPHIA,philadelphia,2017-09-01,4136,NA,FALSE
PHILADELPHIA,philadelphia,2017-10-01,4048,NA,FALSE
PHILADELPHIA,philadelphia,2017-11-01,3532,NA,FALSE
PHILADELPHIA,philadelphia,2017-12-01,3034,NA,FALSE
PHILADELPHIA,philadelphia,2018-01-01,3322,NA,FALSE
PHILADELPHIA,philadelphia,2018-02-01,3020,NA,FALSE
PHILADELPHIA,philadelphia,2018-03-01,2994,NA,FALSE
PHILADELPHIA,philadelphia,2018-04-01,2962,NA,FALSE
PHILADELPHIA,philadelphia,2018-05-01,3524,NA,FALSE
PHILADELPHIA,philadelphia,2018-06-01,3204,NA,FALSE
PHILADELPHIA,philadelphia,2018-07-01,3400,NA,FALSE
PHILADELPHIA,philadelphia,2018-08-01,3884,NA,FALSE
PHILADELPHIA,philadelphia,2018-09-01,2982,NA,FALSE
PHILADELPHIA,philadelphia,2018-10-01,4196,NA,FALSE
PHILADELPHIA,philadelphia,2018-11-01,3150,NA,FALSE
PHILADELPHIA,philadelphia,2018-12-01,3314,NA,FALSE
PHILADELPHIA,philadelphia,2019-01-01,3732,NA,FALSE
PHILADELPHIA,philadelphia,2019-02-01,3196,NA,FALSE
PHILADELPHIA,philadelphia,2019-03-01,3032,NA,FALSE
PHILADELPHIA,philadelphia,2019-04-01,2910,NA,FALSE
PHILADELPHIA,philadelphia,2019-05-01,2200,NA,FALSE
PHILADELPHIA,philadelphia,2019-06-01,3382,NA,FALSE
PHILADELPHIA,philadelphia,2019-07-01,4268,NA,FALSE
PHILADELPHIA,philadelphia,2019-08-01,3734,NA,FALSE
PHILADELPHIA,philadelphia,2019-09-01,3296,NA,FALSE
PHILADELPHIA,philadelphia,2019-10-01,3940,NA,FALSE
PHILADELPHIA,philadelphia,2019-11-01,3050,NA,FALSE
PHILADELPHIA,philadelphia,2019-12-01,3374,NA,FALSE
"Philadelphia, PA","philadelphia, pa",2020-01-01,2015,1294.5,FALSE
"Philadelphia, PA","philadelphia, pa",2020-02-01,1720,1193.5,FALSE
"Philadelphia, PA","philadelphia, pa",2020-03-01,813,1142.5,FALSE
"Philadelphia, PA","philadelphia, pa",2020-04-01,0,925,FALSE
"Philadelphia, PA","philadelphia, pa",2020-05-01,0,1065,FALSE
"Philadelphia, PA","philadelphia, pa",2020-06-01,0,1032,FALSE
"Philadelphia, PA","philadelphia, pa",2020-07-01,198,1095.5,FALSE
"Philadelphia, PA","philadelphia, pa",2020-08-01,176,1143,FALSE
"Philadelphia, PA","philadelphia, pa",2020-09-01,701,1017,FALSE
"Philadelphia, PA","philadelphia, pa",2020-10-01,792,1158.5,FALSE
"Philadelphia, PA","philadelphia, pa",2020-11-01,583,1029,FALSE
"Philadelphia, PA","philadelphia, pa",2020-12-01,509,1110,FALSE
"Philadelphia, PA","philadelphia, pa",2021-01-01,559,1294.5,FALSE
"Philadelphia, PA","philadelphia, pa",2021-02-01,664,1191,FALSE
"Philadelphia, PA","philadelphia, pa",2021-03-01,677,1142.5,FALSE
"Philadelphia, PA","philadelphia, pa",2021-04-01,187,925,FALSE
"Philadelphia, PA","philadelphia, pa",2021-05-01,173,1065,FALSE
"Philadelphia, PA","philadelphia, pa",2021-06-01,320,1032,FALSE
"Philadelphia, PA","philadelphia, pa",2021-07-01,444,1095.5,FALSE
"Philadelphia, PA","philadelphia, pa",2021-08-01,494,1143,FALSE
"Philadelphia, PA","philadelphia, pa",2021-09-01,540,1017,FALSE
"Philadelphia, PA","philadelphia, pa",2021-10-01,756,1158.5,FALSE
"Philadelphia, PA","philadelphia, pa",2021-11-01,909,1029,FALSE
"Philadelphia, PA","philadelphia, pa",2021-12-01,1031,1110,FALSE
"Philadelphia, PA","philadelphia, pa",2022-01-01,1044,1294.5,FALSE
"Philadelphia, PA","philadelphia, pa",2022-02-01,562,1191,FALSE
"Philadelphia, PA","philadelphia, pa",2022-03-01,967,1142.5,FALSE
"Philadelphia, PA","philadelphia, pa",2022-04-01,902,925,FALSE
"Philadelphia, PA","philadelphia, pa",2022-05-01,1168,1065,FALSE
"Philadelphia, PA","philadelphia, pa",2022-06-01,1246,1032,FALSE
"Philadelphia, PA","philadelphia, pa",2022-07-01,1126,1095.5,FALSE
"Philadelphia, PA","philadelphia, pa",2022-08-01,1768,1143,FALSE
"Philadelphia, PA","philadelphia, pa",2022-09-01,1631,1017,FALSE
"Philadelphia, PA","philadelphia, pa",2022-10-01,1299,1158.5,FALSE
"Philadelphia, PA","philadelphia, pa",2022-11-01,1211,1029,FALSE
"Philadelphia, PA","philadelphia, pa",2022-12-01,1366,1110,FALSE
"Philadelphia, PA","philadelphia, pa",2023-01-01,1397,1294.5,FALSE
"Philadelphia, PA","philadelphia, pa",2023-02-01,1182,1191,FALSE
"Philadelphia, PA","philadelphia, pa",2023-03-01,1354,1142.5,FALSE
"Philadelphia, PA","philadelphia, pa",2023-04-01,892,925,FALSE
"Philadelphia, PA","philadelphia, pa",2023-05-01,1092,1065,FALSE
"Philadelphia, PA","philadelphia, pa",2023-06-01,1102,1032,FALSE
"Philadelphia, PA","philadelphia, pa",2023-07-01,1051,1095.5,FALSE
"Philadelphia, PA","philadelphia, pa",2023-08-01,1207,1143,FALSE
"Philadelphia, PA","philadelphia, pa",2023-09-01,854,1017,FALSE
"Philadelphia, PA","philadelphia, pa",2023-10-01,1084,1158.5,FALSE
"Philadelphia, PA","philadelphia, pa",2023-11-01,975,1029,FALSE
"Philadelphia, PA","philadelphia, pa",2023-12-01,970,1110,FALSE
"Philadelphia, PA","philadelphia, pa",2024-01-01,1192,1294.5,FALSE
"Philadelphia, PA","philadelphia, pa",2024-02-01,1205,1193.5,FALSE
"Philadelphia, PA","philadelphia, pa",2024-03-01,931,1142.5,FALSE
"Philadelphia, PA","philadelphia, pa",2024-04-01,958,925,FALSE
"Philadelphia, PA","philadelphia, pa",2024-05-01,1038,1065,FALSE
"Philadelphia, PA","philadelphia, pa",2024-06-01,962,1032,FALSE
"Philadelphia, PA","philadelphia, pa",2024-07-01,1140,1095.5,FALSE
"Philadelphia, PA","philadelphia, pa",2024-08-01,1079,1143,FALSE
"Philadelphia, PA","philadelphia, pa",2024-09-01,1180,1017,FALSE
"Philadelphia, PA","philadelphia, pa",2024-10-01,1233,1158.5,FALSE
"Philadelphia, PA","philadelphia, pa",2024-11-01,1083,1029,FALSE
"Philadelphia, PA","philadelphia, pa",2024-12-01,1250,1110,FALSE
"Philadelphia, PA","philadelphia, pa",2025-01-01,1236,1294.5,FALSE
"Philadelphia, PA","philadelphia, pa",2025-02-01,1057,1191,FALSE
"Philadelphia, PA","philadelphia, pa",2025-03-01,1140,1142.5,FALSE
"Philadelphia, PA","philadelphia, pa",2025-04-01,917,925,FALSE
"Philadelphia, PA","philadelphia, pa",2025-05-01,1107,1065,FALSE
"Philadelphia, PA","philadelphia, pa",2025-06-01,1219,1032,FALSE
"Philadelphia, PA","philadelphia, pa",2025-07-01,1222,1095.5,FALSE
"Philadelphia, PA","philadelphia, pa",2025-08-01,965,1143,FALSE
"Philadelphia, PA","philadelphia, pa",2025-09-01,1078,1017,FALSE
"Philadelphia, PA","philadelphia, pa",2025-10-01,1225,1158.5,FALSE
"Philadelphia, PA","philadelphia, pa",2025-11-01,246,581,FALSE
PHOENIX,phoenix,2015-01-01,5485,NA,FALSE
PHOENIX,phoenix,2015-02-01,4034,NA,FALSE
PHOENIX,phoenix,2015-03-01,4299,NA,FALSE
PHOENIX,phoenix,2015-04-01,4664,NA,FALSE
PHOENIX,phoenix,2015-05-01,5008,NA,FALSE
PHOENIX,phoenix,2015-06-01,5593,NA,FALSE
PHOENIX,phoenix,2015-07-01,5969,NA,FALSE
PHOENIX,phoenix,2015-08-01,5778,NA,FALSE
PHOENIX,phoenix,2015-09-01,5546,NA,FALSE
PHOENIX,phoenix,2015-10-01,5579,NA,FALSE
PHOENIX,phoenix,2015-11-01,4971,NA,FALSE
PHOENIX,phoenix,2015-12-01,5067,NA,FALSE
PHOENIX,phoenix,2016-01-01,5617,NA,FALSE
PHOENIX,phoenix,2016-02-01,4250,NA,FALSE
PHOENIX,phoenix,2016-03-01,3981,NA,FALSE
PHOENIX,phoenix,2016-04-01,4555,NA,FALSE
PHOENIX,phoenix,2016-05-01,4887,NA,FALSE
PHOENIX,phoenix,2016-06-01,5274,NA,FALSE
PHOENIX,phoenix,2016-07-01,5672,NA,FALSE
PHOENIX,phoenix,2016-08-01,5734,NA,FALSE
PHOENIX,phoenix,2016-09-01,5472,NA,FALSE
PHOENIX,phoenix,2016-10-01,5478,NA,FALSE
PHOENIX,phoenix,2016-11-01,5174,NA,FALSE
PHOENIX,phoenix,2016-12-01,5034,NA,FALSE
PHOENIX,phoenix,2017-01-01,5610,NA,FALSE
PHOENIX,phoenix,2017-02-01,4716,NA,FALSE
PHOENIX,phoenix,2017-03-01,3917,NA,FALSE
PHOENIX,phoenix,2017-04-01,4491,NA,FALSE
PHOENIX,phoenix,2017-05-01,5038,NA,FALSE
PHOENIX,phoenix,2017-06-01,5405,NA,FALSE
PHOENIX,phoenix,2017-07-01,5778,NA,FALSE
PHOENIX,phoenix,2017-08-01,5899,NA,FALSE
PHOENIX,phoenix,2017-09-01,5770,NA,FALSE
PHOENIX,phoenix,2017-10-01,5713,NA,FALSE
PHOENIX,phoenix,2017-11-01,5269,NA,FALSE
PHOENIX,phoenix,2017-12-01,5106,NA,FALSE
PHOENIX,phoenix,2018-01-01,5638,NA,FALSE
PHOENIX,phoenix,2018-02-01,4915,NA,FALSE
PHOENIX,phoenix,2018-03-01,4150,NA,FALSE
PHOENIX,phoenix,2018-04-01,4624,NA,FALSE
PHOENIX,phoenix,2018-05-01,5411,NA,FALSE
PHOENIX,phoenix,2018-06-01,5624,NA,FALSE
PHOENIX,phoenix,2018-07-01,5962,NA,FALSE
PHOENIX,phoenix,2018-08-01,6154,NA,FALSE
PHOENIX,phoenix,2018-09-01,5879,NA,FALSE
PHOENIX,phoenix,2018-10-01,6234,NA,FALSE
PHOENIX,phoenix,2018-11-01,5720,NA,FALSE
PHOENIX,phoenix,2018-12-01,5424,NA,FALSE
PHOENIX,phoenix,2019-01-01,6139,NA,FALSE
PHOENIX,phoenix,2019-02-01,5200,NA,FALSE
PHOENIX,phoenix,2019-03-01,4313,NA,FALSE
PHOENIX,phoenix,2019-04-01,4966,NA,FALSE
PHOENIX,phoenix,2019-05-01,5603,NA,FALSE
PHOENIX,phoenix,2019-06-01,5658,NA,FALSE
PHOENIX,phoenix,2019-07-01,6065,NA,FALSE
PHOENIX,phoenix,2019-08-01,6226,NA,FALSE
PHOENIX,phoenix,2019-09-01,6084,NA,FALSE
PHOENIX,phoenix,2019-10-01,6209,NA,FALSE
PHOENIX,phoenix,2019-11-01,5792,NA,FALSE
PHOENIX,phoenix,2019-12-01,5917,NA,FALSE
"Phoenix, AZ","phoenix, az",2020-01-01,5850,7507.5,FALSE
"Phoenix, AZ","phoenix, az",2020-02-01,5615,6337.5,FALSE
"Phoenix, AZ","phoenix, az",2020-03-01,3859,5981,FALSE
"Phoenix, AZ","phoenix, az",2020-04-01,1764,6544.5,FALSE
"Phoenix, AZ","phoenix, az",2020-05-01,1458,6974.5,FALSE
"Phoenix, AZ","phoenix, az",2020-06-01,1603,7081,FALSE
"Phoenix, AZ","phoenix, az",2020-07-01,1754,7487.5,FALSE
"Phoenix, AZ","phoenix, az",2020-08-01,2164,7804.5,FALSE
"Phoenix, AZ","phoenix, az",2020-09-01,2857,7656,FALSE
"Phoenix, AZ","phoenix, az",2020-10-01,3374,7796.5,FALSE
"Phoenix, AZ","phoenix, az",2020-11-01,3164,6561.5,FALSE
"Phoenix, AZ","phoenix, az",2020-12-01,4206,7194.5,FALSE
"Phoenix, AZ","phoenix, az",2021-01-01,3237,7507.5,FALSE
"Phoenix, AZ","phoenix, az",2021-02-01,3141,6278.5,FALSE
"Phoenix, AZ","phoenix, az",2021-03-01,3242,5981,FALSE
"Phoenix, AZ","phoenix, az",2021-04-01,2469,6544.5,FALSE
"Phoenix, AZ","phoenix, az",2021-05-01,2610,6974.5,FALSE
"Phoenix, AZ","phoenix, az",2021-06-01,2972,7081,FALSE
"Phoenix, AZ","phoenix, az",2021-07-01,3616,7487.5,FALSE
"Phoenix, AZ","phoenix, az",2021-08-01,2980,7804.5,FALSE
"Phoenix, AZ","phoenix, az",2021-09-01,4251,7656,FALSE
"Phoenix, AZ","phoenix, az",2021-10-01,4654,7796.5,FALSE
"Phoenix, AZ","phoenix, az",2021-11-01,3801,6561.5,FALSE
"Phoenix, AZ","phoenix, az",2021-12-01,4393,7194.5,FALSE
"Phoenix, AZ","phoenix, az",2022-01-01,5200,7507.5,FALSE
"Phoenix, AZ","phoenix, az",2022-02-01,4496,6278.5,FALSE
"Phoenix, AZ","phoenix, az",2022-03-01,4674,5981,FALSE
"Phoenix, AZ","phoenix, az",2022-04-01,4191,6544.5,FALSE
"Phoenix, AZ","phoenix, az",2022-05-01,4820,6974.5,FALSE
"Phoenix, AZ","phoenix, az",2022-06-01,5771,7081,FALSE
"Phoenix, AZ","phoenix, az",2022-07-01,6383,7487.5,FALSE
"Phoenix, AZ","phoenix, az",2022-08-01,6552,7804.5,FALSE
"Phoenix, AZ","phoenix, az",2022-09-01,6044,7656,FALSE
"Phoenix, AZ","phoenix, az",2022-10-01,5108,7796.5,FALSE
"Phoenix, AZ","phoenix, az",2022-11-01,4836,6561.5,FALSE
"Phoenix, AZ","phoenix, az",2022-12-01,5127,7194.5,FALSE
"Phoenix, AZ","phoenix, az",2023-01-01,7019,7507.5,FALSE
"Phoenix, AZ","phoenix, az",2023-02-01,5803,6278.5,FALSE
"Phoenix, AZ","phoenix, az",2023-03-01,5776,5981,FALSE
"Phoenix, AZ","phoenix, az",2023-04-01,6318,6544.5,FALSE
"Phoenix, AZ","phoenix, az",2023-05-01,6878,6974.5,FALSE
"Phoenix, AZ","phoenix, az",2023-06-01,6949,7081,FALSE
"Phoenix, AZ","phoenix, az",2023-07-01,7086,7487.5,FALSE
"Phoenix, AZ","phoenix, az",2023-08-01,7674,7804.5,FALSE
"Phoenix, AZ","phoenix, az",2023-09-01,7791,7656,FALSE
"Phoenix, AZ","phoenix, az",2023-10-01,7924,7796.5,FALSE
"Phoenix, AZ","phoenix, az",2023-11-01,6628,6561.5,FALSE
"Phoenix, AZ","phoenix, az",2023-12-01,7061,7194.5,FALSE
"Phoenix, AZ","phoenix, az",2024-01-01,7996,7507.5,FALSE
"Phoenix, AZ","phoenix, az",2024-02-01,6872,6337.5,FALSE
"Phoenix, AZ","phoenix, az",2024-03-01,6186,5981,FALSE
"Phoenix, AZ","phoenix, az",2024-04-01,6771,6544.5,FALSE
"Phoenix, AZ","phoenix, az",2024-05-01,7071,6974.5,FALSE
"Phoenix, AZ","phoenix, az",2024-06-01,7213,7081,FALSE
"Phoenix, AZ","phoenix, az",2024-07-01,7889,7487.5,FALSE
"Phoenix, AZ","phoenix, az",2024-08-01,7935,7804.5,FALSE
"Phoenix, AZ","phoenix, az",2024-09-01,7521,7656,FALSE
"Phoenix, AZ","phoenix, az",2024-10-01,7669,7796.5,FALSE
"Phoenix, AZ","phoenix, az",2024-11-01,6495,6561.5,FALSE
"Phoenix, AZ","phoenix, az",2024-12-01,7328,7194.5,FALSE
"Phoenix, AZ","phoenix, az",2025-01-01,7594,7507.5,FALSE
"Phoenix, AZ","phoenix, az",2025-02-01,7053,6278.5,FALSE
"Phoenix, AZ","phoenix, az",2025-03-01,5963,5981,FALSE
"Phoenix, AZ","phoenix, az",2025-04-01,6314,6544.5,FALSE
"Phoenix, AZ","phoenix, az",2025-05-01,7069,6974.5,FALSE
"Phoenix, AZ","phoenix, az",2025-06-01,7010,7081,FALSE
"Phoenix, AZ","phoenix, az",2025-07-01,7222,7487.5,FALSE
"Phoenix, AZ","phoenix, az",2025-08-01,7550,7804.5,FALSE
"Phoenix, AZ","phoenix, az",2025-09-01,7285,7656,FALSE
"Phoenix, AZ","phoenix, az",2025-10-01,7559,7796.5,FALSE
"Phoenix, AZ","phoenix, az",2025-11-01,0,644,FALSE
PITTSBURGH,pittsburgh,2016-01-01,1135,NA,FALSE
PITTSBURGH,pittsburgh,2016-02-01,997,NA,FALSE
PITTSBURGH,pittsburgh,2016-03-01,986,NA,FALSE
PITTSBURGH,pittsburgh,2016-04-01,1059,NA,FALSE
PITTSBURGH,pittsburgh,2016-05-01,1132,NA,FALSE
PITTSBURGH,pittsburgh,2016-06-01,1138,NA,FALSE
PITTSBURGH,pittsburgh,2016-07-01,1255,NA,FALSE
PITTSBURGH,pittsburgh,2016-08-01,1307,NA,FALSE
PITTSBURGH,pittsburgh,2016-09-01,1141,NA,FALSE
PITTSBURGH,pittsburgh,2016-10-01,1248,NA,FALSE
PITTSBURGH,pittsburgh,2016-11-01,1057,NA,FALSE
PITTSBURGH,pittsburgh,2016-12-01,889,NA,FALSE
PITTSBURGH,pittsburgh,2017-01-01,1346,NA,FALSE
PITTSBURGH,pittsburgh,2017-02-01,1108,NA,FALSE
PITTSBURGH,pittsburgh,2017-03-01,1135,NA,FALSE
PITTSBURGH,pittsburgh,2017-04-01,954,NA,FALSE
PITTSBURGH,pittsburgh,2017-05-01,1200,NA,FALSE
PITTSBURGH,pittsburgh,2017-06-01,1343,NA,FALSE
PITTSBURGH,pittsburgh,2017-07-01,1283,NA,FALSE
PITTSBURGH,pittsburgh,2017-08-01,1449,NA,FALSE
PITTSBURGH,pittsburgh,2017-09-01,1088,NA,FALSE
PITTSBURGH,pittsburgh,2017-10-01,1259,NA,FALSE
PITTSBURGH,pittsburgh,2017-11-01,1097,NA,FALSE
PITTSBURGH,pittsburgh,2017-12-01,877,NA,FALSE
PITTSBURGH,pittsburgh,2018-01-01,1213,NA,FALSE
PITTSBURGH,pittsburgh,2018-02-01,1065,NA,FALSE
PITTSBURGH,pittsburgh,2018-03-01,946,NA,FALSE
PITTSBURGH,pittsburgh,2018-04-01,988,NA,FALSE
PITTSBURGH,pittsburgh,2018-05-01,1251,NA,FALSE
PITTSBURGH,pittsburgh,2018-06-01,1117,NA,FALSE
PITTSBURGH,pittsburgh,2018-07-01,1209,NA,FALSE
PITTSBURGH,pittsburgh,2018-08-01,1336,NA,FALSE
PITTSBURGH,pittsburgh,2018-09-01,1108,NA,FALSE
PITTSBURGH,pittsburgh,2018-10-01,1239,NA,FALSE
PITTSBURGH,pittsburgh,2018-11-01,1038,NA,FALSE
PITTSBURGH,pittsburgh,2018-12-01,933,NA,FALSE
PITTSBURGH,pittsburgh,2019-01-01,1252,NA,FALSE
PITTSBURGH,pittsburgh,2019-02-01,980,NA,FALSE
PITTSBURGH,pittsburgh,2019-03-01,987,NA,FALSE
PITTSBURGH,pittsburgh,2019-04-01,947,NA,FALSE
PITTSBURGH,pittsburgh,2019-05-01,1080,NA,FALSE
PITTSBURGH,pittsburgh,2019-06-01,1067,NA,FALSE
PITTSBURGH,pittsburgh,2019-07-01,1291,NA,FALSE
PITTSBURGH,pittsburgh,2019-08-01,1227,NA,FALSE
PITTSBURGH,pittsburgh,2019-09-01,1145,NA,FALSE
PITTSBURGH,pittsburgh,2019-10-01,1155,NA,FALSE
PITTSBURGH,pittsburgh,2019-11-01,973,NA,FALSE
PITTSBURGH,pittsburgh,2019-12-01,917,NA,FALSE
"Pittsburgh, PA","pittsburgh, pa",2020-01-01,1345,1067,FALSE
"Pittsburgh, PA","pittsburgh, pa",2020-02-01,1114,1185.5,FALSE
"Pittsburgh, PA","pittsburgh, pa",2020-03-01,487,977.5,FALSE
"Pittsburgh, PA","pittsburgh, pa",2020-04-01,0,1089,FALSE
"Pittsburgh, PA","pittsburgh, pa",2020-05-01,0,1125,FALSE
"Pittsburgh, PA","pittsburgh, pa",2020-06-01,62,1188.5,FALSE
"Pittsburgh, PA","pittsburgh, pa",2020-07-01,75,1200.5,FALSE
"Pittsburgh, PA","pittsburgh, pa",2020-08-01,81,1215,FALSE
"Pittsburgh, PA","pittsburgh, pa",2020-09-01,840,1252.5,FALSE
"Pittsburgh, PA","pittsburgh, pa",2020-10-01,487,1306,FALSE
"Pittsburgh, PA","pittsburgh, pa",2020-11-01,382,1061.5,FALSE
"Pittsburgh, PA","pittsburgh, pa",2020-12-01,287,1077,FALSE
"Pittsburgh, PA","pittsburgh, pa",2021-01-01,363,1067,FALSE
"Pittsburgh, PA","pittsburgh, pa",2021-02-01,308,1158.5,FALSE
"Pittsburgh, PA","pittsburgh, pa",2021-03-01,469,977.5,FALSE
"Pittsburgh, PA","pittsburgh, pa",2021-04-01,341,1089,FALSE
"Pittsburgh, PA","pittsburgh, pa",2021-05-01,322,1125,FALSE
"Pittsburgh, PA","pittsburgh, pa",2021-06-01,464,1188.5,FALSE
"Pittsburgh, PA","pittsburgh, pa",2021-07-01,502,1200.5,FALSE
"Pittsburgh, PA","pittsburgh, pa",2021-08-01,557,1215,FALSE
"Pittsburgh, PA","pittsburgh, pa",2021-09-01,504,1252.5,FALSE
"Pittsburgh, PA","pittsburgh, pa",2021-10-01,527,1306,FALSE
"Pittsburgh, PA","pittsburgh, pa",2021-11-01,659,1061.5,FALSE
"Pittsburgh, PA","pittsburgh, pa",2021-12-01,750,1077,FALSE
"Pittsburgh, PA","pittsburgh, pa",2022-01-01,711,1067,FALSE
"Pittsburgh, PA","pittsburgh, pa",2022-02-01,718,1158.5,FALSE
"Pittsburgh, PA","pittsburgh, pa",2022-03-01,814,977.5,FALSE
"Pittsburgh, PA","pittsburgh, pa",2022-04-01,697,1089,FALSE
"Pittsburgh, PA","pittsburgh, pa",2022-05-01,855,1125,FALSE
"Pittsburgh, PA","pittsburgh, pa",2022-06-01,1028,1188.5,FALSE
"Pittsburgh, PA","pittsburgh, pa",2022-07-01,1037,1200.5,FALSE
"Pittsburgh, PA","pittsburgh, pa",2022-08-01,1203,1215,FALSE
"Pittsburgh, PA","pittsburgh, pa",2022-09-01,1115,1252.5,FALSE
"Pittsburgh, PA","pittsburgh, pa",2022-10-01,1029,1306,FALSE
"Pittsburgh, PA","pittsburgh, pa",2022-11-01,913,1061.5,FALSE
"Pittsburgh, PA","pittsburgh, pa",2022-12-01,880,1077,FALSE
"Pittsburgh, PA","pittsburgh, pa",2023-01-01,1089,1067,FALSE
"Pittsburgh, PA","pittsburgh, pa",2023-02-01,1088,1158.5,FALSE
"Pittsburgh, PA","pittsburgh, pa",2023-03-01,976,977.5,FALSE
"Pittsburgh, PA","pittsburgh, pa",2023-04-01,941,1089,FALSE
"Pittsburgh, PA","pittsburgh, pa",2023-05-01,1057,1125,FALSE
"Pittsburgh, PA","pittsburgh, pa",2023-06-01,1161,1188.5,FALSE
"Pittsburgh, PA","pittsburgh, pa",2023-07-01,1080,1200.5,FALSE
"Pittsburgh, PA","pittsburgh, pa",2023-08-01,1195,1215,FALSE
"Pittsburgh, PA","pittsburgh, pa",2023-09-01,1131,1252.5,FALSE
"Pittsburgh, PA","pittsburgh, pa",2023-10-01,1255,1306,FALSE
"Pittsburgh, PA","pittsburgh, pa",2023-11-01,1060,1061.5,FALSE
"Pittsburgh, PA","pittsburgh, pa",2023-12-01,1094,1077,FALSE
"Pittsburgh, PA","pittsburgh, pa",2024-01-01,1045,1067,FALSE
"Pittsburgh, PA","pittsburgh, pa",2024-02-01,1283,1185.5,FALSE
"Pittsburgh, PA","pittsburgh, pa",2024-03-01,979,977.5,FALSE
"Pittsburgh, PA","pittsburgh, pa",2024-04-01,1237,1089,FALSE
"Pittsburgh, PA","pittsburgh, pa",2024-05-01,1193,1125,FALSE
"Pittsburgh, PA","pittsburgh, pa",2024-06-01,1216,1188.5,FALSE
"Pittsburgh, PA","pittsburgh, pa",2024-07-01,1321,1200.5,FALSE
"Pittsburgh, PA","pittsburgh, pa",2024-08-01,1235,1215,FALSE
"Pittsburgh, PA","pittsburgh, pa",2024-09-01,1374,1252.5,FALSE
"Pittsburgh, PA","pittsburgh, pa",2024-10-01,1357,1306,FALSE
"Pittsburgh, PA","pittsburgh, pa",2024-11-01,1063,1061.5,FALSE
"Pittsburgh, PA","pittsburgh, pa",2024-12-01,1060,1077,FALSE
"Pittsburgh, PA","pittsburgh, pa",2025-01-01,1207,1067,FALSE
"Pittsburgh, PA","pittsburgh, pa",2025-02-01,1163,1158.5,FALSE
"Pittsburgh, PA","pittsburgh, pa",2025-03-01,1060,977.5,FALSE
"Pittsburgh, PA","pittsburgh, pa",2025-04-01,1062,1089,FALSE
"Pittsburgh, PA","pittsburgh, pa",2025-05-01,1141,1125,FALSE
"Pittsburgh, PA","pittsburgh, pa",2025-06-01,1077,1188.5,FALSE
"Pittsburgh, PA","pittsburgh, pa",2025-07-01,1329,1200.5,FALSE
"Pittsburgh, PA","pittsburgh, pa",2025-08-01,1169,1215,FALSE
"Pittsburgh, PA","pittsburgh, pa",2025-09-01,1295,1252.5,FALSE
"Pittsburgh, PA","pittsburgh, pa",2025-10-01,1182,1306,FALSE
"Pittsburgh, PA","pittsburgh, pa",2025-11-01,117,542.5,FALSE
PROVIDENCE,providence,2016-01-01,1052,NA,FALSE
PROVIDENCE,providence,2016-02-01,982,NA,FALSE
PROVIDENCE,providence,2016-03-01,1048,NA,FALSE
PROVIDENCE,providence,2016-04-01,848,NA,FALSE
PROVIDENCE,providence,2016-05-01,1038,NA,FALSE
PROVIDENCE,providence,2016-06-01,1084,NA,FALSE
PROVIDENCE,providence,2016-07-01,1194,NA,FALSE
PROVIDENCE,providence,2016-08-01,1284,NA,FALSE
PROVIDENCE,providence,2016-09-01,1186,NA,FALSE
PROVIDENCE,providence,2016-10-01,996,NA,FALSE
PROVIDENCE,providence,2016-11-01,960,NA,FALSE
PROVIDENCE,providence,2016-12-01,938,NA,FALSE
PROVIDENCE,providence,2017-01-01,1206,NA,FALSE
PROVIDENCE,providence,2017-02-01,952,NA,FALSE
PROVIDENCE,providence,2017-03-01,894,NA,FALSE
PROVIDENCE,providence,2017-04-01,776,NA,FALSE
PROVIDENCE,providence,2017-05-01,1098,NA,FALSE
PROVIDENCE,providence,2017-06-01,1046,NA,FALSE
PROVIDENCE,providence,2017-07-01,1054,NA,FALSE
PROVIDENCE,providence,2017-08-01,1318,NA,FALSE
PROVIDENCE,providence,2017-09-01,1088,NA,FALSE
PROVIDENCE,providence,2017-10-01,1356,NA,FALSE
PROVIDENCE,providence,2017-11-01,1070,NA,FALSE
PROVIDENCE,providence,2017-12-01,924,NA,FALSE
PROVIDENCE,providence,2018-01-01,1220,NA,FALSE
PROVIDENCE,providence,2018-02-01,1096,NA,FALSE
PROVIDENCE,providence,2018-03-01,916,NA,FALSE
PROVIDENCE,providence,2018-04-01,910,NA,FALSE
PROVIDENCE,providence,2018-05-01,1030,NA,FALSE
PROVIDENCE,providence,2018-06-01,1036,NA,FALSE
PROVIDENCE,providence,2018-07-01,1222,NA,FALSE
PROVIDENCE,providence,2018-08-01,1214,NA,FALSE
PROVIDENCE,providence,2018-09-01,1010,NA,FALSE
PROVIDENCE,providence,2018-10-01,1240,NA,FALSE
PROVIDENCE,providence,2018-11-01,1042,NA,FALSE
PROVIDENCE,providence,2018-12-01,836,NA,FALSE
PROVIDENCE,providence,2019-01-01,1256,NA,FALSE
PROVIDENCE,providence,2019-02-01,848,NA,FALSE
PROVIDENCE,providence,2019-03-01,986,NA,FALSE
PROVIDENCE,providence,2019-04-01,928,NA,FALSE
PROVIDENCE,providence,2019-05-01,1008,NA,FALSE
PROVIDENCE,providence,2019-06-01,974,NA,FALSE
PROVIDENCE,providence,2019-07-01,1370,NA,FALSE
PROVIDENCE,providence,2019-08-01,1040,NA,FALSE
PROVIDENCE,providence,2019-09-01,1162,NA,FALSE
PROVIDENCE,providence,2019-10-01,1094,NA,FALSE
PROVIDENCE,providence,2019-11-01,824,NA,FALSE
PROVIDENCE,providence,2019-12-01,852,NA,FALSE
"Providence, RI","providence, ri",2020-01-01,642,640,FALSE
"Providence, RI","providence, ri",2020-02-01,439,441,FALSE
"Providence, RI","providence, ri",2020-03-01,211,566,FALSE
"Providence, RI","providence, ri",2020-04-01,0,440.5,FALSE
"Providence, RI","providence, ri",2020-05-01,0,541.5,FALSE
"Providence, RI","providence, ri",2020-06-01,340,497,FALSE
"Providence, RI","providence, ri",2020-07-01,303,534,FALSE
"Providence, RI","providence, ri",2020-08-01,338,554.5,FALSE
"Providence, RI","providence, ri",2020-09-01,347,582.5,FALSE
"Providence, RI","providence, ri",2020-10-01,329,474,FALSE
"Providence, RI","providence, ri",2020-11-01,385,356,FALSE
"Providence, RI","providence, ri",2020-12-01,332,382,FALSE
"Providence, RI","providence, ri",2021-01-01,320,640,FALSE
"Providence, RI","providence, ri",2021-02-01,247,426.5,FALSE
"Providence, RI","providence, ri",2021-03-01,352,566,FALSE
"Providence, RI","providence, ri",2021-04-01,237,440.5,FALSE
"Providence, RI","providence, ri",2021-05-01,308,541.5,FALSE
"Providence, RI","providence, ri",2021-06-01,376,497,FALSE
"Providence, RI","providence, ri",2021-07-01,326,534,FALSE
"Providence, RI","providence, ri",2021-08-01,321,554.5,FALSE
"Providence, RI","providence, ri",2021-09-01,423,582.5,FALSE
"Providence, RI","providence, ri",2021-10-01,358,474,FALSE
"Providence, RI","providence, ri",2021-11-01,380,356,FALSE
"Providence, RI","providence, ri",2021-12-01,341,382,FALSE
"Providence, RI","providence, ri",2022-01-01,360,640,FALSE
"Providence, RI","providence, ri",2022-02-01,396,426.5,FALSE
"Providence, RI","providence, ri",2022-03-01,353,566,FALSE
"Providence, RI","providence, ri",2022-04-01,336,440.5,FALSE
"Providence, RI","providence, ri",2022-05-01,361,541.5,FALSE
"Providence, RI","providence, ri",2022-06-01,438,497,FALSE
"Providence, RI","providence, ri",2022-07-01,383,534,FALSE
"Providence, RI","providence, ri",2022-08-01,594,554.5,FALSE
"Providence, RI","providence, ri",2022-09-01,492,582.5,FALSE
"Providence, RI","providence, ri",2022-10-01,571,474,FALSE
"Providence, RI","providence, ri",2022-11-01,490,356,FALSE
"Providence, RI","providence, ri",2022-12-01,491,382,FALSE
"Providence, RI","providence, ri",2023-01-01,672,640,FALSE
"Providence, RI","providence, ri",2023-02-01,418,426.5,FALSE
"Providence, RI","providence, ri",2023-03-01,679,566,FALSE
"Providence, RI","providence, ri",2023-04-01,401,440.5,FALSE
"Providence, RI","providence, ri",2023-05-01,588,541.5,FALSE
"Providence, RI","providence, ri",2023-06-01,543,497,FALSE
"Providence, RI","providence, ri",2023-07-01,508,534,FALSE
"Providence, RI","providence, ri",2023-08-01,633,554.5,FALSE
"Providence, RI","providence, ri",2023-09-01,601,582.5,FALSE
"Providence, RI","providence, ri",2023-10-01,695,474,FALSE
"Providence, RI","providence, ri",2023-11-01,484,356,FALSE
"Providence, RI","providence, ri",2023-12-01,412,382,FALSE
"Providence, RI","providence, ri",2024-01-01,608,640,FALSE
"Providence, RI","providence, ri",2024-02-01,464,441,FALSE
"Providence, RI","providence, ri",2024-03-01,453,566,FALSE
"Providence, RI","providence, ri",2024-04-01,480,440.5,FALSE
"Providence, RI","providence, ri",2024-05-01,495,541.5,FALSE
"Providence, RI","providence, ri",2024-06-01,451,497,FALSE
"Providence, RI","providence, ri",2024-07-01,560,534,FALSE
"Providence, RI","providence, ri",2024-08-01,476,554.5,FALSE
"Providence, RI","providence, ri",2024-09-01,564,582.5,FALSE
"Providence, RI","providence, ri",2024-10-01,253,474,FALSE
"Providence, RI","providence, ri",2024-11-01,228,356,FALSE
"Providence, RI","providence, ri",2024-12-01,352,382,FALSE
"Providence, RI","providence, ri",2025-01-01,397,640,FALSE
"Providence, RI","providence, ri",2025-02-01,306,426.5,FALSE
"Providence, RI","providence, ri",2025-03-01,362,566,FALSE
"Providence, RI","providence, ri",2025-04-01,363,440.5,FALSE
"Providence, RI","providence, ri",2025-05-01,392,541.5,FALSE
"Providence, RI","providence, ri",2025-06-01,343,497,FALSE
"Providence, RI","providence, ri",2025-07-01,482,534,FALSE
"Providence, RI","providence, ri",2025-08-01,440,554.5,FALSE
"Providence, RI","providence, ri",2025-09-01,547,582.5,FALSE
"Providence, RI","providence, ri",2025-10-01,522,474,FALSE
"Providence, RI","providence, ri",2025-11-01,0,122,FALSE
RICHMOND,richmond,2016-01-01,4708,NA,FALSE
RICHMOND,richmond,2016-02-01,3840,NA,FALSE
RICHMOND,richmond,2016-03-01,3214,NA,FALSE
RICHMOND,richmond,2016-04-01,3782,NA,FALSE
RICHMOND,richmond,2016-05-01,4186,NA,FALSE
RICHMOND,richmond,2016-06-01,4674,NA,FALSE
RICHMOND,richmond,2016-07-01,4560,NA,FALSE
RICHMOND,richmond,2016-08-01,4030,NA,FALSE
RICHMOND,richmond,2016-09-01,4716,NA,FALSE
RICHMOND,richmond,2016-10-01,4384,NA,FALSE
RICHMOND,richmond,2016-11-01,4168,NA,FALSE
RICHMOND,richmond,2016-12-01,4192,NA,FALSE
RICHMOND,richmond,2017-01-01,5139,NA,FALSE
RICHMOND,richmond,2017-02-01,4182,NA,FALSE
RICHMOND,richmond,2017-03-01,3448,NA,FALSE
RICHMOND,richmond,2017-04-01,3602,NA,FALSE
RICHMOND,richmond,2017-05-01,3992,NA,FALSE
RICHMOND,richmond,2017-06-01,4640,NA,FALSE
RICHMOND,richmond,2017-07-01,4357,NA,FALSE
RICHMOND,richmond,2017-08-01,4468,NA,FALSE
RICHMOND,richmond,2017-09-01,4620,NA,FALSE
RICHMOND,richmond,2017-10-01,4434,NA,FALSE
RICHMOND,richmond,2017-11-01,3816,NA,FALSE
RICHMOND,richmond,2017-12-01,3982,NA,FALSE
RICHMOND,richmond,2018-01-01,4588,NA,FALSE
RICHMOND,richmond,2018-02-01,4140,NA,FALSE
RICHMOND,richmond,2018-03-01,3682,NA,FALSE
RICHMOND,richmond,2018-04-01,3636,NA,FALSE
RICHMOND,richmond,2018-05-01,3762,NA,FALSE
RICHMOND,richmond,2018-06-01,4584,NA,FALSE
RICHMOND,richmond,2018-07-01,4324,NA,FALSE
RICHMOND,richmond,2018-08-01,4224,NA,FALSE
RICHMOND,richmond,2018-09-01,4144,NA,FALSE
RICHMOND,richmond,2018-10-01,4280,NA,FALSE
RICHMOND,richmond,2018-11-01,4124,NA,FALSE
RICHMOND,richmond,2018-12-01,3354,NA,FALSE
RICHMOND,richmond,2019-01-01,4866,NA,FALSE
RICHMOND,richmond,2019-02-01,3674,NA,FALSE
RICHMOND,richmond,2019-03-01,3458,NA,FALSE
RICHMOND,richmond,2019-04-01,2970,NA,FALSE
RICHMOND,richmond,2019-05-01,3732,NA,FALSE
RICHMOND,richmond,2019-06-01,3662,NA,FALSE
RICHMOND,richmond,2019-07-01,4000,NA,FALSE
RICHMOND,richmond,2019-08-01,3854,NA,FALSE
RICHMOND,richmond,2019-09-01,4022,NA,FALSE
RICHMOND,richmond,2019-10-01,3730,NA,FALSE
RICHMOND,richmond,2019-11-01,3444,NA,FALSE
RICHMOND,richmond,2019-12-01,2862,NA,FALSE
"Richmond, VA","richmond, va",2020-01-01,1900,1772,FALSE
"Richmond, VA","richmond, va",2020-02-01,1540,1752.5,FALSE
"Richmond, VA","richmond, va",2020-03-01,977,1852,FALSE
"Richmond, VA","richmond, va",2020-04-01,212,1447.5,FALSE
"Richmond, VA","richmond, va",2020-05-01,352,1760.5,FALSE
"Richmond, VA","richmond, va",2020-06-01,186,1885.5,FALSE
"Richmond, VA","richmond, va",2020-07-01,514,1691,FALSE
"Richmond, VA","richmond, va",2020-08-01,637,1827,FALSE
"Richmond, VA","richmond, va",2020-09-01,1320,1563,FALSE
"Richmond, VA","richmond, va",2020-10-01,1213,1913.5,FALSE
"Richmond, VA","richmond, va",2020-11-01,354,1595,FALSE
"Richmond, VA","richmond, va",2020-12-01,121,1640.5,FALSE
"Richmond, VA","richmond, va",2021-01-01,312,1772,FALSE
"Richmond, VA","richmond, va",2021-02-01,263,1670.5,FALSE
"Richmond, VA","richmond, va",2021-03-01,451,1852,FALSE
"Richmond, VA","richmond, va",2021-04-01,379,1447.5,FALSE
"Richmond, VA","richmond, va",2021-05-01,389,1760.5,FALSE
"Richmond, VA","richmond, va",2021-06-01,358,1885.5,FALSE
"Richmond, VA","richmond, va",2021-07-01,477,1691,FALSE
"Richmond, VA","richmond, va",2021-08-01,678,1827,FALSE
"Richmond, VA","richmond, va",2021-09-01,379,1563,FALSE
"Richmond, VA","richmond, va",2021-10-01,457,1913.5,FALSE
"Richmond, VA","richmond, va",2021-11-01,434,1595,FALSE
"Richmond, VA","richmond, va",2021-12-01,302,1640.5,FALSE
"Richmond, VA","richmond, va",2022-01-01,568,1772,FALSE
"Richmond, VA","richmond, va",2022-02-01,801,1670.5,FALSE
"Richmond, VA","richmond, va",2022-03-01,1056,1852,FALSE
"Richmond, VA","richmond, va",2022-04-01,831,1447.5,FALSE
"Richmond, VA","richmond, va",2022-05-01,836,1760.5,FALSE
"Richmond, VA","richmond, va",2022-06-01,957,1885.5,FALSE
"Richmond, VA","richmond, va",2022-07-01,1491,1691,FALSE
"Richmond, VA","richmond, va",2022-08-01,1935,1827,FALSE
"Richmond, VA","richmond, va",2022-09-01,1721,1563,FALSE
"Richmond, VA","richmond, va",2022-10-01,1904,1913.5,FALSE
"Richmond, VA","richmond, va",2022-11-01,1661,1595,FALSE
"Richmond, VA","richmond, va",2022-12-01,1630,1640.5,FALSE
"Richmond, VA","richmond, va",2023-01-01,1726,1772,FALSE
"Richmond, VA","richmond, va",2023-02-01,1758,1670.5,FALSE
"Richmond, VA","richmond, va",2023-03-01,1858,1852,FALSE
"Richmond, VA","richmond, va",2023-04-01,1499,1447.5,FALSE
"Richmond, VA","richmond, va",2023-05-01,1711,1760.5,FALSE
"Richmond, VA","richmond, va",2023-06-01,1750,1885.5,FALSE
"Richmond, VA","richmond, va",2023-07-01,1628,1691,FALSE
"Richmond, VA","richmond, va",2023-08-01,1707,1827,FALSE
"Richmond, VA","richmond, va",2023-09-01,1459,1563,FALSE
"Richmond, VA","richmond, va",2023-10-01,1895,1913.5,FALSE
"Richmond, VA","richmond, va",2023-11-01,1507,1595,FALSE
"Richmond, VA","richmond, va",2023-12-01,1709,1640.5,FALSE
"Richmond, VA","richmond, va",2024-01-01,1818,1772,FALSE
"Richmond, VA","richmond, va",2024-02-01,1747,1752.5,FALSE
"Richmond, VA","richmond, va",2024-03-01,1846,1852,FALSE
"Richmond, VA","richmond, va",2024-04-01,1396,1447.5,FALSE
"Richmond, VA","richmond, va",2024-05-01,1810,1760.5,FALSE
"Richmond, VA","richmond, va",2024-06-01,2021,1885.5,FALSE
"Richmond, VA","richmond, va",2024-07-01,1754,1691,FALSE
"Richmond, VA","richmond, va",2024-08-01,1947,1827,FALSE
"Richmond, VA","richmond, va",2024-09-01,1667,1563,FALSE
"Richmond, VA","richmond, va",2024-10-01,1932,1913.5,FALSE
"Richmond, VA","richmond, va",2024-11-01,1683,1595,FALSE
"Richmond, VA","richmond, va",2024-12-01,1572,1640.5,FALSE
"Richmond, VA","richmond, va",2025-01-01,2256,1772,FALSE
"Richmond, VA","richmond, va",2025-02-01,1450,1670.5,FALSE
"Richmond, VA","richmond, va",2025-03-01,1654,1852,FALSE
"Richmond, VA","richmond, va",2025-04-01,1354,1447.5,FALSE
"Richmond, VA","richmond, va",2025-05-01,1950,1760.5,FALSE
"Richmond, VA","richmond, va",2025-06-01,1708,1885.5,FALSE
"Richmond, VA","richmond, va",2025-07-01,1897,1691,FALSE
"Richmond, VA","richmond, va",2025-08-01,1769,1827,FALSE
"Richmond, VA","richmond, va",2025-09-01,1519,1563,FALSE
"Richmond, VA","richmond, va",2025-10-01,2120,1913.5,FALSE
"Richmond, VA","richmond, va",2025-11-01,29,446,FALSE
"South Bend, IN","south bend, in",2020-01-01,278,261.5,FALSE
"South Bend, IN","south bend, in",2020-02-01,203,255,FALSE
"South Bend, IN","south bend, in",2020-03-01,70,213.5,FALSE
"South Bend, IN","south bend, in",2020-04-01,18,200.5,FALSE
"South Bend, IN","south bend, in",2020-05-01,22,248,FALSE
"South Bend, IN","south bend, in",2020-06-01,55,234.5,FALSE
"South Bend, IN","south bend, in",2020-07-01,39,253.5,FALSE
"South Bend, IN","south bend, in",2020-08-01,135,233,FALSE
"South Bend, IN","south bend, in",2020-09-01,148,232.5,FALSE
"South Bend, IN","south bend, in",2020-10-01,124,255,FALSE
"South Bend, IN","south bend, in",2020-11-01,108,237,FALSE
"South Bend, IN","south bend, in",2020-12-01,125,273,FALSE
"South Bend, IN","south bend, in",2021-01-01,154,261.5,FALSE
"South Bend, IN","south bend, in",2021-02-01,119,252.5,FALSE
"South Bend, IN","south bend, in",2021-03-01,141,213.5,FALSE
"South Bend, IN","south bend, in",2021-04-01,133,200.5,FALSE
"South Bend, IN","south bend, in",2021-05-01,102,248,FALSE
"South Bend, IN","south bend, in",2021-06-01,149,234.5,FALSE
"South Bend, IN","south bend, in",2021-07-01,161,253.5,FALSE
"South Bend, IN","south bend, in",2021-08-01,139,233,FALSE
"South Bend, IN","south bend, in",2021-09-01,179,232.5,FALSE
"South Bend, IN","south bend, in",2021-10-01,205,255,FALSE
"South Bend, IN","south bend, in",2021-11-01,201,237,FALSE
"South Bend, IN","south bend, in",2021-12-01,189,273,FALSE
"South Bend, IN","south bend, in",2022-01-01,231,261.5,FALSE
"South Bend, IN","south bend, in",2022-02-01,202,252.5,FALSE
"South Bend, IN","south bend, in",2022-03-01,203,213.5,FALSE
"South Bend, IN","south bend, in",2022-04-01,180,200.5,FALSE
"South Bend, IN","south bend, in",2022-05-01,241,248,FALSE
"South Bend, IN","south bend, in",2022-06-01,253,234.5,FALSE
"South Bend, IN","south bend, in",2022-07-01,251,253.5,FALSE
"South Bend, IN","south bend, in",2022-08-01,272,233,FALSE
"South Bend, IN","south bend, in",2022-09-01,237,232.5,FALSE
"South Bend, IN","south bend, in",2022-10-01,256,255,FALSE
"South Bend, IN","south bend, in",2022-11-01,282,237,FALSE
"South Bend, IN","south bend, in",2022-12-01,271,273,FALSE
"South Bend, IN","south bend, in",2023-01-01,269,261.5,FALSE
"South Bend, IN","south bend, in",2023-02-01,228,252.5,FALSE
"South Bend, IN","south bend, in",2023-03-01,231,213.5,FALSE
"South Bend, IN","south bend, in",2023-04-01,177,200.5,FALSE
"South Bend, IN","south bend, in",2023-05-01,257,248,FALSE
"South Bend, IN","south bend, in",2023-06-01,219,234.5,FALSE
"South Bend, IN","south bend, in",2023-07-01,284,253.5,FALSE
"South Bend, IN","south bend, in",2023-08-01,229,233,FALSE
"South Bend, IN","south bend, in",2023-09-01,187,232.5,FALSE
"South Bend, IN","south bend, in",2023-10-01,234,255,FALSE
"South Bend, IN","south bend, in",2023-11-01,189,237,FALSE
"South Bend, IN","south bend, in",2023-12-01,223,273,FALSE
"South Bend, IN","south bend, in",2024-01-01,248,261.5,FALSE
"South Bend, IN","south bend, in",2024-02-01,272,255,FALSE
"South Bend, IN","south bend, in",2024-03-01,184,213.5,FALSE
"South Bend, IN","south bend, in",2024-04-01,213,200.5,FALSE
"South Bend, IN","south bend, in",2024-05-01,224,248,FALSE
"South Bend, IN","south bend, in",2024-06-01,235,234.5,FALSE
"South Bend, IN","south bend, in",2024-07-01,199,253.5,FALSE
"South Bend, IN","south bend, in",2024-08-01,215,233,FALSE
"South Bend, IN","south bend, in",2024-09-01,260,232.5,FALSE
"South Bend, IN","south bend, in",2024-10-01,262,255,FALSE
"South Bend, IN","south bend, in",2024-11-01,275,237,FALSE
"South Bend, IN","south bend, in",2024-12-01,320,273,FALSE
"South Bend, IN","south bend, in",2025-01-01,230,261.5,FALSE
"South Bend, IN","south bend, in",2025-02-01,184,252.5,FALSE
"South Bend, IN","south bend, in",2025-03-01,227,213.5,FALSE
"South Bend, IN","south bend, in",2025-04-01,244,200.5,FALSE
"South Bend, IN","south bend, in",2025-05-01,243,248,FALSE
"South Bend, IN","south bend, in",2025-06-01,275,234.5,FALSE
"South Bend, IN","south bend, in",2025-07-01,274,253.5,FALSE
"South Bend, IN","south bend, in",2025-08-01,231,233,FALSE
"South Bend, IN","south bend, in",2025-09-01,299,232.5,FALSE
"South Bend, IN","south bend, in",2025-10-01,224,255,FALSE
"South Bend, IN","south bend, in",2025-11-01,10,109.5,FALSE
SOUTHBEND,southbend,2016-01-01,310,NA,FALSE
SOUTHBEND,southbend,2016-02-01,186,NA,FALSE
SOUTHBEND,southbend,2016-03-01,204,NA,FALSE
SOUTHBEND,southbend,2016-04-01,219,NA,FALSE
SOUTHBEND,southbend,2016-05-01,237,NA,FALSE
SOUTHBEND,southbend,2016-06-01,315,NA,FALSE
SOUTHBEND,southbend,2016-07-01,286,NA,FALSE
SOUTHBEND,southbend,2016-08-01,288,NA,FALSE
SOUTHBEND,southbend,2016-09-01,328,NA,FALSE
SOUTHBEND,southbend,2016-10-01,229,NA,FALSE
SOUTHBEND,southbend,2016-11-01,280,NA,FALSE
SOUTHBEND,southbend,2016-12-01,250,NA,FALSE
SOUTHBEND,southbend,2017-01-01,317,NA,FALSE
SOUTHBEND,southbend,2017-02-01,307,NA,FALSE
SOUTHBEND,southbend,2017-03-01,226,NA,FALSE
SOUTHBEND,southbend,2017-04-01,234,NA,FALSE
SOUTHBEND,southbend,2017-05-01,296,NA,FALSE
SOUTHBEND,southbend,2017-06-01,272,NA,FALSE
SOUTHBEND,southbend,2017-07-01,262,NA,FALSE
SOUTHBEND,southbend,2017-08-01,237,NA,FALSE
SOUTHBEND,southbend,2017-09-01,215,NA,FALSE
SOUTHBEND,southbend,2017-10-01,246,NA,FALSE
SOUTHBEND,southbend,2017-11-01,183,NA,FALSE
SOUTHBEND,southbend,2017-12-01,167,NA,FALSE
SOUTHBEND,southbend,2018-01-01,273,NA,FALSE
SOUTHBEND,southbend,2018-02-01,233,NA,FALSE
SOUTHBEND,southbend,2018-03-01,232,NA,FALSE
SOUTHBEND,southbend,2018-04-01,265,NA,FALSE
SOUTHBEND,southbend,2018-05-01,282,NA,FALSE
SOUTHBEND,southbend,2018-06-01,324,NA,FALSE
SOUTHBEND,southbend,2018-07-01,336,NA,FALSE
SOUTHBEND,southbend,2018-08-01,287,NA,FALSE
SOUTHBEND,southbend,2018-09-01,236,NA,FALSE
SOUTHBEND,southbend,2018-10-01,283,NA,FALSE
SOUTHBEND,southbend,2018-11-01,262,NA,FALSE
SOUTHBEND,southbend,2018-12-01,147,NA,FALSE
SOUTHBEND,southbend,2019-01-01,234,NA,FALSE
SOUTHBEND,southbend,2019-02-01,240,NA,FALSE
SOUTHBEND,southbend,2019-03-01,242,NA,FALSE
SOUTHBEND,southbend,2019-04-01,229,NA,FALSE
SOUTHBEND,southbend,2019-05-01,248,NA,FALSE
SOUTHBEND,southbend,2019-06-01,224,NA,FALSE
SOUTHBEND,southbend,2019-07-01,245,NA,FALSE
SOUTHBEND,southbend,2019-08-01,308,NA,FALSE
SOUTHBEND,southbend,2019-09-01,272,NA,FALSE
SOUTHBEND,southbend,2019-10-01,289,NA,FALSE
SOUTHBEND,southbend,2019-11-01,290,NA,FALSE
SOUTHBEND,southbend,2019-12-01,175,NA,FALSE
"St Louis, MO","st louis, mo",2020-01-01,1446,1423,FALSE
"St Louis, MO","st louis, mo",2020-02-01,1126,1370,FALSE
"St Louis, MO","st louis, mo",2020-03-01,808,1338,FALSE
"St Louis, MO","st louis, mo",2020-04-01,126,1171,FALSE
"St Louis, MO","st louis, mo",2020-05-01,165,1244.5,FALSE
"St Louis, MO","st louis, mo",2020-06-01,179,1388,FALSE
"St Louis, MO","st louis, mo",2020-07-01,516,1283,FALSE
"St Louis, MO","st louis, mo",2020-08-01,663,1420.5,FALSE
"St Louis, MO","st louis, mo",2020-09-01,563,1104.5,FALSE
"St Louis, MO","st louis, mo",2020-10-01,467,1423,FALSE
"St Louis, MO","st louis, mo",2020-11-01,547,1326.5,FALSE
"St Louis, MO","st louis, mo",2020-12-01,781,1027.5,FALSE
"St Louis, MO","st louis, mo",2021-01-01,691,1423,FALSE
"St Louis, MO","st louis, mo",2021-02-01,451,1346,FALSE
"St Louis, MO","st louis, mo",2021-03-01,658,1338,FALSE
"St Louis, MO","st louis, mo",2021-04-01,466,1171,FALSE
"St Louis, MO","st louis, mo",2021-05-01,623,1244.5,FALSE
"St Louis, MO","st louis, mo",2021-06-01,788,1388,FALSE
"St Louis, MO","st louis, mo",2021-07-01,814,1283,FALSE
"St Louis, MO","st louis, mo",2021-08-01,677,1420.5,FALSE
"St Louis, MO","st louis, mo",2021-09-01,929,1104.5,FALSE
"St Louis, MO","st louis, mo",2021-10-01,1049,1423,FALSE
"St Louis, MO","st louis, mo",2021-11-01,758,1326.5,FALSE
"St Louis, MO","st louis, mo",2021-12-01,617,1027.5,FALSE
"St Louis, MO","st louis, mo",2022-01-01,1165,1423,FALSE
"St Louis, MO","st louis, mo",2022-02-01,938,1346,FALSE
"St Louis, MO","st louis, mo",2022-03-01,1120,1338,FALSE
"St Louis, MO","st louis, mo",2022-04-01,1057,1171,FALSE
"St Louis, MO","st louis, mo",2022-05-01,1029,1244.5,FALSE
"St Louis, MO","st louis, mo",2022-06-01,1159,1388,FALSE
"St Louis, MO","st louis, mo",2022-07-01,1227,1283,FALSE
"St Louis, MO","st louis, mo",2022-08-01,1350,1420.5,FALSE
"St Louis, MO","st louis, mo",2022-09-01,1179,1104.5,FALSE
"St Louis, MO","st louis, mo",2022-10-01,1485,1423,FALSE
"St Louis, MO","st louis, mo",2022-11-01,1065,1326.5,FALSE
"St Louis, MO","st louis, mo",2022-12-01,1221,1027.5,FALSE
"St Louis, MO","st louis, mo",2023-01-01,1330,1423,FALSE
"St Louis, MO","st louis, mo",2023-02-01,1452,1346,FALSE
"St Louis, MO","st louis, mo",2023-03-01,1525,1338,FALSE
"St Louis, MO","st louis, mo",2023-04-01,1315,1171,FALSE
"St Louis, MO","st louis, mo",2023-05-01,1096,1244.5,FALSE
"St Louis, MO","st louis, mo",2023-06-01,1615,1388,FALSE
"St Louis, MO","st louis, mo",2023-07-01,1156,1283,FALSE
"St Louis, MO","st louis, mo",2023-08-01,1449,1420.5,FALSE
"St Louis, MO","st louis, mo",2023-09-01,917,1104.5,FALSE
"St Louis, MO","st louis, mo",2023-10-01,1545,1423,FALSE
"St Louis, MO","st louis, mo",2023-11-01,1427,1326.5,FALSE
"St Louis, MO","st louis, mo",2023-12-01,791,1027.5,FALSE
"St Louis, MO","st louis, mo",2024-01-01,1516,1423,FALSE
"St Louis, MO","st louis, mo",2024-02-01,1288,1370,FALSE
"St Louis, MO","st louis, mo",2024-03-01,1151,1338,FALSE
"St Louis, MO","st louis, mo",2024-04-01,1027,1171,FALSE
"St Louis, MO","st louis, mo",2024-05-01,1393,1244.5,FALSE
"St Louis, MO","st louis, mo",2024-06-01,1161,1388,FALSE
"St Louis, MO","st louis, mo",2024-07-01,1410,1283,FALSE
"St Louis, MO","st louis, mo",2024-08-01,1392,1420.5,FALSE
"St Louis, MO","st louis, mo",2024-09-01,1292,1104.5,FALSE
"St Louis, MO","st louis, mo",2024-10-01,1301,1423,FALSE
"St Louis, MO","st louis, mo",2024-11-01,1226,1326.5,FALSE
"St Louis, MO","st louis, mo",2024-12-01,1264,1027.5,FALSE
"St Louis, MO","st louis, mo",2025-01-01,1551,1423,FALSE
"St Louis, MO","st louis, mo",2025-02-01,1329,1346,FALSE
"St Louis, MO","st louis, mo",2025-03-01,1068,1338,FALSE
"St Louis, MO","st louis, mo",2025-04-01,1290,1171,FALSE
"St Louis, MO","st louis, mo",2025-05-01,1248,1244.5,FALSE
"St Louis, MO","st louis, mo",2025-06-01,1154,1388,FALSE
"St Louis, MO","st louis, mo",2025-07-01,1668,1283,FALSE
"St Louis, MO","st louis, mo",2025-08-01,1298,1420.5,FALSE
"St Louis, MO","st louis, mo",2025-09-01,1592,1104.5,FALSE
"St Louis, MO","st louis, mo",2025-10-01,85,181,FALSE
STLOUIS,stlouis,2012-01-01,2679,NA,FALSE
STLOUIS,stlouis,2012-02-01,2623,NA,FALSE
STLOUIS,stlouis,2012-03-01,2345,NA,FALSE
STLOUIS,stlouis,2012-04-01,2337,NA,FALSE
STLOUIS,stlouis,2012-05-01,3195,NA,FALSE
STLOUIS,stlouis,2012-06-01,3178,NA,FALSE
STLOUIS,stlouis,2012-07-01,3212,NA,FALSE
STLOUIS,stlouis,2012-08-01,3175,NA,FALSE
STLOUIS,stlouis,2012-09-01,2724,NA,FALSE
STLOUIS,stlouis,2012-10-01,2851,NA,FALSE
STLOUIS,stlouis,2012-11-01,2321,NA,FALSE
STLOUIS,stlouis,2012-12-01,2125,NA,FALSE
STLOUIS,stlouis,2013-01-01,2518,NA,FALSE
STLOUIS,stlouis,2013-02-01,1851,NA,FALSE
STLOUIS,stlouis,2013-03-01,2045,NA,FALSE
STLOUIS,stlouis,2013-04-01,2299,NA,FALSE
STLOUIS,stlouis,2013-05-01,2322,NA,FALSE
STLOUIS,stlouis,2013-06-01,2681,NA,FALSE
STLOUIS,stlouis,2013-07-01,2846,NA,FALSE
STLOUIS,stlouis,2013-08-01,2957,NA,FALSE
STLOUIS,stlouis,2013-09-01,2600,NA,FALSE
STLOUIS,stlouis,2013-10-01,2822,NA,FALSE
STLOUIS,stlouis,2013-11-01,2240,NA,FALSE
STLOUIS,stlouis,2013-12-01,2036,NA,FALSE
STLOUIS,stlouis,2014-01-01,1548,NA,FALSE
STLOUIS,stlouis,2014-02-01,1139,NA,FALSE
STLOUIS,stlouis,2014-03-01,1233,NA,FALSE
STLOUIS,stlouis,2014-04-01,1180,NA,FALSE
STLOUIS,stlouis,2014-05-01,1308,NA,FALSE
STLOUIS,stlouis,2014-06-01,1489,NA,FALSE
STLOUIS,stlouis,2014-07-01,1669,NA,FALSE
STLOUIS,stlouis,2014-08-01,1408,NA,FALSE
STLOUIS,stlouis,2014-09-01,1572,NA,FALSE
STLOUIS,stlouis,2014-10-01,1293,NA,FALSE
STLOUIS,stlouis,2014-11-01,1182,NA,FALSE
STLOUIS,stlouis,2014-12-01,1179,NA,FALSE
STLOUIS,stlouis,2015-01-01,1861,NA,FALSE
STLOUIS,stlouis,2015-02-01,1424,NA,FALSE
STLOUIS,stlouis,2015-03-01,1383,NA,FALSE
STLOUIS,stlouis,2015-04-01,1711,NA,FALSE
STLOUIS,stlouis,2015-05-01,1690,NA,FALSE
STLOUIS,stlouis,2015-06-01,1780,NA,FALSE
STLOUIS,stlouis,2015-07-01,2001,NA,FALSE
STLOUIS,stlouis,2015-08-01,1810,NA,FALSE
STLOUIS,stlouis,2015-09-01,2028,NA,FALSE
STLOUIS,stlouis,2015-10-01,1906,NA,FALSE
STLOUIS,stlouis,2015-11-01,1754,NA,FALSE
STLOUIS,stlouis,2015-12-01,1925,NA,FALSE
STLOUIS,stlouis,2016-01-01,556,NA,FALSE
STLOUIS,stlouis,2016-02-01,271,NA,FALSE
STLOUIS,stlouis,2016-03-01,397,NA,FALSE
STLOUIS,stlouis,2016-04-01,503,NA,FALSE
STLOUIS,stlouis,2016-05-01,514,NA,FALSE
STLOUIS,stlouis,2016-06-01,526,NA,FALSE
STLOUIS,stlouis,2016-07-01,449,NA,FALSE
STLOUIS,stlouis,2016-08-01,601,NA,FALSE
STLOUIS,stlouis,2016-09-01,492,NA,FALSE
STLOUIS,stlouis,2016-10-01,229,NA,FALSE
STLOUIS,stlouis,2016-11-01,418,NA,FALSE
STLOUIS,stlouis,2016-12-01,334,NA,FALSE
TAMPA,tampa,2012-01-01,1804,NA,FALSE
TAMPA,tampa,2012-02-01,1265,NA,FALSE
TAMPA,tampa,2012-03-01,1241,NA,FALSE
TAMPA,tampa,2012-04-01,1394,NA,FALSE
TAMPA,tampa,2012-05-01,1604,NA,FALSE
TAMPA,tampa,2012-06-01,1716,NA,FALSE
TAMPA,tampa,2012-07-01,1778,NA,FALSE
TAMPA,tampa,2012-08-01,1869,NA,FALSE
TAMPA,tampa,2012-09-01,1752,NA,FALSE
TAMPA,tampa,2012-10-01,1906,NA,FALSE
TAMPA,tampa,2012-11-01,1534,NA,FALSE
TAMPA,tampa,2012-12-01,1500,NA,FALSE
TAMPA,tampa,2013-01-01,1956,NA,FALSE
TAMPA,tampa,2013-02-01,1452,NA,FALSE
TAMPA,tampa,2013-03-01,1347,NA,FALSE
TAMPA,tampa,2013-04-01,1395,NA,FALSE
TAMPA,tampa,2013-05-01,1566,NA,FALSE
TAMPA,tampa,2013-06-01,1593,NA,FALSE
TAMPA,tampa,2013-07-01,2005,NA,FALSE
TAMPA,tampa,2013-08-01,1953,NA,FALSE
TAMPA,tampa,2013-09-01,1789,NA,FALSE
TAMPA,tampa,2013-10-01,1968,NA,FALSE
TAMPA,tampa,2013-11-01,1523,NA,FALSE
TAMPA,tampa,2013-12-01,1654,NA,FALSE
TAMPA,tampa,2014-01-01,1965,NA,FALSE
TAMPA,tampa,2014-02-01,1395,NA,FALSE
TAMPA,tampa,2014-03-01,1293,NA,FALSE
TAMPA,tampa,2014-04-01,1439,NA,FALSE
TAMPA,tampa,2014-05-01,1572,NA,FALSE
TAMPA,tampa,2014-06-01,1774,NA,FALSE
TAMPA,tampa,2014-07-01,1894,NA,FALSE
TAMPA,tampa,2014-08-01,1716,NA,FALSE
TAMPA,tampa,2014-09-01,1853,NA,FALSE
TAMPA,tampa,2014-10-01,1770,NA,FALSE
TAMPA,tampa,2014-11-01,1337,NA,FALSE
TAMPA,tampa,2014-12-01,1623,NA,FALSE
TAMPA,tampa,2015-01-01,1762,NA,FALSE
TAMPA,tampa,2015-02-01,1258,NA,FALSE
TAMPA,tampa,2015-03-01,1313,NA,FALSE
TAMPA,tampa,2015-04-01,1414,NA,FALSE
TAMPA,tampa,2015-05-01,1438,NA,FALSE
TAMPA,tampa,2015-06-01,1815,NA,FALSE
TAMPA,tampa,2015-07-01,1871,NA,FALSE
TAMPA,tampa,2015-08-01,1497,NA,FALSE
TAMPA,tampa,2015-09-01,1663,NA,FALSE
TAMPA,tampa,2015-10-01,1609,NA,FALSE
TAMPA,tampa,2015-11-01,1347,NA,FALSE
TAMPA,tampa,2015-12-01,1492,NA,FALSE
TAMPA,tampa,2016-01-01,3211,NA,FALSE
TAMPA,tampa,2016-02-01,2626,NA,FALSE
TAMPA,tampa,2016-03-01,2640,NA,FALSE
TAMPA,tampa,2016-04-01,2647,NA,FALSE
TAMPA,tampa,2016-05-01,3009,NA,FALSE
TAMPA,tampa,2016-06-01,3183,NA,FALSE
TAMPA,tampa,2016-07-01,3272,NA,FALSE
TAMPA,tampa,2016-08-01,3390,NA,FALSE
TAMPA,tampa,2016-09-01,3330,NA,FALSE
TAMPA,tampa,2016-10-01,2953,NA,FALSE
TAMPA,tampa,2016-11-01,2872,NA,FALSE
TAMPA,tampa,2016-12-01,3016,NA,FALSE
TAMPA,tampa,2017-01-01,3270,NA,FALSE
TAMPA,tampa,2017-02-01,2679,NA,FALSE
TAMPA,tampa,2017-03-01,2606,NA,FALSE
TAMPA,tampa,2017-04-01,2384,NA,FALSE
TAMPA,tampa,2017-05-01,3055,NA,FALSE
TAMPA,tampa,2017-06-01,3267,NA,FALSE
TAMPA,tampa,2017-07-01,2950,NA,FALSE
TAMPA,tampa,2017-08-01,3382,NA,FALSE
TAMPA,tampa,2017-09-01,2597,NA,FALSE
TAMPA,tampa,2017-10-01,3745,NA,FALSE
TAMPA,tampa,2017-11-01,2760,NA,FALSE
TAMPA,tampa,2017-12-01,2745,NA,FALSE
TAMPA,tampa,2018-01-01,3531,NA,FALSE
TAMPA,tampa,2018-02-01,2546,NA,FALSE
TAMPA,tampa,2018-03-01,2281,NA,FALSE
TAMPA,tampa,2018-04-01,2412,NA,FALSE
TAMPA,tampa,2018-05-01,2817,NA,FALSE
TAMPA,tampa,2018-06-01,3039,NA,FALSE
TAMPA,tampa,2018-07-01,3227,NA,FALSE
TAMPA,tampa,2018-08-01,3496,NA,FALSE
TAMPA,tampa,2018-09-01,2664,NA,FALSE
TAMPA,tampa,2018-10-01,3397,NA,FALSE
TAMPA,tampa,2018-11-01,2656,NA,FALSE
TAMPA,tampa,2018-12-01,2750,NA,FALSE
TAMPA,tampa,2019-01-01,3261,NA,FALSE
TAMPA,tampa,2019-02-01,2556,NA,FALSE
TAMPA,tampa,2019-03-01,2131,NA,FALSE
TAMPA,tampa,2019-04-01,2560,NA,FALSE
TAMPA,tampa,2019-05-01,2871,NA,FALSE
TAMPA,tampa,2019-06-01,2820,NA,FALSE
TAMPA,tampa,2019-07-01,3105,NA,FALSE
TAMPA,tampa,2019-08-01,3336,NA,FALSE
TAMPA,tampa,2019-09-01,2995,NA,FALSE
TAMPA,tampa,2019-10-01,3181,NA,FALSE
TAMPA,tampa,2019-11-01,2575,NA,FALSE
TAMPA,tampa,2019-12-01,2866,NA,FALSE
"Tampa, FL","tampa, fl",2020-01-01,1658,1852,FALSE
"Tampa, FL","tampa, fl",2020-02-01,1368,1638.5,FALSE
"Tampa, FL","tampa, fl",2020-03-01,1061,1495.5,FALSE
"Tampa, FL","tampa, fl",2020-04-01,304,1438,FALSE
"Tampa, FL","tampa, fl",2020-05-01,352,1687,FALSE
"Tampa, FL","tampa, fl",2020-06-01,396,1647,FALSE
"Tampa, FL","tampa, fl",2020-07-01,215,1719,FALSE
"Tampa, FL","tampa, fl",2020-08-01,870,1842.5,FALSE
"Tampa, FL","tampa, fl",2020-09-01,1113,1717,FALSE
"Tampa, FL","tampa, fl",2020-10-01,1469,1649.5,FALSE
"Tampa, FL","tampa, fl",2020-11-01,1360,1490,FALSE
"Tampa, FL","tampa, fl",2020-12-01,1431,1642,FALSE
"Tampa, FL","tampa, fl",2021-01-01,1370,1852,FALSE
"Tampa, FL","tampa, fl",2021-02-01,1320,1588.5,FALSE
"Tampa, FL","tampa, fl",2021-03-01,1131,1495.5,FALSE
"Tampa, FL","tampa, fl",2021-04-01,942,1438,FALSE
"Tampa, FL","tampa, fl",2021-05-01,879,1687,FALSE
"Tampa, FL","tampa, fl",2021-06-01,1066,1647,FALSE
"Tampa, FL","tampa, fl",2021-07-01,1094,1719,FALSE
"Tampa, FL","tampa, fl",2021-08-01,1102,1842.5,FALSE
"Tampa, FL","tampa, fl",2021-09-01,1156,1717,FALSE
"Tampa, FL","tampa, fl",2021-10-01,1305,1649.5,FALSE
"Tampa, FL","tampa, fl",2021-11-01,1247,1490,FALSE
"Tampa, FL","tampa, fl",2021-12-01,1087,1642,FALSE
"Tampa, FL","tampa, fl",2022-01-01,1258,1852,FALSE
"Tampa, FL","tampa, fl",2022-02-01,1160,1588.5,FALSE
"Tampa, FL","tampa, fl",2022-03-01,1339,1495.5,FALSE
"Tampa, FL","tampa, fl",2022-04-01,1252,1438,FALSE
"Tampa, FL","tampa, fl",2022-05-01,1347,1687,FALSE
"Tampa, FL","tampa, fl",2022-06-01,1579,1647,FALSE
"Tampa, FL","tampa, fl",2022-07-01,1651,1719,FALSE
"Tampa, FL","tampa, fl",2022-08-01,1841,1842.5,FALSE
"Tampa, FL","tampa, fl",2022-09-01,1570,1717,FALSE
"Tampa, FL","tampa, fl",2022-10-01,1838,1649.5,FALSE
"Tampa, FL","tampa, fl",2022-11-01,1579,1490,FALSE
"Tampa, FL","tampa, fl",2022-12-01,1622,1642,FALSE
"Tampa, FL","tampa, fl",2023-01-01,1868,1852,FALSE
"Tampa, FL","tampa, fl",2023-02-01,1605,1588.5,FALSE
"Tampa, FL","tampa, fl",2023-03-01,1520,1495.5,FALSE
"Tampa, FL","tampa, fl",2023-04-01,1322,1438,FALSE
"Tampa, FL","tampa, fl",2023-05-01,1764,1687,FALSE
"Tampa, FL","tampa, fl",2023-06-01,1769,1647,FALSE
"Tampa, FL","tampa, fl",2023-07-01,1633,1719,FALSE
"Tampa, FL","tampa, fl",2023-08-01,1920,1842.5,FALSE
"Tampa, FL","tampa, fl",2023-09-01,1861,1717,FALSE
"Tampa, FL","tampa, fl",2023-10-01,1871,1649.5,FALSE
"Tampa, FL","tampa, fl",2023-11-01,1529,1490,FALSE
"Tampa, FL","tampa, fl",2023-12-01,1600,1642,FALSE
"Tampa, FL","tampa, fl",2024-01-01,1836,1852,FALSE
"Tampa, FL","tampa, fl",2024-02-01,1672,1638.5,FALSE
"Tampa, FL","tampa, fl",2024-03-01,1471,1495.5,FALSE
"Tampa, FL","tampa, fl",2024-04-01,1554,1438,FALSE
"Tampa, FL","tampa, fl",2024-05-01,1610,1687,FALSE
"Tampa, FL","tampa, fl",2024-06-01,1525,1647,FALSE
"Tampa, FL","tampa, fl",2024-07-01,1805,1719,FALSE
"Tampa, FL","tampa, fl",2024-08-01,1765,1842.5,FALSE
"Tampa, FL","tampa, fl",2024-09-01,1573,1717,FALSE
"Tampa, FL","tampa, fl",2024-10-01,1428,1649.5,FALSE
"Tampa, FL","tampa, fl",2024-11-01,1451,1490,FALSE
"Tampa, FL","tampa, fl",2024-12-01,1684,1642,FALSE
"Tampa, FL","tampa, fl",2025-01-01,1744,1852,FALSE
"Tampa, FL","tampa, fl",2025-02-01,1447,1588.5,FALSE
"Tampa, FL","tampa, fl",2025-03-01,1392,1495.5,FALSE
"Tampa, FL","tampa, fl",2025-04-01,162,185.5,FALSE
WILMINGTON,wilmington,2016-01-01,1047,NA,FALSE
WILMINGTON,wilmington,2016-02-01,755,NA,FALSE
WILMINGTON,wilmington,2016-03-01,757,NA,FALSE
WILMINGTON,wilmington,2016-04-01,852,NA,FALSE
WILMINGTON,wilmington,2016-05-01,909,NA,FALSE
WILMINGTON,wilmington,2016-06-01,972,NA,FALSE
WILMINGTON,wilmington,2016-07-01,929,NA,FALSE
WILMINGTON,wilmington,2016-08-01,1004,NA,FALSE
WILMINGTON,wilmington,2016-09-01,1033,NA,FALSE
WILMINGTON,wilmington,2016-10-01,1018,NA,FALSE
WILMINGTON,wilmington,2016-11-01,853,NA,FALSE
WILMINGTON,wilmington,2016-12-01,927,NA,FALSE
WILMINGTON,wilmington,2017-01-01,905,NA,FALSE
WILMINGTON,wilmington,2017-02-01,865,NA,FALSE
WILMINGTON,wilmington,2017-03-01,738,NA,FALSE
WILMINGTON,wilmington,2017-04-01,828,NA,FALSE
WILMINGTON,wilmington,2017-05-01,969,NA,FALSE
WILMINGTON,wilmington,2017-06-01,1098,NA,FALSE
WILMINGTON,wilmington,2017-07-01,939,NA,FALSE
WILMINGTON,wilmington,2017-08-01,1111,NA,FALSE
WILMINGTON,wilmington,2017-09-01,1013,NA,FALSE
WILMINGTON,wilmington,2017-10-01,982,NA,FALSE
WILMINGTON,wilmington,2017-11-01,915,NA,FALSE
WILMINGTON,wilmington,2017-12-01,861,NA,FALSE
WILMINGTON,wilmington,2018-01-01,985,NA,FALSE
WILMINGTON,wilmington,2018-02-01,1003,NA,FALSE
WILMINGTON,wilmington,2018-03-01,793,NA,FALSE
WILMINGTON,wilmington,2018-04-01,849,NA,FALSE
WILMINGTON,wilmington,2018-05-01,936,NA,FALSE
WILMINGTON,wilmington,2018-06-01,987,NA,FALSE
WILMINGTON,wilmington,2018-07-01,941,NA,FALSE
WILMINGTON,wilmington,2018-08-01,1123,NA,FALSE
WILMINGTON,wilmington,2018-09-01,981,NA,FALSE
WILMINGTON,wilmington,2018-10-01,1106,NA,FALSE
WILMINGTON,wilmington,2018-11-01,849,NA,FALSE
WILMINGTON,wilmington,2018-12-01,901,NA,FALSE
WILMINGTON,wilmington,2019-01-01,1039,NA,FALSE
WILMINGTON,wilmington,2019-02-01,1039,NA,FALSE
WILMINGTON,wilmington,2019-03-01,779,NA,FALSE
WILMINGTON,wilmington,2019-04-01,880,NA,FALSE
WILMINGTON,wilmington,2019-05-01,951,NA,FALSE
WILMINGTON,wilmington,2019-06-01,857,NA,FALSE
WILMINGTON,wilmington,2019-07-01,1105,NA,FALSE
WILMINGTON,wilmington,2019-08-01,1012,NA,FALSE
WILMINGTON,wilmington,2019-09-01,965,NA,FALSE
WILMINGTON,wilmington,2019-10-01,949,NA,FALSE
WILMINGTON,wilmington,2019-11-01,921,NA,FALSE
WILMINGTON,wilmington,2019-12-01,966,NA,FALSE
"Wilmington, DE","wilmington, de",2020-01-01,920,727.5,FALSE
"Wilmington, DE","wilmington, de",2020-02-01,931,733.5,FALSE
"Wilmington, DE","wilmington, de",2020-03-01,416,670,FALSE
"Wilmington, DE","wilmington, de",2020-04-01,5,552.5,FALSE
"Wilmington, DE","wilmington, de",2020-05-01,9,656,FALSE
"Wilmington, DE","wilmington, de",2020-06-01,23,704.5,FALSE
"Wilmington, DE","wilmington, de",2020-07-01,307,755,FALSE
"Wilmington, DE","wilmington, de",2020-08-01,388,786,FALSE
"Wilmington, DE","wilmington, de",2020-09-01,480,749,FALSE
"Wilmington, DE","wilmington, de",2020-10-01,492,785,FALSE
"Wilmington, DE","wilmington, de",2020-11-01,454,676.5,FALSE
"Wilmington, DE","wilmington, de",2020-12-01,379,592,FALSE
"Wilmington, DE","wilmington, de",2021-01-01,335,727.5,FALSE
"Wilmington, DE","wilmington, de",2021-02-01,418,699,FALSE
"Wilmington, DE","wilmington, de",2021-03-01,422,670,FALSE
"Wilmington, DE","wilmington, de",2021-04-01,334,552.5,FALSE
"Wilmington, DE","wilmington, de",2021-05-01,299,656,FALSE
"Wilmington, DE","wilmington, de",2021-06-01,343,704.5,FALSE
"Wilmington, DE","wilmington, de",2021-07-01,365,755,FALSE
"Wilmington, DE","wilmington, de",2021-08-01,525,786,FALSE
"Wilmington, DE","wilmington, de",2021-09-01,518,749,FALSE
"Wilmington, DE","wilmington, de",2021-10-01,634,785,FALSE
"Wilmington, DE","wilmington, de",2021-11-01,502,676.5,FALSE
"Wilmington, DE","wilmington, de",2021-12-01,593,592,FALSE
"Wilmington, DE","wilmington, de",2022-01-01,578,727.5,FALSE
"Wilmington, DE","wilmington, de",2022-02-01,595,699,FALSE
"Wilmington, DE","wilmington, de",2022-03-01,700,670,FALSE
"Wilmington, DE","wilmington, de",2022-04-01,649,552.5,FALSE
"Wilmington, DE","wilmington, de",2022-05-01,550,656,FALSE
"Wilmington, DE","wilmington, de",2022-06-01,625,704.5,FALSE
"Wilmington, DE","wilmington, de",2022-07-01,576,755,FALSE
"Wilmington, DE","wilmington, de",2022-08-01,832,786,FALSE
"Wilmington, DE","wilmington, de",2022-09-01,663,749,FALSE
"Wilmington, DE","wilmington, de",2022-10-01,641,785,FALSE
"Wilmington, DE","wilmington, de",2022-11-01,626,676.5,FALSE
"Wilmington, DE","wilmington, de",2022-12-01,672,592,FALSE
"Wilmington, DE","wilmington, de",2023-01-01,817,727.5,FALSE
"Wilmington, DE","wilmington, de",2023-02-01,784,699,FALSE
"Wilmington, DE","wilmington, de",2023-03-01,708,670,FALSE
"Wilmington, DE","wilmington, de",2023-04-01,520,552.5,FALSE
"Wilmington, DE","wilmington, de",2023-05-01,655,656,FALSE
"Wilmington, DE","wilmington, de",2023-06-01,713,704.5,FALSE
"Wilmington, DE","wilmington, de",2023-07-01,711,755,FALSE
"Wilmington, DE","wilmington, de",2023-08-01,854,786,FALSE
"Wilmington, DE","wilmington, de",2023-09-01,668,749,FALSE
"Wilmington, DE","wilmington, de",2023-10-01,687,785,FALSE
"Wilmington, DE","wilmington, de",2023-11-01,731,676.5,FALSE
"Wilmington, DE","wilmington, de",2023-12-01,620,592,FALSE
"Wilmington, DE","wilmington, de",2024-01-01,554,727.5,FALSE
"Wilmington, DE","wilmington, de",2024-02-01,586,733.5,FALSE
"Wilmington, DE","wilmington, de",2024-03-01,558,670,FALSE
"Wilmington, DE","wilmington, de",2024-04-01,551,552.5,FALSE
"Wilmington, DE","wilmington, de",2024-05-01,579,656,FALSE
"Wilmington, DE","wilmington, de",2024-06-01,606,704.5,FALSE
"Wilmington, DE","wilmington, de",2024-07-01,740,755,FALSE
"Wilmington, DE","wilmington, de",2024-08-01,645,786,FALSE
"Wilmington, DE","wilmington, de",2024-09-01,752,749,FALSE
"Wilmington, DE","wilmington, de",2024-10-01,804,785,FALSE
"Wilmington, DE","wilmington, de",2024-11-01,591,676.5,FALSE
"Wilmington, DE","wilmington, de",2024-12-01,507,592,FALSE
"Wilmington, DE","wilmington, de",2025-01-01,518,727.5,FALSE
"Wilmington, DE","wilmington, de",2025-02-01,773,699,FALSE
"Wilmington, DE","wilmington, de",2025-03-01,602,670,FALSE
"Wilmington, DE","wilmington, de",2025-04-01,590,552.5,FALSE
"Wilmington, DE","wilmington, de",2025-05-01,521,656,FALSE
"Wilmington, DE","wilmington, de",2025-06-01,647,704.5,FALSE
"Wilmington, DE","wilmington, de",2025-07-01,665,755,FALSE
"Wilmington, DE","wilmington, de",2025-08-01,450,786,FALSE
"Wilmington, DE","wilmington, de",2025-09-01,327,749,FALSE
"Wilmington, DE","wilmington, de",2025-10-01,947,785,FALSE
"Wilmington, DE","wilmington, de",2025-11-01,93,265,FALSE
