State,Month,month_date,Handle,Revenue,Hold,Taxes
Arizona,September 2021,2021-09-01,291212868.0,32308342.0,0.111,31393.0
Arizona,October 2021,2021-10-01,486097352.0,37510371.0,0.077,1022841.0
Arizona,November 2021,2021-11-01,466725687.0,51416143.0,0.11,3177148.0
Arizona,December 2021,2021-12-01,499213733.0,39822928.0,0.08,1723902.0
Arizona,January 2022,2022-01-01,563694591.0,41890200.0,0.07400000000000001,1952971.0
Arizona,February 2022,2022-02-01,491665554.0,25629835.0,0.052000000000000005,670686.0
Arizona,March 2022,2022-03-01,690979294.0,38898393.0,0.055999999999999994,1864457.0
Arizona,April 2022,2022-04-01,512877848.0,30441992.0,0.059000000000000004,1647450.0
Arizona,May 2022,2022-05-01,461450688.0,56193286.0,0.122,4125125.0
Arizona,June 2022,2022-06-01,318774198.0,12601356.0,0.04,766831.0
Arizona,July 2022,2022-07-01,290511533.0,22684581.0,0.078,1496427.0
Arizona,August 2022,2022-08-01,361008835.0,37161759.0,0.10300000000000001,2767590.0
Arizona,September 2022,2022-09-01,537966149.0,56428816.0,0.105,3058838.0
Arizona,October 2022,2022-10-01,618570296.0,49392417.0,0.08,2963716.0
Arizona,November 2022,2022-11-01,616855045.0,56028195.0,0.091,3876208.0
Arizona,December 2022,2022-12-01,572490899.0,55581725.0,0.09699999999999999,3724395.0
Arizona,January 2023,2023-01-01,591220794.0,47486817.0,0.08,2886502.0
Arizona,February 2023,2023-02-01,609278096.0,35412452.0,0.057999999999999996,1609581.0
Arizona,March 2023,2023-03-01,644763991.0,53523947.0,0.083,3704268.0
Arizona,April 2023,2023-04-01,535712027.0,49163323.0,0.092,3429846.0
Arizona,May 2023,2023-05-01,451717025.0,49458507.0,0.109,3376059.0
Arizona,June 2023,2023-06-01,393198858.0,28331608.0,0.07200000000000001,1633356.0
Arizona,July 2023,2023-07-01,323211485.0,35343495.0,0.109,2678598.0
Arizona,August 2023,2023-08-01,358875474.0,31681151.0,0.08800000000000001,2128096.0
Arizona,September 2023,2023-09-01,610716285.0,60115066.0,0.098,3243222.0
Arizona,October 2023,2023-10-01,648208573.0,56868981.0,0.08800000000000001,3287799.0
Arizona,November 2023,2023-11-01,713586704.0,42333282.0,0.059000000000000004,2023887.0
Arizona,December 2023,2023-12-01,693310960.0,67697686.0,0.098,4817325.0
Arizona,January 2024,2024-01-01,706382861.0,70943718.0,0.1,4610005.0
Arizona,February 2024,2024-02-01,637485879.0,54329589.0,0.085,2788885.0
Arizona,March 2024,2024-03-01,759807633.0,59289055.0,0.078,3784200.0
Arizona,April 2024,2024-04-01,656322666.0,64489906.0,0.098,4328378.0
Arizona,May 2024,2024-05-01,568493315.0,62444214.0,0.11,4307143.0
Arizona,June 2024,2024-06-01,454116117.0,47269458.0,0.10400000000000001,3157087.0
Arizona,July 2024,2024-07-01,410140440.0,42514638.0,0.10400000000000001,2896319.0
Arizona,August 2024,2024-08-01,496602562.0,37071285.0,0.075,2239781.0
Arizona,September 2024,2024-09-01,732099544.0,76364871.0,0.10400000000000001,3962932.0
Arizona,October 2024,2024-10-01,791243694.0,55622010.0,0.07,2353297.0
Arizona,November 2024,2024-11-01,897635847.0,86285876.0,0.096,5731498.0
Arizona,December 2024,2024-12-01,849316636.0,51089325.0,0.06,2580184.0
Arizona,January 2025,2025-01-01,864246556.0,85003961.0,0.098,5318013.0
Arizona,February 2025,2025-02-01,699726800.0,65584317.0,0.094,3980547.0
Arizona,March 2025,2025-03-01,887363830.0,50409421.0,0.057,2491843.0
Arizona,April 2025,2025-04-01,746436864.0,65890775.0,0.08800000000000001,4337306.0
Arizona,May 2025,2025-05-01,707103199.0,75074646.0,0.106,5169342.0
Arizona,June 2025,2025-06-01,542954635.0,68139684.0,0.125,5028579.0
Arizona,July 2025,2025-07-01,463686016.0,54465871.0,0.11699999999999999,4071327.0
Arizona,August 2025,2025-08-01,610663049.0,61342793.0,0.1,4142225.0
Arizona,September 2025,2025-09-01,851331639.0,57031853.0,0.067,1937777.0
Arkansas,July 2019,2019-07-01,416160.0,76885.0,0.185,9995.0
Arkansas,August 2019,2019-08-01,778249.0,58858.0,0.076,7652.0
Arkansas,September 2019,2019-09-01,2252196.0,183044.0,0.081,23796.0
Arkansas,October 2019,2019-10-01,2216369.0,380006.0,0.171,49401.0
Arkansas,November 2019,2019-11-01,2978235.0,181497.0,0.061,23595.0
Arkansas,December 2019,2019-12-01,2633806.0,455368.0,0.17300000000000001,59198.0
Arkansas,January 2020,2020-01-01,2587732.0,254811.0,0.098,33263.0
Arkansas,February 2020,2020-02-01,4294366.0,411589.0,0.096,67494.0
Arkansas,March 2020,2020-03-01,1588403.0,222373.0,0.14,38310.0
Arkansas,April 2020,2020-04-01,0.0,0.0,,0.0
Arkansas,May 2020,2020-05-01,509.0,-115.0,-0.226,-15.0
Arkansas,June 2020,2020-06-01,1189.0,10.0,0.008,1.0
Arkansas,July 2020,2020-07-01,179315.0,-19633.0,-0.109,-2552.0
Arkansas,August 2020,2020-08-01,1008992.0,69625.0,0.069,9051.0
Arkansas,September 2020,2020-09-01,3958748.0,397095.0,0.1,51622.0
Arkansas,October 2020,2020-10-01,6559859.0,940513.0,0.14300000000000002,122267.0
Arkansas,November 2020,2020-11-01,6288249.0,975984.0,0.155,126878.0
Arkansas,December 2020,2020-12-01,6415446.0,1054273.0,0.16399999999999998,137055.0
Arkansas,January 2021,2021-01-01,7187194.0,1383240.0,0.192,180474.0
Arkansas,February 2021,2021-02-01,4469442.0,651239.0,0.146,92922.0
Arkansas,March 2021,2021-03-01,5947427.0,805182.0,0.135,130877.0
Arkansas,April 2021,2021-04-01,4065703.0,756328.0,0.18600000000000003,131137.0
Arkansas,May 2021,2021-05-01,3687207.0,506142.0,0.13699999999999998,81710.0
Arkansas,June 2021,2021-06-01,3895683.0,382940.0,0.098,59088.0
Arkansas,July 2021,2021-07-01,2908833.0,449040.0,0.154,58375.0
Arkansas,August 2021,2021-08-01,2892285.0,310481.0,0.107,40363.0
Arkansas,September 2021,2021-09-01,7007774.0,809404.0,0.11599999999999999,105223.0
Arkansas,October 2021,2021-10-01,9506183.0,803567.0,0.085,104464.0
Arkansas,November 2021,2021-11-01,8380191.0,1623434.0,0.19399999999999998,211047.0
Arkansas,December 2021,2021-12-01,7794292.0,130305.0,0.017,6188.0
Arkansas,January 2022,2022-01-01,8775932.0,1181335.0,0.135,153574.0
Arkansas,February 2022,2022-02-01,5876444.0,359103.0,0.061,61390.0
Arkansas,March 2022,2022-03-01,10686501.0,791867.0,0.07400000000000001,119671.0
Arkansas,April 2022,2022-04-01,8598226.0,749810.0,0.087,120297.0
Arkansas,May 2022,2022-05-01,10185647.0,615576.0,0.06,117426.0
Arkansas,June 2022,2022-06-01,12632207.0,4045.0,0.0,12598.0
Arkansas,July 2022,2022-07-01,9290467.0,854436.0,0.092,111077.0
Arkansas,August 2022,2022-08-01,10195911.0,1015339.0,0.1,131994.0
Arkansas,September 2022,2022-09-01,21185547.0,3208032.0,0.151,417044.0
Arkansas,October 2022,2022-10-01,26879107.0,2793719.0,0.10400000000000001,363183.0
Arkansas,November 2022,2022-11-01,30576009.0,2999450.0,0.098,452393.0
Arkansas,December 2022,2022-12-01,30936485.0,3409972.0,0.11,449690.0
Arkansas,January 2023,2023-01-01,32976264.0,2868244.0,0.087,439379.0
Arkansas,February 2023,2023-02-01,29532263.0,1709714.0,0.057999999999999996,254925.0
Arkansas,March 2023,2023-03-01,37474412.0,4264047.0,0.114,626042.0
Arkansas,April 2023,2023-04-01,25452659.0,2336023.0,0.092,349633.0
Arkansas,May 2023,2023-05-01,22777209.0,2293281.0,0.10099999999999999,458656.0
Arkansas,June 2023,2023-06-01,22708945.0,1334973.0,0.059000000000000004,266995.0
Arkansas,July 2023,2023-07-01,17577626.0,2077422.0,0.11800000000000001,270065.0
Arkansas,August 2023,2023-08-01,22553214.0,1673538.0,0.07400000000000001,217560.0
Arkansas,September 2023,2023-09-01,41002257.0,3992930.0,0.09699999999999999,519081.0
Arkansas,October 2023,2023-10-01,44986803.0,5825161.0,0.129,757271.0
Arkansas,November 2023,2023-11-01,54770449.0,3018845.0,0.055,392450.0
Arkansas,December 2023,2023-12-01,52952226.0,5762757.0,0.109,783089.0
Arkansas,January 2024,2024-01-01,50698701.0,5855921.0,0.11599999999999999,894654.0
Arkansas,February 2024,2024-02-01,40947811.0,2672209.0,0.065,413682.0
Arkansas,March 2024,2024-03-01,50031696.0,3406749.0,0.068,510490.0
Arkansas,April 2024,2024-04-01,41763742.0,3788712.0,0.091,568356.0
Arkansas,May 2024,2024-05-01,39823867.0,3556977.0,0.08900000000000001,700934.0
Arkansas,June 2024,2024-06-01,31416492.0,3227769.0,0.10300000000000001,645554.0
Arkansas,July 2024,2024-07-01,25464080.0,2677225.0,0.105,348039.0
Arkansas,August 2024,2024-08-01,32207497.0,1941927.0,0.06,252451.0
Arkansas,September 2024,2024-09-01,53056638.0,6918341.0,0.13,899384.0
Arkansas,October 2024,2024-10-01,60435368.0,3150162.0,0.052000000000000005,409521.0
Arkansas,November 2024,2024-11-01,66058203.0,9201130.0,0.139,1196147.0
Arkansas,December 2024,2024-12-01,65930594.0,2008583.0,0.03,277977.0
Arkansas,January 2025,2025-01-01,62347910.0,6931367.0,0.111,1023821.0
Arkansas,February 2025,2025-02-01,46305952.0,4386890.0,0.095,656426.0
Arkansas,March 2025,2025-03-01,65593042.0,1703065.0,0.026000000000000002,248846.0
Arkansas,April 2025,2025-04-01,48687247.0,4542660.0,0.09300000000000001,829731.0
Arkansas,May 2025,2025-05-01,47308479.0,4706466.0,0.099,941293.0
Arkansas,June 2025,2025-06-01,37466071.0,4888919.0,0.13,977784.0
Arkansas,July 2025,2025-07-01,29432610.0,3427539.0,0.11599999999999999,445580.0
Arkansas,August 2025,2025-08-01,40582488.0,4262474.0,0.105,554122.0
Colorado,May 2020,2020-05-01,25621762.0,2565729.0,0.1,96545.0
Colorado,June 2020,2020-06-01,38136949.0,3484015.0,0.091,217945.0
Colorado,July 2020,2020-07-01,59183620.0,5196599.0,0.08800000000000001,239153.0
Colorado,August 2020,2020-08-01,128646209.0,7519599.0,0.057999999999999996,189326.0
Colorado,September 2020,2020-09-01,207655943.0,4166334.0,0.02,69772.0
Colorado,October 2020,2020-10-01,210719821.0,17402409.0,0.083,806618.0
Colorado,November 2020,2020-11-01,231238842.0,18354655.0,0.079,780635.0
Colorado,December 2020,2020-12-01,284551472.0,17151867.0,0.06,531495.0
Colorado,January 2021,2021-01-01,326903462.0,23144535.0,0.071,1194690.0
Colorado,February 2021,2021-02-01,266549207.0,10444810.0,0.039,333976.0
Colorado,March 2021,2021-03-01,300990842.0,20365119.0,0.068,1061008.0
Colorado,April 2021,2021-04-01,244446760.0,17563939.0,0.07200000000000001,1083812.0
Colorado,May 2021,2021-05-01,248968193.0,15129108.0,0.061,633896.0
Colorado,June 2021,2021-06-01,229764688.0,19730957.0,0.086,1186455.0
Colorado,July 2021,2021-07-01,181327995.0,15652461.0,0.086,999111.0
Colorado,August 2021,2021-08-01,211918185.0,15228343.0,0.07200000000000001,728518.0
Colorado,September 2021,2021-09-01,408314625.0,22658630.0,0.055,483048.0
Colorado,October 2021,2021-10-01,491453342.0,28616708.0,0.057999999999999996,1246804.0
Colorado,November 2021,2021-11-01,475441229.0,36781848.0,0.077,1981640.0
Colorado,December 2021,2021-12-01,461448574.0,24732487.0,0.054000000000000006,770561.0
Colorado,January 2022,2022-01-01,573720213.0,34640219.0,0.06,1447952.0
Colorado,February 2022,2022-02-01,440508421.0,19604490.0,0.045,314731.0
Colorado,March 2022,2022-03-01,505611080.0,28238194.0,0.055999999999999994,1313076.0
Colorado,April 2022,2022-04-01,392311737.0,22571887.0,0.057999999999999996,1231742.0
Colorado,May 2022,2022-05-01,360325438.0,27119329.0,0.075,1659189.0
Colorado,June 2022,2022-06-01,313215081.0,6781092.0,0.022000000000000002,268280.0
Colorado,July 2022,2022-07-01,258414808.0,20802881.0,0.081,1092182.0
Colorado,August 2022,2022-08-01,290107970.0,25859270.0,0.08900000000000001,1822272.0
Colorado,September 2022,2022-09-01,450232597.0,51339659.0,0.114,2989342.0
Colorado,October 2022,2022-10-01,526619777.0,36514974.0,0.069,2330705.0
Colorado,November 2022,2022-11-01,552603013.0,37569022.0,0.068,2581533.0
Colorado,December 2022,2022-12-01,518088768.0,40909238.0,0.079,2583711.0
Colorado,January 2023,2023-01-01,547189025.0,35482562.0,0.065,2586457.0
Colorado,February 2023,2023-02-01,425142877.0,22599602.0,0.053,1257332.0
Colorado,March 2023,2023-03-01,494440210.0,45935669.0,0.09300000000000001,3103024.0
Colorado,April 2023,2023-04-01,417814147.0,35148592.0,0.084,2582615.0
Colorado,May 2023,2023-05-01,385242136.0,31406903.0,0.08199999999999999,2218084.0
Colorado,June 2023,2023-06-01,310656478.0,9223661.0,0.03,441951.0
Colorado,July 2023,2023-07-01,281110490.0,24962106.0,0.08900000000000001,1778773.0
Colorado,August 2023,2023-08-01,306065791.0,25873058.0,0.085,1806025.0
Colorado,September 2023,2023-09-01,512792794.0,45276517.0,0.08800000000000001,3126136.0
Colorado,October 2023,2023-10-01,554859801.0,46914492.0,0.085,3351482.0
Colorado,November 2023,2023-11-01,608488266.0,28585606.0,0.047,1489224.0
Colorado,December 2023,2023-12-01,716430270.0,40537499.0,0.057,3682335.0
Colorado,January 2024,2024-01-01,596685968.0,53490323.0,0.09,4128369.0
Colorado,February 2024,2024-02-01,536988261.0,25762378.0,0.048,1302174.0
Colorado,March 2024,2024-03-01,593094977.0,45041776.0,0.076,2852592.0
Colorado,April 2024,2024-04-01,509508228.0,32028036.0,0.063,1910656.0
Colorado,May 2024,2024-05-01,447561934.0,44991355.0,0.10099999999999999,3206326.0
Colorado,June 2024,2024-06-01,350425610.0,28196297.0,0.08,1816861.0
Colorado,July 2024,2024-07-01,320396841.0,32548659.0,0.102,2369730.0
Colorado,August 2024,2024-08-01,372378664.0,33202184.0,0.08900000000000001,2375443.0
Colorado,September 2024,2024-09-01,562923090.0,55092144.0,0.098,4049802.0
Colorado,October 2024,2024-10-01,601222031.0,39328305.0,0.065,2474941.0
Colorado,November 2024,2024-11-01,647951807.0,55666475.0,0.086,3958611.0
Colorado,December 2024,2024-12-01,648426634.0,29828799.0,0.046,1488607.0
Colorado,January 2025,2025-01-01,657182798.0,60909819.0,0.09300000000000001,4443574.0
Colorado,February 2025,2025-02-01,496628781.0,46377521.0,0.09300000000000001,3431766.0
Colorado,March 2025,2025-03-01,618044247.0,37247841.0,0.06,2217394.0
Colorado,April 2025,2025-04-01,507860831.0,47275156.0,0.09300000000000001,3402122.0
Colorado,May 2025,2025-05-01,495332856.0,49043013.0,0.099,3587198.0
Colorado,June 2025,2025-06-01,372493465.0,39848630.0,0.107,3079722.0
Colorado,July 2025,2025-07-01,352309841.0,35533248.0,0.10099999999999999,2715532.0
Colorado,August 2025,2025-08-01,417226850.0,47545938.0,0.114,4554306.0
Colorado,September 2025,2025-09-01,608767705.0,45996967.0,0.076,3236074.0
Connecticut,October 2021,2021-10-01,54641474.0,5567547.0,0.102,512951.0
Connecticut,November 2021,2021-11-01,131729179.0,17456823.0,0.133,1712136.0
Connecticut,December 2021,2021-12-01,150073755.0,10242899.0,0.068,929336.0
Connecticut,January 2022,2022-01-01,158092481.0,11891808.0,0.075,1142510.0
Connecticut,February 2022,2022-02-01,115619953.0,5844220.0,0.051,501516.0
Connecticut,March 2022,2022-03-01,140747137.0,11511388.0,0.08199999999999999,1037570.0
Connecticut,April 2022,2022-04-01,116465199.0,10353842.0,0.08900000000000001,988263.0
Connecticut,May 2022,2022-05-01,115180155.0,10308064.0,0.08900000000000001,981304.0
Connecticut,June 2022,2022-06-01,95421852.0,7142610.0,0.075,669453.0
Connecticut,July 2022,2022-07-01,78316775.0,8611816.0,0.11,859094.0
Connecticut,August 2022,2022-08-01,80037045.0,10882317.0,0.136,1153125.0
Connecticut,September 2022,2022-09-01,130547719.0,17608762.0,0.135,1777391.0
Connecticut,October 2022,2022-10-01,164170106.0,17012667.0,0.10400000000000001,1736473.0
Connecticut,November 2022,2022-11-01,165026282.0,17869847.0,0.10800000000000001,1942387.0
Connecticut,December 2022,2022-12-01,160266050.0,16268906.0,0.102,1736006.0
Connecticut,January 2023,2023-01-01,167673044.0,19610098.0,0.11699999999999999,1919290.0
Connecticut,February 2023,2023-02-01,136508300.0,11626147.0,0.085,1175694.0
Connecticut,March 2023,2023-03-01,159997579.0,17029646.0,0.106,1855821.0
Connecticut,April 2023,2023-04-01,126683869.0,13610074.0,0.107,1458730.0
Connecticut,May 2023,2023-05-01,109421369.0,15271178.0,0.14,1645394.0
Connecticut,June 2023,2023-06-01,91414677.0,9752058.0,0.107,961577.0
Connecticut,July 2023,2023-07-01,91512897.0,11126316.0,0.122,1215313.0
Connecticut,August 2023,2023-08-01,91316807.0,9797155.0,0.107,1027171.0
Connecticut,September 2023,2023-09-01,180954956.0,18900892.0,0.10400000000000001,2048710.0
Connecticut,October 2023,2023-10-01,189626160.0,19849187.0,0.105,2243142.0
Connecticut,November 2023,2023-11-01,205736989.0,12862839.0,0.063,1416233.0
Connecticut,December 2023,2023-12-01,212171045.0,22813764.0,0.10800000000000001,2569806.0
Connecticut,January 2024,2024-01-01,202752249.0,25570170.0,0.126,2864562.0
Connecticut,February 2024,2024-02-01,162841632.0,14820348.0,0.091,1598679.0
Connecticut,March 2024,2024-03-01,187815980.0,16981438.0,0.09,1892701.0
Connecticut,April 2024,2024-04-01,154109876.0,19105482.0,0.124,2133325.0
Connecticut,May 2024,2024-05-01,163648829.0,17941322.0,0.11,1973947.0
Connecticut,June 2024,2024-06-01,148557056.0,15626345.0,0.105,1695681.0
Connecticut,July 2024,2024-07-01,121808571.0,15853217.0,0.13,1748461.0
Connecticut,August 2024,2024-08-01,129150001.0,14514077.0,0.11199999999999999,1577559.0
Connecticut,September 2024,2024-09-01,214394512.0,27018896.0,0.126,3072543.0
Connecticut,October 2024,2024-10-01,229151493.0,19101389.0,0.083,2113436.0
Connecticut,November 2024,2024-11-01,228155465.0,30693791.0,0.135,3509155.0
Connecticut,December 2024,2024-12-01,243670782.0,14773557.0,0.061,1622646.0
Connecticut,January 2025,2025-01-01,229341717.0,27646389.0,0.121,3095758.0
Connecticut,February 2025,2025-02-01,169389080.0,20788142.0,0.12300000000000001,2346734.0
Connecticut,March 2025,2025-03-01,207660971.0,16887263.0,0.081,1873342.0
Connecticut,April 2025,2025-04-01,181821330.0,19320106.0,0.106,2132126.0
Connecticut,May 2025,2025-05-01,183947658.0,23194744.0,0.126,2580944.0
Connecticut,June 2025,2025-06-01,140533729.0,18387003.0,0.131,2063288.0
Connecticut,July 2025,2025-07-01,123505445.0,16404168.0,0.133,1832016.0
Connecticut,August 2025,2025-08-01,148602691.0,17556343.0,0.11800000000000001,1944566.0
Connecticut,September 2025,2025-09-01,230285859.0,20482590.0,0.08900000000000001,2306948.0
Delaware,June 2018,2018-06-01,7003725.0,1000247.0,0.14300000000000002,196323.0
Delaware,July 2018,2018-07-01,8214765.0,527115.0,0.064,275671.0
Delaware,August 2018,2018-08-01,8018354.0,983052.0,0.12300000000000001,538543.0
Delaware,September 2018,2018-09-01,23257965.0,7807511.0,0.336,4703849.0
Delaware,October 2018,2018-10-01,21231427.0,2565957.0,0.121,1460148.0
Delaware,November 2018,2018-11-01,24206090.0,2505848.0,0.10400000000000001,1155765.0
Delaware,December 2018,2018-12-01,23419539.0,5810007.0,0.248,3407848.0
Delaware,January 2019,2019-01-01,14130069.0,2687370.0,0.19,1516520.0
Delaware,February 2019,2019-02-01,8709205.0,-616941.0,-0.071,-483414.0
Delaware,March 2019,2019-03-01,10483128.0,1879045.0,0.179,982447.0
Delaware,April 2019,2019-04-01,6088183.0,703739.0,0.11599999999999999,367524.0
Delaware,May 2019,2019-05-01,5920766.0,464335.0,0.078,242081.0
Delaware,June 2019,2019-06-01,6325464.0,533377.0,0.084,278491.0
Delaware,July 2019,2019-07-01,3920974.0,579897.0,0.14800000000000002,303225.0
Delaware,August 2019,2019-08-01,4745747.0,586057.0,0.12300000000000001,290170.0
Delaware,September 2019,2019-09-01,18781406.0,5979895.0,0.318,3558378.0
Delaware,October 2019,2019-10-01,16066023.0,4640776.0,0.289,2691088.0
Delaware,November 2019,2019-11-01,16850854.0,4235148.0,0.251,2463260.0
Delaware,December 2019,2019-12-01,20466561.0,4174862.0,0.204,2324290.0
Delaware,January 2020,2020-01-01,11187011.0,2527312.0,0.226,1386819.0
Delaware,February 2020,2020-02-01,7279650.0,-410665.0,-0.055999999999999994,-367301.0
Delaware,March 2020,2020-03-01,3877068.0,653127.0,0.168,340952.0
Delaware,April 2020,2020-04-01,0.0,0.0,,-104.0
Delaware,May 2020,2020-05-01,0.0,0.0,,-15.0
Delaware,June 2020,2020-06-01,0.0,0.0,,-33.0
Delaware,July 2020,2020-07-01,209282.0,13845.0,0.066,7040.0
Delaware,August 2020,2020-08-01,2957634.0,419561.0,0.142,220175.0
Delaware,September 2020,2020-09-01,12439302.0,2803022.0,0.225,1596046.0
Delaware,October 2020,2020-10-01,17086034.0,4945186.0,0.289,2877725.0
Delaware,November 2020,2020-11-01,19510093.0,8162861.0,0.418,5018419.0
Delaware,December 2020,2020-12-01,15696681.0,4408081.0,0.281,2645802.0
Delaware,January 2021,2021-01-01,15649254.0,3288405.0,0.21,1798838.0
Delaware,February 2021,2021-02-01,7519710.0,679021.0,0.09,313006.0
Delaware,March 2021,2021-03-01,6666115.0,1104859.0,0.166,577524.0
Delaware,April 2021,2021-04-01,5470520.0,1023199.0,0.187,534814.0
Delaware,May 2021,2021-05-01,7060911.0,775611.0,0.11,404929.0
Delaware,June 2021,2021-06-01,5958137.0,737984.0,0.124,385357.0
Delaware,July 2021,2021-07-01,4110581.0,724765.0,0.17600000000000002,378599.0
Delaware,August 2021,2021-08-01,5251471.0,541621.0,0.10300000000000001,269110.0
Delaware,September 2021,2021-09-01,13702755.0,4420661.0,0.32299999999999995,2658149.0
Delaware,October 2021,2021-10-01,22238321.0,4635199.0,0.20800000000000002,2625850.0
Delaware,November 2021,2021-11-01,13383727.0,6226325.0,0.465,3843342.0
Delaware,December 2021,2021-12-01,12638955.0,-972383.0,-0.077,-1088521.0
Delaware,January 2022,2022-01-01,12637103.0,2716347.0,0.215,1989974.0
Delaware,February 2022,2022-02-01,5436407.0,74297.0,0.013999999999999999,15012.0
Delaware,March 2022,2022-03-01,5157583.0,631099.0,0.122,331496.0
Delaware,April 2022,2022-04-01,4200298.0,358171.0,0.085,188322.0
Delaware,May 2022,2022-05-01,5127275.0,565508.0,0.11,296948.0
Delaware,June 2022,2022-06-01,3507846.0,242316.0,0.069,127482.0
Delaware,July 2022,2022-07-01,2678686.0,438069.0,0.16399999999999998,229305.0
Delaware,August 2022,2022-08-01,2902652.0,399945.0,0.138,226701.0
Delaware,September 2022,2022-09-01,8908981.0,2915961.0,0.327,2419632.0
Delaware,October 2022,2022-10-01,13545163.0,2597717.0,0.192,2084703.0
Delaware,November 2022,2022-11-01,10172819.0,1622874.0,0.16,1270575.0
Delaware,December 2022,2022-12-01,8157580.0,1428195.0,0.175,1196569.0
Delaware,January 2023,2023-01-01,8457660.0,1714167.0,0.203,1441653.0
Delaware,February 2023,2023-02-01,4120957.0,347890.0,0.084,190355.0
Delaware,March 2023,2023-03-01,3491183.0,622285.0,0.17800000000000002,325556.0
Delaware,April 2023,2023-04-01,3450142.0,757951.0,0.22,239884.0
Delaware,May 2023,2023-05-01,2760829.0,276116.0,0.1,159433.0
Delaware,June 2023,2023-06-01,3128258.0,80201.0,0.026000000000000002,45282.0
Delaware,July 2023,2023-07-01,2256345.0,311152.0,0.138,203984.0
Delaware,August 2023,2023-08-01,2400532.0,340209.0,0.142,229649.0
Delaware,September 2023,2023-09-01,7633259.0,991828.0,0.13,865047.0
Delaware,October 2023,2023-10-01,10663362.0,2706248.0,0.254,2368232.0
Delaware,November 2023,2023-11-01,8126283.0,600906.0,0.07400000000000001,509072.0
Delaware,December 2023,2023-12-01,8837999.0,2147792.0,0.243,1859356.0
Delaware,January 2024,2024-01-01,17085199.0,1957473.0,0.115,1306854.0
Delaware,February 2024,2024-02-01,13763241.0,659017.0,0.048,283002.0
Delaware,March 2024,2024-03-01,18935525.0,1168825.0,0.062,639169.0
Delaware,April 2024,2024-04-01,15522996.0,1147601.0,0.07400000000000001,641491.0
Delaware,May 2024,2024-05-01,15107592.0,1201087.0,0.08,644012.0
Delaware,June 2024,2024-06-01,13058698.0,906777.0,0.069,502258.0
Delaware,July 2024,2024-07-01,9927116.0,1214849.0,0.122,679409.0
Delaware,August 2024,2024-08-01,10259279.0,797507.0,0.078,433720.0
Delaware,September 2024,2024-09-01,23242735.0,3232416.0,0.139,2213505.0
Delaware,October 2024,2024-10-01,24502521.0,1034657.0,0.042,433781.0
Delaware,November 2024,2024-11-01,26390185.0,2935614.0,0.111,1948890.0
Delaware,December 2024,2024-12-01,28445372.0,116593.0,0.004,-171708.0
Delaware,January 2025,2025-01-01,23805707.0,1944581.0,0.08199999999999999,1113892.0
Delaware,February 2025,2025-02-01,18056720.0,726313.0,0.04,365328.0
Delaware,March 2025,2025-03-01,21585890.0,1033146.0,0.048,574475.0
Delaware,April 2025,2025-04-01,18213653.0,1386298.0,0.076,754006.0
Delaware,May 2025,2025-05-01,17460383.0,1308127.0,0.075,705948.0
Delaware,June 2025,2025-06-01,14421282.0,1626048.0,0.113,889872.0
Delaware,July 2025,2025-07-01,13223247.0,1288319.0,0.09699999999999999,715716.0
Delaware,August 2025,2025-08-01,15605825.0,1029364.0,0.066,555072.0
Delaware,September 2025,2025-09-01,27599351.0,2222361.0,0.081,1578518.0
Delaware,October 2025,2025-10-01,28397316.0,2612259.0,0.092,1691025.0
District of Columbia,May 2020,2020-05-01,9723.0,-240.0,-0.025,-138.0
District of Columbia,June 2020,2020-06-01,223730.0,36985.0,0.165,21267.0
District of Columbia,July 2020,2020-07-01,743330.0,144019.0,0.19399999999999998,81985.0
District of Columbia,August 2020,2020-08-01,11262442.0,1703416.0,0.151,302459.0
District of Columbia,September 2020,2020-09-01,15455160.0,1804299.0,0.11699999999999999,417406.0
District of Columbia,October 2020,2020-10-01,18491984.0,3484946.0,0.188,712904.0
District of Columbia,November 2020,2020-11-01,17600534.0,3611200.0,0.205,780392.0
District of Columbia,December 2020,2020-12-01,16696995.0,2708653.0,0.162,654293.0
District of Columbia,January 2021,2021-01-01,15746168.0,2805493.0,0.17800000000000002,714407.0
District of Columbia,February 2021,2021-02-01,15303079.0,1333019.0,0.087,418447.0
District of Columbia,March 2021,2021-03-01,15275215.0,1867034.0,0.122,526444.0
District of Columbia,April 2021,2021-04-01,10746937.0,2087240.0,0.19399999999999998,463216.0
District of Columbia,May 2021,2021-05-01,13772411.0,2008091.0,0.146,503584.0
District of Columbia,June 2021,2021-06-01,19518408.0,2191486.0,0.11199999999999999,465194.0
District of Columbia,July 2021,2021-07-01,12808239.0,1801748.0,0.141,385720.0
District of Columbia,August 2021,2021-08-01,12445312.0,1492901.0,0.12,294946.0
District of Columbia,September 2021,2021-09-01,20706483.0,3883674.0,0.188,671465.0
District of Columbia,October 2021,2021-10-01,26332228.0,1570660.0,0.06,460630.0
District of Columbia,November 2021,2021-11-01,21419454.0,4434922.0,0.207,954592.0
District of Columbia,December 2021,2021-12-01,19220227.0,1398706.0,0.073,456087.0
District of Columbia,January 2022,2022-01-01,18627789.0,1962256.0,0.105,648862.0
District of Columbia,February 2022,2022-02-01,19072856.0,740542.0,0.039,283248.0
District of Columbia,March 2022,2022-03-01,20432718.0,1365996.0,0.067,379705.0
District of Columbia,April 2022,2022-04-01,18379904.0,1431275.0,0.078,429384.0
District of Columbia,May 2022,2022-05-01,17234140.0,2016709.0,0.11699999999999999,545785.0
District of Columbia,June 2022,2022-06-01,13760754.0,999645.0,0.073,311166.0
District of Columbia,July 2022,2022-07-01,11346178.0,1166210.0,0.10300000000000001,333989.0
District of Columbia,August 2022,2022-08-01,13147645.0,1832685.0,0.139,448312.0
District of Columbia,September 2022,2022-09-01,19361047.0,3530497.0,0.182,847067.0
District of Columbia,October 2022,2022-10-01,24801500.0,3111718.0,0.125,709273.0
District of Columbia,November 2022,2022-11-01,21401682.0,2641693.0,0.12300000000000001,664840.0
District of Columbia,December 2022,2022-12-01,18665909.0,2410628.0,0.129,619230.0
District of Columbia,January 2023,2023-01-01,20115254.0,1494441.0,0.07400000000000001,561314.0
District of Columbia,February 2023,2023-02-01,14634828.0,1193982.0,0.08199999999999999,424025.0
District of Columbia,March 2023,2023-03-01,18091768.0,2275690.0,0.126,636507.0
District of Columbia,April 2023,2023-04-01,14052054.0,1418907.0,0.10099999999999999,486723.0
District of Columbia,May 2023,2023-05-01,12532899.0,2024803.0,0.162,540339.0
District of Columbia,June 2023,2023-06-01,11150333.0,484844.0,0.043,120020.0
District of Columbia,July 2023,2023-07-01,7722843.0,1409549.0,0.183,363715.0
District of Columbia,August 2023,2023-08-01,8111021.0,1048451.0,0.129,304768.0
District of Columbia,September 2023,2023-09-01,14480473.0,1934261.0,0.134,476272.0
District of Columbia,October 2023,2023-10-01,16435889.0,2001445.0,0.122,516918.0
District of Columbia,November 2023,2023-11-01,17128831.0,1227995.0,0.07200000000000001,345792.0
District of Columbia,December 2023,2023-12-01,15315497.0,2533959.0,0.165,651735.0
District of Columbia,January 2024,2024-01-01,15957167.0,1933439.0,0.121,521114.0
District of Columbia,February 2024,2024-02-01,11977394.0,1219280.0,0.102,313660.0
District of Columbia,March 2024,2024-03-01,15742055.0,1366515.0,0.087,323907.0
District of Columbia,April 2024,2024-04-01,26649703.0,3529186.0,0.132,1392454.0
District of Columbia,May 2024,2024-05-01,35444990.0,5440639.0,0.153,2943299.0
District of Columbia,June 2024,2024-06-01,29627133.0,3993069.0,0.135,2172561.0
District of Columbia,July 2024,2024-07-01,27347852.0,3893780.0,0.142,1253034.0
District of Columbia,August 2024,2024-08-01,40583711.0,4542229.0,0.11199999999999999,1050503.0
District of Columbia,September 2024,2024-09-01,58817348.0,8187522.0,0.139,1926237.0
District of Columbia,October 2024,2024-10-01,65834192.0,6566154.0,0.1,1466332.0
District of Columbia,November 2024,2024-11-01,68272811.0,9029019.0,0.132,2056657.0
District of Columbia,December 2024,2024-12-01,65333157.0,4035336.0,0.062,899740.0
District of Columbia,January 2025,2025-01-01,73096228.0,9295356.0,0.127,2090104.0
District of Columbia,February 2025,2025-02-01,59507037.0,7349433.0,0.124,1684139.0
District of Columbia,March 2025,2025-03-01,86014452.0,6222044.0,0.07200000000000001,1496244.0
District of Columbia,April 2025,2025-04-01,71545569.0,8294716.0,0.11599999999999999,1917367.0
District of Columbia,May 2025,2025-05-01,74470050.0,7972800.0,0.107,1867681.0
District of Columbia,June 2025,2025-06-01,50731952.0,6774236.0,0.134,1571681.0
District of Columbia,July 2025,2025-07-01,55927318.0,5486930.0,0.098,1266665.0
District of Columbia,August 2025,2025-08-01,54116566.0,5912092.0,0.109,1382697.0
District of Columbia,September 2025,2025-09-01,77029900.0,7358595.0,0.096,1692336.0
Illinois,March 2020,2020-03-01,997739.0,120054.0,0.12,12242.0
Illinois,April 2020,2020-04-01,0.0,-592.0,,0.0
Illinois,May 2020,2020-05-01,0.0,0.0,,0.0
Illinois,June 2020,2020-06-01,8281803.0,812901.0,0.098,59446.0
Illinois,July 2020,2020-07-01,52524612.0,4769184.0,0.091,585623.0
Illinois,August 2020,2020-08-01,140065649.0,7643489.0,0.055,1176754.0
Illinois,September 2020,2020-09-01,305223938.0,11754530.0,0.039,1107906.0
Illinois,October 2020,2020-10-01,434567103.0,46967823.0,0.10800000000000001,6807284.0
Illinois,November 2020,2020-11-01,449239162.0,36974421.0,0.08199999999999999,6618259.0
Illinois,December 2020,2020-12-01,491720536.0,28368846.0,0.057999999999999996,3823629.0
Illinois,January 2021,2021-01-01,581553300.0,49365489.0,0.085,7670847.0
Illinois,February 2021,2021-02-01,509794592.0,30313913.0,0.059000000000000004,5850897.0
Illinois,March 2021,2021-03-01,633614957.0,49884489.0,0.079,7141198.0
Illinois,April 2021,2021-04-01,537158723.0,41969306.0,0.078,7067989.0
Illinois,May 2021,2021-05-01,507279761.0,36554947.0,0.07200000000000001,5854318.0
Illinois,June 2021,2021-06-01,476517310.0,48187782.0,0.10099999999999999,7684748.0
Illinois,July 2021,2021-07-01,369134820.0,37292355.0,0.10099999999999999,6058779.0
Illinois,August 2021,2021-08-01,400359760.0,32717934.0,0.08199999999999999,4321832.0
Illinois,September 2021,2021-09-01,596455693.0,44579564.0,0.075,6450631.0
Illinois,October 2021,2021-10-01,840440434.0,48316644.0,0.057,8459764.0
Illinois,November 2021,2021-11-01,779853367.0,78227189.0,0.1,12693515.0
Illinois,December 2021,2021-12-01,789600347.0,36677207.0,0.046,5436663.0
Illinois,January 2022,2022-01-01,867505495.0,59343378.0,0.068,10687455.0
Illinois,February 2022,2022-02-01,679374199.0,31074381.0,0.046,5720366.0
Illinois,March 2022,2022-03-01,971278389.0,79421037.0,0.08199999999999999,9758140.0
Illinois,April 2022,2022-04-01,839386882.0,68234791.0,0.081,11321487.0
Illinois,May 2022,2022-05-01,764591757.0,65214388.0,0.085,10838258.0
Illinois,June 2022,2022-06-01,628459522.0,40981475.0,0.065,6576948.0
Illinois,July 2022,2022-07-01,516414719.0,43849539.0,0.085,7392918.0
Illinois,August 2022,2022-08-01,564837409.0,64628599.0,0.114,7694847.0
Illinois,September 2022,2022-09-01,831805990.0,83533801.0,0.1,12559685.0
Illinois,October 2022,2022-10-01,1029560184.0,91569752.0,0.08900000000000001,16350363.0
Illinois,November 2022,2022-11-01,1029615448.0,96937248.0,0.094,15581846.0
Illinois,December 2022,2022-12-01,1028471257.0,81407470.0,0.079,13186151.0
Illinois,January 2023,2023-01-01,1070033292.0,88552064.0,0.083,15410653.0
Illinois,February 2023,2023-02-01,875387789.0,63297910.0,0.07200000000000001,10967295.0
Illinois,March 2023,2023-03-01,1072701361.0,107423414.0,0.1,15650984.0
Illinois,April 2023,2023-04-01,898571938.0,81311927.0,0.09,14429201.0
Illinois,May 2023,2023-05-01,821715719.0,91579820.0,0.111,14348947.0
Illinois,June 2023,2023-06-01,665770747.0,52288208.0,0.079,8862040.0
Illinois,July 2023,2023-07-01,611372472.0,61897923.0,0.10099999999999999,9686791.0
Illinois,August 2023,2023-08-01,676065425.0,58823721.0,0.087,7549895.0
Illinois,September 2023,2023-09-01,1078339446.0,99829998.0,0.09300000000000001,13855307.0
Illinois,October 2023,2023-10-01,1161060707.0,104679506.0,0.09,18055019.0
Illinois,November 2023,2023-11-01,1375398292.0,73297758.0,0.053,11666914.0
Illinois,December 2023,2023-12-01,1314056821.0,126360303.0,0.096,20517094.0
Illinois,January 2024,2024-01-01,1286243926.0,129511642.0,0.10099999999999999,21642278.0
Illinois,February 2024,2024-02-01,1070625059.0,77162218.0,0.07200000000000001,13452317.0
Illinois,March 2024,2024-03-01,1264532904.0,103814124.0,0.08199999999999999,16006617.0
Illinois,April 2024,2024-04-01,1103531944.0,88204662.0,0.08,14729668.0
Illinois,May 2024,2024-05-01,1016698918.0,102530449.0,0.10099999999999999,16218547.0
Illinois,June 2024,2024-06-01,847966974.0,81322996.0,0.096,15341233.0
Illinois,July 2024,2024-07-01,773703869.0,76250616.0,0.099,15002646.0
Illinois,August 2024,2024-08-01,877957911.0,71288768.0,0.081,14274080.0
Illinois,September 2024,2024-09-01,1305810953.0,134783665.0,0.10300000000000001,38654748.0
Illinois,October 2024,2024-10-01,1445844471.0,87961661.0,0.061,25365066.0
Illinois,November 2024,2024-11-01,1532470270.0,155897761.0,0.102,49672743.0
Illinois,December 2024,2024-12-01,1491297742.0,94638823.0,0.063,36137702.0
Illinois,January 2025,2025-01-01,1473948072.0,147771970.0,0.1,54048214.0
Illinois,February 2025,2025-02-01,1150508464.0,116066555.0,0.10099999999999999,47116812.0
Illinois,March 2025,2025-03-01,1494276828.0,100958351.0,0.068,34651940.0
Illinois,April 2025,2025-04-01,1284273933.0,104909326.0,0.08199999999999999,39842040.0
Illinois,May 2025,2025-05-01,1274389414.0,120462049.0,0.095,45177872.0
Illinois,June 2025,2025-06-01,950208606.0,109716218.0,0.115,42747622.0
Illinois,July 2025,2025-07-01,862492390.0,94398698.0,0.109,18965008.0
Illinois,August 2025,2025-08-01,1029422297.0,119375128.0,0.11599999999999999,28039073.0
Illinois,September 2025,2025-09-01,1423138270.0,102704645.0,0.07200000000000001,28823669.0
Indiana,September 2019,2019-09-01,35215418.0,8284862.0,0.235,813102.0
Indiana,October 2019,2019-10-01,91697395.0,10629476.0,0.11599999999999999,1096160.0
Indiana,November 2019,2019-11-01,147276912.0,10593321.0,0.07200000000000001,883363.0
Indiana,December 2019,2019-12-01,161806795.0,12069287.0,0.075,1139147.0
Indiana,January 2020,2020-01-01,171049250.0,12223222.0,0.071,1221796.0
Indiana,February 2020,2020-02-01,187186221.0,10381954.0,0.055,1053811.0
Indiana,March 2020,2020-03-01,74818801.0,5300191.0,0.071,522086.0
Indiana,April 2020,2020-04-01,26304128.0,1629555.0,0.062,148189.0
Indiana,May 2020,2020-05-01,37334940.0,3237031.0,0.087,302097.0
Indiana,June 2020,2020-06-01,29783582.0,2543803.0,0.085,277600.0
Indiana,July 2020,2020-07-01,70876622.0,4885514.0,0.069,644578.0
Indiana,August 2020,2020-08-01,169018238.0,12601820.0,0.075,934314.0
Indiana,September 2020,2020-09-01,207450106.0,11238265.0,0.054000000000000006,1356952.0
Indiana,October 2020,2020-10-01,230932251.0,25094814.0,0.109,2005347.0
Indiana,November 2020,2020-11-01,251403994.0,25255641.0,0.1,2406175.0
Indiana,December 2020,2020-12-01,313112473.0,22003606.0,0.07,2292472.0
Indiana,January 2021,2021-01-01,348244676.0,31668178.0,0.091,2803021.0
Indiana,February 2021,2021-02-01,273893073.0,15867143.0,0.057999999999999996,1610811.0
Indiana,March 2021,2021-03-01,316717762.0,27421008.0,0.087,2503311.0
Indiana,April 2021,2021-04-01,236403308.0,19690320.0,0.083,1907522.0
Indiana,May 2021,2021-05-01,254445226.0,18011339.0,0.071,1791053.0
Indiana,June 2021,2021-06-01,246321671.0,26748803.0,0.109,2420541.0
Indiana,July 2021,2021-07-01,194492669.0,17225036.0,0.08900000000000001,1658052.0
Indiana,August 2021,2021-08-01,215636824.0,16704438.0,0.077,1571080.0
Indiana,September 2021,2021-09-01,355425184.0,33307106.0,0.094,3250964.0
Indiana,October 2021,2021-10-01,461131242.0,27838472.0,0.06,2597357.0
Indiana,November 2021,2021-11-01,463684739.0,47815377.0,0.10300000000000001,4527177.0
Indiana,December 2021,2021-12-01,463015613.0,26007133.0,0.055999999999999994,2448195.0
Indiana,January 2022,2022-01-01,500138648.0,29278177.0,0.059000000000000004,3379560.0
Indiana,February 2022,2022-02-01,409109104.0,22396131.0,0.055,1611037.0
Indiana,March 2022,2022-03-01,476802783.0,32788454.0,0.069,3095106.0
Indiana,April 2022,2022-04-01,360023255.0,27634092.0,0.077,2722456.0
Indiana,May 2022,2022-05-01,308385687.0,31951466.0,0.10400000000000001,2912607.0
Indiana,June 2022,2022-06-01,256307260.0,15653583.0,0.061,1497766.0
Indiana,July 2022,2022-07-01,206627688.0,20510071.0,0.099,1985587.0
Indiana,August 2022,2022-08-01,237990176.0,25978248.0,0.109,2417586.0
Indiana,September 2022,2022-09-01,382507090.0,50551749.0,0.132,4861450.0
Indiana,October 2022,2022-10-01,446248394.0,46393925.0,0.10400000000000001,4458595.0
Indiana,November 2022,2022-11-01,452318954.0,40197276.0,0.08900000000000001,3797331.0
Indiana,December 2022,2022-12-01,431423176.0,43555139.0,0.10099999999999999,4058864.0
Indiana,January 2023,2023-01-01,427154794.0,35347154.0,0.083,3463540.0
Indiana,February 2023,2023-02-01,356187759.0,28076424.0,0.079,2629963.0
Indiana,March 2023,2023-03-01,433022775.0,43746469.0,0.10099999999999999,4097409.0
Indiana,April 2023,2023-04-01,321404737.0,29349149.0,0.091,2794279.0
Indiana,May 2023,2023-05-01,283495510.0,33542239.0,0.11800000000000001,3208916.0
Indiana,June 2023,2023-06-01,224070050.0,19036099.0,0.085,1848269.0
Indiana,July 2023,2023-07-01,203788074.0,23420740.0,0.115,2209488.0
Indiana,August 2023,2023-08-01,238079855.0,23633486.0,0.099,2236234.0
Indiana,September 2023,2023-09-01,404140702.0,40624361.0,0.10099999999999999,3901903.0
Indiana,October 2023,2023-10-01,429673063.0,46135347.0,0.107,4297088.0
Indiana,November 2023,2023-11-01,513672424.0,26848975.0,0.052000000000000005,2919257.0
Indiana,December 2023,2023-12-01,503127765.0,54603323.0,0.109,4810719.0
Indiana,January 2024,2024-01-01,480573358.0,53506698.0,0.111,5079594.0
Indiana,February 2024,2024-02-01,408675534.0,37601071.0,0.092,3608431.0
Indiana,March 2024,2024-03-01,500757257.0,37899471.0,0.076,3744875.0
Indiana,April 2024,2024-04-01,393855317.0,39077679.0,0.099,3523226.0
Indiana,May 2024,2024-05-01,361590148.0,38695260.0,0.107,3703601.0
Indiana,June 2024,2024-06-01,298166251.0,30442289.0,0.102,2897586.0
Indiana,July 2024,2024-07-01,261071808.0,29415902.0,0.113,2759651.0
Indiana,August 2024,2024-08-01,307902881.0,29418190.0,0.096,3047576.0
Indiana,September 2024,2024-09-01,483843656.0,55254534.0,0.114,5034784.0
Indiana,October 2024,2024-10-01,537909435.0,35082061.0,0.065,3339581.0
Indiana,November 2024,2024-11-01,614362613.0,68820755.0,0.11199999999999999,6516195.0
Indiana,December 2024,2024-12-01,563624406.0,29758090.0,0.053,2990506.0
Indiana,January 2025,2025-01-01,538705450.0,57029654.0,0.106,5231271.0
Indiana,February 2025,2025-02-01,432889381.0,47302722.0,0.109,4535783.0
Indiana,March 2025,2025-03-01,553578453.0,34995596.0,0.063,3399998.0
Indiana,April 2025,2025-04-01,437099849.0,41423026.0,0.095,3815677.0
Indiana,May 2025,2025-05-01,433271506.0,42057323.0,0.09699999999999999,4158899.0
Indiana,June 2025,2025-06-01,351462412.0,46955926.0,0.134,4307413.0
Indiana,July 2025,2025-07-01,284895674.0,34442080.0,0.121,3272467.0
Indiana,August 2025,2025-08-01,361145386.0,45561700.0,0.126,4323729.0
Indiana,September 2025,2025-09-01,531837835.0,37759062.0,0.071,4055652.0
Indiana,October 2025,2025-10-01,611554930.0,48835615.0,0.08,4169158.0
Iowa,August 2019,2019-08-01,8576341.0,2161807.0,0.252,145922.0
Iowa,September 2019,2019-09-01,38545352.0,4959745.0,0.129,334783.0
Iowa,October 2019,2019-10-01,46500331.0,5658131.0,0.122,381924.0
Iowa,November 2019,2019-11-01,59344806.0,3599750.0,0.061,242983.0
Iowa,December 2019,2019-12-01,59258838.0,2904257.0,0.049,196037.0
Iowa,January 2020,2020-01-01,58027141.0,3232696.0,0.055999999999999994,218349.0
Iowa,February 2020,2020-02-01,56920783.0,755334.0,0.013000000000000001,50985.0
Iowa,March 2020,2020-03-01,19585711.0,1185888.0,0.061,80047.0
Iowa,April 2020,2020-04-01,1568497.0,150331.0,0.096,10147.0
Iowa,May 2020,2020-05-01,6976637.0,501062.0,0.07200000000000001,33822.0
Iowa,June 2020,2020-06-01,12711201.0,620740.0,0.049,41900.0
Iowa,July 2020,2020-07-01,22859622.0,2244012.0,0.098,151471.0
Iowa,August 2020,2020-08-01,50313674.0,3003903.0,0.06,202763.0
Iowa,September 2020,2020-09-01,72397241.0,5167816.0,0.071,348828.0
Iowa,October 2020,2020-10-01,81902416.0,9080995.0,0.111,612967.0
Iowa,November 2020,2020-11-01,87169919.0,8144096.0,0.09300000000000001,549726.0
Iowa,December 2020,2020-12-01,104815630.0,7537004.0,0.07200000000000001,508748.0
Iowa,January 2021,2021-01-01,149524789.0,11343303.0,0.076,765673.0
Iowa,February 2021,2021-02-01,143615170.0,7708148.0,0.054000000000000006,520300.0
Iowa,March 2021,2021-03-01,161439561.0,13454158.0,0.083,908156.0
Iowa,April 2021,2021-04-01,118355535.0,7725272.0,0.065,521456.0
Iowa,May 2021,2021-05-01,114882963.0,6133477.0,0.053,414010.0
Iowa,June 2021,2021-06-01,111176671.0,8424699.0,0.076,568667.0
Iowa,July 2021,2021-07-01,89960118.0,8112953.0,0.09,547624.0
Iowa,August 2021,2021-08-01,109149917.0,7327163.0,0.067,494584.0
Iowa,September 2021,2021-09-01,216116399.0,11135516.0,0.052000000000000005,751647.0
Iowa,October 2021,2021-10-01,285532771.0,10840968.0,0.038,731765.0
Iowa,November 2021,2021-11-01,287436570.0,19935558.0,0.069,1345650.0
Iowa,December 2021,2021-12-01,266518049.0,13371197.0,0.05,902556.0
Iowa,January 2022,2022-01-01,303327688.0,14269557.0,0.047,963195.0
Iowa,February 2022,2022-02-01,215921313.0,8579100.0,0.04,579089.0
Iowa,March 2022,2022-03-01,233525474.0,14411046.0,0.062,972746.0
Iowa,April 2022,2022-04-01,177370317.0,12398243.0,0.07,836881.0
Iowa,May 2022,2022-05-01,147913284.0,12630387.0,0.085,852551.0
Iowa,June 2022,2022-06-01,122437950.0,6568678.0,0.054000000000000006,443386.0
Iowa,July 2022,2022-07-01,108556796.0,11173191.0,0.10300000000000001,754190.0
Iowa,August 2022,2022-08-01,122568313.0,14418923.0,0.11800000000000001,973277.0
Iowa,September 2022,2022-09-01,200230741.0,25417557.0,0.127,1715685.0
Iowa,October 2022,2022-10-01,238788234.0,19137523.0,0.08,1291783.0
Iowa,November 2022,2022-11-01,247476284.0,5802261.0,0.023,391653.0
Iowa,December 2022,2022-12-01,229949570.0,20745524.0,0.09,1400323.0
Iowa,January 2023,2023-01-01,233619612.0,16543361.0,0.071,1116677.0
Iowa,February 2023,2023-02-01,193879638.0,11871156.0,0.061,802488.0
Iowa,March 2023,2023-03-01,232614150.0,19857210.0,0.085,1340355.0
Iowa,April 2023,2023-04-01,172589394.0,14117868.0,0.08199999999999999,953605.0
Iowa,May 2023,2023-05-01,147715126.0,16599871.0,0.11199999999999999,1122711.0
Iowa,June 2023,2023-06-01,115595593.0,7131173.0,0.062,482852.0
Iowa,July 2023,2023-07-01,109680895.0,10568989.0,0.096,715638.0
Iowa,August 2023,2023-08-01,141295039.0,13507280.0,0.096,913527.0
Iowa,September 2023,2023-09-01,245759020.0,24059083.0,0.098,1625305.0
Iowa,October 2023,2023-10-01,255293522.0,24189825.0,0.095,1632804.0
Iowa,November 2023,2023-11-01,289698466.0,14090776.0,0.049,952539.0
Iowa,December 2023,2023-12-01,282723930.0,26251213.0,0.09300000000000001,1774335.0
Iowa,January 2024,2024-01-01,259468795.0,22064697.0,0.085,1487626.0
Iowa,February 2024,2024-02-01,220583732.0,13608943.0,0.062,920400.0
Iowa,March 2024,2024-03-01,272366214.0,18194914.0,0.067,1235155.0
Iowa,April 2024,2024-04-01,209522911.0,16527342.0,0.079,1120126.0
Iowa,May 2024,2024-05-01,182461326.0,16697596.0,0.092,1130475.0
Iowa,June 2024,2024-06-01,146682918.0,12494103.0,0.085,845443.0
Iowa,July 2024,2024-07-01,138136616.0,13880200.0,0.1,936914.0
Iowa,August 2024,2024-08-01,166987544.0,15755187.0,0.094,1063475.0
Iowa,September 2024,2024-09-01,270853308.0,27459491.0,0.10099999999999999,1853516.0
Iowa,October 2024,2024-10-01,294931669.0,18443864.0,0.063,1244961.0
Iowa,November 2024,2024-11-01,315221241.0,30069720.0,0.095,2029706.0
Iowa,December 2024,2024-12-01,293123307.0,13286724.0,0.045,896854.0
Iowa,January 2025,2025-01-01,289730209.0,26188816.0,0.09,1767745.0
Iowa,February 2025,2025-02-01,216451614.0,21272944.0,0.098,1435924.0
Iowa,March 2025,2025-03-01,287826745.0,15749320.0,0.055,1063079.0
Iowa,April 2025,2025-04-01,215555373.0,18757824.0,0.087,1266153.0
Iowa,May 2025,2025-05-01,202573365.0,20059489.0,0.099,1354015.0
Iowa,June 2025,2025-06-01,168169130.0,19210711.0,0.114,1296723.0
Iowa,July 2025,2025-07-01,146718572.0,17995577.0,0.12300000000000001,1214701.0
Iowa,August 2025,2025-08-01,181612625.0,22069518.0,0.122,1489692.0
Iowa,September 2025,2025-09-01,290232560.0,22705555.0,0.078,1532625.0
Iowa,October 2025,2025-10-01,320875774.0,28884068.0,0.09,1949675.0
Kansas,September 2022,2022-09-01,160527371.0,22014698.0,0.13699999999999998,129618.0
Kansas,October 2022,2022-10-01,189919311.0,18582842.0,0.098,141088.0
Kansas,November 2022,2022-11-01,186353708.0,19073128.0,0.102,795784.0
Kansas,December 2022,2022-12-01,181977180.0,16835233.0,0.09300000000000001,1026140.0
Kansas,January 2023,2023-01-01,206060734.0,15105189.0,0.073,598745.0
Kansas,February 2023,2023-02-01,194034469.0,-845377.0,-0.004,1134.0
Kansas,March 2023,2023-03-01,206287094.0,20975191.0,0.102,911159.0
Kansas,April 2023,2023-04-01,132981289.0,14636899.0,0.11,919720.0
Kansas,May 2023,2023-05-01,120323444.0,14550824.0,0.121,887390.0
Kansas,June 2023,2023-06-01,98125865.0,8195048.0,0.084,409425.0
Kansas,July 2023,2023-07-01,79715016.0,9644263.0,0.121,683176.0
Kansas,August 2023,2023-08-01,94415479.0,7662828.0,0.081,484366.0
Kansas,September 2023,2023-09-01,219293493.0,18155498.0,0.083,806097.0
Kansas,October 2023,2023-10-01,249711810.0,25404712.0,0.102,1437030.0
Kansas,November 2023,2023-11-01,260937284.0,18017353.0,0.069,892968.0
Kansas,December 2023,2023-12-01,259678435.0,30913033.0,0.11900000000000001,2005261.0
Kansas,January 2024,2024-01-01,239618587.0,20864472.0,0.087,1433272.0
Kansas,February 2024,2024-02-01,203046644.0,8463732.0,0.042,305494.0
Kansas,March 2024,2024-03-01,252901770.0,16760995.0,0.066,714697.0
Kansas,April 2024,2024-04-01,192085924.0,17890802.0,0.09300000000000001,1040396.0
Kansas,May 2024,2024-05-01,172204880.0,17210244.0,0.1,976764.0
Kansas,June 2024,2024-06-01,140102333.0,14518082.0,0.10400000000000001,936385.0
Kansas,July 2024,2024-07-01,122040797.0,13443364.0,0.11,919947.0
Kansas,August 2024,2024-08-01,146975336.0,10581830.0,0.07200000000000001,657288.0
Kansas,September 2024,2024-09-01,248870846.0,34077993.0,0.13699999999999998,1831387.0
Kansas,October 2024,2024-10-01,275916403.0,12970435.0,0.047,498355.0
Kansas,November 2024,2024-11-01,290968780.0,34755047.0,0.11900000000000001,2552778.0
Kansas,December 2024,2024-12-01,261279556.0,15197061.0,0.057999999999999996,878610.0
Kansas,January 2025,2025-01-01,301837632.0,28162001.0,0.09300000000000001,1615836.0
Kansas,February 2025,2025-02-01,216186512.0,34977452.0,0.162,2394014.0
Kansas,March 2025,2025-03-01,248409034.0,15324367.0,0.062,803031.0
Kansas,April 2025,2025-04-01,208813092.0,20404281.0,0.098,1317499.0
Kansas,May 2025,2025-05-01,199709373.0,22950705.0,0.115,1895140.0
Kansas,June 2025,2025-06-01,185151157.0,21683264.0,0.11699999999999999,1724859.0
Kansas,July 2025,2025-07-01,173872673.0,13076056.0,0.075,1049429.0
Kansas,August 2025,2025-08-01,189802926.0,19126976.0,0.10099999999999999,1247223.0
Kansas,September 2025,2025-09-01,283742310.0,24200601.0,0.085,821563.0
Kansas,October 2025,2025-10-01,306043912.0,25285029.0,0.083,1268709.0
Kentucky,September 2023,2023-09-01,45519529.0,2672336.0,0.059000000000000004,321966.0
Kentucky,October 2023,2023-10-01,295088668.0,54341931.0,0.184,7616625.0
Kentucky,November 2023,2023-11-01,281189728.0,22448055.0,0.08,3088163.0
Kentucky,December 2023,2023-12-01,263666578.0,32281926.0,0.122,4463311.0
Kentucky,January 2024,2024-01-01,245604391.0,35967751.0,0.146,4992513.0
Kentucky,February 2024,2024-02-01,199449415.0,19491642.0,0.098,2703511.0
Kentucky,March 2024,2024-03-01,256246092.0,22107013.0,0.086,3036740.0
Kentucky,April 2024,2024-04-01,187913248.0,23299806.0,0.124,3232441.0
Kentucky,May 2024,2024-05-01,181351570.0,21603055.0,0.11900000000000001,2985052.0
Kentucky,June 2024,2024-06-01,150313715.0,15766956.0,0.105,2169707.0
Kentucky,July 2024,2024-07-01,129270001.0,15431176.0,0.11900000000000001,2134875.0
Kentucky,August 2024,2024-08-01,151409420.0,12143827.0,0.08,1666257.0
Kentucky,September 2024,2024-09-01,255863414.0,34241491.0,0.134,4747314.0
Kentucky,October 2024,2024-10-01,274928954.0,21140573.0,0.077,2988347.0
Kentucky,November 2024,2024-11-01,301740758.0,36629991.0,0.121,5046384.0
Kentucky,December 2024,2024-12-01,293022542.0,20245509.0,0.069,2916545.0
Kentucky,January 2025,2025-01-01,277120575.0,33638951.0,0.121,4683071.0
Kentucky,February 2025,2025-02-01,224733400.0,29873955.0,0.133,4152284.0
Kentucky,March 2025,2025-03-01,293176264.0,20161754.0,0.069,2740108.0
Kentucky,April 2025,2025-04-01,219760442.0,24242438.0,0.11,3360318.0
Kentucky,May 2025,2025-05-01,209561146.0,26211739.0,0.125,3524900.0
Kentucky,June 2025,2025-06-01,174823576.0,23024926.0,0.132,3197132.0
Kentucky,July 2025,2025-07-01,161423832.0,17685241.0,0.11,2438300.0
Kentucky,August 2025,2025-08-01,193089076.0,22579551.0,0.11699999999999999,3106417.0
Kentucky,September 2025,2025-09-01,295744630.0,26408592.0,0.08900000000000001,3684794.0
Louisiana,November 2021,2021-11-01,27871038.0,5685706.0,0.204,568571.0
Louisiana,December 2021,2021-12-01,39517545.0,4380700.0,0.111,438070.0
Louisiana,January 2022,2022-01-01,89757060.0,7992540.0,0.08900000000000001,533259.0
Louisiana,February 2022,2022-02-01,238413596.0,27316419.0,0.115,2421541.0
Louisiana,March 2022,2022-03-01,232730341.0,30943063.0,0.133,3413595.0
Louisiana,April 2022,2022-04-01,208255060.0,6140843.0,0.028999999999999998,2573658.0
Louisiana,May 2022,2022-05-01,171135819.0,25691302.0,0.15,2663220.0
Louisiana,June 2022,2022-06-01,132438215.0,10891261.0,0.08199999999999999,1424413.0
Louisiana,July 2022,2022-07-01,118522225.0,20980159.0,0.177,2442246.0
Louisiana,August 2022,2022-08-01,128251857.0,9587258.0,0.075,1775179.0
Louisiana,September 2022,2022-09-01,203807226.0,33390478.0,0.16399999999999998,4040335.0
Louisiana,October 2022,2022-10-01,255805485.0,30776126.0,0.12,4308649.0
Louisiana,November 2022,2022-11-01,268638967.0,-25313281.0,-0.094,4244196.0
Louisiana,December 2022,2022-12-01,254753433.0,37296799.0,0.146,4365471.0
Louisiana,January 2023,2023-01-01,282269901.0,35728478.0,0.127,3330035.0
Louisiana,February 2023,2023-02-01,197709561.0,23295088.0,0.11800000000000001,2554375.0
Louisiana,March 2023,2023-03-01,249280628.0,32319508.0,0.13,3590725.0
Louisiana,April 2023,2023-04-01,209746932.0,23415190.0,0.11199999999999999,2945211.0
Louisiana,May 2023,2023-05-01,195123855.0,29860212.0,0.153,3579595.0
Louisiana,June 2023,2023-06-01,160083233.0,13981060.0,0.087,1697439.0
Louisiana,July 2023,2023-07-01,134757491.0,18282477.0,0.136,2185154.0
Louisiana,August 2023,2023-08-01,153933704.0,18137683.0,0.11800000000000001,2109829.0
Louisiana,September 2023,2023-09-01,280093549.0,43143474.0,0.154,5318554.0
Louisiana,October 2023,2023-10-01,308613008.0,43338752.0,0.14,5319894.0
Louisiana,November 2023,2023-11-01,356479622.0,29304005.0,0.08199999999999999,3245327.0
Louisiana,December 2023,2023-12-01,377046556.0,56520231.0,0.15,7590704.0
Louisiana,January 2024,2024-01-01,346320907.0,52696465.0,0.152,5681508.0
Louisiana,February 2024,2024-02-01,274775955.0,31152229.0,0.113,3765778.0
Louisiana,March 2024,2024-03-01,350006557.0,37700995.0,0.10800000000000001,4910457.0
Louisiana,April 2024,2024-04-01,283059884.0,40367859.0,0.14300000000000002,5387113.0
Louisiana,May 2024,2024-05-01,256659997.0,34711724.0,0.135,5767757.0
Louisiana,June 2024,2024-06-01,212056544.0,27221159.0,0.128,3850037.0
Louisiana,July 2024,2024-07-01,184543537.0,25033903.0,0.136,3511412.0
Louisiana,August 2024,2024-08-01,234512847.0,27073503.0,0.115,3698568.0
Louisiana,September 2024,2024-09-01,351679502.0,55224101.0,0.157,7642906.0
Louisiana,October 2024,2024-10-01,401847954.0,42817957.0,0.107,6231188.0
Louisiana,November 2024,2024-11-01,413465532.0,58209106.0,0.141,8175472.0
Louisiana,December 2024,2024-12-01,390727667.0,35204850.0,0.09,6441847.0
Louisiana,January 2025,2025-01-01,382873920.0,53668017.0,0.14,5923633.0
Louisiana,February 2025,2025-02-01,381244368.0,53876140.0,0.141,7034948.0
Louisiana,March 2025,2025-03-01,386427937.0,31796443.0,0.08199999999999999,4086575.0
Louisiana,April 2025,2025-04-01,343838482.0,40667102.0,0.11800000000000001,5833885.0
Louisiana,May 2025,2025-05-01,300668112.0,47515425.0,0.158,6715422.0
Louisiana,June 2025,2025-06-01,245347399.0,33573477.0,0.13699999999999998,4745648.0
Louisiana,July 2025,2025-07-01,226678137.0,32610110.0,0.14400000000000002,4652203.0
Louisiana,August 2025,2025-08-01,271416105.0,34362210.0,0.127,6805519.0
Louisiana,September 2025,2025-09-01,401505854.0,48396091.0,0.121,9806876.0
Louisiana,October 2025,2025-10-01,458837318.0,52836506.0,0.115,10655899.0
Maine,November 2023,2023-11-01,37467976.0,4586743.0,0.122,464151.0
Maine,December 2023,2023-12-01,44354459.0,4353944.0,0.098,437884.0
Maine,January 2024,2024-01-01,38010991.0,5430666.0,0.14300000000000002,546149.0
Maine,February 2024,2024-02-01,33610150.0,4220952.0,0.126,425602.0
Maine,March 2024,2024-03-01,47407405.0,2672964.0,0.055999999999999994,270607.0
Maine,April 2024,2024-04-01,38203545.0,4063250.0,0.106,414356.0
Maine,May 2024,2024-05-01,39649761.0,3174572.0,0.08,331278.0
Maine,June 2024,2024-06-01,39123547.0,3137935.0,0.08,342513.0
Maine,July 2024,2024-07-01,41909343.0,5283156.0,0.126,603284.0
Maine,August 2024,2024-08-01,35342087.0,3364627.0,0.095,355576.0
Maine,September 2024,2024-09-01,51376494.0,6483745.0,0.126,664355.0
Maine,October 2024,2024-10-01,51881731.0,3771980.0,0.073,378254.0
Maine,November 2024,2024-11-01,51280750.0,7878434.0,0.154,790413.0
Maine,December 2024,2024-12-01,52244023.0,3973509.0,0.076,396313.0
Maine,January 2025,2025-01-01,50253633.0,6990187.0,0.139,698264.0
Maine,February 2025,2025-02-01,41037515.0,5227371.0,0.127,525022.0
Maine,March 2025,2025-03-01,48860790.0,4113135.0,0.084,414802.0
Maine,April 2025,2025-04-01,45960567.0,5448560.0,0.11900000000000001,555116.0
Maine,May 2025,2025-05-01,39947302.0,5066265.0,0.127,515166.0
Maine,June 2025,2025-06-01,34331407.0,4388816.0,0.128,446044.0
Maine,July 2025,2025-07-01,36393558.0,3413284.0,0.094,356337.0
Maine,August 2025,2025-08-01,45686606.0,4996648.0,0.109,514262.0
Maine,September 2025,2025-09-01,62545098.0,4552882.0,0.073,460469.0
Maine,October 2025,2025-10-01,61488538.0,6443492.0,0.105,646113.0
Maryland,December 2021,2021-12-01,16552430.0,3170001.0,0.192,469297.0
Maryland,January 2022,2022-01-01,32530831.0,4375316.0,0.134,644098.0
Maryland,February 2022,2022-02-01,25526148.0,955377.0,0.037000000000000005,134628.0
Maryland,March 2022,2022-03-01,31025892.0,3927573.0,0.127,577019.0
Maryland,April 2022,2022-04-01,26908845.0,2838501.0,0.105,415801.0
Maryland,May 2022,2022-05-01,23095542.0,3077031.0,0.133,452897.0
Maryland,June 2022,2022-06-01,19121331.0,1309834.0,0.069,189323.0
Maryland,July 2022,2022-07-01,15492757.0,2026548.0,0.131,298177.0
Maryland,August 2022,2022-08-01,18650802.0,3231851.0,0.17300000000000001,477840.0
Maryland,September 2022,2022-09-01,31376072.0,6639776.0,0.212,984308.0
Maryland,October 2022,2022-10-01,39663586.0,5309436.0,0.134,781642.0
Maryland,November 2022,2022-11-01,219071373.0,30620539.0,0.14,704728.0
Maryland,December 2022,2022-12-01,497121655.0,85168804.0,0.171,440043.0
Maryland,January 2023,2023-01-01,441481779.0,59601405.0,0.135,2114614.0
Maryland,February 2023,2023-02-01,339421546.0,40214644.0,0.11800000000000001,2796881.0
Maryland,March 2023,2023-03-01,385967195.0,47548314.0,0.12300000000000001,5310057.0
Maryland,April 2023,2023-04-01,328454398.0,35644586.0,0.109,3864686.0
Maryland,May 2023,2023-05-01,320199671.0,42742217.0,0.133,4650712.0
Maryland,June 2023,2023-06-01,254476790.0,27077118.0,0.106,2835051.0
Maryland,July 2023,2023-07-01,247412348.0,28114521.0,0.114,3312633.0
Maryland,August 2023,2023-08-01,263729559.0,24900638.0,0.094,2555670.0
Maryland,September 2023,2023-09-01,442450665.0,45575923.0,0.10300000000000001,3231428.0
Maryland,October 2023,2023-10-01,483147391.0,58701910.0,0.121,5812246.0
Maryland,November 2023,2023-11-01,550716329.0,41628982.0,0.076,3199529.0
Maryland,December 2023,2023-12-01,559865463.0,62330932.0,0.111,6482403.0
Maryland,January 2024,2024-01-01,544971369.0,80000651.0,0.147,8246847.0
Maryland,February 2024,2024-02-01,442557658.0,43445464.0,0.098,4210511.0
Maryland,March 2024,2024-03-01,536730427.0,45104095.0,0.084,4853986.0
Maryland,April 2024,2024-04-01,486319123.0,50420705.0,0.10400000000000001,5686446.0
Maryland,May 2024,2024-05-01,431528137.0,51065131.0,0.11800000000000001,6991255.0
Maryland,June 2024,2024-06-01,384687981.0,39668882.0,0.10300000000000001,5728503.0
Maryland,July 2024,2024-07-01,333269669.0,43764979.0,0.131,6254056.0
Maryland,August 2024,2024-08-01,377381689.0,39249994.0,0.10400000000000001,5584303.0
Maryland,September 2024,2024-09-01,532866676.0,65431799.0,0.12300000000000001,9379598.0
Maryland,October 2024,2024-10-01,593105471.0,49601687.0,0.084,7049747.0
Maryland,November 2024,2024-11-01,639867400.0,82338595.0,0.129,11798035.0
Maryland,December 2024,2024-12-01,637301167.0,45622988.0,0.07200000000000001,6510765.0
Maryland,January 2025,2025-01-01,618824226.0,82095604.0,0.133,8244612.0
Maryland,February 2025,2025-02-01,475708504.0,59974564.0,0.126,6350174.0
Maryland,March 2025,2025-03-01,588500308.0,47851962.0,0.081,4419403.0
Maryland,April 2025,2025-04-01,513716232.0,59168444.0,0.115,6359834.0
Maryland,May 2025,2025-05-01,504448189.0,66309912.0,0.131,7746363.0
Maryland,June 2025,2025-06-01,403841872.0,57109738.0,0.141,9226682.0
Maryland,July 2025,2025-07-01,364075296.0,44560773.0,0.122,7252318.0
Maryland,August 2025,2025-08-01,434220458.0,52459100.0,0.121,9039368.0
Maryland,September 2025,2025-09-01,650971388.0,73060038.0,0.11199999999999999,13473873.0
Maryland,October 2025,2025-10-01,736610585.0,72725355.0,0.099,14090240.0
Massachusetts,January 2023,2023-01-01,642630.0,65076.0,0.10099999999999999,9718.0
Massachusetts,February 2023,2023-02-01,24979240.0,1486743.0,0.06,202660.0
Massachusetts,March 2023,2023-03-01,584520728.0,48321254.0,0.083,9345767.0
Massachusetts,April 2023,2023-04-01,574829883.0,60509931.0,0.105,11799200.0
Massachusetts,May 2023,2023-05-01,457140440.0,62096790.0,0.136,12120400.0
Massachusetts,June 2023,2023-06-01,332312764.0,32918844.0,0.099,6409217.0
Massachusetts,July 2023,2023-07-01,296640882.0,30132704.0,0.102,5842263.0
Massachusetts,August 2023,2023-08-01,320736344.0,23533469.0,0.073,4532848.0
Massachusetts,September 2023,2023-09-01,519792909.0,51033638.0,0.098,9898638.0
Massachusetts,October 2023,2023-10-01,567177959.0,60715050.0,0.107,11817541.0
Massachusetts,November 2023,2023-11-01,654894685.0,50551441.0,0.077,9770946.0
Massachusetts,December 2023,2023-12-01,655598548.0,62161918.0,0.095,12045361.0
Massachusetts,January 2024,2024-01-01,650279922.0,72718241.0,0.11199999999999999,14165765.0
Massachusetts,February 2024,2024-02-01,538839465.0,53857610.0,0.1,10514395.0
Massachusetts,March 2024,2024-03-01,658740411.0,47840152.0,0.073,9208587.0
Massachusetts,April 2024,2024-04-01,601732077.0,51131274.0,0.085,9918583.0
Massachusetts,May 2024,2024-05-01,587433477.0,59025991.0,0.1,11485181.0
Massachusetts,June 2024,2024-06-01,505365090.0,42427413.0,0.084,8232157.0
Massachusetts,July 2024,2024-07-01,414278424.0,42232314.0,0.102,8180118.0
Massachusetts,August 2024,2024-08-01,453078241.0,34500602.0,0.076,6646701.0
Massachusetts,September 2024,2024-09-01,679185062.0,75371722.0,0.111,14635557.0
Massachusetts,October 2024,2024-10-01,751665344.0,50321644.0,0.067,9659885.0
Massachusetts,November 2024,2024-11-01,779193225.0,82589650.0,0.106,16049678.0
Massachusetts,December 2024,2024-12-01,784218035.0,59418827.0,0.076,11499381.0
Massachusetts,January 2025,2025-01-01,762349450.0,96372001.0,0.126,18836029.0
Massachusetts,February 2025,2025-02-01,622888989.0,67108767.0,0.10800000000000001,13103806.0
Massachusetts,March 2025,2025-03-01,775092727.0,54246757.0,0.07,10410483.0
Massachusetts,April 2025,2025-04-01,688062638.0,67625682.0,0.098,13163929.0
Massachusetts,May 2025,2025-05-01,655362561.0,82479454.0,0.126,16104935.0
Massachusetts,June 2025,2025-06-01,529760307.0,63455206.0,0.12,12386337.0
Massachusetts,July 2025,2025-07-01,491542714.0,49227738.0,0.1,9577074.0
Massachusetts,August 2025,2025-08-01,551063716.0,57135250.0,0.10400000000000001,11126418.0
Massachusetts,September 2025,2025-09-01,801936899.0,54277124.0,0.068,10448514.0
Michigan,March 2020,2020-03-01,593956.0,105548.0,0.17800000000000002,8866.0
Michigan,April 2020,2020-04-01,0.0,0.0,,0.0
Michigan,May 2020,2020-05-01,0.0,0.0,,0.0
Michigan,June 2020,2020-06-01,0.0,0.0,,0.0
Michigan,July 2020,2020-07-01,0.0,0.0,,0.0
Michigan,August 2020,2020-08-01,15744256.0,1977052.0,0.126,166072.0
Michigan,September 2020,2020-09-01,33503929.0,4376407.0,0.131,367618.0
Michigan,October 2020,2020-10-01,46120824.0,7596972.0,0.165,638146.0
Michigan,November 2020,2020-11-01,25080140.0,2337638.0,0.09300000000000001,196362.0
Michigan,December 2020,2020-12-01,9720393.0,1883240.0,0.19399999999999998,158192.0
Michigan,January 2021,2021-01-01,150849896.0,17423564.0,0.11599999999999999,517022.0
Michigan,February 2021,2021-02-01,325569037.0,9395302.0,0.028999999999999998,242185.0
Michigan,March 2021,2021-03-01,383691892.0,35238593.0,0.092,1111886.0
Michigan,April 2021,2021-04-01,274212630.0,21922961.0,0.08,629336.0
Michigan,May 2021,2021-05-01,257748035.0,21228714.0,0.08199999999999999,1140664.0
Michigan,June 2021,2021-06-01,259504202.0,27244793.0,0.105,1638701.0
Michigan,July 2021,2021-07-01,206267088.0,20766255.0,0.10099999999999999,1241237.0
Michigan,August 2021,2021-08-01,208565955.0,17536332.0,0.084,896007.0
Michigan,September 2021,2021-09-01,386780231.0,27135351.0,0.07,981126.0
Michigan,October 2021,2021-10-01,497565425.0,26947289.0,0.054000000000000006,1129191.0
Michigan,November 2021,2021-11-01,500521376.0,58762835.0,0.11699999999999999,2893243.0
Michigan,December 2021,2021-12-01,514630536.0,35920227.0,0.07,1208065.0
Michigan,January 2022,2022-01-01,532681710.0,36647758.0,0.069,2135046.0
Michigan,February 2022,2022-02-01,423768381.0,21633471.0,0.051,581548.0
Michigan,March 2022,2022-03-01,477967947.0,32445133.0,0.068,1466772.0
Michigan,April 2022,2022-04-01,396009819.0,32630491.0,0.08199999999999999,1696097.0
Michigan,May 2022,2022-05-01,356130390.0,35920231.0,0.10099999999999999,1992223.0
Michigan,June 2022,2022-06-01,292389429.0,15826610.0,0.054000000000000006,569834.0
Michigan,July 2022,2022-07-01,224966256.0,22874582.0,0.102,1307287.0
Michigan,August 2022,2022-08-01,229797476.0,25654849.0,0.11199999999999999,1490223.0
Michigan,September 2022,2022-09-01,383102602.0,50442748.0,0.132,2601351.0
Michigan,October 2022,2022-10-01,504336507.0,51362299.0,0.102,2972271.0
Michigan,November 2022,2022-11-01,498118043.0,42758230.0,0.086,2494635.0
Michigan,December 2022,2022-12-01,494820409.0,50450735.0,0.102,2827280.0
Michigan,January 2023,2023-01-01,490904822.0,33785629.0,0.069,1727227.0
Michigan,February 2023,2023-02-01,357161200.0,23134728.0,0.065,959332.0
Michigan,March 2023,2023-03-01,421666037.0,46016812.0,0.109,2900149.0
Michigan,April 2023,2023-04-01,338127853.0,36275215.0,0.107,2403415.0
Michigan,May 2023,2023-05-01,305275755.0,36125966.0,0.11800000000000001,2152149.0
Michigan,June 2023,2023-06-01,235996767.0,17928415.0,0.076,858495.0
Michigan,July 2023,2023-07-01,208808123.0,22985461.0,0.11,1529187.0
Michigan,August 2023,2023-08-01,228495763.0,23480419.0,0.10300000000000001,1472826.0
Michigan,September 2023,2023-09-01,475772391.0,45606094.0,0.096,1853777.0
Michigan,October 2023,2023-10-01,551127024.0,46135708.0,0.084,2537783.0
Michigan,November 2023,2023-11-01,584142443.0,37043266.0,0.063,1180415.0
Michigan,December 2023,2023-12-01,613425699.0,65920318.0,0.107,4021700.0
Michigan,January 2024,2024-01-01,601585142.0,48197778.0,0.08,2026498.0
Michigan,February 2024,2024-02-01,415816758.0,30361417.0,0.073,1289879.0
Michigan,March 2024,2024-03-01,497622752.0,43534858.0,0.087,2466112.0
Michigan,April 2024,2024-04-01,414426339.0,43437160.0,0.105,2616238.0
Michigan,May 2024,2024-05-01,354836011.0,42766351.0,0.121,2597165.0
Michigan,June 2024,2024-06-01,285170266.0,31802442.0,0.11199999999999999,1598793.0
Michigan,July 2024,2024-07-01,256764457.0,29041633.0,0.113,1449451.0
Michigan,August 2024,2024-08-01,289680651.0,29053190.0,0.1,1303865.0
Michigan,September 2024,2024-09-01,523776650.0,59216535.0,0.113,2029809.0
Michigan,October 2024,2024-10-01,582611718.0,32209323.0,0.055,907667.0
Michigan,November 2024,2024-11-01,671219907.0,60207253.0,0.09,2673011.0
Michigan,December 2024,2024-12-01,617500845.0,20486082.0,0.033,250497.0
Michigan,January 2025,2025-01-01,574628174.0,85560634.0,0.149,4344539.0
Michigan,February 2025,2025-02-01,388079420.0,46811512.0,0.121,2235236.0
Michigan,March 2025,2025-03-01,487163311.0,33549825.0,0.069,1204008.0
Michigan,April 2025,2025-04-01,426993695.0,42958991.0,0.10099999999999999,1958998.0
Michigan,May 2025,2025-05-01,395296514.0,51245146.0,0.13,2758483.0
Michigan,June 2025,2025-06-01,309922493.0,45289962.0,0.146,2401925.0
Michigan,July 2025,2025-07-01,288488356.0,35116688.0,0.122,1848982.0
Michigan,August 2025,2025-08-01,345619335.0,50512970.0,0.146,2756108.0
Michigan,September 2025,2025-09-01,537890047.0,44361701.0,0.08199999999999999,1226402.0
Mississippi,August 2018,2018-08-01,7696051.0,645057.0,0.084,77407.0
Mississippi,September 2018,2018-09-01,31770270.0,5503793.0,0.17300000000000001,660455.0
Mississippi,October 2018,2018-10-01,32837334.0,1178343.0,0.036000000000000004,141401.0
Mississippi,November 2018,2018-11-01,44499883.0,1674250.0,0.038,200910.0
Mississippi,December 2018,2018-12-01,41762048.0,6174224.0,0.14800000000000002,740907.0
Mississippi,January 2019,2019-01-01,35190774.0,2793238.0,0.079,335189.0
Mississippi,February 2019,2019-02-01,25148135.0,2756439.0,0.11,330773.0
Mississippi,March 2019,2019-03-01,32421264.0,4898726.0,0.151,587847.0
Mississippi,April 2019,2019-04-01,19188763.0,2057834.0,0.107,246940.0
Mississippi,May 2019,2019-05-01,17438288.0,1191967.0,0.068,143036.0
Mississippi,June 2019,2019-06-01,15190666.0,1625113.0,0.107,195014.0
Mississippi,July 2019,2019-07-01,13383383.0,1053776.0,0.079,126453.0
Mississippi,August 2019,2019-08-01,19876370.0,2884348.0,0.145,346122.0
Mississippi,September 2019,2019-09-01,37870989.0,5631583.0,0.149,675790.0
Mississippi,October 2019,2019-10-01,48019481.0,12295357.0,0.256,1475443.0
Mississippi,November 2019,2019-11-01,56369036.0,3784071.0,0.067,454088.0
Mississippi,December 2019,2019-12-01,49076433.0,3478919.0,0.071,417470.0
Mississippi,January 2020,2020-01-01,45190371.0,4637967.0,0.10300000000000001,556556.0
Mississippi,February 2020,2020-02-01,34462822.0,2105780.0,0.061,252694.0
Mississippi,March 2020,2020-03-01,10749403.0,648647.0,0.06,77838.0
Mississippi,April 2020,2020-04-01,0.0,0.0,,0.0
Mississippi,May 2020,2020-05-01,236503.0,87697.0,0.371,10524.0
Mississippi,June 2020,2020-06-01,1575859.0,-62231.0,-0.039,-7468.0
Mississippi,July 2020,2020-07-01,7916665.0,1335763.0,0.16899999999999998,160292.0
Mississippi,August 2020,2020-08-01,40489135.0,3748732.0,0.09300000000000001,449848.0
Mississippi,September 2020,2020-09-01,52220289.0,6598931.0,0.126,791872.0
Mississippi,October 2020,2020-10-01,61192425.0,8769600.0,0.14300000000000002,1052352.0
Mississippi,November 2020,2020-11-01,54443370.0,8108102.0,0.149,972972.0
Mississippi,December 2020,2020-12-01,55298807.0,7762542.0,0.14,931505.0
Mississippi,January 2021,2021-01-01,67707628.0,9114483.0,0.135,1093738.0
Mississippi,February 2021,2021-02-01,47807574.0,4606840.0,0.096,552821.0
Mississippi,March 2021,2021-03-01,50546886.0,5237031.0,0.10400000000000001,628444.0
Mississippi,April 2021,2021-04-01,32917836.0,4300968.0,0.131,516116.0
Mississippi,May 2021,2021-05-01,36125896.0,3888299.0,0.10800000000000001,466596.0
Mississippi,June 2021,2021-06-01,43099180.0,3194317.0,0.07400000000000001,383318.0
Mississippi,July 2021,2021-07-01,30659426.0,2887695.0,0.094,346523.0
Mississippi,August 2021,2021-08-01,21436948.0,1886405.0,0.08800000000000001,226369.0
Mississippi,September 2021,2021-09-01,54835753.0,8846121.0,0.161,1061535.0
Mississippi,October 2021,2021-10-01,83527015.0,9146353.0,0.11,1097562.0
Mississippi,November 2021,2021-11-01,60582141.0,9520846.0,0.157,1142502.0
Mississippi,December 2021,2021-12-01,56839743.0,3238730.0,0.057,388648.0
Mississippi,January 2022,2022-01-01,66523295.0,6521389.0,0.098,782567.0
Mississippi,February 2022,2022-02-01,40871618.0,1887995.0,0.046,226559.0
Mississippi,March 2022,2022-03-01,47523073.0,3965723.0,0.083,475887.0
Mississippi,April 2022,2022-04-01,35503585.0,4209290.0,0.11900000000000001,505115.0
Mississippi,May 2022,2022-05-01,29233786.0,4006359.0,0.13699999999999998,480763.0
Mississippi,June 2022,2022-06-01,25096238.0,2082091.0,0.083,249851.0
Mississippi,July 2022,2022-07-01,18296341.0,2527212.0,0.138,303265.0
Mississippi,August 2022,2022-08-01,21234898.0,2687465.0,0.127,322496.0
Mississippi,September 2022,2022-09-01,43139311.0,8779943.0,0.204,1053593.0
Mississippi,October 2022,2022-10-01,56199189.0,7687183.0,0.13699999999999998,922462.0
Mississippi,November 2022,2022-11-01,73605361.0,5087585.0,0.069,610510.0
Mississippi,December 2022,2022-12-01,74358933.0,11297381.0,0.152,1355686.0
Mississippi,January 2023,2023-01-01,57223251.0,5117380.0,0.08900000000000001,614086.0
Mississippi,February 2023,2023-02-01,39807504.0,3143541.0,0.079,377225.0
Mississippi,March 2023,2023-03-01,46689392.0,4953171.0,0.106,594381.0
Mississippi,April 2023,2023-04-01,31805004.0,4347138.0,0.13699999999999998,521657.0
Mississippi,May 2023,2023-05-01,26761691.0,3180953.0,0.11900000000000001,381714.0
Mississippi,June 2023,2023-06-01,20414902.0,1848676.0,0.091,221841.0
Mississippi,July 2023,2023-07-01,17728739.0,2463671.0,0.139,295641.0
Mississippi,August 2023,2023-08-01,21392231.0,2691244.0,0.126,322949.0
Mississippi,September 2023,2023-09-01,51647915.0,8144028.0,0.158,977283.0
Mississippi,October 2023,2023-10-01,49503679.0,7344506.0,0.14800000000000002,881341.0
Mississippi,November 2023,2023-11-01,62412735.0,3103061.0,0.05,372367.0
Mississippi,December 2023,2023-12-01,48888089.0,4886771.0,0.1,586413.0
Mississippi,January 2024,2024-01-01,57223251.0,5117380.0,0.08900000000000001,614086.0
Mississippi,February 2024,2024-02-01,31374402.0,2297096.0,0.073,275652.0
Mississippi,March 2024,2024-03-01,44536548.0,3362903.0,0.076,403548.0
Mississippi,April 2024,2024-04-01,34259933.0,3123104.0,0.091,374772.0
Mississippi,May 2024,2024-05-01,27005663.0,2058986.0,0.076,247078.0
Mississippi,June 2024,2024-06-01,19373328.0,1942407.0,0.1,233089.0
Mississippi,July 2024,2024-07-01,13919354.0,1876206.0,0.135,225145.0
Mississippi,August 2024,2024-08-01,22634557.0,3184653.0,0.141,382158.0
Mississippi,September 2024,2024-09-01,51767998.0,7043852.0,0.136,845262.0
Mississippi,October 2024,2024-10-01,48581329.0,2864365.0,0.059000000000000004,343724.0
Mississippi,November 2024,2024-11-01,57887406.0,8048596.0,0.139,965832.0
Mississippi,December 2024,2024-12-01,56437278.0,-871100.0,-0.015,-104532.0
Mississippi,January 2025,2025-01-01,42524280.0,5083475.0,0.12,610017.0
Mississippi,February 2025,2025-02-01,30544101.0,1294775.0,0.042,155373.0
Mississippi,March 2025,2025-03-01,34455293.0,1910770.0,0.055,229292.0
Mississippi,April 2025,2025-04-01,24940446.0,3689186.0,0.14800000000000002,442702.0
Mississippi,May 2025,2025-05-01,22587837.0,3412048.0,0.151,409446.0
Mississippi,June 2025,2025-06-01,18173188.0,2745322.0,0.151,329439.0
Mississippi,July 2025,2025-07-01,15036553.0,2625779.0,0.175,315093.0
Mississippi,August 2025,2025-08-01,21905770.0,3804858.0,0.174,456583.0
Mississippi,September 2025,2025-09-01,39110338.0,6846454.0,0.175,821575.0
Montana,March 2020,2020-03-01,8051.0,3130.0,0.389,1395.0
Montana,April 2020,2020-04-01,434.0,-289.0,-0.6659999999999999,-199.0
Montana,May 2020,2020-05-01,113283.0,30502.0,0.26899999999999996,11504.0
Montana,June 2020,2020-06-01,346600.0,68714.0,0.198,20433.0
Montana,July 2020,2020-07-01,1554924.0,170766.0,0.11,9164.0
Montana,August 2020,2020-08-01,2606465.0,240986.0,0.092,-11797.0
Montana,September 2020,2020-09-01,2452736.0,303394.0,0.124,34872.0
Montana,October 2020,2020-10-01,2935271.0,491142.0,0.16699999999999998,118569.0
Montana,November 2020,2020-11-01,3184529.0,465183.0,0.146,88038.0
Montana,December 2020,2020-12-01,5568187.0,594935.0,0.107,22870.0
Montana,January 2021,2021-01-01,5142569.0,486975.0,0.095,-16369.0
Montana,February 2021,2021-02-01,3863473.0,309201.0,0.08,-46288.0
Montana,March 2021,2021-03-01,4411507.0,652401.0,0.14800000000000002,126750.0
Montana,April 2021,2021-04-01,3253865.0,501413.0,0.154,105616.0
Montana,May 2021,2021-05-01,3981680.0,496740.0,0.125,59143.0
Montana,June 2021,2021-06-01,3700999.0,385441.0,0.10400000000000001,9205.0
Montana,July 2021,2021-07-01,2629806.0,446624.0,0.17,110186.0
Montana,August 2021,2021-08-01,3349655.0,475519.0,0.142,84332.0
Montana,September 2021,2021-09-01,3023972.0,561587.0,0.18600000000000003,155514.0
Montana,October 2021,2021-10-01,4404020.0,568817.0,0.129,77049.0
Montana,November 2021,2021-11-01,4531859.0,879240.0,0.19399999999999998,255632.0
Montana,December 2021,2021-12-01,4922327.0,642265.0,0.13,90020.0
Montana,January 2022,2022-01-01,5117844.0,669464.0,0.131,94608.0
Montana,February 2022,2022-02-01,3631705.0,705841.0,0.19399999999999998,205602.0
Montana,March 2022,2022-03-01,3981218.0,671606.0,0.16899999999999998,164091.0
Montana,April 2022,2022-04-01,3243425.0,389693.0,0.12,39210.0
Montana,May 2022,2022-05-01,3236702.0,382130.0,0.11800000000000001,35076.0
Montana,June 2022,2022-06-01,2911455.0,274694.0,0.094,-9871.0
Montana,July 2022,2022-07-01,2560000.0,274000.0,0.107,10800.0
Montana,August 2022,2022-08-01,2975100.0,440591.0,0.14800000000000002,85849.0
Montana,September 2022,2022-09-01,4940321.0,975542.0,0.19699999999999998,288906.0
Montana,October 2022,2022-10-01,5319627.0,681222.0,0.128,89556.0
Montana,November 2022,2022-11-01,5782523.0,777488.0,0.134,119541.0
Montana,December 2022,2022-12-01,7218595.0,931178.0,0.129,125591.0
Montana,January 2023,2023-01-01,7139581.0,979495.0,0.13699999999999998,159322.0
Montana,February 2023,2023-02-01,4366807.0,560668.0,0.128,74392.0
Montana,March 2023,2023-03-01,5784045.0,925542.0,0.16,208283.0
Montana,April 2023,2023-04-01,5201964.0,633005.0,0.122,67685.0
Montana,May 2023,2023-05-01,4457829.0,666686.0,0.15,132542.0
Montana,June 2023,2023-06-01,3353974.0,282263.0,0.084,-31881.0
Montana,July 2023,2023-07-01,2587209.0,560046.0,0.21600000000000003,180795.0
Montana,August 2023,2023-08-01,3221337.0,337442.0,0.105,9185.0
Montana,September 2023,2023-09-01,6204965.0,676451.0,0.109,33573.0
Montana,October 2023,2023-10-01,6787517.0,1102195.0,0.162,254066.0
Montana,November 2023,2023-11-01,6996429.0,717423.0,0.10300000000000001,10668.0
Montana,December 2023,2023-12-01,6157163.0,1005395.0,0.163,233807.0
Montana,January 2024,2024-01-01,5863499.0,852106.0,0.145,159454.0
Montana,February 2024,2024-02-01,4702532.0,253229.0,0.054000000000000006,-130215.0
Montana,March 2024,2024-03-01,6588001.0,500562.0,0.076,-94943.0
Montana,April 2024,2024-04-01,5486090.0,644653.0,0.11800000000000001,57626.0
Montana,May 2024,2024-05-01,4865206.0,599685.0,0.12300000000000001,67899.0
Montana,June 2024,2024-06-01,3880623.0,427612.0,0.11,23730.0
Montana,July 2024,2024-07-01,2947631.0,567829.0,0.193,163840.0
Montana,August 2024,2024-08-01,3782754.0,717347.0,0.19,203443.0
Montana,September 2024,2024-09-01,6779010.0,893171.0,0.132,129162.0
Montana,October 2024,2024-10-01,7590963.0,-26939.0,-0.004,-471621.0
Montana,November 2024,2024-11-01,7427896.0,1593724.0,0.215,510561.0
Montana,December 2024,2024-12-01,6555798.0,110041.0,0.017,-327323.0
Montana,January 2025,2025-01-01,5750903.0,1289382.0,0.22399999999999998,428575.0
Montana,February 2025,2025-02-01,3743226.0,185247.0,0.049,-113445.0
Montana,March 2025,2025-03-01,6200120.0,685026.0,0.11,39008.0
Montana,April 2025,2025-04-01,6207185.0,759848.0,0.122,83478.0
Montana,May 2025,2025-05-01,4981328.0,763059.0,0.153,158956.0
Montana,June 2025,2025-06-01,3957691.0,1023494.0,0.259,376635.0
Montana,July 2025,2025-07-01,3724170.0,617135.0,0.166,146831.0
Montana,August 2025,2025-08-01,4510557.0,791342.0,0.175,204172.0
Montana,September 2025,2025-09-01,7455630.0,829065.0,0.111,50101.0
Montana,October 2025,2025-10-01,7808857.0,1043587.0,0.134,157621.0
Nebraska,June 2023,2023-06-01,5081.0,-508.0,-0.1,0.0
Nebraska,July 2023,2023-07-01,821132.0,82113.0,0.1,16423.0
Nebraska,August 2023,2023-08-01,1056513.0,105651.0,0.1,21130.0
Nebraska,September 2023,2023-09-01,2476070.0,247606.0,0.1,49521.0
Nebraska,October 2023,2023-10-01,3851746.0,385175.0,0.1,77035.0
Nebraska,November 2023,2023-11-01,3251008.0,325100.0,0.1,65018.0
Nebraska,December 2023,2023-12-01,6338108.0,633811.0,0.1,126761.0
Nebraska,January 2024,2024-01-01,5269600.0,410236.0,0.078,93720.0
Nebraska,February 2024,2024-02-01,2633123.0,133106.0,0.051,39643.0
Nebraska,March 2024,2024-03-01,4524623.0,449533.0,0.099,90200.0
Nebraska,April 2024,2024-04-01,3772023.0,377203.0,0.1,75441.0
Nebraska,May 2024,2024-05-01,3405146.0,340515.0,0.1,68102.0
Nebraska,June 2024,2024-06-01,3185329.0,318533.0,0.1,63707.0
Nebraska,July 2024,2024-07-01,2480300.0,248030.0,0.1,49607.0
Nebraska,August 2024,2024-08-01,2123480.0,175009.0,0.08199999999999999,38736.0
Nebraska,September 2024,2024-09-01,6977686.0,697769.0,0.1,139554.0
Nebraska,October 2024,2024-10-01,4838033.0,483803.0,0.1,96761.0
Nebraska,November 2024,2024-11-01,12055153.0,1205515.0,0.1,241103.0
Nebraska,December 2024,2024-12-01,1713347.0,-125209.0,-0.073,4612.0
Nebraska,January 2025,2025-01-01,8570534.0,857053.0,0.1,171410.0
Nebraska,February 2025,2025-02-01,6060582.0,606058.0,0.1,121212.0
Nebraska,March 2025,2025-03-01,3157366.0,315736.0,0.1,63148.0
Nebraska,April 2025,2025-04-01,4962077.0,496208.0,0.1,99241.0
Nebraska,May 2025,2025-05-01,8019784.0,801979.0,0.1,160396.0
Nebraska,June 2025,2025-06-01,6670320.0,667033.0,0.1,133407.0
Nebraska,July 2025,2025-07-01,4010424.0,401041.0,0.1,80209.0
Nebraska,August 2025,2025-08-01,8769694.0,876969.0,0.1,175392.0
Nebraska,September 2025,2025-09-01,5777554.0,577756.0,0.1,115551.0
Nevada,June 2018,2018-06-01,286282315.0,20172000.0,0.07,1361610.0
Nevada,July 2018,2018-07-01,245109818.0,4061000.0,0.017,274118.0
Nevada,August 2018,2018-08-01,247622046.0,12603000.0,0.051,850703.0
Nevada,September 2018,2018-09-01,571371045.0,56304000.0,0.099,3800520.0
Nevada,October 2018,2018-10-01,528086065.0,29547000.0,0.055999999999999994,1994423.0
Nevada,November 2018,2018-11-01,580693817.0,27136000.0,0.047,1831680.0
Nevada,December 2018,2018-12-01,562133600.0,44106000.0,0.078,2977155.0
Nevada,January 2019,2019-01-01,496689151.0,14626000.0,0.028999999999999998,987255.0
Nevada,February 2019,2019-02-01,458498365.0,35816000.0,0.078,2417580.0
Nevada,March 2019,2019-03-01,597045387.0,32523000.0,0.054000000000000006,2195303.0
Nevada,April 2019,2019-04-01,328025447.0,21656000.0,0.066,1461780.0
Nevada,May 2019,2019-05-01,317511432.0,11267000.0,0.035,760523.0
Nevada,June 2019,2019-06-01,322050433.0,16588000.0,0.052000000000000005,1119690.0
Nevada,July 2019,2019-07-01,235961371.0,10534000.0,0.045,711045.0
Nevada,August 2019,2019-08-01,287811624.0,18733000.0,0.065,1264478.0
Nevada,September 2019,2019-09-01,546193707.0,52069000.0,0.095,3514658.0
Nevada,October 2019,2019-10-01,543922446.0,47886000.0,0.08800000000000001,3232305.0
Nevada,November 2019,2019-11-01,614070720.0,31012000.0,0.051,2093310.0
Nevada,December 2019,2019-12-01,571142557.0,36327000.0,0.064,2452073.0
Nevada,January 2020,2020-01-01,502279982.0,20152000.0,0.04,1360260.0
Nevada,February 2020,2020-02-01,491705606.0,38064000.0,0.077,2569320.0
Nevada,March 2020,2020-03-01,141108201.0,1455000.0,0.01,98213.0
Nevada,April 2020,2020-04-01,28131869.0,1334500.0,0.047,90079.0
Nevada,May 2020,2020-05-01,28131869.0,1334500.0,0.047,90079.0
Nevada,June 2020,2020-06-01,78152387.0,-483000.0,-0.006,-32602.0
Nevada,July 2020,2020-07-01,163552030.0,6295000.0,0.038,424913.0
Nevada,August 2020,2020-08-01,474948414.0,16985000.0,0.036000000000000004,1146488.0
Nevada,September 2020,2020-09-01,575144025.0,32895000.0,0.057,2220413.0
Nevada,October 2020,2020-10-01,659899331.0,42388000.0,0.064,2861190.0
Nevada,November 2020,2020-11-01,609376849.0,61807000.0,0.10099999999999999,4171973.0
Nevada,December 2020,2020-12-01,587056304.0,40573000.0,0.069,2738678.0
Nevada,January 2021,2021-01-01,646491632.0,52381000.0,0.081,3535718.0
Nevada,February 2021,2021-02-01,554058173.0,31846000.0,0.057,2149605.0
Nevada,March 2021,2021-03-01,640984932.0,39346000.0,0.061,2655855.0
Nevada,April 2021,2021-04-01,458251710.0,27210000.0,0.059000000000000004,1836675.0
Nevada,May 2021,2021-05-01,477191062.0,27079000.0,0.057,1827833.0
Nevada,June 2021,2021-06-01,545367518.0,29186000.0,0.054000000000000006,1970055.0
Nevada,July 2021,2021-07-01,409659756.0,33278000.0,0.081,2246265.0
Nevada,August 2021,2021-08-01,427425369.0,14342000.0,0.034,968085.0
Nevada,September 2021,2021-09-01,786508562.0,54205000.0,0.069,3658838.0
Nevada,October 2021,2021-10-01,1100712575.0,48312000.0,0.044000000000000004,3261060.0
Nevada,November 2021,2021-11-01,1086010454.0,71971000.0,0.066,4858043.0
Nevada,December 2021,2021-12-01,1014986618.0,15960000.0,0.016,1077300.0
Nevada,January 2022,2022-01-01,1034818801.0,49997000.0,0.048,3374798.0
Nevada,February 2022,2022-02-01,780768853.0,30920000.0,0.04,2087100.0
Nevada,March 2022,2022-03-01,863283921.0,36926000.0,0.043,2492505.0
Nevada,April 2022,2022-04-01,582529725.0,25368000.0,0.044000000000000004,1712340.0
Nevada,May 2022,2022-05-01,562000848.0,26999000.0,0.048,1822433.0
Nevada,June 2022,2022-06-01,490558644.0,23835000.0,0.049,1608863.0
Nevada,July 2022,2022-07-01,419372311.0,18591000.0,0.044000000000000004,1254893.0
Nevada,August 2022,2022-08-01,408935554.0,16072000.0,0.039,1084860.0
Nevada,September 2022,2022-09-01,760891578.0,70629000.0,0.09300000000000001,4767458.0
Nevada,October 2022,2022-10-01,920931244.0,56859000.0,0.062,3837983.0
Nevada,November 2022,2022-11-01,929046456.0,37671000.0,0.040999999999999995,2542793.0
Nevada,December 2022,2022-12-01,880380248.0,55204000.0,0.063,3726270.0
Nevada,January 2023,2023-01-01,935792553.0,50440000.0,0.054000000000000006,3404700.0
Nevada,February 2023,2023-02-01,659079542.0,41277000.0,0.063,2786198.0
Nevada,March 2023,2023-03-01,829842964.0,43851000.0,0.053,2959943.0
Nevada,April 2023,2023-04-01,598010327.0,32415000.0,0.054000000000000006,2188013.0
Nevada,May 2023,2023-05-01,527205770.0,30064000.0,0.057,2029320.0
Nevada,June 2023,2023-06-01,479039381.0,9503000.0,0.02,641453.0
Nevada,July 2023,2023-07-01,408261712.0,25256000.0,0.062,1704780.0
Nevada,August 2023,2023-08-01,431597004.0,18101000.0,0.042,1221818.0
Nevada,September 2023,2023-09-01,811353568.0,62297000.0,0.077,4205048.0
Nevada,October 2023,2023-10-01,815650207.0,68111000.0,0.084,4597493.0
Nevada,November 2023,2023-11-01,921619677.0,40992000.0,0.044000000000000004,2766960.0
Nevada,December 2023,2023-12-01,843985180.0,59090000.0,0.07,3988575.0
Nevada,January 2024,2024-01-01,782980978.0,64739000.0,0.083,4369883.0
Nevada,February 2024,2024-02-01,712628161.0,47910000.0,0.067,3233925.0
Nevada,March 2024,2024-03-01,784568642.0,29762000.0,0.038,2008935.0
Nevada,April 2024,2024-04-01,569327626.0,30792000.0,0.054000000000000006,2078460.0
Nevada,May 2024,2024-05-01,515290019.0,36027000.0,0.07,2431823.0
Nevada,June 2024,2024-06-01,481245342.0,29809000.0,0.062,2012108.0
Nevada,July 2024,2024-07-01,376042234.0,25787000.0,0.069,1740623.0
Nevada,August 2024,2024-08-01,455229623.0,25025000.0,0.055,1689188.0
Nevada,September 2024,2024-09-01,764493654.0,80856000.0,0.106,5457780.0
Nevada,October 2024,2024-10-01,794909724.0,28930000.0,0.036000000000000004,1952775.0
Nevada,November 2024,2024-11-01,837874812.0,67529000.0,0.081,4558208.0
Nevada,December 2024,2024-12-01,823644619.0,14954000.0,0.018000000000000002,1009395.0
Nevada,January 2025,2025-01-01,796959784.0,72594000.0,0.091,4900095.0
Nevada,February 2025,2025-02-01,604311147.0,41307000.0,0.068,2788223.0
Nevada,March 2025,2025-03-01,860915341.0,22259000.0,0.026000000000000002,1502483.0
Nevada,April 2025,2025-04-01,618836044.0,42571000.0,0.069,2873543.0
Nevada,May 2025,2025-05-01,576812852.0,46716000.0,0.081,3153330.0
Nevada,June 2025,2025-06-01,496609335.0,42059000.0,0.085,2838983.0
Nevada,July 2025,2025-07-01,419360158.0,37824000.0,0.09,2553120.0
Nevada,August 2025,2025-08-01,455004264.0,42046000.0,0.092,2838105.0
Nevada,September 2025,2025-09-01,791285199.0,54305000.0,0.069,3665588.0
New Hampshire,December 2019,2019-12-01,360726.0,44759.0,0.124,19403.0
New Hampshire,January 2020,2020-01-01,16834974.0,1643793.0,0.098,719909.0
New Hampshire,February 2020,2020-02-01,22130928.0,1359395.0,0.061,598884.0
New Hampshire,March 2020,2020-03-01,8768769.0,818605.0,0.09300000000000001,393834.0
New Hampshire,April 2020,2020-04-01,3774668.0,262393.0,0.07,126090.0
New Hampshire,May 2020,2020-05-01,7180450.0,424947.0,0.059000000000000004,187743.0
New Hampshire,June 2020,2020-06-01,8138772.0,691103.0,0.085,319833.0
New Hampshire,July 2020,2020-07-01,11623208.0,1268688.0,0.109,602156.0
New Hampshire,August 2020,2020-08-01,27496050.0,1367516.0,0.05,607909.0
New Hampshire,September 2020,2020-09-01,41373620.0,2290364.0,0.055,990884.0
New Hampshire,October 2020,2020-10-01,47055486.0,4203875.0,0.08900000000000001,2001597.0
New Hampshire,November 2020,2020-11-01,46523447.0,4770459.0,0.10300000000000001,2323843.0
New Hampshire,December 2020,2020-12-01,51649897.0,4537653.0,0.08800000000000001,2137406.0
New Hampshire,January 2021,2021-01-01,59795433.0,4197029.0,0.07,1886506.0
New Hampshire,February 2021,2021-02-01,50995349.0,1787930.0,0.035,769387.0
New Hampshire,March 2021,2021-03-01,55800096.0,4254732.0,0.076,1925260.0
New Hampshire,April 2021,2021-04-01,46700713.0,3302340.0,0.071,1480847.0
New Hampshire,May 2021,2021-05-01,42367380.0,3115230.0,0.07400000000000001,1433622.0
New Hampshire,June 2021,2021-06-01,39268179.0,3869773.0,0.099,1797118.0
New Hampshire,July 2021,2021-07-01,36724166.0,3062545.0,0.083,1468578.0
New Hampshire,August 2021,2021-08-01,36319740.0,1594235.0,0.044000000000000004,723016.0
New Hampshire,September 2021,2021-09-01,68123241.0,4420924.0,0.065,1887441.0
New Hampshire,October 2021,2021-10-01,98191306.0,5409196.0,0.055,2560651.0
New Hampshire,November 2021,2021-11-01,83168805.0,6172580.0,0.07400000000000001,2926238.0
New Hampshire,December 2021,2021-12-01,86444639.0,2641046.0,0.031,1140937.0
New Hampshire,January 2022,2022-01-01,99540825.0,8029427.0,0.081,3875782.0
New Hampshire,February 2022,2022-02-01,70866282.0,1019098.0,0.013999999999999999,458353.0
New Hampshire,March 2022,2022-03-01,78811441.0,5283248.0,0.067,2506863.0
New Hampshire,April 2022,2022-04-01,73149079.0,3436446.0,0.047,1514431.0
New Hampshire,May 2022,2022-05-01,76199157.0,5720931.0,0.075,2637599.0
New Hampshire,June 2022,2022-06-01,53567757.0,4819197.0,0.09,2216742.0
New Hampshire,July 2022,2022-07-01,42653152.0,4476145.0,0.105,2115043.0
New Hampshire,August 2022,2022-08-01,43372007.0,4199240.0,0.09699999999999999,1927109.0
New Hampshire,September 2022,2022-09-01,78237751.0,7358206.0,0.094,3249389.0
New Hampshire,October 2022,2022-10-01,91345018.0,9078684.0,0.099,4482595.0
New Hampshire,November 2022,2022-11-01,93090530.0,4963601.0,0.053,2176120.0
New Hampshire,December 2022,2022-12-01,90894581.0,8330161.0,0.092,3809372.0
New Hampshire,January 2023,2023-01-01,97163182.0,12564448.0,0.129,5715688.0
New Hampshire,February 2023,2023-02-01,86999460.0,7112918.0,0.08199999999999999,3238963.0
New Hampshire,March 2023,2023-03-01,103390747.0,4828031.0,0.047,2126879.0
New Hampshire,April 2023,2023-04-01,65083883.0,6670481.0,0.102,2997574.0
New Hampshire,May 2023,2023-05-01,52137614.0,7042469.0,0.135,3078160.0
New Hampshire,June 2023,2023-06-01,39307739.0,4372429.0,0.111,1944484.0
New Hampshire,July 2023,2023-07-01,36929342.0,3511866.0,0.095,1551250.0
New Hampshire,August 2023,2023-08-01,38765940.0,3344211.0,0.086,1454175.0
New Hampshire,September 2023,2023-09-01,66848811.0,6178362.0,0.092,2687999.0
New Hampshire,October 2023,2023-10-01,77838540.0,8781951.0,0.113,3806755.0
New Hampshire,November 2023,2023-11-01,78491464.0,8228924.0,0.105,3593339.0
New Hampshire,December 2023,2023-12-01,78750681.0,7652564.0,0.09699999999999999,3377024.0
New Hampshire,January 2024,2024-01-01,73301559.0,9820633.0,0.134,4452042.0
New Hampshire,February 2024,2024-02-01,62274731.0,6585297.0,0.106,2864800.0
New Hampshire,March 2024,2024-03-01,72597059.0,5585067.0,0.077,2431041.0
New Hampshire,April 2024,2024-04-01,59854282.0,5331763.0,0.08900000000000001,2306465.0
New Hampshire,May 2024,2024-05-01,58030362.0,6516847.0,0.11199999999999999,2835815.0
New Hampshire,June 2024,2024-06-01,49390844.0,5277087.0,0.107,2294205.0
New Hampshire,July 2024,2024-07-01,48323804.0,3530238.0,0.073,1533618.0
New Hampshire,August 2024,2024-08-01,49374544.0,3382540.0,0.069,1705782.0
New Hampshire,September 2024,2024-09-01,72763323.0,9259141.0,0.127,3998068.0
New Hampshire,October 2024,2024-10-01,79350927.0,5867086.0,0.07400000000000001,2550018.0
New Hampshire,November 2024,2024-11-01,87260891.0,10477103.0,0.12,4633499.0
New Hampshire,December 2024,2024-12-01,80860363.0,7435524.0,0.092,3250223.0
New Hampshire,January 2025,2025-01-01,78945312.0,11139731.0,0.141,4944910.0
New Hampshire,February 2025,2025-02-01,63260876.0,8000193.0,0.126,3487741.0
New Hampshire,March 2025,2025-03-01,77467758.0,6792080.0,0.08800000000000001,2962111.0
New Hampshire,April 2025,2025-04-01,68763478.0,7652632.0,0.111,3326445.0
New Hampshire,May 2025,2025-05-01,61465858.0,8064113.0,0.131,3596561.0
New Hampshire,June 2025,2025-06-01,50555000.0,6890532.0,0.136,2929436.0
New Hampshire,July 2025,2025-07-01,47393114.0,5315372.0,0.11199999999999999,2311388.0
New Hampshire,August 2025,2025-08-01,68232828.0,6466670.0,0.095,2809305.0
New Hampshire,September 2025,2025-09-01,82125434.0,7225752.0,0.08800000000000001,3140145.0
New Jersey,June 2018,2018-06-01,16409619.0,3458668.0,0.21100000000000002,337078.0
New Jersey,July 2018,2018-07-01,40682237.0,3845879.0,0.095,377015.0
New Jersey,August 2018,2018-08-01,95634048.0,9197827.0,0.096,1038072.0
New Jersey,September 2018,2018-09-01,183948404.0,23775812.0,0.129,2883518.0
New Jersey,October 2018,2018-10-01,260711301.0,11686117.0,0.045,1536283.0
New Jersey,November 2018,2018-11-01,330748563.0,21243867.0,0.064,2743339.0
New Jersey,December 2018,2018-12-01,319173548.0,20814223.0,0.065,2685956.0
New Jersey,January 2019,2019-01-01,385279662.0,18777582.0,0.049,2530315.0
New Jersey,February 2019,2019-02-01,320368087.0,12732738.0,0.04,1981251.0
New Jersey,March 2019,2019-03-01,372451342.0,31669387.0,0.085,4020740.0
New Jersey,April 2019,2019-04-01,313719562.0,21215748.0,0.068,2826247.0
New Jersey,May 2019,2019-05-01,318940677.0,15536384.0,0.049,2137480.0
New Jersey,June 2019,2019-06-01,273222975.0,9701926.0,0.036000000000000004,1254851.0
New Jersey,July 2019,2019-07-01,251371272.0,17884790.0,0.071,2364941.0
New Jersey,August 2019,2019-08-01,293594862.0,25210342.0,0.086,3316918.0
New Jersey,September 2019,2019-09-01,445563503.0,37955171.0,0.085,5028107.0
New Jersey,October 2019,2019-10-01,487924504.0,46393537.0,0.095,6241133.0
New Jersey,November 2019,2019-11-01,562675543.0,32895546.0,0.057999999999999996,4457889.0
New Jersey,December 2019,2019-12-01,557786161.0,29424884.0,0.053,4108749.0
New Jersey,January 2020,2020-01-01,540113452.0,53561626.0,0.099,7261470.0
New Jersey,February 2020,2020-02-01,494814107.0,17000928.0,0.034,2461238.0
New Jersey,March 2020,2020-03-01,181908529.0,13181101.0,0.07200000000000001,1897069.0
New Jersey,April 2020,2020-04-01,54593092.0,2634050.0,0.048,390347.0
New Jersey,May 2020,2020-05-01,117821281.0,9912062.0,0.084,1427101.0
New Jersey,June 2020,2020-06-01,165014553.0,12639282.0,0.077,1811121.0
New Jersey,July 2020,2020-07-01,315118805.0,29551986.0,0.094,4041649.0
New Jersey,August 2020,2020-08-01,667979150.0,39507182.0,0.059000000000000004,5413671.0
New Jersey,September 2020,2020-09-01,748037246.0,45127763.0,0.06,6169023.0
New Jersey,October 2020,2020-10-01,801196298.0,58403209.0,0.073,8166439.0
New Jersey,November 2020,2020-11-01,930367718.0,50410546.0,0.054000000000000006,6851928.0
New Jersey,December 2020,2020-12-01,995567756.0,66301567.0,0.067,9091303.0
New Jersey,January 2021,2021-01-01,957353407.0,82209293.0,0.086,11341542.0
New Jersey,February 2021,2021-02-01,742849328.0,46222846.0,0.062,6367031.0
New Jersey,March 2021,2021-03-01,857732524.0,60624773.0,0.071,8495171.0
New Jersey,April 2021,2021-04-01,746810150.0,54711189.0,0.073,7452186.0
New Jersey,May 2021,2021-05-01,813517681.0,52826372.0,0.065,7405859.0
New Jersey,June 2021,2021-06-01,765665331.0,71134768.0,0.09300000000000001,9620806.0
New Jersey,July 2021,2021-07-01,576917625.0,54800465.0,0.095,7591288.0
New Jersey,August 2021,2021-08-01,664675859.0,52023081.0,0.078,7329603.0
New Jersey,September 2021,2021-09-01,1011114311.0,82280645.0,0.081,11212782.0
New Jersey,October 2021,2021-10-01,1303198342.0,84311810.0,0.065,11661062.0
New Jersey,November 2021,2021-11-01,1258189436.0,114788726.0,0.091,16038097.0
New Jersey,December 2021,2021-12-01,1229561891.0,59047673.0,0.048,8221034.0
New Jersey,January 2022,2022-01-01,1348860083.0,60195902.0,0.045,8774160.0
New Jersey,February 2022,2022-02-01,985568313.0,30873369.0,0.031,4678782.0
New Jersey,March 2022,2022-03-01,1120904954.0,66404370.0,0.059000000000000004,9068529.0
New Jersey,April 2022,2022-04-01,926946780.0,50345808.0,0.054000000000000006,7055550.0
New Jersey,May 2022,2022-05-01,766412352.0,61594016.0,0.08,8773059.0
New Jersey,June 2022,2022-06-01,633184861.0,39245213.0,0.062,5404026.0
New Jersey,July 2022,2022-07-01,531888333.0,45007343.0,0.085,6386976.0
New Jersey,August 2022,2022-08-01,546774395.0,65272385.0,0.11900000000000001,9138137.0
New Jersey,September 2022,2022-09-01,866719412.0,97981122.0,0.113,13352085.0
New Jersey,October 2022,2022-10-01,1060154535.0,77907041.0,0.073,10853450.0
New Jersey,November 2022,2022-11-01,1101622966.0,80426931.0,0.073,11497129.0
New Jersey,December 2022,2022-12-01,1055556994.0,87701471.0,0.083,12444016.0
New Jersey,January 2023,2023-01-01,1082233033.0,72330439.0,0.067,10345867.0
New Jersey,February 2023,2023-02-01,847405611.0,54621220.0,0.064,7808167.0
New Jersey,March 2023,2023-03-01,1025779225.0,93039999.0,0.091,13083369.0
New Jersey,April 2023,2023-04-01,833980925.0,72304036.0,0.087,10118510.0
New Jersey,May 2023,2023-05-01,778854263.0,82165404.0,0.105,11496202.0
New Jersey,June 2023,2023-06-01,591081897.0,66356838.0,0.11199999999999999,9218174.0
New Jersey,July 2023,2023-07-01,587019749.0,61013433.0,0.10400000000000001,8467678.0
New Jersey,August 2023,2023-08-01,725849450.0,96041019.0,0.132,13546446.0
New Jersey,September 2023,2023-09-01,1299016274.0,111145385.0,0.086,15658931.0
New Jersey,October 2023,2023-10-01,1293468722.0,92258295.0,0.071,12951849.0
New Jersey,November 2023,2023-11-01,1623072184.0,95889050.0,0.059000000000000004,13508016.0
New Jersey,December 2023,2023-12-01,1284558956.0,109516484.0,0.085,15314259.0
New Jersey,January 2024,2024-01-01,1719170088.0,170758334.0,0.099,24161228.0
New Jersey,February 2024,2024-02-01,1081171835.0,67564386.0,0.062,9539850.0
New Jersey,March 2024,2024-03-01,1329010828.0,89687971.0,0.067,12600303.0
New Jersey,April 2024,2024-04-01,1044283588.0,106227937.0,0.102,15124636.0
New Jersey,May 2024,2024-05-01,838946057.0,78750983.0,0.094,11354892.0
New Jersey,June 2024,2024-06-01,748417965.0,60066927.0,0.08,8572940.0
New Jersey,July 2024,2024-07-01,652275524.0,80027220.0,0.12300000000000001,11324107.0
New Jersey,August 2024,2024-08-01,698839707.0,62726713.0,0.09,8839082.0
New Jersey,September 2024,2024-09-01,1089701413.0,119556334.0,0.11,16681410.0
New Jersey,October 2024,2024-10-01,1131684366.0,77463400.0,0.068,10970345.0
New Jersey,November 2024,2024-11-01,1224883112.0,118962664.0,0.09699999999999999,16769526.0
New Jersey,December 2024,2024-12-01,1215654736.0,62837741.0,0.052000000000000005,8909155.0
New Jersey,January 2025,2025-01-01,1152144676.0,122194865.0,0.106,17249213.0
New Jersey,February 2025,2025-02-01,988882908.0,73558549.0,0.07400000000000001,10445073.0
New Jersey,March 2025,2025-03-01,1107191055.0,71344935.0,0.064,10016794.0
New Jersey,April 2025,2025-04-01,994434816.0,90510496.0,0.091,12807597.0
New Jersey,May 2025,2025-05-01,1010645865.0,102543773.0,0.10099999999999999,14408824.0
New Jersey,June 2025,2025-06-01,790415313.0,91858292.0,0.11599999999999999,13071670.0
New Jersey,July 2025,2025-07-01,663997770.0,74769434.0,0.113,15777894.0
New Jersey,August 2025,2025-08-01,814312217.0,81901788.0,0.10099999999999999,16903994.0
New Jersey,September 2025,2025-09-01,1130008177.0,89817735.0,0.079,19496662.0
New York,July 2019,2019-07-01,1365470.0,349468.0,0.256,34947.0
New York,August 2019,2019-08-01,4647958.0,828152.0,0.17800000000000002,82815.0
New York,September 2019,2019-09-01,13060944.0,2283864.0,0.175,228386.0
New York,October 2019,2019-10-01,14852615.0,2233227.0,0.15,223323.0
New York,November 2019,2019-11-01,17161294.0,1308295.0,0.076,130830.0
New York,December 2019,2019-12-01,16872506.0,780417.0,0.046,78042.0
New York,January 2020,2020-01-01,17169303.0,1943351.0,0.113,194335.0
New York,February 2020,2020-02-01,12872999.0,-179592.0,-0.013999999999999999,-17959.0
New York,March 2020,2020-03-01,4186276.0,99514.0,0.024,9951.0
New York,April 2020,2020-04-01,0.0,0.0,,0.0
New York,May 2020,2020-05-01,0.0,0.0,,0.0
New York,June 2020,2020-06-01,0.0,0.0,,0.0
New York,July 2020,2020-07-01,0.0,0.0,,0.0
New York,August 2020,2020-08-01,0.0,0.0,,0.0
New York,September 2020,2020-09-01,10092604.0,1403544.0,0.139,140354.0
New York,October 2020,2020-10-01,18107259.0,2623464.0,0.145,262346.0
New York,November 2020,2020-11-01,17096321.0,2619676.0,0.153,261968.0
New York,December 2020,2020-12-01,18584384.0,2258771.0,0.122,225877.0
New York,January 2021,2021-01-01,20942309.0,3569855.0,0.17,356986.0
New York,February 2021,2021-02-01,14018760.0,1153275.0,0.08199999999999999,115327.0
New York,March 2021,2021-03-01,16529015.0,1845684.0,0.11199999999999999,184568.0
New York,April 2021,2021-04-01,13537156.0,1322623.0,0.098,132262.0
New York,May 2021,2021-05-01,14145742.0,1590113.0,0.11199999999999999,159011.0
New York,June 2021,2021-06-01,14239819.0,1858642.0,0.131,185864.0
New York,July 2021,2021-07-01,9338107.0,1273621.0,0.136,127362.0
New York,August 2021,2021-08-01,9153603.0,1080570.0,0.11800000000000001,108057.0
New York,September 2021,2021-09-01,17355781.0,3187045.0,0.184,318704.0
New York,October 2021,2021-10-01,25567296.0,1718615.0,0.067,171861.0
New York,November 2021,2021-11-01,21519094.0,3956491.0,0.184,395649.0
New York,December 2021,2021-12-01,21129981.0,764615.0,0.036000000000000004,76461.0
New York,January 2022,2022-01-01,1686263898.0,123810126.0,0.073,63277984.0
New York,February 2022,2022-02-01,1534078892.0,82149599.0,0.054000000000000006,41995722.0
New York,March 2022,2022-03-01,1644789691.0,114956204.0,0.07,58351263.0
New York,April 2022,2022-04-01,1396791941.0,104535898.0,0.075,53151656.0
New York,May 2022,2022-05-01,1269862570.0,110418075.0,0.087,56055234.0
New York,June 2022,2022-06-01,1056694011.0,72441501.0,0.069,36936704.0
New York,July 2022,2022-07-01,804966381.0,73880416.0,0.092,37449978.0
New York,August 2022,2022-08-01,877407454.0,100760793.0,0.115,50912979.0
New York,September 2022,2022-09-01,1265553629.0,145039867.0,0.115,73270471.0
New York,October 2022,2022-10-01,1555051006.0,146845937.0,0.094,74403028.0
New York,November 2022,2022-11-01,1564144672.0,149244901.0,0.095,75695441.0
New York,December 2022,2022-12-01,1632469011.0,142969451.0,0.08800000000000001,72422558.0
New York,January 2023,2023-01-01,1799048366.0,149886749.0,0.083,76253908.0
New York,February 2023,2023-02-01,1474299932.0,108470835.0,0.07400000000000001,55242679.0
New York,March 2023,2023-03-01,1792885345.0,163582116.0,0.091,83117519.0
New York,April 2023,2023-04-01,1550014914.0,139265045.0,0.09,70842936.0
New York,May 2023,2023-05-01,1363794316.0,152643135.0,0.11199999999999999,77571580.0
New York,June 2023,2023-06-01,1170989676.0,103956640.0,0.08900000000000001,51883313.0
New York,July 2023,2023-07-01,966555215.0,105510883.0,0.109,53655339.0
New York,August 2023,2023-08-01,1118163959.0,99241793.0,0.08900000000000001,50310977.0
New York,September 2023,2023-09-01,1767913849.0,166834226.0,0.094,84563885.0
New York,October 2023,2023-10-01,2017133484.0,167327704.0,0.083,84927344.0
New York,November 2023,2023-11-01,2122331713.0,151291345.0,0.071,76999480.0
New York,December 2023,2023-12-01,2053736710.0,189287146.0,0.092,96131764.0
New York,January 2024,2024-01-01,1965468151.0,211706706.0,0.10800000000000001,107887645.0
New York,February 2024,2024-02-01,1779072192.0,131315621.0,0.07400000000000001,67016794.0
New York,March 2024,2024-03-01,1854674065.0,152553937.0,0.08199999999999999,77451054.0
New York,April 2024,2024-04-01,1969945755.0,184032347.0,0.09300000000000001,93757818.0
New York,May 2024,2024-05-01,1978317034.0,203760343.0,0.10300000000000001,103748517.0
New York,June 2024,2024-06-01,1477842947.0,134169779.0,0.091,68328721.0
New York,July 2024,2024-07-01,1265934085.0,140856540.0,0.111,71620801.0
New York,August 2024,2024-08-01,1440577943.0,125961724.0,0.087,63846496.0
New York,September 2024,2024-09-01,2079869074.0,206067211.0,0.099,104538289.0
New York,October 2024,2024-10-01,2329400446.0,176354954.0,0.076,89937732.0
New York,November 2024,2024-11-01,2273599386.0,232209891.0,0.102,118164737.0
New York,December 2024,2024-12-01,2289276065.0,150154372.0,0.066,76831465.0
New York,January 2025,2025-01-01,2487676801.0,248001821.0,0.1,149118074.0
New York,February 2025,2025-02-01,1979914659.0,184512125.0,0.09300000000000001,94224398.0
New York,March 2025,2025-03-01,2445290864.0,162142924.0,0.066,82567299.0
New York,April 2025,2025-04-01,2158082654.0,192616928.0,0.08900000000000001,98263902.0
New York,May 2025,2025-05-01,2215450269.0,249312914.0,0.113,126983060.0
New York,June 2025,2025-06-01,1653307478.0,207187606.0,0.125,105387929.0
New York,July 2025,2025-07-01,1403671174.0,155878073.0,0.111,79367750.0
New York,August 2025,2025-08-01,2047456609.0,178753563.0,0.087,90941636.0
New York,September 2025,2025-09-01,2293417992.0,194683313.0,0.085,98908642.0
New York,October 2025,2025-10-01,2644057953.0,238855750.0,0.09,121771333.0
North Carolina,March 2024,2024-03-01,657246516.0,66496213.0,0.10099999999999999,9974432.0
North Carolina,April 2024,2024-04-01,643653645.0,105251673.0,0.16399999999999998,15787751.0
North Carolina,May 2024,2024-05-01,521747982.0,63080347.0,0.121,9462052.0
North Carolina,June 2024,2024-06-01,395044526.0,40302263.0,0.102,6045339.0
North Carolina,July 2024,2024-07-01,337612217.0,42226012.0,0.125,7600687.0
North Carolina,August 2024,2024-08-01,367458900.0,33751015.0,0.092,6075183.0
North Carolina,September 2024,2024-09-01,571622319.0,70062729.0,0.12300000000000001,12611330.0
North Carolina,October 2024,2024-10-01,609304501.0,48659761.0,0.08,8758757.0
North Carolina,November 2024,2024-11-01,654911449.0,78096645.0,0.11900000000000001,14057587.0
North Carolina,December 2024,2024-12-01,626606050.0,35716306.0,0.057,6429218.0
North Carolina,January 2025,2025-01-01,643024307.0,74530134.0,0.11599999999999999,13415424.0
North Carolina,February 2025,2025-02-01,540852561.0,55658912.0,0.10300000000000001,10018604.0
North Carolina,March 2025,2025-03-01,681791404.0,38138715.0,0.055999999999999994,6865265.0
North Carolina,April 2025,2025-04-01,572116883.0,46801165.0,0.08199999999999999,8424668.0
North Carolina,May 2025,2025-05-01,558147848.0,65227119.0,0.11699999999999999,11740881.0
North Carolina,June 2025,2025-06-01,430254337.0,58071307.0,0.135,10452835.0
North Carolina,July 2025,2025-07-01,367316957.0,22679993.0,0.062,4082399.0
North Carolina,August 2025,2025-08-01,474711188.0,54110076.0,0.114,9739814.0
North Carolina,September 2025,2025-09-01,681911324.0,66763867.0,0.098,12017496.0
North Carolina,October 2025,2025-10-01,807111531.0,78145630.0,0.09699999999999999,14066214.0
Ohio,January 2023,2023-01-01,1090962383.0,209588460.0,0.192,20960774.0
Ohio,February 2023,2023-02-01,635426359.0,80948666.0,0.127,8105312.0
Ohio,March 2023,2023-03-01,732913170.0,94818023.0,0.129,9485427.0
Ohio,April 2023,2023-04-01,515184616.0,63250102.0,0.12300000000000001,6332871.0
Ohio,May 2023,2023-05-01,441711971.0,57826959.0,0.131,5787967.0
Ohio,June 2023,2023-06-01,357571919.0,32623897.0,0.091,3277310.0
Ohio,July 2023,2023-07-01,328811653.0,37273216.0,0.113,7466419.0
Ohio,August 2023,2023-08-01,375076377.0,40786643.0,0.109,8175341.0
Ohio,September 2023,2023-09-01,686244860.0,81639905.0,0.11900000000000001,16375764.0
Ohio,October 2023,2023-10-01,742945929.0,80385098.0,0.10800000000000001,16148132.0
Ohio,November 2023,2023-11-01,861170611.0,67855418.0,0.079,13650718.0
Ohio,December 2023,2023-12-01,826100577.0,87235462.0,0.106,17486186.0
Ohio,January 2024,2024-01-01,806149042.0,113367294.0,0.141,22697038.0
Ohio,February 2024,2024-02-01,666845011.0,66374384.0,0.1,13549429.0
Ohio,March 2024,2024-03-01,803788678.0,63854035.0,0.079,12804401.0
Ohio,April 2024,2024-04-01,668027816.0,74028198.0,0.111,14813313.0
Ohio,May 2024,2024-05-01,606573141.0,67365769.0,0.111,13506810.0
Ohio,June 2024,2024-06-01,525612343.0,51266301.0,0.098,10270112.0
Ohio,July 2024,2024-07-01,472192483.0,55164174.0,0.11699999999999999,11077799.0
Ohio,August 2024,2024-08-01,543269522.0,48651326.0,0.09,9771850.0
Ohio,September 2024,2024-09-01,858027650.0,105759487.0,0.12300000000000001,21261333.0
Ohio,October 2024,2024-10-01,897309459.0,81274389.0,0.091,16330026.0
Ohio,November 2024,2024-11-01,1020179162.0,117057365.0,0.115,23452805.0
Ohio,December 2024,2024-12-01,958934701.0,55545006.0,0.057999999999999996,11422397.0
Ohio,January 2025,2025-01-01,1004746058.0,80237445.0,0.08,16242492.0
Ohio,February 2025,2025-02-01,756587575.0,75312866.0,0.1,15131748.0
Ohio,March 2025,2025-03-01,985822838.0,66528277.0,0.067,13313346.0
Ohio,April 2025,2025-04-01,801066062.0,73761852.0,0.092,15021996.0
Ohio,May 2025,2025-05-01,736365183.0,88948557.0,0.121,17794585.0
Ohio,June 2025,2025-06-01,582419023.0,75036838.0,0.129,15333298.0
Ohio,July 2025,2025-07-01,527891373.0,60271491.0,0.114,12051902.0
Ohio,August 2025,2025-08-01,657543172.0,72678882.0,0.111,14543885.0
Ohio,September 2025,2025-09-01,961078342.0,77764471.0,0.081,15559557.0
Oregon,October 2019,2019-10-01,5605244.0,220396.0,0.039,110198.0
Oregon,November 2019,2019-11-01,17115418.0,960713.0,0.055999999999999994,480357.0
Oregon,December 2019,2019-12-01,22551454.0,1743231.0,0.077,871616.0
Oregon,January 2020,2020-01-01,21151594.0,1773805.0,0.084,886903.0
Oregon,February 2020,2020-02-01,20899824.0,1481198.0,0.071,740599.0
Oregon,March 2020,2020-03-01,9007678.0,937750.0,0.10400000000000001,468875.0
Oregon,April 2020,2020-04-01,4430649.0,392769.0,0.08900000000000001,196385.0
Oregon,May 2020,2020-05-01,7290190.0,598062.0,0.08199999999999999,299031.0
Oregon,June 2020,2020-06-01,7921865.0,777904.0,0.098,388952.0
Oregon,July 2020,2020-07-01,14042424.0,1003039.0,0.071,501520.0
Oregon,August 2020,2020-08-01,25845402.0,1662406.0,0.064,831203.0
Oregon,September 2020,2020-09-01,26174305.0,1527244.0,0.057999999999999996,763622.0
Oregon,October 2020,2020-10-01,29455226.0,2751146.0,0.09300000000000001,1375573.0
Oregon,November 2020,2020-11-01,25039883.0,4116313.0,0.16399999999999998,2058157.0
Oregon,December 2020,2020-12-01,26987301.0,3050783.0,0.113,1525392.0
Oregon,January 2021,2021-01-01,34935889.0,3872606.0,0.111,1936303.0
Oregon,February 2021,2021-02-01,29600150.0,2684776.0,0.091,1342388.0
Oregon,March 2021,2021-03-01,24054959.0,1374379.0,0.057,687190.0
Oregon,April 2021,2021-04-01,25323060.0,2729278.0,0.10800000000000001,1364639.0
Oregon,May 2021,2021-05-01,27780213.0,2350289.0,0.085,1175145.0
Oregon,June 2021,2021-06-01,24903118.0,2841767.0,0.114,1420884.0
Oregon,July 2021,2021-07-01,18189572.0,2173573.0,0.11900000000000001,1086787.0
Oregon,August 2021,2021-08-01,17686201.0,1063136.0,0.06,531568.0
Oregon,September 2021,2021-09-01,25070340.0,1259745.0,0.05,629873.0
Oregon,October 2021,2021-10-01,37639043.0,3022299.0,0.08,1511150.0
Oregon,November 2021,2021-11-01,32673216.0,4428659.0,0.136,2214330.0
Oregon,December 2021,2021-12-01,33743753.0,2597501.0,0.077,1298751.0
Oregon,January 2022,2022-01-01,42899736.0,2389280.0,0.055999999999999994,1194640.0
Oregon,February 2022,2022-02-01,39458431.0,3335165.0,0.085,1667583.0
Oregon,March 2022,2022-03-01,36208012.0,3620610.0,0.1,1810305.0
Oregon,April 2022,2022-04-01,42936414.0,3824163.0,0.08900000000000001,1912082.0
Oregon,May 2022,2022-05-01,41708882.0,5034037.0,0.121,2517019.0
Oregon,June 2022,2022-06-01,33966897.0,2548191.0,0.075,1274096.0
Oregon,July 2022,2022-07-01,28453425.0,2700257.0,0.095,1350129.0
Oregon,August 2022,2022-08-01,28196192.0,2707041.0,0.096,1353521.0
Oregon,September 2022,2022-09-01,39292036.0,5465182.0,0.139,2732591.0
Oregon,October 2022,2022-10-01,55555465.0,5783451.0,0.10400000000000001,2891726.0
Oregon,November 2022,2022-11-01,55503997.0,6418578.0,0.11599999999999999,3209289.0
Oregon,December 2022,2022-12-01,53806188.0,5693398.0,0.106,2846699.0
Oregon,January 2023,2023-01-01,62328292.0,7546964.0,0.121,3773482.0
Oregon,February 2023,2023-02-01,48425409.0,4261284.0,0.08800000000000001,2130642.0
Oregon,March 2023,2023-03-01,50456710.0,6088343.0,0.121,3044172.0
Oregon,April 2023,2023-04-01,55167184.0,7051979.0,0.128,3525990.0
Oregon,May 2023,2023-05-01,52122284.0,6462472.0,0.124,3231236.0
Oregon,June 2023,2023-06-01,43861201.0,4336367.0,0.099,2168184.0
Oregon,July 2023,2023-07-01,40428203.0,4150626.0,0.10300000000000001,2075313.0
Oregon,August 2023,2023-08-01,44542070.0,3507635.0,0.079,1753818.0
Oregon,September 2023,2023-09-01,61354332.0,6720396.0,0.11,3360198.0
Oregon,October 2023,2023-10-01,71903468.0,8545271.0,0.11900000000000001,4272636.0
Oregon,November 2023,2023-11-01,71231497.0,7292146.0,0.102,3646073.0
Oregon,December 2023,2023-12-01,74112183.0,9766102.0,0.132,4883051.0
Oregon,January 2024,2024-01-01,69889711.0,9898882.0,0.142,4949441.0
Oregon,February 2024,2024-02-01,67902925.0,7786241.0,0.115,3893121.0
Oregon,March 2024,2024-03-01,69398182.0,7298922.0,0.105,3649461.0
Oregon,April 2024,2024-04-01,72297347.0,7370254.0,0.102,3685127.0
Oregon,May 2024,2024-05-01,76231393.0,8856797.0,0.11599999999999999,4428399.0
Oregon,June 2024,2024-06-01,64745093.0,7216231.0,0.111,3608116.0
Oregon,July 2024,2024-07-01,53280681.0,6082761.0,0.114,3041381.0
Oregon,August 2024,2024-08-01,56210589.0,5068500.0,0.09,2534250.0
Oregon,September 2024,2024-09-01,75431509.0,11423213.0,0.151,5711607.0
Oregon,October 2024,2024-10-01,81735395.0,5748697.0,0.07,2874349.0
Oregon,November 2024,2024-11-01,87387636.0,11895589.0,0.136,5947795.0
Oregon,December 2024,2024-12-01,90178020.0,5790511.0,0.064,2895256.0
Oregon,January 2025,2025-01-01,83571528.0,12489739.0,0.149,6244870.0
Oregon,February 2025,2025-02-01,68262719.0,9673275.0,0.142,4836638.0
Oregon,March 2025,2025-03-01,67466178.0,7289890.0,0.10800000000000001,3644945.0
Oregon,April 2025,2025-04-01,78498557.0,9607805.0,0.122,4803903.0
Oregon,May 2025,2025-05-01,80614208.0,10334212.0,0.128,5167106.0
Oregon,June 2025,2025-06-01,65808604.0,9852714.0,0.15,4926357.0
Oregon,July 2025,2025-07-01,57265090.0,6695785.0,0.11699999999999999,3347893.0
Oregon,August 2025,2025-08-01,60538958.0,7129857.0,0.11800000000000001,3564929.0
Oregon,September 2025,2025-09-01,87430113.0,5997443.0,0.069,2998722.0
Oregon,October 2025,2025-10-01,100991524.0,10903378.0,0.10800000000000001,5451689.0
Pennsylvania,November 2018,2018-11-01,1414587.0,508997.0,0.36,183239.0
Pennsylvania,December 2018,2018-12-01,16173090.0,2007592.0,0.124,722733.0
Pennsylvania,January 2019,2019-01-01,32011839.0,2607215.0,0.081,938597.0
Pennsylvania,February 2019,2019-02-01,31500742.0,1946817.0,0.062,700854.0
Pennsylvania,March 2019,2019-03-01,44527575.0,5519340.0,0.124,1986962.0
Pennsylvania,April 2019,2019-04-01,36769145.0,4221482.0,0.115,1519734.0
Pennsylvania,May 2019,2019-05-01,35934215.0,2861852.0,0.08,1030267.0
Pennsylvania,June 2019,2019-06-01,46334244.0,3126380.0,0.067,740455.0
Pennsylvania,July 2019,2019-07-01,59331959.0,5074431.0,0.086,1026769.0
Pennsylvania,August 2019,2019-08-01,109038051.0,9887738.0,0.091,2201406.0
Pennsylvania,September 2019,2019-09-01,194504622.0,19334816.0,0.099,5359994.0
Pennsylvania,October 2019,2019-10-01,241186066.0,19116777.0,0.079,5381370.0
Pennsylvania,November 2019,2019-11-01,316468264.0,20570772.0,0.065,5299447.0
Pennsylvania,December 2019,2019-12-01,342560389.0,17459091.0,0.051,4094813.0
Pennsylvania,January 2020,2020-01-01,348381708.0,31580803.0,0.091,8222829.0
Pennsylvania,February 2020,2020-02-01,329765782.0,11432097.0,0.035,1700011.0
Pennsylvania,March 2020,2020-03-01,131330059.0,8606120.0,0.066,2480132.0
Pennsylvania,April 2020,2020-04-01,46015988.0,3202680.0,0.07,1038049.0
Pennsylvania,May 2020,2020-05-01,77510033.0,5918697.0,0.076,1738436.0
Pennsylvania,June 2020,2020-06-01,89002562.0,7959790.0,0.08900000000000001,2397657.0
Pennsylvania,July 2020,2020-07-01,164782229.0,13651865.0,0.083,2933093.0
Pennsylvania,August 2020,2020-08-01,364985422.0,27593677.0,0.076,6578667.0
Pennsylvania,September 2020,2020-09-01,462787392.0,18278779.0,0.039,2257158.0
Pennsylvania,October 2020,2020-10-01,525802524.0,47834647.0,0.091,13239693.0
Pennsylvania,November 2020,2020-11-01,491910713.0,48500443.0,0.099,13446089.0
Pennsylvania,December 2020,2020-12-01,548590065.0,45344348.0,0.083,12261434.0
Pennsylvania,January 2021,2021-01-01,615294827.0,49305268.0,0.08,12229342.0
Pennsylvania,February 2021,2021-02-01,509547820.0,33171120.0,0.065,5896731.0
Pennsylvania,March 2021,2021-03-01,560259181.0,41029269.0,0.073,10566844.0
Pennsylvania,April 2021,2021-04-01,479411021.0,36033727.0,0.075,9466734.0
Pennsylvania,May 2021,2021-05-01,447465027.0,37419313.0,0.084,9988734.0
Pennsylvania,June 2021,2021-06-01,420193377.0,42495332.0,0.10099999999999999,12321187.0
Pennsylvania,July 2021,2021-07-01,304415503.0,27482519.0,0.09,7148225.0
Pennsylvania,August 2021,2021-08-01,348520369.0,25315958.0,0.073,6482608.0
Pennsylvania,September 2021,2021-09-01,578760746.0,48113670.0,0.083,10171364.0
Pennsylvania,October 2021,2021-10-01,776277954.0,42282405.0,0.054000000000000006,8471814.0
Pennsylvania,November 2021,2021-11-01,761574597.0,84921693.0,0.11199999999999999,22920716.0
Pennsylvania,December 2021,2021-12-01,750388696.0,37953474.0,0.051,6774396.0
Pennsylvania,January 2022,2022-01-01,793722787.0,53403655.0,0.067,11581175.0
Pennsylvania,February 2022,2022-02-01,597064049.0,22160553.0,0.037000000000000005,-159425.0
Pennsylvania,March 2022,2022-03-01,714976578.0,48512264.0,0.068,10944209.0
Pennsylvania,April 2022,2022-04-01,572817741.0,49083331.0,0.086,12120141.0
Pennsylvania,May 2022,2022-05-01,493350519.0,47828553.0,0.09699999999999999,12603546.0
Pennsylvania,June 2022,2022-06-01,393494222.0,22889554.0,0.057999999999999996,4597039.0
Pennsylvania,July 2022,2022-07-01,336507932.0,33226517.0,0.099,9160020.0
Pennsylvania,August 2022,2022-08-01,363046972.0,42185145.0,0.11599999999999999,12223188.0
Pennsylvania,September 2022,2022-09-01,645242681.0,75319093.0,0.11699999999999999,18078109.0
Pennsylvania,October 2022,2022-10-01,797124732.0,61519576.0,0.077,14585047.0
Pennsylvania,November 2022,2022-11-01,789230672.0,69997949.0,0.08900000000000001,19037133.0
Pennsylvania,December 2022,2022-12-01,754849873.0,71238770.0,0.094,19664738.0
Pennsylvania,January 2023,2023-01-01,772293543.0,57983054.0,0.075,14130499.0
Pennsylvania,February 2023,2023-02-01,599574795.0,62220957.0,0.10400000000000001,15565188.0
Pennsylvania,March 2023,2023-03-01,723567880.0,66472109.0,0.092,18234574.0
Pennsylvania,April 2023,2023-04-01,572172929.0,51791466.0,0.091,13334805.0
Pennsylvania,May 2023,2023-05-01,495606075.0,57534901.0,0.11599999999999999,14798069.0
Pennsylvania,June 2023,2023-06-01,373197330.0,33868719.0,0.091,8302345.0
Pennsylvania,July 2023,2023-07-01,338469149.0,39413145.0,0.11599999999999999,11554768.0
Pennsylvania,August 2023,2023-08-01,393027699.0,30623078.0,0.078,7932535.0
Pennsylvania,September 2023,2023-09-01,726314855.0,66117904.0,0.091,13190909.0
Pennsylvania,October 2023,2023-10-01,829069257.0,73645815.0,0.08900000000000001,17339283.0
Pennsylvania,November 2023,2023-11-01,934179622.0,49162024.0,0.053,4643308.0
Pennsylvania,December 2023,2023-12-01,925626447.0,98111216.0,0.106,26107175.0
Pennsylvania,January 2024,2024-01-01,858152503.0,97681399.0,0.114,25172653.0
Pennsylvania,February 2024,2024-02-01,661740812.0,50425678.0,0.076,10890946.0
Pennsylvania,March 2024,2024-03-01,800718332.0,63715603.0,0.08,16409365.0
Pennsylvania,April 2024,2024-04-01,646061065.0,59050708.0,0.091,15268504.0
Pennsylvania,May 2024,2024-05-01,591912627.0,61680936.0,0.10400000000000001,15916627.0
Pennsylvania,June 2024,2024-06-01,464534792.0,42998076.0,0.09300000000000001,10761524.0
Pennsylvania,July 2024,2024-07-01,414673804.0,52727378.0,0.127,13883648.0
Pennsylvania,August 2024,2024-08-01,485289137.0,45435752.0,0.094,10800927.0
Pennsylvania,September 2024,2024-09-01,811283985.0,95815550.0,0.11800000000000001,19271526.0
Pennsylvania,October 2024,2024-10-01,858148994.0,58132462.0,0.068,9854295.0
Pennsylvania,November 2024,2024-11-01,935530170.0,103268288.0,0.11,27755097.0
Pennsylvania,December 2024,2024-12-01,893371609.0,47488741.0,0.053,7872958.0
Pennsylvania,January 2025,2025-01-01,873149858.0,84272113.0,0.09699999999999999,18540165.0
Pennsylvania,February 2025,2025-02-01,756926216.0,33961978.0,0.045,2694664.0
Pennsylvania,March 2025,2025-03-01,842856961.0,49189301.0,0.057999999999999996,9729658.0
Pennsylvania,April 2025,2025-04-01,711569216.0,61783963.0,0.087,15312040.0
Pennsylvania,May 2025,2025-05-01,655358227.0,76064442.0,0.11599999999999999,21390206.0
Pennsylvania,June 2025,2025-06-01,483637356.0,66812214.0,0.138,18445159.0
Pennsylvania,July 2025,2025-07-01,412477357.0,52177461.0,0.126,14608351.0
Pennsylvania,August 2025,2025-08-01,515446826.0,66533586.0,0.129,17694375.0
Pennsylvania,September 2025,2025-09-01,850549347.0,71779503.0,0.084,10704812.0
Rhode Island,November 2018,2018-11-01,682714.0,72997.0,0.107,37228.0
Rhode Island,December 2018,2018-12-01,13087999.0,957913.0,0.073,488536.0
Rhode Island,January 2019,2019-01-01,19051125.0,159978.0,0.008,81589.0
Rhode Island,February 2019,2019-02-01,20686618.0,-890623.0,-0.043,-454218.0
Rhode Island,March 2019,2019-03-01,23582716.0,1548230.0,0.066,789597.0
Rhode Island,April 2019,2019-04-01,16859818.0,1970110.0,0.11699999999999999,1004756.0
Rhode Island,May 2019,2019-05-01,18900152.0,899165.0,0.048,458574.0
Rhode Island,June 2019,2019-06-01,14736667.0,2149999.0,0.146,1096499.0
Rhode Island,July 2019,2019-07-01,8321947.0,827579.0,0.099,422065.0
Rhode Island,August 2019,2019-08-01,10060066.0,851788.0,0.085,434412.0
Rhode Island,September 2019,2019-09-01,22195789.0,2516059.0,0.113,1283190.0
Rhode Island,October 2019,2019-10-01,28281025.0,2457137.0,0.087,1253140.0
Rhode Island,November 2019,2019-11-01,31465062.0,2745517.0,0.087,1400214.0
Rhode Island,December 2019,2019-12-01,31670511.0,2571755.0,0.081,1311595.0
Rhode Island,January 2020,2020-01-01,26939692.0,3279241.0,0.122,1672413.0
Rhode Island,February 2020,2020-02-01,28147862.0,2323432.0,0.083,1184950.0
Rhode Island,March 2020,2020-03-01,8949157.0,841767.0,0.094,429301.0
Rhode Island,April 2020,2020-04-01,591377.0,27381.0,0.046,13964.0
Rhode Island,May 2020,2020-05-01,1533114.0,163472.0,0.107,83371.0
Rhode Island,June 2020,2020-06-01,2032803.0,101328.0,0.05,51677.0
Rhode Island,July 2020,2020-07-01,6738626.0,351425.0,0.052000000000000005,179227.0
Rhode Island,August 2020,2020-08-01,23116965.0,1423391.0,0.062,725929.0
Rhode Island,September 2020,2020-09-01,31293150.0,2352788.0,0.075,1199922.0
Rhode Island,October 2020,2020-10-01,34704413.0,4388841.0,0.126,2238309.0
Rhode Island,November 2020,2020-11-01,35098445.0,6281321.0,0.179,3203474.0
Rhode Island,December 2020,2020-12-01,22770472.0,2533090.0,0.111,1291876.0
Rhode Island,January 2021,2021-01-01,39817327.0,3717199.0,0.09300000000000001,1895771.0
Rhode Island,February 2021,2021-02-01,34110104.0,1555824.0,0.046,793470.0
Rhode Island,March 2021,2021-03-01,38583919.0,3976140.0,0.10300000000000001,2027831.0
Rhode Island,April 2021,2021-04-01,29040966.0,3168532.0,0.109,1615951.0
Rhode Island,May 2021,2021-05-01,28252139.0,2772910.0,0.098,1414184.0
Rhode Island,June 2021,2021-06-01,29468571.0,3666029.0,0.124,1869675.0
Rhode Island,July 2021,2021-07-01,22095960.0,3263276.0,0.14800000000000002,1664271.0
Rhode Island,August 2021,2021-08-01,24042834.0,1129859.0,0.047,576228.0
Rhode Island,September 2021,2021-09-01,41203997.0,4012295.0,0.09699999999999999,2046270.0
Rhode Island,October 2021,2021-10-01,60158844.0,3608570.0,0.06,1840371.0
Rhode Island,November 2021,2021-11-01,52747831.0,6703144.0,0.127,3418603.0
Rhode Island,December 2021,2021-12-01,54935498.0,1177717.0,0.021,600636.0
Rhode Island,January 2022,2022-01-01,58614487.0,5228277.0,0.08900000000000001,2666421.0
Rhode Island,February 2022,2022-02-01,42143261.0,3566393.0,0.085,1818860.0
Rhode Island,March 2022,2022-03-01,45766958.0,3738223.0,0.08199999999999999,1906494.0
Rhode Island,April 2022,2022-04-01,40186632.0,2632134.0,0.065,1342388.0
Rhode Island,May 2022,2022-05-01,41103489.0,2336733.0,0.057,1191734.0
Rhode Island,June 2022,2022-06-01,34229823.0,2352896.0,0.069,1199977.0
Rhode Island,July 2022,2022-07-01,25208531.0,2872076.0,0.114,1464759.0
Rhode Island,August 2022,2022-08-01,27744694.0,3000421.0,0.10800000000000001,1530215.0
Rhode Island,September 2022,2022-09-01,41670257.0,6361823.0,0.153,3244530.0
Rhode Island,October 2022,2022-10-01,55527937.0,6156914.0,0.111,3140026.0
Rhode Island,November 2022,2022-11-01,61208319.0,4862856.0,0.079,2480057.0
Rhode Island,December 2022,2022-12-01,59205426.0,6189316.0,0.105,3156551.0
Rhode Island,January 2023,2023-01-01,62317384.0,5164799.0,0.083,2634047.0
Rhode Island,February 2023,2023-02-01,43065996.0,3612113.0,0.084,1842178.0
Rhode Island,March 2023,2023-03-01,41546643.0,3968567.0,0.096,2023969.0
Rhode Island,April 2023,2023-04-01,37496094.0,3009679.0,0.08,1534936.0
Rhode Island,May 2023,2023-05-01,30754497.0,3898405.0,0.127,1988187.0
Rhode Island,June 2023,2023-06-01,23723659.0,1783530.0,0.075,909600.0
Rhode Island,July 2023,2023-07-01,20238844.0,1896983.0,0.094,967461.0
Rhode Island,August 2023,2023-08-01,22472561.0,1365807.0,0.061,696562.0
Rhode Island,September 2023,2023-09-01,37645368.0,3472089.0,0.092,1770765.0
Rhode Island,October 2023,2023-10-01,45840376.0,4545634.0,0.099,2318273.0
Rhode Island,November 2023,2023-11-01,48277794.0,3413200.0,0.071,1740732.0
Rhode Island,December 2023,2023-12-01,47904210.0,4147010.0,0.087,2114975.0
Rhode Island,January 2024,2024-01-01,44808686.0,4999921.0,0.11199999999999999,2549960.0
Rhode Island,February 2024,2024-02-01,38758578.0,2888343.0,0.075,1473055.0
Rhode Island,March 2024,2024-03-01,44895394.0,3103076.0,0.069,1582569.0
Rhode Island,April 2024,2024-04-01,37709038.0,2740781.0,0.073,1397798.0
Rhode Island,May 2024,2024-05-01,37252539.0,3343552.0,0.09,1705212.0
Rhode Island,June 2024,2024-06-01,33010501.0,2664593.0,0.081,1358942.0
Rhode Island,July 2024,2024-07-01,24848015.0,2723789.0,0.11,1389132.0
Rhode Island,August 2024,2024-08-01,28371561.0,1864079.0,0.066,950680.0
Rhode Island,September 2024,2024-09-01,43604786.0,5272056.0,0.121,2688749.0
Rhode Island,October 2024,2024-10-01,49404162.0,2118202.0,0.043,1080283.0
Rhode Island,November 2024,2024-11-01,50647990.0,5008203.0,0.099,2554184.0
Rhode Island,December 2024,2024-12-01,50195014.0,1145319.0,0.023,584113.0
Rhode Island,January 2025,2025-01-01,47358801.0,5074927.0,0.107,2588213.0
Rhode Island,February 2025,2025-02-01,35164802.0,2976309.0,0.085,1517918.0
Rhode Island,March 2025,2025-03-01,43701613.0,2242452.0,0.051,1143651.0
Rhode Island,April 2025,2025-04-01,36605834.0,2701470.0,0.07400000000000001,1377750.0
Rhode Island,May 2025,2025-05-01,35521600.0,3318915.0,0.09300000000000001,1692647.0
Rhode Island,June 2025,2025-06-01,27317451.0,3167345.0,0.11599999999999999,1615346.0
Rhode Island,July 2025,2025-07-01,22587607.0,1855086.0,0.08199999999999999,946094.0
Rhode Island,August 2025,2025-08-01,27017446.0,2935029.0,0.109,1496865.0
Rhode Island,September 2025,2025-09-01,38875550.0,2852210.0,0.073,1454627.0
South Dakota,September 2021,2021-09-01,443365.0,71320.0,0.161,6419.0
South Dakota,October 2021,2021-10-01,815037.0,98037.0,0.12,8823.0
South Dakota,November 2021,2021-11-01,717775.0,74919.0,0.10400000000000001,6743.0
South Dakota,December 2021,2021-12-01,675312.0,10306.0,0.015,928.0
South Dakota,January 2022,2022-01-01,835252.0,82291.0,0.099,7406.0
South Dakota,February 2022,2022-02-01,685631.0,71807.0,0.105,6463.0
South Dakota,March 2022,2022-03-01,975347.0,32389.0,0.033,2915.0
South Dakota,April 2022,2022-04-01,368517.0,-13735.0,-0.037000000000000005,-1236.0
South Dakota,May 2022,2022-05-01,307995.0,25102.0,0.08199999999999999,2259.0
South Dakota,June 2022,2022-06-01,301217.0,27869.0,0.09300000000000001,2508.0
South Dakota,July 2022,2022-07-01,259180.0,16143.0,0.062,1453.0
South Dakota,August 2022,2022-08-01,266673.0,59053.0,0.221,5315.0
South Dakota,September 2022,2022-09-01,711577.0,211612.0,0.297,19045.0
South Dakota,October 2022,2022-10-01,862170.0,131749.0,0.153,11857.0
South Dakota,November 2022,2022-11-01,861660.0,75856.0,0.08800000000000001,6827.0
South Dakota,December 2022,2022-12-01,757610.0,151374.0,0.2,13624.0
South Dakota,January 2023,2023-01-01,910312.0,123365.0,0.136,11103.0
South Dakota,February 2023,2023-02-01,717137.0,82853.0,0.11599999999999999,7457.0
South Dakota,March 2023,2023-03-01,923904.0,161368.0,0.175,14523.0
South Dakota,April 2023,2023-04-01,493045.0,22503.0,0.046,2025.0
South Dakota,May 2023,2023-05-01,528562.0,22536.0,0.043,2028.0
South Dakota,June 2023,2023-06-01,417025.0,-9254.0,-0.022000000000000002,-833.0
South Dakota,July 2023,2023-07-01,413368.0,20087.0,0.049,1808.0
South Dakota,August 2023,2023-08-01,518052.0,37453.0,0.07200000000000001,3371.0
South Dakota,September 2023,2023-09-01,979694.0,170129.0,0.174,15312.0
South Dakota,October 2023,2023-10-01,1021660.0,174906.0,0.171,15742.0
South Dakota,November 2023,2023-11-01,967994.0,49887.0,0.052000000000000005,4490.0
South Dakota,December 2023,2023-12-01,1143938.0,154098.0,0.135,13869.0
South Dakota,January 2024,2024-01-01,868815.0,94756.0,0.109,8528.0
South Dakota,February 2024,2024-02-01,696017.0,-38406.0,-0.055,-3457.0
South Dakota,March 2024,2024-03-01,1242270.0,91215.0,0.073,8209.0
South Dakota,April 2024,2024-04-01,503508.0,-11700.0,-0.023,-1053.0
South Dakota,May 2024,2024-05-01,495491.0,51486.0,0.10400000000000001,4634.0
South Dakota,June 2024,2024-06-01,557595.0,20680.0,0.037000000000000005,1861.0
South Dakota,July 2024,2024-07-01,452755.0,77421.0,0.171,6968.0
South Dakota,August 2024,2024-08-01,505986.0,105719.0,0.209,9515.0
South Dakota,September 2024,2024-09-01,967837.0,215820.0,0.223,19424.0
South Dakota,October 2024,2024-10-01,915592.0,45792.0,0.05,4121.0
South Dakota,November 2024,2024-11-01,1001806.0,145591.0,0.145,13103.0
South Dakota,December 2024,2024-12-01,1029042.0,-22332.0,-0.022000000000000002,-2010.0
South Dakota,January 2025,2025-01-01,1024920.0,108976.0,0.106,9808.0
South Dakota,February 2025,2025-02-01,733611.0,-18296.0,-0.025,-1647.0
South Dakota,March 2025,2025-03-01,1575140.0,152244.0,0.09699999999999999,13702.0
South Dakota,April 2025,2025-04-01,635392.0,51819.0,0.08199999999999999,4664.0
South Dakota,May 2025,2025-05-01,611837.0,-478.0,-0.001,-43.0
South Dakota,June 2025,2025-06-01,511456.0,63201.0,0.124,5688.0
South Dakota,July 2025,2025-07-01,530079.0,63967.0,0.121,5757.0
South Dakota,August 2025,2025-08-01,648284.0,147167.0,0.22699999999999998,13245.0
South Dakota,September 2025,2025-09-01,1119807.0,133242.0,0.11900000000000001,11992.0
Tennessee,November 2020,2020-11-01,131444523.0,13224908.0,0.10099999999999999,2363918.0
Tennessee,December 2020,2020-12-01,180900000.0,13900000.0,0.077,3080000.0
Tennessee,January 2021,2021-01-01,211300000.0,20900000.0,0.099,4300000.0
Tennessee,February 2021,2021-02-01,176300000.0,13000000.0,0.07400000000000001,2600000.0
Tennessee,March 2021,2021-03-01,205900000.0,18000000.0,0.087,3200000.0
Tennessee,April 2021,2021-04-01,172400000.0,15500000.0,0.09,2800000.0
Tennessee,May 2021,2021-05-01,160900000.0,15400000.0,0.096,2700000.0
Tennessee,June 2021,2021-06-01,174500000.0,18300000.0,0.105,3200000.0
Tennessee,July 2021,2021-07-01,144559000.0,15172000.0,0.105,2600000.0
Tennessee,August 2021,2021-08-01,144500000.0,13200000.0,0.091,2000000.0
Tennessee,September 2021,2021-09-01,257300000.0,25600000.0,0.099,3300000.0
Tennessee,October 2021,2021-10-01,375300000.0,23300000.0,0.062,3400000.0
Tennessee,November 2021,2021-11-01,365700000.0,36900000.0,0.10099999999999999,5900000.0
Tennessee,December 2021,2021-12-01,341800000.0,24600000.0,0.07200000000000001,3300000.0
Tennessee,January 2022,2022-01-01,386059756.0,36249453.0,0.094,5817504.0
Tennessee,February 2022,2022-02-01,313298305.0,20945018.0,0.067,3026574.0
Tennessee,March 2022,2022-03-01,370230004.0,26520468.0,0.07200000000000001,4550242.0
Tennessee,April 2022,2022-04-01,292796670.0,27142800.0,0.09300000000000001,4649129.0
Tennessee,May 2022,2022-05-01,261582468.0,27315928.0,0.10400000000000001,4766458.0
Tennessee,June 2022,2022-06-01,215774186.0,15855649.0,0.073,2559649.0
Tennessee,July 2022,2022-07-01,182769323.0,18174226.0,0.099,3668804.0
Tennessee,August 2022,2022-08-01,205863860.0,27200883.0,0.132,4875847.0
Tennessee,September 2022,2022-09-01,336933437.0,46285200.0,0.13699999999999998,8716963.0
Tennessee,October 2022,2022-10-01,405337575.0,37295159.0,0.092,6989818.0
Tennessee,November 2022,2022-11-01,439456908.0,47248222.0,0.10800000000000001,9030021.0
Tennessee,December 2022,2022-12-01,440445414.0,49176885.0,0.11199999999999999,9401952.0
Tennessee,January 2023,2023-01-01,410773606.0,41392586.0,0.10099999999999999,7269600.0
Tennessee,February 2023,2023-02-01,327326201.0,33943931.0,0.10400000000000001,6380150.0
Tennessee,March 2023,2023-03-01,392667304.0,45506700.0,0.11599999999999999,8752898.0
Tennessee,April 2023,2023-04-01,318416216.0,34257592.0,0.10800000000000001,6435653.0
Tennessee,May 2023,2023-05-01,279794996.0,37097192.0,0.133,7145077.0
Tennessee,June 2023,2023-06-01,230337515.0,25526655.0,0.111,4635761.0
Tennessee,July 2023,2023-07-01,214114055.0,21411406.0,0.1,3951411.0
Tennessee,August 2023,2023-08-01,243456822.0,24345682.0,0.1,4462942.0
Tennessee,September 2023,2023-09-01,418063447.0,41806345.0,0.1,7715705.0
Tennessee,October 2023,2023-10-01,445192913.0,44519291.0,0.1,8190461.0
Tennessee,November 2023,2023-11-01,517141377.0,51714138.0,0.1,9513707.0
Tennessee,December 2023,2023-12-01,495067783.0,49506778.0,0.1,9104148.0
Tennessee,January 2024,2024-01-01,465810583.0,46581058.0,0.1,8596621.0
Tennessee,February 2024,2024-02-01,380390401.0,38039040.0,0.1,6980317.0
Tennessee,March 2024,2024-03-01,473595403.0,47359540.0,0.1,8710419.0
Tennessee,April 2024,2024-04-01,380904093.0,38090409.0,0.1,7029494.0
Tennessee,May 2024,2024-05-01,379220245.0,37922025.0,0.1,6998418.0
Tennessee,June 2024,2024-06-01,342198408.0,34219841.0,0.1,6315166.0
Tennessee,July 2024,2024-07-01,271538207.0,27153821.0,0.1,5011204.0
Tennessee,August 2024,2024-08-01,342021374.0,34202137.0,0.1,6311946.0
Tennessee,September 2024,2024-09-01,520834560.0,52083456.0,0.1,9612392.0
Tennessee,October 2024,2024-10-01,547764023.0,54776402.0,0.1,10109043.0
Tennessee,November 2024,2024-11-01,594387437.0,59438744.0,0.1,10969178.0
Tennessee,December 2024,2024-12-01,569849216.0,56984922.0,0.1,10516365.0
Tennessee,January 2025,2025-01-01,543646737.0,54364674.0,0.1,10032973.0
Tennessee,February 2025,2025-02-01,413505815.0,41350582.0,0.1,7631217.0
Tennessee,March 2025,2025-03-01,548598949.0,54859895.0,0.1,10124355.0
Tennessee,April 2025,2025-04-01,463591024.0,46359102.0,0.1,8555547.0
Tennessee,May 2025,2025-05-01,437543866.0,43754387.0,0.1,8074811.0
Tennessee,June 2025,2025-06-01,350943907.0,35094391.0,0.1,6476661.0
Tennessee,July 2025,2025-07-01,298751466.0,29875147.0,0.1,5513184.0
Tennessee,August 2025,2025-08-01,372281402.0,37228140.0,0.1,6887206.0
Tennessee,September 2025,2025-09-01,560861061.0,56086106.0,0.1,10375930.0
Vermont,January 2024,2024-01-01,19913914.0,4211298.0,0.21100000000000002,1146703.0
Vermont,February 2024,2024-02-01,21249830.0,2547167.0,0.12,731874.0
Vermont,March 2024,2024-03-01,20196054.0,1534333.0,0.076,441030.0
Vermont,April 2024,2024-04-01,17083302.0,1807282.0,0.106,532457.0
Vermont,May 2024,2024-05-01,12607502.0,1275226.0,0.10099999999999999,382430.0
Vermont,June 2024,2024-06-01,10049903.0,1030762.0,0.10300000000000001,294847.0
Vermont,July 2024,2024-07-01,9466746.0,1231459.0,0.13,366664.0
Vermont,August 2024,2024-08-01,11312537.0,951673.0,0.084,273126.0
Vermont,September 2024,2024-09-01,16665000.0,2248257.0,0.135,656455.0
Vermont,October 2024,2024-10-01,17332715.0,1164278.0,0.067,339378.0
Vermont,November 2024,2024-11-01,18423719.0,2155615.0,0.11699999999999999,653891.0
Vermont,December 2024,2024-12-01,24453075.0,1766156.0,0.07200000000000001,524309.0
Vermont,January 2025,2025-01-01,23870532.0,3242704.0,0.136,806070.0
Vermont,February 2025,2025-02-01,21534379.0,2402541.0,0.11199999999999999,693284.0
Vermont,March 2025,2025-03-01,22945015.0,1490783.0,0.065,405942.0
Vermont,April 2025,2025-04-01,16238019.0,1655205.0,0.102,482245.0
Vermont,May 2025,2025-05-01,16261329.0,1882399.0,0.11599999999999999,564762.0
Vermont,June 2025,2025-06-01,14004898.0,1530710.0,0.109,454195.0
Vermont,July 2025,2025-07-01,14828067.0,1396731.0,0.094,405030.0
Vermont,August 2025,2025-08-01,13457502.0,1716234.0,0.128,507482.0
Vermont,September 2025,2025-09-01,20032170.0,1510294.0,0.075,461912.0
Vermont,October 2025,2025-10-01,26608557.0,2176075.0,0.08199999999999999,646373.0
Virginia,January 2021,2021-01-01,58896564.0,3586077.0,0.061,39710.0
Virginia,February 2021,2021-02-01,265778306.0,12238780.0,0.046,300594.0
Virginia,March 2021,2021-03-01,304066245.0,26573877.0,0.087,1183488.0
Virginia,April 2021,2021-04-01,236432524.0,19442317.0,0.08199999999999999,1652147.0
Virginia,May 2021,2021-05-01,226963573.0,23173549.0,0.102,2381116.0
Virginia,June 2021,2021-06-01,234943435.0,22006296.0,0.094,2273995.0
Virginia,July 2021,2021-07-01,161901955.0,19965556.0,0.12300000000000001,1864433.0
Virginia,August 2021,2021-08-01,182418252.0,17967427.0,0.098,1378540.0
Virginia,September 2021,2021-09-01,293851531.0,30929243.0,0.105,1557499.0
Virginia,October 2021,2021-10-01,427320306.0,30160385.0,0.071,1746204.0
Virginia,November 2021,2021-11-01,402621132.0,48337037.0,0.12,4233167.0
Virginia,December 2021,2021-12-01,426596891.0,31515015.0,0.07400000000000001,1729130.0
Virginia,January 2022,2022-01-01,485544417.0,39050067.0,0.08,2876609.0
Virginia,February 2022,2022-02-01,401889135.0,27498133.0,0.068,1406280.0
Virginia,March 2022,2022-03-01,469484017.0,33700016.0,0.07200000000000001,2116289.0
Virginia,April 2022,2022-04-01,399478366.0,36275264.0,0.091,3040327.0
Virginia,May 2022,2022-05-01,351452931.0,42537524.0,0.121,3896270.0
Virginia,June 2022,2022-06-01,295235271.0,25965182.0,0.08800000000000001,1871961.0
Virginia,July 2022,2022-07-01,266001583.0,26024408.0,0.098,3725308.0
Virginia,August 2022,2022-08-01,284671331.0,36978897.0,0.13,5185810.0
Virginia,September 2022,2022-09-01,411273323.0,53821382.0,0.131,8285587.0
Virginia,October 2022,2022-10-01,528029938.0,51164199.0,0.09699999999999999,8276718.0
Virginia,November 2022,2022-11-01,518818987.0,57531255.0,0.111,9079686.0
Virginia,December 2022,2022-12-01,503075150.0,50687278.0,0.10099999999999999,8284517.0
Virginia,January 2023,2023-01-01,513154592.0,49721328.0,0.09699999999999999,6368899.0
Virginia,February 2023,2023-02-01,433807108.0,39766908.0,0.092,4682125.0
Virginia,March 2023,2023-03-01,511614541.0,55258910.0,0.10800000000000001,7413213.0
Virginia,April 2023,2023-04-01,425982859.0,45121878.0,0.106,5799965.0
Virginia,May 2023,2023-05-01,403719160.0,48144551.0,0.11900000000000001,6285305.0
Virginia,June 2023,2023-06-01,325455052.0,32668025.0,0.1,3939701.0
Virginia,July 2023,2023-07-01,293611789.0,32471396.0,0.111,4115218.0
Virginia,August 2023,2023-08-01,319005943.0,32359889.0,0.10099999999999999,4155221.0
Virginia,September 2023,2023-09-01,520304187.0,54081414.0,0.10400000000000001,7040532.0
Virginia,October 2023,2023-10-01,571354817.0,63996952.0,0.11199999999999999,8550197.0
Virginia,November 2023,2023-11-01,638831057.0,43003244.0,0.067,5480552.0
Virginia,December 2023,2023-12-01,633181758.0,63607011.0,0.1,8465776.0
Virginia,January 2024,2024-01-01,652879751.0,74337291.0,0.114,9932122.0
Virginia,February 2024,2024-02-01,545068429.0,50040797.0,0.092,6342927.0
Virginia,March 2024,2024-03-01,635593137.0,47694659.0,0.075,6251083.0
Virginia,April 2024,2024-04-01,563495540.0,60594584.0,0.10800000000000001,8210372.0
Virginia,May 2024,2024-05-01,505594449.0,59966998.0,0.11900000000000001,8087375.0
Virginia,June 2024,2024-06-01,415360427.0,45490748.0,0.11,6212254.0
Virginia,July 2024,2024-07-01,377641472.0,44966093.0,0.11900000000000001,6054606.0
Virginia,August 2024,2024-08-01,416689216.0,40143865.0,0.096,5241930.0
Virginia,September 2024,2024-09-01,622060604.0,71538700.0,0.115,9875140.0
Virginia,October 2024,2024-10-01,696103392.0,54273253.0,0.078,7349324.0
Virginia,November 2024,2024-11-01,760965450.0,86351240.0,0.113,12101176.0
Virginia,December 2024,2024-12-01,734380460.0,49554043.0,0.067,6598301.0
Virginia,January 2025,2025-01-01,736667692.0,87381242.0,0.11900000000000001,12137426.0
Virginia,February 2025,2025-02-01,556836877.0,66806615.0,0.12,9303968.0
Virginia,March 2025,2025-03-01,689665044.0,50678283.0,0.073,6754928.0
Virginia,April 2025,2025-04-01,609713988.0,62793223.0,0.10300000000000001,8517817.0
Virginia,May 2025,2025-05-01,595041428.0,72401035.0,0.122,10159914.0
Virginia,June 2025,2025-06-01,477848533.0,60757217.0,0.127,8674412.0
Virginia,July 2025,2025-07-01,429272341.0,49425275.0,0.115,6781017.0
Virginia,August 2025,2025-08-01,510179553.0,62880184.0,0.12300000000000001,8678230.0
Virginia,September 2025,2025-09-01,737184002.0,69740005.0,0.095,9668629.0
West Virginia,July 2020,2020-07-01,,523793.0,,78524.0
West Virginia,August 2020,2020-08-01,,616751.0,,92458.0
West Virginia,September 2020,2020-09-01,,347307.0,,243692.0
West Virginia,October 2020,2020-10-01,,1823278.0,,273502.0
West Virginia,November 2020,2020-11-01,,968712.0,,337298.0
West Virginia,December 2020,2020-12-01,,2770029.0,,415546.0
West Virginia,January 2021,2021-01-01,,2740291.0,,456758.0
West Virginia,February 2021,2021-02-01,,231774.0,,523956.0
West Virginia,March 2021,2021-03-01,,4419040.0,,663165.0
West Virginia,April 2021,2021-04-01,,4081823.0,,612276.0
West Virginia,May 2021,2021-05-01,,4500411.0,,707013.0
West Virginia,June 2021,2021-06-01,,4484474.0,,672671.0
West Virginia,July 2021,2021-07-01,,5295440.0,,794316.0
West Virginia,August 2021,2021-08-01,,5034486.0,,755173.0
West Virginia,September 2021,2021-09-01,,5185254.0,,777786.0
West Virginia,October 2021,2021-10-01,,7086496.0,,1062974.0
West Virginia,November 2021,2021-11-01,,6424923.0,,963739.0
West Virginia,December 2021,2021-12-01,,7717990.0,,1157699.0
West Virginia,January 2022,2022-01-01,,7584396.0,,1137659.0
West Virginia,February 2022,2022-02-01,,8131670.0,,1219751.0
West Virginia,March 2022,2022-03-01,,9152620.0,,1372893.0
West Virginia,April 2022,2022-04-01,,8598549.0,,1289783.0
West Virginia,May 2022,2022-05-01,,8507075.0,,1276062.0
West Virginia,June 2022,2022-06-01,,7453858.0,,1118079.0
West Virginia,July 2022,2022-07-01,,8855297.0,,1328294.0
West Virginia,August 2022,2022-08-01,,9606571.0,,1440986.0
West Virginia,September 2022,2022-09-01,,10682989.0,,1602449.0
West Virginia,October 2022,2022-10-01,,10725921.0,,1608888.0
West Virginia,November 2022,2022-11-01,,11108607.0,,1666291.0
West Virginia,December 2022,2022-12-01,,12140822.0,,1821123.0
West Virginia,January 2023,2023-01-01,,11773634.0,,1766046.0
West Virginia,February 2023,2023-02-01,,13111394.0,,1966709.0
West Virginia,March 2023,2023-03-01,,14264255.0,,2139638.0
West Virginia,April 2023,2023-04-01,,13031086.0,,1954662.0
West Virginia,May 2023,2023-05-01,,11639353.0,,1745904.0
West Virginia,June 2023,2023-06-01,,12029094.0,,1804364.0
West Virginia,July 2023,2023-07-01,,11421618.0,,1713243.0
West Virginia,August 2023,2023-08-01,,11581791.0,,1737270.0
West Virginia,September 2023,2023-09-01,,12713856.0,,1907078.0
West Virginia,October 2023,2023-10-01,,15490753.0,,2323614.0
West Virginia,November 2023,2023-11-01,,14444762.0,,2166714.0
West Virginia,December 2023,2023-12-01,,15851272.0,,2377691.0
West Virginia,January 2024,2024-01-01,,16364234.0,,2454635.0
West Virginia,February 2024,2024-02-01,,17463082.0,,2619462.0
West Virginia,March 2024,2024-03-01,,20680383.0,,3102057.0
West Virginia,April 2024,2024-04-01,,17797826.0,,2669674.0
West Virginia,May 2024,2024-05-01,,17932282.0,,2689842.0
West Virginia,June 2024,2024-06-01,,19062499.0,,2859375.0
West Virginia,July 2024,2024-07-01,,20001965.0,,3000294.0
West Virginia,August 2024,2024-08-01,,20445285.0,,3066793.0
West Virginia,September 2024,2024-09-01,,21167543.0,,3175131.0
West Virginia,October 2024,2024-10-01,,24143709.0,,3621556.0
West Virginia,November 2024,2024-11-01,,24053369.0,,3608005.0
West Virginia,December 2024,2024-12-01,,27686982.0,,4153048.0
West Virginia,January 2025,2025-01-01,,25564166.0,,3834624.0
West Virginia,February 2025,2025-02-01,,26920158.0,,4038024.0
West Virginia,March 2025,2025-03-01,,31443191.0,,4716479.0
West Virginia,April 2025,2025-04-01,,29151625.0,,4372745.0
West Virginia,May 2025,2025-05-01,,29905605.0,,4485841.0
West Virginia,June 2025,2025-06-01,,27244850.0,,4086726.0
West Virginia,July 2025,2025-07-01,,30124509.0,,4518677.0
West Virginia,August 2025,2025-08-01,,33388293.0,,5008243.0
West Virginia,September 2025,2025-09-01,,34208484.0,,5131271.0
West Virginia,October 2025,2025-10-01,,34710510.0,,5206577.0
Wyoming,September 2021,2021-09-01,6242469.0,954416.0,0.153,-12398.0
Wyoming,October 2021,2021-10-01,10847657.0,881200.0,0.081,16021.0
Wyoming,November 2021,2021-11-01,10973008.0,1363696.0,0.124,86499.0
Wyoming,December 2021,2021-12-01,12285012.0,813504.0,0.066,21792.0
Wyoming,January 2022,2022-01-01,13977632.0,1098460.0,0.079,46565.0
Wyoming,February 2022,2022-02-01,10301603.0,722631.0,0.07,18824.0
Wyoming,March 2022,2022-03-01,12704938.0,1101236.0,0.087,44806.0
Wyoming,April 2022,2022-04-01,9995920.0,1007796.0,0.10099999999999999,51187.0
Wyoming,May 2022,2022-05-01,9340833.0,1011714.0,0.10800000000000001,53163.0
Wyoming,June 2022,2022-06-01,7322852.0,673269.0,0.092,38036.0
Wyoming,July 2022,2022-07-01,7246352.0,680740.0,0.094,38365.0
Wyoming,August 2022,2022-08-01,10990904.0,1237815.0,0.113,85672.0
Wyoming,September 2022,2022-09-01,13575173.0,1932519.0,0.142,115550.0
Wyoming,October 2022,2022-10-01,17275317.0,2039620.0,0.11800000000000001,115893.0
Wyoming,November 2022,2022-11-01,16702867.0,1478158.0,0.08800000000000001,100009.0
Wyoming,December 2022,2022-12-01,15087739.0,1803272.0,0.12,135101.0
Wyoming,January 2023,2023-01-01,14339351.0,1587273.0,0.111,94081.0
Wyoming,February 2023,2023-02-01,11591163.0,1106141.0,0.095,54296.0
Wyoming,March 2023,2023-03-01,14777639.0,1837412.0,0.124,130677.0
Wyoming,April 2023,2023-04-01,12623675.0,1264212.0,0.1,82848.0
Wyoming,May 2023,2023-05-01,12778371.0,1306929.0,0.102,81448.0
Wyoming,June 2023,2023-06-01,9483450.0,775389.0,0.08199999999999999,37705.0
Wyoming,July 2023,2023-07-01,8145480.0,998740.0,0.12300000000000001,68363.0
Wyoming,August 2023,2023-08-01,10464584.0,1207821.0,0.115,84103.0
Wyoming,September 2023,2023-09-01,19259607.0,1525986.0,0.079,51752.0
Wyoming,October 2023,2023-10-01,21234828.0,2271665.0,0.107,141087.0
Wyoming,November 2023,2023-11-01,18525420.0,1562756.0,0.084,96471.0
Wyoming,December 2023,2023-12-01,19023734.0,1849624.0,0.09699999999999999,139849.0
Wyoming,January 2024,2024-01-01,20272552.0,2662550.0,0.131,177183.0
Wyoming,February 2024,2024-02-01,15511286.0,1946594.0,0.125,114530.0
Wyoming,March 2024,2024-03-01,17690741.0,1718721.0,0.09699999999999999,112306.0
Wyoming,April 2024,2024-04-01,15428621.0,1499242.0,0.09699999999999999,94165.0
Wyoming,May 2024,2024-05-01,12506784.0,1664699.0,0.133,115659.0
Wyoming,June 2024,2024-06-01,10886389.0,1080628.0,0.099,61646.0
Wyoming,July 2024,2024-07-01,9721357.0,1503414.0,0.155,104057.0
Wyoming,August 2024,2024-08-01,12202468.0,1593257.0,0.131,116181.0
Wyoming,September 2024,2024-09-01,22875228.0,2953222.0,0.129,144962.0
Wyoming,October 2024,2024-10-01,24450136.0,1927422.0,0.079,95613.0
Wyoming,November 2024,2024-11-01,22824032.0,3422167.0,0.15,241071.0
Wyoming,December 2024,2024-12-01,25236214.0,838736.0,0.033,28494.0
Wyoming,January 2025,2025-01-01,25274561.0,2896369.0,0.115,171278.0
Wyoming,February 2025,2025-02-01,16831678.0,2106645.0,0.125,139552.0
Wyoming,March 2025,2025-03-01,20936441.0,1140417.0,0.054000000000000006,50881.0
Wyoming,April 2025,2025-04-01,15842969.0,1795453.0,0.113,117519.0
Wyoming,May 2025,2025-05-01,14993382.0,2070033.0,0.138,151108.0
Wyoming,June 2025,2025-06-01,14312005.0,2022373.0,0.141,153910.0
Wyoming,July 2025,2025-07-01,11643232.0,1286796.0,0.111,96032.0
Wyoming,August 2025,2025-08-01,15517909.0,2549130.0,0.16399999999999998,180307.0
Wyoming,September 2025,2025-09-01,27303548.0,2324125.0,0.085,104609.0
