state_abb,month_date,filings_count,renter_occupied_housing_units,filings_per_1k_renters,treat_start,treated
AK,2016-01-01,238,80410,2.959830866807611,NA,FALSE
AK,2016-02-01,217,79769,2.7203550251350777,NA,FALSE
AK,2016-03-01,201,81324,2.4715951010771726,NA,FALSE
AK,2016-04-01,216,82735,2.61074515017828,NA,FALSE
AK,2016-05-01,237,80247,2.953381434819993,NA,FALSE
AK,2016-06-01,229,78837,2.904727475677664,NA,FALSE
AK,2016-07-01,219,80754,2.7119399658221264,NA,FALSE
AK,2016-08-01,244,81227,3.003927265564406,NA,FALSE
AK,2016-09-01,216,83899,2.574524130204174,NA,FALSE
AK,2016-10-01,166,79097,2.0986889515405136,NA,FALSE
AK,2016-11-01,176,79512,2.2135023644229803,NA,FALSE
AK,2016-12-01,185,80673,2.2932083844656823,NA,FALSE
AK,2017-01-01,255,81886,3.11408543584984,NA,FALSE
AK,2017-02-01,208,81089,2.5650828102455328,NA,FALSE
AK,2017-03-01,227,80932,2.8048238026985617,NA,FALSE
AK,2017-04-01,238,82594,2.881565246870233,NA,FALSE
AK,2017-05-01,229,77362,2.960109614539438,NA,FALSE
AK,2017-06-01,191,77518,2.463943858200676,NA,FALSE
AK,2017-07-01,253,83534,3.0287068738477747,NA,FALSE
AK,2017-08-01,248,77859,3.185245122593406,NA,FALSE
AK,2017-09-01,200,79323,2.521336812778135,NA,FALSE
AK,2017-10-01,180,76640,2.348643006263048,NA,FALSE
AK,2017-11-01,174,80721,2.1555728992455494,NA,FALSE
AK,2017-12-01,194,81518,2.379842488775485,NA,FALSE
AK,2018-01-01,226,82153,2.750964663493725,NA,FALSE
AK,2018-02-01,203,80172,2.532056079429227,NA,FALSE
AK,2018-03-01,216,77647,2.781820289257795,NA,FALSE
AK,2018-04-01,217,78715,2.7567807914628726,NA,FALSE
AK,2018-05-01,237,79335,2.9873321989033843,NA,FALSE
AK,2018-06-01,212,81405,2.6042626374301334,NA,FALSE
AK,2018-07-01,232,79642,2.9130358353632504,NA,FALSE
AK,2018-08-01,220,81025,2.7152113545202097,NA,FALSE
AK,2018-09-01,147,78858,1.864110172715514,NA,FALSE
AK,2018-10-01,172,80260,2.143035135808622,NA,FALSE
AK,2018-11-01,190,80466,2.361245743543857,NA,FALSE
AK,2018-12-01,171,77901,2.19509377286556,NA,FALSE
AK,2019-01-01,242,79087,3.0599213524346607,NA,FALSE
AK,2019-02-01,210,77183,2.720806395190651,NA,FALSE
AK,2019-03-01,212,80341,2.6387523182434873,NA,FALSE
AK,2019-04-01,175,80022,2.186898602884207,NA,FALSE
AK,2019-05-01,223,84182,2.6490223563232043,NA,FALSE
AK,2019-06-01,202,82277,2.455121115256998,NA,FALSE
AK,2019-07-01,226,81097,2.786786194310517,NA,FALSE
AK,2019-08-01,192,78508,2.445610638406277,NA,FALSE
AK,2019-09-01,202,79942,2.5268319531660453,NA,FALSE
AK,2019-10-01,164,75351,2.1764807368183567,NA,FALSE
AK,2019-11-01,192,76826,2.4991539322625154,NA,FALSE
AK,2019-12-01,183,80992,2.2594824180165944,NA,FALSE
AK,2020-01-01,214,80011,2.674632238067266,NA,FALSE
AK,2020-02-01,227,77400,2.9328165374677004,NA,FALSE
AK,2020-03-01,152,79214,1.918852728053122,NA,FALSE
AK,2020-04-01,41,76089,0.538842671082548,NA,FALSE
AK,2020-05-01,70,72204,0.9694753753254667,NA,FALSE
AK,2020-06-01,119,78921,1.5078369508749256,NA,FALSE
AK,2020-07-01,165,80257,2.055895435912132,NA,FALSE
AK,2020-08-01,172,79838,2.154362584233072,NA,FALSE
AK,2020-09-01,119,80660,1.475328539548723,NA,FALSE
AK,2020-10-01,119,79079,1.5048242896344162,NA,FALSE
AK,2020-11-01,111,78339,1.4169187760885382,NA,FALSE
AK,2020-12-01,105,78170,1.3432263016502495,NA,FALSE
AK,2021-01-01,113,79092,1.4287159257573459,NA,FALSE
AK,2021-02-01,92,75887,1.212328857380052,NA,FALSE
AK,2021-03-01,90,77600,1.1597938144329898,NA,FALSE
AK,2021-04-01,78,77867,1.0017080406333878,NA,FALSE
AK,2021-05-01,89,77263,1.151909710987148,NA,FALSE
AK,2021-06-01,109,79877,1.3645980695319053,NA,FALSE
AK,2021-07-01,124,75818,1.635495528766256,NA,FALSE
AK,2021-08-01,125,77752,1.6076756867990534,NA,FALSE
AK,2021-09-01,156,77634,2.0094288584898368,NA,FALSE
AK,2021-10-01,94,77034,1.2202404133239868,NA,FALSE
AK,2021-11-01,94,80780,1.163654369893538,NA,FALSE
AK,2021-12-01,94,74309,1.2649880902717032,NA,FALSE
AK,2022-01-01,138,79593,1.7338208133881121,NA,FALSE
AK,2022-02-01,131,76654,1.7089780050617058,NA,FALSE
AK,2022-03-01,206,81851,2.5167682740589608,NA,FALSE
AK,2022-04-01,195,77591,2.5131780747767136,NA,FALSE
AK,2022-05-01,213,80356,2.6507043655731994,NA,FALSE
AK,2022-06-01,194,81571,2.3782962082112515,NA,FALSE
AK,2022-07-01,176,81468,2.160357440958413,NA,FALSE
AK,2022-08-01,209,80792,2.5868897910684225,NA,FALSE
AK,2022-09-01,156,76413,2.0415374347296926,NA,FALSE
AK,2022-10-01,163,78960,2.064336372847011,NA,FALSE
AK,2022-11-01,157,76485,2.0526900699483557,NA,FALSE
AK,2022-12-01,187,78888,2.3704492444985297,NA,FALSE
AK,2023-01-01,200,79899,2.503160239802751,NA,FALSE
AK,2023-02-01,194,77093,2.5164411814302206,NA,FALSE
AK,2023-03-01,156,79814,1.9545443155336157,NA,FALSE
AK,2023-04-01,202,83614,2.4158633721625566,NA,FALSE
AK,2023-05-01,221,82458,2.680152319968954,NA,FALSE
AK,2023-06-01,235,81043,2.899695223523315,NA,FALSE
AK,2023-07-01,207,82093,2.5215304593570704,NA,FALSE
AK,2023-08-01,220,79342,2.772806332081369,NA,FALSE
AK,2023-09-01,187,79798,2.343417128248828,NA,FALSE
AK,2023-10-01,174,82157,2.1178962230850686,NA,FALSE
AK,2023-11-01,169,79977,2.1131075184115433,NA,FALSE
AK,2023-12-01,186,78899,2.3574443275580172,NA,FALSE
AK,2024-01-01,195,79459,2.4540958230030583,NA,FALSE
AK,2024-02-01,187,81362,2.2983702465524445,NA,FALSE
AK,2024-03-01,202,81824,2.4687133359405555,NA,FALSE
AK,2024-04-01,200,80431,2.486603424052915,NA,FALSE
AK,2024-05-01,167,81306,2.0539689567805572,NA,FALSE
AK,2024-06-01,184,79627,2.3107739836989967,NA,FALSE
AK,2024-07-01,187,80183,2.332165172168664,NA,FALSE
AK,2024-08-01,199,75088,2.650223737481355,NA,FALSE
AK,2024-09-01,163,77539,2.1021679412940584,NA,FALSE
AK,2024-10-01,177,79981,2.213025593578475,NA,FALSE
AK,2024-11-01,118,79181,1.490256500928253,NA,FALSE
AK,2024-12-01,179,77222,2.3179922819921783,NA,FALSE
AK,2025-01-01,181,78232,2.3136312506391246,NA,FALSE
AK,2025-02-01,159,80389,1.977882546119494,NA,FALSE
AK,2025-03-01,163,81375,2.0030721966205838,NA,FALSE
AK,2025-04-01,160,78068,2.049495311779474,NA,FALSE
AK,2025-05-01,174,80162,2.170604525835184,NA,FALSE
AK,2025-06-01,153,75189,2.034872122251925,NA,FALSE
AK,2025-07-01,219,79664,2.7490459931713196,NA,FALSE
AK,2025-08-01,172,82084,2.095414453486672,NA,FALSE
AK,2025-09-01,171,79487,2.1512951803439555,NA,FALSE
AR,2016-01-01,331,335039,0.9879446870364346,2019-07-01,FALSE
AR,2016-02-01,314,309572,1.014303619190366,2019-07-01,FALSE
AR,2016-03-01,312,363026,0.8594425743610651,2019-07-01,FALSE
AR,2016-04-01,348,340071,1.0233157193644857,2019-07-01,FALSE
AR,2016-05-01,401,353714,1.1336842759969918,2019-07-01,FALSE
AR,2016-06-01,429,352806,1.2159657148687948,2019-07-01,FALSE
AR,2016-07-01,384,357901,1.0729224003285824,2019-07-01,FALSE
AR,2016-08-01,449,332938,1.3485994389345763,2019-07-01,FALSE
AR,2016-09-01,355,338931,1.047410829932936,2019-07-01,FALSE
AR,2016-10-01,408,355336,1.1482090190692753,2019-07-01,FALSE
AR,2016-11-01,365,337499,1.0814846858805507,2019-07-01,FALSE
AR,2016-12-01,369,347249,1.0626380493536338,2019-07-01,FALSE
AR,2017-01-01,393,352693,1.1142835270334257,2019-07-01,FALSE
AR,2017-02-01,397,344613,1.1520169001169427,2019-07-01,FALSE
AR,2017-03-01,305,352153,0.8661008141347653,2019-07-01,FALSE
AR,2017-04-01,354,350341,1.0104441101669517,2019-07-01,FALSE
AR,2017-05-01,427,359514,1.1877145257208341,2019-07-01,FALSE
AR,2017-06-01,483,350445,1.3782476565509567,2019-07-01,FALSE
AR,2017-07-01,415,357452,1.1609950426910467,2019-07-01,FALSE
AR,2017-08-01,453,354310,1.2785413903079224,2019-07-01,FALSE
AR,2017-09-01,395,352415,1.120837648794745,2019-07-01,FALSE
AR,2017-10-01,466,342033,1.3624416357485973,2019-07-01,FALSE
AR,2017-11-01,449,346722,1.2949856080664048,2019-07-01,FALSE
AR,2017-12-01,348,336080,1.0354677457748156,2019-07-01,FALSE
AR,2018-01-01,466,357374,1.3039560796252665,2019-07-01,FALSE
AR,2018-02-01,427,344764,1.2385283846341266,2019-07-01,FALSE
AR,2018-03-01,389,356220,1.092021784290607,2019-07-01,FALSE
AR,2018-04-01,395,340196,1.1610953685522463,2019-07-01,FALSE
AR,2018-05-01,422,355407,1.1873710984870867,2019-07-01,FALSE
AR,2018-06-01,466,348727,1.3362888448557182,2019-07-01,FALSE
AR,2018-07-01,563,356520,1.5791540446538763,2019-07-01,FALSE
AR,2018-08-01,538,361758,1.4871820388215327,2019-07-01,FALSE
AR,2018-09-01,514,357497,1.437774303001144,2019-07-01,FALSE
AR,2018-10-01,536,357926,1.497516246374949,2019-07-01,FALSE
AR,2018-11-01,457,352613,1.2960384330696826,2019-07-01,FALSE
AR,2018-12-01,478,349008,1.3695961124100307,2019-07-01,FALSE
AR,2019-01-01,565,339597,1.6637367232337152,2019-07-01,FALSE
AR,2019-02-01,490,353117,1.3876420563156122,2019-07-01,FALSE
AR,2019-03-01,397,355994,1.1151873346179992,2019-07-01,FALSE
AR,2019-04-01,422,352244,1.198033181544611,2019-07-01,FALSE
AR,2019-05-01,522,355059,1.4701781957364832,2019-07-01,FALSE
AR,2019-06-01,504,343088,1.469010866016882,2019-07-01,FALSE
AR,2019-07-01,597,357818,1.6684459697388057,2019-07-01,TRUE
AR,2019-08-01,572,363901,1.5718560817365161,2019-07-01,TRUE
AR,2019-09-01,505,336754,1.499610992000095,2019-07-01,TRUE
AR,2019-10-01,584,368911,1.583037643225602,2019-07-01,TRUE
AR,2019-11-01,481,342947,1.4025490819281112,2019-07-01,TRUE
AR,2019-12-01,462,346512,1.3332871588862723,2019-07-01,TRUE
AR,2020-01-01,668,370334,1.8037771309142558,2019-07-01,TRUE
AR,2020-02-01,549,359691,1.526310082821088,2019-07-01,TRUE
AR,2020-03-01,400,357043,1.120313239581787,2019-07-01,TRUE
AR,2020-04-01,150,314186,0.477424200951029,2019-07-01,TRUE
AR,2020-05-01,199,326836,0.6088680561504852,2019-07-01,TRUE
AR,2020-06-01,332,344911,0.9625671550052043,2019-07-01,TRUE
AR,2020-07-01,380,343680,1.105679702048417,2019-07-01,TRUE
AR,2020-08-01,440,338758,1.2988623146907232,2019-07-01,TRUE
AR,2020-09-01,588,344628,1.7061875413489327,2019-07-01,TRUE
AR,2020-10-01,529,341606,1.5485676481092252,2019-07-01,TRUE
AR,2020-11-01,497,334430,1.4861106958107826,2019-07-01,TRUE
AR,2020-12-01,573,316223,1.8120124089645597,2019-07-01,TRUE
AR,2021-01-01,541,352654,1.534081564366206,2019-07-01,TRUE
AR,2021-02-01,382,336798,1.1342110107542207,2019-07-01,TRUE
AR,2021-03-01,528,357012,1.47894188430641,2019-07-01,TRUE
AR,2021-04-01,352,335741,1.0484272102602898,2019-07-01,TRUE
AR,2021-05-01,383,343952,1.1135274689491557,2019-07-01,TRUE
AR,2021-06-01,486,340008,1.4293781322792405,2019-07-01,TRUE
AR,2021-07-01,482,353119,1.364978944774991,2019-07-01,TRUE
AR,2021-08-01,575,326876,1.7590768364762173,2019-07-01,TRUE
AR,2021-09-01,738,365655,2.018295934692538,2019-07-01,TRUE
AR,2021-10-01,661,368325,1.7946107377994978,2019-07-01,TRUE
AR,2021-11-01,546,357181,1.5286367415959976,2019-07-01,TRUE
AR,2021-12-01,568,360943,1.5736556741646188,2019-07-01,TRUE
AR,2022-01-01,641,358769,1.7866649571172537,2019-07-01,TRUE
AR,2022-02-01,523,360348,1.451374782155028,2019-07-01,TRUE
AR,2022-03-01,665,366835,1.8128041217441084,2019-07-01,TRUE
AR,2022-04-01,648,377247,1.717707496679894,2019-07-01,TRUE
AR,2022-05-01,671,369670,1.8151324153975168,2019-07-01,TRUE
AR,2022-06-01,775,371306,2.0872272465298165,2019-07-01,TRUE
AR,2022-07-01,829,370929,2.234929056504075,2019-07-01,TRUE
AR,2022-08-01,871,368891,2.3611310658161897,2019-07-01,TRUE
AR,2022-09-01,774,372210,2.079471266220682,2019-07-01,TRUE
AR,2022-10-01,750,376434,1.9923811345415132,2019-07-01,TRUE
AR,2022-11-01,701,360107,1.9466436364747144,2019-07-01,TRUE
AR,2022-12-01,681,373898,1.8213523474316524,2019-07-01,TRUE
AR,2023-01-01,804,353402,2.275029569725129,2019-07-01,TRUE
AR,2023-02-01,625,373154,1.6749116986552468,2019-07-01,TRUE
AR,2023-03-01,664,363047,1.828964293879305,2019-07-01,TRUE
AR,2023-04-01,630,358245,1.7585730435874891,2019-07-01,TRUE
AR,2023-05-01,758,375799,2.017035702596335,2019-07-01,TRUE
AR,2023-06-01,821,362207,2.2666596725077097,2019-07-01,TRUE
AR,2023-07-01,780,354391,2.2009588279612067,2019-07-01,TRUE
AR,2023-08-01,892,363044,2.457002457002457,2019-07-01,TRUE
AR,2023-09-01,766,355089,2.15720565829975,2019-07-01,TRUE
AR,2023-10-01,749,375376,1.9953326797664208,2019-07-01,TRUE
AR,2023-11-01,665,365978,1.8170491122417194,2019-07-01,TRUE
AR,2023-12-01,727,372956,1.9492916054440739,2019-07-01,TRUE
AR,2024-01-01,804,371824,2.1623133525538965,2019-07-01,TRUE
AR,2024-02-01,828,374870,2.208765705444554,2019-07-01,TRUE
AR,2024-03-01,630,362724,1.7368577761603865,2019-07-01,TRUE
AR,2024-04-01,735,373638,1.967144669439404,2019-07-01,TRUE
AR,2024-05-01,738,365378,2.019826043166255,2019-07-01,TRUE
AR,2024-06-01,794,363342,2.185268975235453,2019-07-01,TRUE
AR,2024-07-01,967,373775,2.5871179185338775,2019-07-01,TRUE
AR,2024-08-01,825,371847,2.2186544465869025,2019-07-01,TRUE
AR,2024-09-01,797,357634,2.2285353182303695,2019-07-01,TRUE
AR,2024-10-01,778,362432,2.146609570898817,2019-07-01,TRUE
AR,2024-11-01,746,367690,2.028883026462509,2019-07-01,TRUE
AR,2024-12-01,734,356624,2.0581901386334067,2019-07-01,TRUE
AR,2025-01-01,830,370428,2.2406513546492164,2019-07-01,TRUE
AR,2025-02-01,693,361004,1.9196463197083689,2019-07-01,TRUE
AR,2025-03-01,692,374638,1.8471164163806129,2019-07-01,TRUE
AR,2025-04-01,708,357791,1.978808857685073,2019-07-01,TRUE
AR,2025-05-01,768,365881,2.099043131509972,2019-07-01,TRUE
AR,2025-06-01,888,371529,2.3901229782870246,2019-07-01,TRUE
AR,2025-07-01,920,361319,2.5462264647029356,2019-07-01,TRUE
AR,2025-08-01,931,364268,2.5558105570623826,2019-07-01,TRUE
AR,2025-09-01,843,367073,2.2965459186592314,2019-07-01,TRUE
AZ,2016-01-01,6646,745510,8.914702686751351,2021-09-01,FALSE
AZ,2016-02-01,5030,745510,6.747059060240641,2021-09-01,FALSE
AZ,2016-03-01,4757,745510,6.380866789177878,2021-09-01,FALSE
AZ,2016-04-01,5375,745510,7.209829512682593,2021-09-01,FALSE
AZ,2016-05-01,5768,745510,7.736985419377339,2021-09-01,FALSE
AZ,2016-06-01,6334,745510,8.496197234108195,2021-09-01,FALSE
AZ,2016-07-01,6734,745510,9.032742686214807,2021-09-01,FALSE
AZ,2016-08-01,6854,745510,9.19370632184679,2021-09-01,FALSE
AZ,2016-09-01,6470,745510,8.678622687824442,2021-09-01,FALSE
AZ,2016-10-01,6467,745510,8.674598596933643,2021-09-01,FALSE
AZ,2016-11-01,6058,745510,8.125980872154633,2021-09-01,FALSE
AZ,2016-12-01,5913,745510,7.931483145765986,2021-09-01,FALSE
AZ,2017-01-01,6594,745510,8.844951777977492,2021-09-01,FALSE
AZ,2017-02-01,5503,745510,7.3815240573567085,2021-09-01,FALSE
AZ,2017-03-01,4705,745510,6.311115880404019,2021-09-01,FALSE
AZ,2017-04-01,5303,745510,7.113251331303403,2021-09-01,FALSE
AZ,2017-05-01,5963,745510,7.998551327279312,2021-09-01,FALSE
AZ,2017-06-01,6514,745510,8.73764268755617,2021-09-01,FALSE
AZ,2017-07-01,6777,745510,9.090421322316267,2021-09-01,FALSE
AZ,2017-08-01,7048,745510,9.453930866118496,2021-09-01,FALSE
AZ,2017-09-01,6771,745510,9.082373140534667,2021-09-01,FALSE
AZ,2017-10-01,6747,745510,9.05018041340827,2021-09-01,FALSE
AZ,2017-11-01,6188,745510,8.300358144089282,2021-09-01,FALSE
AZ,2017-12-01,5884,745510,7.892583600488257,2021-09-01,FALSE
AZ,2018-01-01,6650,745510,8.920068141272418,2021-09-01,FALSE
AZ,2018-02-01,5661,745510,7.59345951093882,2021-09-01,FALSE
AZ,2018-03-01,4883,745510,6.549878606591461,2021-09-01,FALSE
AZ,2018-04-01,5372,745510,7.205805421791793,2021-09-01,FALSE
AZ,2018-05-01,6318,745510,8.47473541602393,2021-09-01,FALSE
AZ,2018-06-01,6547,745510,8.781907687354964,2021-09-01,FALSE
AZ,2018-07-01,6856,745510,9.196389049107323,2021-09-01,FALSE
AZ,2018-08-01,7181,745510,9.632332228943945,2021-09-01,FALSE
AZ,2018-09-01,6770,745510,9.081031776904402,2021-09-01,FALSE
AZ,2018-10-01,7209,745510,9.669890410591407,2021-09-01,FALSE
AZ,2018-11-01,6562,745510,8.802028141808963,2021-09-01,FALSE
AZ,2018-12-01,6258,745510,8.394253598207937,2021-09-01,FALSE
AZ,2019-01-01,7162,745510,9.60684631996888,2021-09-01,FALSE
AZ,2019-02-01,5930,745510,7.954286327480517,2021-09-01,FALSE
AZ,2019-03-01,4941,745510,6.627677697146919,2021-09-01,FALSE
AZ,2019-04-01,5758,745510,7.723571783074673,2021-09-01,FALSE
AZ,2019-05-01,6464,745510,8.670574506042843,2021-09-01,FALSE
AZ,2019-06-01,6438,745510,8.635699051655914,2021-09-01,FALSE
AZ,2019-07-01,6985,745510,9.369424957411704,2021-09-01,FALSE
AZ,2019-08-01,7091,745510,9.511609502219956,2021-09-01,FALSE
AZ,2019-09-01,6945,745510,9.315770412201044,2021-09-01,FALSE
AZ,2019-10-01,7405,745510,9.932797682123647,2021-09-01,FALSE
AZ,2019-11-01,6661,745510,8.93482314120535,2021-09-01,FALSE
AZ,2019-12-01,6742,745510,9.043473595256938,2021-09-01,FALSE
AZ,2020-01-01,12492,745510,16.756314469289478,2021-09-01,FALSE
AZ,2020-02-01,12014,745510,16.11514265402208,2021-09-01,FALSE
AZ,2020-03-01,8360,745510,11.213799949028182,2021-09-01,FALSE
AZ,2020-04-01,3778,745510,5.067671795146946,2021-09-01,FALSE
AZ,2020-05-01,3269,745510,4.384917707341283,2021-09-01,FALSE
AZ,2020-06-01,3603,745510,4.832933159850304,2021-09-01,FALSE
AZ,2020-07-01,3895,745510,5.22461133988813,2021-09-01,FALSE
AZ,2020-08-01,4800,745510,6.438545425279339,2021-09-01,FALSE
AZ,2020-09-01,6163,745510,8.266824053332618,2021-09-01,FALSE
AZ,2020-10-01,7240,745510,9.711472683129669,2021-09-01,FALSE
AZ,2020-11-01,6822,745510,9.15078268567826,2021-09-01,FALSE
AZ,2020-12-01,9042,745510,12.128609944869956,2021-09-01,FALSE
AZ,2021-01-01,7002,745510,9.392228139126235,2021-09-01,FALSE
AZ,2021-02-01,6818,745510,9.145417231157195,2021-09-01,FALSE
AZ,2021-03-01,7043,745510,9.447224047967163,2021-09-01,FALSE
AZ,2021-04-01,5312,745510,7.125323603975802,2021-09-01,FALSE
AZ,2021-05-01,5576,745510,7.479443602366166,2021-09-01,FALSE
AZ,2021-06-01,6405,745510,8.591434051857117,2021-09-01,FALSE
AZ,2021-07-01,7667,745510,10.284234953253478,2021-09-01,FALSE
AZ,2021-08-01,6499,745510,8.717522233102171,2021-09-01,FALSE
AZ,2021-09-01,9281,745510,12.449195852503655,2021-09-01,TRUE
AZ,2021-10-01,10122,745510,13.577282665557806,2021-09-01,TRUE
AZ,2021-11-01,8344,745510,11.192338130943918,2021-09-01,TRUE
AZ,2021-12-01,9624,745510,12.909283577685075,2021-09-01,TRUE
AZ,2022-01-01,11485,745510,15.405561293611084,2021-09-01,TRUE
AZ,2022-02-01,9832,745510,13.188287212780512,2021-09-01,TRUE
AZ,2022-03-01,10314,745510,13.83482448256898,2021-09-01,TRUE
AZ,2022-04-01,9249,745510,12.406272216335127,2021-09-01,TRUE
AZ,2022-05-01,10623,745510,14.249305844321338,2021-09-01,TRUE
AZ,2022-06-01,12687,745510,17.017880377191453,2021-09-01,TRUE
AZ,2022-07-01,13934,745510,18.690560824133815,2021-09-01,TRUE
AZ,2022-08-01,14205,745510,19.054070367936045,2021-09-01,TRUE
AZ,2022-09-01,13911,745510,18.659709460637686,2021-09-01,TRUE
AZ,2022-10-01,12578,745510,16.871671741492403,2021-09-01,TRUE
AZ,2022-11-01,11738,745510,15.744926292068516,2021-09-01,TRUE
AZ,2022-12-01,12497,745510,16.76302128744081,2021-09-01,TRUE
AZ,2023-01-01,15284,745510,20.501401724993627,2021-09-01,TRUE
AZ,2023-02-01,12561,745510,16.84886855977787,2021-09-01,TRUE
AZ,2023-03-01,12603,745510,16.905205832249063,2021-09-01,TRUE
AZ,2023-04-01,13501,745510,18.109750372228408,2021-09-01,TRUE
AZ,2023-05-01,14849,745510,19.91790854582769,2021-09-01,TRUE
AZ,2023-06-01,15102,745510,20.25727354428512,2021-09-01,TRUE
AZ,2023-07-01,15341,745510,20.57785945191882,2021-09-01,TRUE
AZ,2023-08-01,16597,745510,22.262612171533583,2021-09-01,TRUE
AZ,2023-09-01,16819,745510,22.56039489745275,2021-09-01,TRUE
AZ,2023-10-01,17183,745510,23.048651258869768,2021-09-01,TRUE
AZ,2023-11-01,14470,745510,19.409531729956672,2021-09-01,TRUE
AZ,2023-12-01,15256,745510,20.463843543346165,2021-09-01,TRUE
AZ,2024-01-01,17329,745510,23.24449034888868,2021-09-01,TRUE
AZ,2024-02-01,14650,745510,19.65097718340465,2021-09-01,TRUE
AZ,2024-03-01,13192,745510,17.69526901047605,2021-09-01,TRUE
AZ,2024-04-01,14367,745510,19.271371276039222,2021-09-01,TRUE
AZ,2024-05-01,15110,745510,20.26800445332725,2021-09-01,TRUE
AZ,2024-06-01,15312,745510,20.538959906641093,2021-09-01,TRUE
AZ,2024-07-01,16890,745510,22.655631715201675,2021-09-01,TRUE
AZ,2024-08-01,16887,745510,22.651607624310873,2021-09-01,TRUE
AZ,2024-09-01,15999,745510,21.460476720634198,2021-09-01,TRUE
AZ,2024-10-01,16350,745510,21.93129535485775,2021-09-01,TRUE
AZ,2024-11-01,13891,745510,18.632882188032355,2021-09-01,TRUE
AZ,2024-12-01,15681,745510,21.03392308620944,2021-09-01,TRUE
AZ,2025-01-01,16249,745510,21.79581762820083,2021-09-01,TRUE
AZ,2025-02-01,14997,745510,20.116430363107135,2021-09-01,TRUE
AZ,2025-03-01,6804,151661,44.863214669559085,2021-09-01,TRUE
AZ,2025-04-01,7139,151661,47.07208840769875,2021-09-01,TRUE
AZ,2025-05-01,7960,151661,52.48547747937835,2021-09-01,TRUE
AZ,2025-06-01,7971,151661,52.558007661824725,2021-09-01,TRUE
AZ,2025-07-01,8095,151661,53.375620627583885,2021-09-01,TRUE
AZ,2025-08-01,8424,151661,55.54493244802553,2021-09-01,TRUE
AZ,2025-09-01,8202,151661,54.08114149319865,2021-09-01,TRUE
AZ,2025-10-01,7559,0,NA,2021-09-01,TRUE
AZ,2025-11-01,0,0,NA,2021-09-01,TRUE
CO,2019-01-01,3760,613689,6.126881857096999,2020-05-01,FALSE
CO,2019-02-01,3285,612940,5.359415277188631,2020-05-01,FALSE
CO,2019-03-01,2764,613967,4.501870621710939,2020-05-01,FALSE
CO,2019-04-01,3077,614905,5.004025011993723,2020-05-01,FALSE
CO,2019-05-01,3291,614394,5.35649762204709,2020-05-01,FALSE
CO,2019-06-01,2414,614437,3.928799860685473,2020-05-01,FALSE
CO,2019-07-01,3080,614319,5.013681816775975,2020-05-01,FALSE
CO,2019-08-01,2873,613886,4.680022023633052,2020-05-01,FALSE
CO,2019-09-01,2991,614604,4.866548216412519,2020-05-01,FALSE
CO,2019-10-01,3119,614262,5.0776378809042395,2020-05-01,FALSE
CO,2019-11-01,2675,612734,4.365679071179337,2020-05-01,FALSE
CO,2019-12-01,3015,613682,4.91296795408697,2020-05-01,FALSE
CO,2020-01-01,3155,609955,5.172512726348665,2020-05-01,FALSE
CO,2020-02-01,3091,608322,5.081190553687027,2020-05-01,FALSE
CO,2020-03-01,1438,602496,2.38673783726365,2020-05-01,FALSE
CO,2020-04-01,94,536125,0.17533224527861974,2020-05-01,FALSE
CO,2020-05-01,115,527602,0.2179673314354381,2020-05-01,TRUE
CO,2020-06-01,529,604058,0.8757437199739098,2020-05-01,TRUE
CO,2020-07-01,1062,608589,1.745020038153828,2020-05-01,TRUE
CO,2020-08-01,1454,607271,2.39431818743197,2020-05-01,TRUE
CO,2020-09-01,1763,604890,2.914579510324191,2020-05-01,TRUE
CO,2020-10-01,1052,609588,1.7257557563469097,2020-05-01,TRUE
CO,2020-11-01,894,590654,1.513576476244976,2020-05-01,TRUE
CO,2020-12-01,919,589939,1.5577881780997695,2020-05-01,TRUE
CO,2021-01-01,2005,601388,3.333954119470292,2020-05-01,TRUE
CO,2021-02-01,1656,601679,2.7522981523370436,2020-05-01,TRUE
CO,2021-03-01,1780,602050,2.9565650693463996,2020-05-01,TRUE
CO,2021-04-01,1276,608206,2.097973384017915,2020-05-01,TRUE
CO,2021-05-01,809,602496,1.342747503717867,2020-05-01,TRUE
CO,2021-06-01,1578,601694,2.6225955385960305,2020-05-01,TRUE
CO,2021-07-01,1635,608227,2.688141105212363,2020-05-01,TRUE
CO,2021-08-01,1923,604996,3.178533411791152,2020-05-01,TRUE
CO,2021-09-01,2074,605180,3.4270795465811825,2020-05-01,TRUE
CO,2021-10-01,2194,603756,3.6339183378715907,2020-05-01,TRUE
CO,2021-11-01,2457,607774,4.04262110587159,2020-05-01,TRUE
CO,2021-12-01,2631,603550,4.359208019219618,2020-05-01,TRUE
CO,2022-01-01,2817,607182,4.63946559680623,2020-05-01,TRUE
CO,2022-02-01,2647,605718,4.370020372516584,2020-05-01,TRUE
CO,2022-03-01,2939,606433,4.846372146634501,2020-05-01,TRUE
CO,2022-04-01,2573,607544,4.235084207892761,2020-05-01,TRUE
CO,2022-05-01,2628,610603,4.303942168643128,2020-05-01,TRUE
CO,2022-06-01,3252,606842,5.35889078211462,2020-05-01,TRUE
CO,2022-07-01,3167,604624,5.237966074783667,2020-05-01,TRUE
CO,2022-08-01,3209,607663,5.280887597237284,2020-05-01,TRUE
CO,2022-09-01,3407,604451,5.636519750980642,2020-05-01,TRUE
CO,2022-10-01,3386,602041,5.624201673972371,2020-05-01,TRUE
CO,2022-11-01,3186,611153,5.2130972113366045,2020-05-01,TRUE
CO,2022-12-01,3825,606609,6.305544428124212,2020-05-01,TRUE
CO,2023-01-01,4148,605764,6.847551191553146,2020-05-01,TRUE
CO,2023-02-01,3371,605590,5.566472365792038,2020-05-01,TRUE
CO,2023-03-01,3834,605942,6.327338260097501,2020-05-01,TRUE
CO,2023-04-01,3092,609219,5.075350571797662,2020-05-01,TRUE
CO,2023-05-01,3137,608816,5.152624109747444,2020-05-01,TRUE
CO,2023-06-01,1931,603486,3.1997428275055264,2020-05-01,TRUE
CO,2023-07-01,2630,605451,4.343869280916209,2020-05-01,TRUE
CO,2023-08-01,3627,607109,5.974215503311596,2020-05-01,TRUE
CO,2023-09-01,3441,601421,5.721449699960593,2020-05-01,TRUE
CO,2023-10-01,3767,608778,6.187805735424079,2020-05-01,TRUE
CO,2023-11-01,339,550743,0.6155321084425949,2020-05-01,TRUE
CT,2016-01-01,186,440064,0.4226657940663176,2021-10-01,FALSE
CT,2016-02-01,208,454060,0.4580892393075805,2021-10-01,FALSE
CT,2016-03-01,1121,440064,2.5473567481093657,2021-10-01,FALSE
CT,2016-04-01,991,440064,2.251945171611402,2021-10-01,FALSE
CT,2016-05-01,1132,454060,2.4930625908470248,2021-10-01,FALSE
CT,2016-06-01,1294,454060,2.849843633000044,2021-10-01,FALSE
CT,2016-07-01,1272,440064,2.8904886561954624,2021-10-01,FALSE
CT,2016-08-01,1429,454060,3.1471611681275604,2021-10-01,FALSE
CT,2016-09-01,1342,454060,2.9555565343787165,2021-10-01,FALSE
CT,2016-10-01,1215,454060,2.6758578161476456,2021-10-01,FALSE
CT,2016-11-01,1195,454060,2.6318107739065324,2021-10-01,FALSE
CT,2016-12-01,1331,471821,2.8209850769677485,2021-10-01,FALSE
CT,2017-01-01,3153,471821,6.682619044086635,2021-10-01,FALSE
CT,2017-02-01,2789,471821,5.911140029799436,2021-10-01,FALSE
CT,2017-03-01,2912,471821,6.171832114297583,2021-10-01,FALSE
CT,2017-04-01,2279,471821,4.83022163066078,2021-10-01,FALSE
CT,2017-05-01,3181,471821,6.7419635836471885,2021-10-01,FALSE
CT,2017-06-01,3158,471821,6.693216283293876,2021-10-01,FALSE
CT,2017-07-01,3267,471821,6.924236098011746,2021-10-01,FALSE
CT,2017-08-01,3582,471821,7.5918621680679745,2021-10-01,FALSE
CT,2017-09-01,3008,471821,6.375299107076624,2021-10-01,FALSE
CT,2017-10-01,3304,471821,7.0026556681453345,2021-10-01,FALSE
CT,2017-11-01,2918,471821,6.184548801346273,2021-10-01,FALSE
CT,2017-12-01,2835,471821,6.0086346305060605,2021-10-01,FALSE
CT,2018-01-01,3010,471821,6.379538002759521,2021-10-01,FALSE
CT,2018-02-01,2913,471821,6.173951562139032,2021-10-01,FALSE
CT,2018-03-01,2380,471821,5.0442858626470635,2021-10-01,FALSE
CT,2018-04-01,2427,471821,5.143899911195136,2021-10-01,FALSE
CT,2018-05-01,2587,471821,5.483011565826871,2021-10-01,FALSE
CT,2018-06-01,3125,471821,6.623274504526081,2021-10-01,FALSE
CT,2018-07-01,3246,471821,6.879727693341331,2021-10-01,FALSE
CT,2018-08-01,3284,471821,6.960266711316367,2021-10-01,FALSE
CT,2018-09-01,3029,471821,6.41980751174704,2021-10-01,FALSE
CT,2018-10-01,3522,471821,7.464695297581074,2021-10-01,FALSE
CT,2018-11-01,2769,471821,5.86875107297047,2021-10-01,FALSE
CT,2018-12-01,2618,471821,5.5487144489117695,2021-10-01,FALSE
CT,2019-01-01,3069,471821,6.504585425404973,2021-10-01,FALSE
CT,2019-02-01,2471,471821,5.237155616218863,2021-10-01,FALSE
CT,2019-03-01,2503,471821,5.304977947145209,2021-10-01,FALSE
CT,2019-04-01,2257,471821,4.783593778148917,2021-10-01,FALSE
CT,2019-05-01,2799,471821,5.93233450821392,2021-10-01,FALSE
CT,2019-06-01,2693,471821,5.707673037020395,2021-10-01,FALSE
CT,2019-07-01,3279,471821,6.949669472109126,2021-10-01,FALSE
CT,2019-08-01,3192,471821,6.76527750990312,2021-10-01,FALSE
CT,2019-09-01,3026,471821,6.413449168222694,2021-10-01,FALSE
CT,2019-10-01,3010,471821,6.379538002759521,2021-10-01,FALSE
CT,2019-11-01,2580,471821,5.468175430936732,2021-10-01,FALSE
CT,2019-12-01,2631,471821,5.576267270850598,2021-10-01,FALSE
CT,2020-01-01,2849,471821,6.038306900286337,2021-10-01,FALSE
CT,2020-02-01,2272,471821,4.8153854957706415,2021-10-01,FALSE
CT,2020-03-01,1773,471821,3.7577810228879174,2021-10-01,FALSE
CT,2020-04-01,221,454060,0.48671981676430426,2021-10-01,FALSE
CT,2020-05-01,31,405491,0.07645052541240126,2021-10-01,FALSE
CT,2020-06-01,38,440064,0.08635107620709714,2021-10-01,FALSE
CT,2020-07-01,236,471821,0.5001896905818096,2021-10-01,FALSE
CT,2020-08-01,211,454165,0.46458886087655366,2021-10-01,FALSE
CT,2020-09-01,322,471821,0.6824622049463673,2021-10-01,FALSE
CT,2020-10-01,484,471821,1.0258127552609995,2021-10-01,FALSE
CT,2020-11-01,755,471821,1.600183120293501,2021-10-01,FALSE
CT,2020-12-01,880,471821,1.8651141004745444,2021-10-01,FALSE
CT,2021-01-01,883,471821,1.8714724439988895,2021-10-01,FALSE
CT,2021-02-01,961,471821,2.0367893756318605,2021-10-01,FALSE
CT,2021-03-01,1403,471821,2.9735853215520294,2021-10-01,FALSE
CT,2021-04-01,1151,471821,2.439484465507046,2021-10-01,FALSE
CT,2021-05-01,913,471821,1.9350558792423398,2021-10-01,FALSE
CT,2021-06-01,1037,471821,2.1978674115819348,2021-10-01,FALSE
CT,2021-07-01,584,471821,1.237757539405834,2021-10-01,FALSE
CT,2021-08-01,872,471821,1.8481585177429576,2021-10-01,FALSE
CT,2021-09-01,1644,471821,3.4843722513410804,2021-10-01,FALSE
CT,2021-10-01,1417,471821,3.0032575913323063,2021-10-01,TRUE
CT,2021-11-01,1701,471821,3.6051807783036365,2021-10-01,TRUE
CT,2021-12-01,1933,471821,4.096892677519652,2021-10-01,TRUE
CT,2022-01-01,1948,471821,4.128684395141378,2021-10-01,TRUE
CT,2022-02-01,1806,471821,3.8277228016557125,2021-10-01,TRUE
CT,2022-03-01,3972,471821,8.41844682623283,2021-10-01,TRUE
CT,2022-04-01,3459,471821,7.331170083569829,2021-10-01,TRUE
CT,2022-05-01,3244,471821,6.875488797658434,2021-10-01,TRUE
CT,2022-06-01,3381,471821,7.165853151936857,2021-10-01,TRUE
CT,2022-07-01,3317,471821,7.0302084900841635,2021-10-01,TRUE
CT,2022-08-01,3479,471821,7.373559040398796,2021-10-01,TRUE
CT,2022-09-01,3344,471821,7.0874335818032685,2021-10-01,TRUE
CT,2022-10-01,3283,471821,6.9581472634749195,2021-10-01,TRUE
CT,2022-11-01,3273,471821,6.936952785060436,2021-10-01,TRUE
CT,2022-12-01,2708,471821,5.73946475464212,2021-10-01,TRUE
CT,2023-01-01,1427,471821,3.0244520697467894,2021-10-01,TRUE
CT,2023-02-01,1097,471821,2.3250342820688354,2021-10-01,TRUE
CT,2023-03-01,1202,471821,2.547576305420912,2021-10-01,TRUE
CT,2023-04-01,989,471821,2.096133915192414,2021-10-01,TRUE
CT,2023-05-01,1077,471821,2.2826453252398684,2021-10-01,TRUE
CT,2023-06-01,1263,471821,2.676862623749261,2021-10-01,TRUE
CT,2023-07-01,1165,471821,2.469156735287323,2021-10-01,TRUE
CT,2023-08-01,1348,471821,2.8570156902723705,2021-10-01,TRUE
CT,2023-09-01,1222,471821,2.5899652622498786,2021-10-01,TRUE
CT,2023-10-01,1347,471821,2.854896242430922,2021-10-01,TRUE
CT,2023-11-01,1279,471821,2.710773789212434,2021-10-01,TRUE
CT,2023-12-01,1167,471821,2.4733956309702196,2021-10-01,TRUE
CT,2024-01-01,1255,471821,2.659907041017674,2021-10-01,TRUE
CT,2024-02-01,1088,471821,2.3059592514958003,2021-10-01,TRUE
CT,2024-03-01,1146,471821,2.4288872262998042,2021-10-01,TRUE
CT,2024-04-01,1178,471821,2.4967095572261515,2021-10-01,TRUE
CT,2024-05-01,1128,471821,2.3907371651537344,2021-10-01,TRUE
CT,2024-06-01,1134,471821,2.403453852202424,2021-10-01,TRUE
CT,2024-07-01,1369,471821,2.9015240949427854,2021-10-01,TRUE
CT,2024-08-01,1267,471821,2.6853404151150544,2021-10-01,TRUE
CT,2024-09-01,1331,471821,2.8209850769677485,2021-10-01,TRUE
CT,2024-10-01,1311,471821,2.7785961201387814,2021-10-01,TRUE
CT,2024-11-01,1091,471821,2.3123175950201453,2021-10-01,TRUE
CT,2024-12-01,1272,471821,2.695937654322296,2021-10-01,TRUE
CT,2025-01-01,1252,471821,2.653548697493329,2021-10-01,TRUE
CT,2025-02-01,1140,471821,2.416170539251114,2021-10-01,TRUE
CT,2025-03-01,1308,471821,2.7722377766144364,2021-10-01,TRUE
CT,2025-04-01,1145,471821,2.426767778458356,2021-10-01,TRUE
CT,2025-05-01,1172,471821,2.4839928701774614,2021-10-01,TRUE
CT,2025-06-01,1365,471821,2.893046303576992,2021-10-01,TRUE
CT,2025-07-01,906,471821,1.9202197443522013,2021-10-01,TRUE
DE,2016-01-01,3395,109869,30.900435973750557,2018-06-01,FALSE
DE,2016-02-01,2412,109869,21.953417251454006,2018-06-01,FALSE
DE,2016-03-01,2421,109869,22.03533298746689,2018-06-01,FALSE
DE,2016-04-01,2810,109869,25.57591313291283,2018-06-01,FALSE
DE,2016-05-01,2874,109869,26.158425033448925,2018-06-01,FALSE
DE,2016-06-01,3169,109869,28.84344082498248,2018-06-01,FALSE
DE,2016-07-01,2991,109869,27.22332960161647,2018-06-01,FALSE
DE,2016-08-01,3305,109869,30.081278613621677,2018-06-01,FALSE
DE,2016-09-01,3116,109869,28.36104815735103,2018-06-01,FALSE
DE,2016-10-01,3206,109869,29.18020551747991,2018-06-01,FALSE
DE,2016-11-01,2825,109869,25.712439359600978,2018-06-01,FALSE
DE,2016-12-01,2937,109869,26.731835185539143,2018-06-01,FALSE
DE,2017-01-01,2980,109869,27.12321036871183,2018-06-01,FALSE
DE,2017-02-01,2726,109869,24.81136626345921,2018-06-01,FALSE
DE,2017-03-01,2417,109869,21.998925993683386,2018-06-01,FALSE
DE,2017-04-01,2532,109869,23.045627064959177,2018-06-01,FALSE
DE,2017-05-01,2997,109869,27.27794009229173,2018-06-01,FALSE
DE,2017-06-01,3267,109869,29.735412172678373,2018-06-01,FALSE
DE,2017-07-01,2913,109869,26.513393222838108,2018-06-01,FALSE
DE,2017-08-01,3264,109869,29.708106927340744,2018-06-01,FALSE
DE,2017-09-01,3172,109869,28.87074607032011,2018-06-01,FALSE
DE,2017-10-01,3133,109869,28.515777880930926,2018-06-01,FALSE
DE,2017-11-01,2727,109869,24.82046801190509,2018-06-01,FALSE
DE,2017-12-01,2608,109869,23.73735994684579,2018-06-01,FALSE
DE,2018-01-01,3093,109869,28.151707943095868,2018-06-01,FALSE
DE,2018-02-01,2921,109869,26.586207210405117,2018-06-01,FALSE
DE,2018-03-01,2536,109869,23.082034058742686,2018-06-01,FALSE
DE,2018-04-01,2607,109869,23.728258198399914,2018-06-01,FALSE
DE,2018-05-01,3032,109869,27.596501287897404,2018-06-01,FALSE
DE,2018-06-01,3071,109869,27.951469477286587,2018-06-01,TRUE
DE,2018-07-01,2887,109869,26.276747763245318,2018-06-01,TRUE
DE,2018-08-01,3424,109869,31.164386678680973,2018-06-01,TRUE
DE,2018-09-01,3070,109869,27.94236772884071,2018-06-01,TRUE
DE,2018-10-01,3345,109869,30.445348551456735,2018-06-01,TRUE
DE,2018-11-01,2772,109869,25.230046691969527,2018-06-01,TRUE
DE,2018-12-01,2745,109869,24.98429948393086,2018-06-01,TRUE
DE,2019-01-01,3174,109869,28.88894956721186,2018-06-01,TRUE
DE,2019-02-01,3088,109869,28.106199200866488,2018-06-01,TRUE
DE,2019-03-01,2515,109869,22.89089734137928,2018-06-01,TRUE
DE,2019-04-01,2642,109869,24.04681939400559,2018-06-01,TRUE
DE,2019-05-01,2861,109869,26.04010230365253,2018-06-01,TRUE
DE,2019-06-01,2640,109869,24.028615897113834,2018-06-01,TRUE
DE,2019-07-01,3346,109869,30.45445029990261,2018-06-01,TRUE
DE,2019-08-01,3324,109869,30.25421183409333,2018-06-01,TRUE
DE,2019-09-01,2925,109869,26.622614204188626,2018-06-01,TRUE
DE,2019-10-01,3233,109869,29.425952725518574,2018-06-01,TRUE
DE,2019-11-01,2714,109869,24.70214528210869,2018-06-01,TRUE
DE,2019-12-01,2901,109869,26.40417224148759,2018-06-01,TRUE
DE,2020-01-01,2994,109869,27.2506348469541,2018-06-01,TRUE
DE,2020-02-01,2892,109869,26.3222565054747,2018-06-01,TRUE
DE,2020-03-01,1316,109869,11.977900954773412,2018-06-01,TRUE
DE,2020-04-01,16,89535,0.1787010666219914,2018-06-01,TRUE
DE,2020-05-01,26,89535,0.290389233260736,2018-06-01,TRUE
DE,2020-06-01,81,109869,0.7372416241159927,2018-06-01,TRUE
DE,2020-07-01,1074,109869,9.77527783087131,2018-06-01,TRUE
DE,2020-08-01,1113,109869,10.130246020260492,2018-06-01,TRUE
DE,2020-09-01,1468,109869,13.361366718546632,2018-06-01,TRUE
DE,2020-10-01,1465,109869,13.334061473209003,2018-06-01,TRUE
DE,2020-11-01,1305,109869,11.877781721868772,2018-06-01,TRUE
DE,2020-12-01,1163,109869,10.585333442554315,2018-06-01,TRUE
DE,2021-01-01,1117,109869,10.166653014043998,2018-06-01,TRUE
DE,2021-02-01,1214,109869,11.049522613294014,2018-06-01,TRUE
DE,2021-03-01,1345,109869,12.24185165970383,2018-06-01,TRUE
DE,2021-04-01,1124,109869,10.230365253165132,2018-06-01,TRUE
DE,2021-05-01,1072,109869,9.757074333979558,2018-06-01,TRUE
DE,2021-06-01,1123,109869,10.221263504719257,2018-06-01,TRUE
DE,2021-07-01,1259,109869,11.459101293358454,2018-06-01,TRUE
DE,2021-08-01,1676,109869,15.254530395288935,2018-06-01,TRUE
DE,2021-09-01,1667,109869,15.172614659276046,2018-06-01,TRUE
DE,2021-10-01,1790,109869,16.29212971811885,2018-06-01,TRUE
DE,2021-11-01,1544,109869,14.053099600433244,2018-06-01,TRUE
DE,2021-12-01,1817,109869,16.537876926157516,2018-06-01,TRUE
DE,2022-01-01,1640,109869,14.926867451237383,2018-06-01,TRUE
DE,2022-02-01,1809,109869,16.465062938590503,2018-06-01,TRUE
DE,2022-03-01,2038,109869,18.54936333269621,2018-06-01,TRUE
DE,2022-04-01,1894,109869,17.238711556490003,2018-06-01,TRUE
DE,2022-05-01,1724,109869,15.691414320691004,2018-06-01,TRUE
DE,2022-06-01,1824,109869,16.60158916527865,2018-06-01,TRUE
DE,2022-07-01,1746,109869,15.891652786500286,2018-06-01,TRUE
DE,2022-08-01,2264,109869,20.60635848146429,2018-06-01,TRUE
DE,2022-09-01,1977,109869,17.99415667749775,2018-06-01,TRUE
DE,2022-10-01,1985,109869,18.06697066506476,2018-06-01,TRUE
DE,2022-11-01,1832,109869,16.674403152845663,2018-06-01,TRUE
DE,2022-12-01,2086,109869,18.98624725809828,2018-06-01,TRUE
DE,2023-01-01,1456,109869,13.252145737196116,2018-06-01,TRUE
DE,2023-02-01,1255,109869,11.422694299574948,2018-06-01,TRUE
DE,2023-03-01,1134,109869,10.321382737623898,2018-06-01,TRUE
DE,2023-04-01,819,109869,7.4543319771728145,2018-06-01,TRUE
DE,2023-05-01,1081,109869,9.838990069992446,2018-06-01,TRUE
DE,2023-06-01,1216,109869,11.067726110185767,2018-06-01,TRUE
DE,2023-07-01,1035,109869,9.42030964148213,2018-06-01,TRUE
DE,2023-08-01,1242,109869,11.304371569778555,2018-06-01,TRUE
DE,2023-09-01,1125,109869,10.23946700161101,2018-06-01,TRUE
DE,2023-10-01,1027,109869,9.347495653915118,2018-06-01,TRUE
DE,2023-11-01,1069,109869,9.729769088641929,2018-06-01,TRUE
DE,2023-12-01,949,109869,8.637559275136754,2018-06-01,TRUE
DE,2024-01-01,891,109869,8.109657865275919,2018-06-01,TRUE
DE,2024-02-01,852,109869,7.754689675886738,2018-06-01,TRUE
DE,2024-03-01,864,109869,7.8639106572372555,2018-06-01,TRUE
DE,2024-04-01,825,109869,7.508942467848073,2018-06-01,TRUE
DE,2024-05-01,924,109869,8.410015563989843,2018-06-01,TRUE
DE,2024-06-01,939,109869,8.546541790677988,2018-06-01,TRUE
DE,2024-07-01,1130,109869,10.284975743840391,2018-06-01,TRUE
DE,2024-08-01,1003,109869,9.129053691214082,2018-06-01,TRUE
DE,2024-09-01,1097,109869,9.984618045126469,2018-06-01,TRUE
DE,2024-10-01,1218,109869,11.085929607077519,2018-06-01,TRUE
DE,2024-11-01,870,109869,7.918521147912514,2018-06-01,TRUE
DE,2024-12-01,765,109869,6.962837561095486,2018-06-01,TRUE
DE,2025-01-01,884,109869,8.045945626154785,2018-06-01,TRUE
DE,2025-02-01,1141,109869,10.385094976745032,2018-06-01,TRUE
DE,2025-03-01,950,109869,8.6466610235826309,2018-06-01,TRUE
DE,2025-04-01,891,109869,8.109657865275919,2018-06-01,TRUE
DE,2025-05-01,865,109869,7.873012405683132,2018-06-01,TRUE
DE,2025-06-01,955,109869,8.692169765812013,2018-06-01,TRUE
DE,2025-07-01,1012,109869,9.21096942722697,2018-06-01,TRUE
DE,2025-08-01,762,109869,6.9355323157578574,2018-06-01,TRUE
DE,2025-09-01,679,109869,6.1800871947501115,2018-06-01,TRUE
FL,2012-01-01,3235,0,NA,NA,FALSE
FL,2012-02-01,2536,0,NA,NA,FALSE
FL,2012-03-01,2545,0,NA,NA,FALSE
FL,2012-04-01,2760,0,NA,NA,FALSE
FL,2012-05-01,3253,0,NA,NA,FALSE
FL,2012-06-01,3450,0,NA,NA,FALSE
FL,2012-07-01,3535,0,NA,NA,FALSE
FL,2012-08-01,3604,0,NA,NA,FALSE
FL,2012-09-01,3280,0,NA,NA,FALSE
FL,2012-10-01,3513,0,NA,NA,FALSE
FL,2012-11-01,2784,0,NA,NA,FALSE
FL,2012-12-01,2647,0,NA,NA,FALSE
FL,2013-01-01,3596,0,NA,NA,FALSE
FL,2013-02-01,2797,0,NA,NA,FALSE
FL,2013-03-01,2422,0,NA,NA,FALSE
FL,2013-04-01,2891,0,NA,NA,FALSE
FL,2013-05-01,3298,0,NA,NA,FALSE
FL,2013-06-01,3384,0,NA,NA,FALSE
FL,2013-07-01,3565,0,NA,NA,FALSE
FL,2013-08-01,3610,0,NA,NA,FALSE
FL,2013-09-01,3341,0,NA,NA,FALSE
FL,2013-10-01,3576,0,NA,NA,FALSE
FL,2013-11-01,2902,0,NA,NA,FALSE
FL,2013-12-01,3112,0,NA,NA,FALSE
FL,2014-01-01,3543,0,NA,NA,FALSE
FL,2014-02-01,2685,0,NA,NA,FALSE
FL,2014-03-01,2494,0,NA,NA,FALSE
FL,2014-04-01,2774,0,NA,NA,FALSE
FL,2014-05-01,3206,0,NA,NA,FALSE
FL,2014-06-01,3525,0,NA,NA,FALSE
FL,2014-07-01,3753,0,NA,NA,FALSE
FL,2014-08-01,3450,0,NA,NA,FALSE
FL,2014-09-01,3401,0,NA,NA,FALSE
FL,2014-10-01,3487,0,NA,NA,FALSE
FL,2014-11-01,2629,0,NA,NA,FALSE
FL,2014-12-01,3016,0,NA,NA,FALSE
FL,2015-01-01,3499,0,NA,NA,FALSE
FL,2015-02-01,2454,0,NA,NA,FALSE
FL,2015-03-01,2597,0,NA,NA,FALSE
FL,2015-04-01,2811,0,NA,NA,FALSE
FL,2015-05-01,3029,0,NA,NA,FALSE
FL,2015-06-01,3460,0,NA,NA,FALSE
FL,2015-07-01,3520,0,NA,NA,FALSE
FL,2015-08-01,3262,0,NA,NA,FALSE
FL,2015-09-01,3326,0,NA,NA,FALSE
FL,2015-10-01,3338,0,NA,NA,FALSE
FL,2015-11-01,2561,0,NA,NA,FALSE
FL,2015-12-01,2920,0,NA,NA,FALSE
FL,2016-01-01,9209,1456250,6.323776824034335,NA,FALSE
FL,2016-02-01,7752,1454837,5.328431982414525,NA,FALSE
FL,2016-03-01,7553,1454314,5.1935139179021865,NA,FALSE
FL,2016-04-01,7702,1456737,5.2871589037691775,NA,FALSE
FL,2016-05-01,8489,1456250,5.8293562231759655,NA,FALSE
FL,2016-06-01,9439,1456737,6.479549843245555,NA,FALSE
FL,2016-07-01,9411,1456250,6.462489270386266,NA,FALSE
FL,2016-08-01,9877,1456250,6.782489270386266,NA,FALSE
FL,2016-09-01,9452,1456737,6.4884738974845835,NA,FALSE
FL,2016-10-01,8831,1456250,6.064206008583691,NA,FALSE
FL,2016-11-01,8521,1455324,5.855053582569929,NA,FALSE
FL,2016-12-01,8339,1456214,5.7264934961482306,NA,FALSE
FL,2017-01-01,9465,1455630,6.502339193338966,NA,FALSE
FL,2017-02-01,7804,1456250,5.358969957081545,NA,FALSE
FL,2017-03-01,7466,1456737,5.125152996045271,NA,FALSE
FL,2017-04-01,6813,1456214,4.678570594706548,NA,FALSE
FL,2017-05-01,8509,1455727,5.845189379602082,NA,FALSE
FL,2017-06-01,9366,1455181,6.436312733604961,NA,FALSE
FL,2017-07-01,9014,1455727,6.192095083762271,NA,FALSE
FL,2017-08-01,9974,1456737,6.846808998467122,NA,FALSE
FL,2017-09-01,7446,1455592,5.115444437727056,NA,FALSE
FL,2017-10-01,11145,1456737,7.650660345690403,NA,FALSE
FL,2017-11-01,8653,1455727,5.944109025936869,NA,FALSE
FL,2017-12-01,8377,1455617,5.75494790181758,NA,FALSE
FL,2018-01-01,9851,1456737,6.762373716051696,NA,FALSE
FL,2018-02-01,7562,1456214,5.192918073854529,NA,FALSE
FL,2018-03-01,7098,1455088,4.878055485303982,NA,FALSE
FL,2018-04-01,7418,1456737,5.092202641931935,NA,FALSE
FL,2018-05-01,8380,1456737,5.752582655620061,NA,FALSE
FL,2018-06-01,8990,1455324,6.177318590224583,NA,FALSE
FL,2018-07-01,9051,1455324,6.219233655186062,NA,FALSE
FL,2018-08-01,9718,1455617,6.676206721960516,NA,FALSE
FL,2018-09-01,8282,1456250,5.687210300429185,NA,FALSE
FL,2018-10-01,9883,1456737,6.784340618793921,NA,FALSE
FL,2018-11-01,8147,1455324,5.598066135101187,NA,FALSE
FL,2018-12-01,7780,1455592,5.344904341326416,NA,FALSE
FL,2019-01-01,9521,1456737,6.535840031522506,NA,FALSE
FL,2019-02-01,7826,1455259,5.377736883949868,NA,FALSE
FL,2019-03-01,6673,1456737,4.580785687464518,NA,FALSE
FL,2019-04-01,7011,1456214,4.814539621236989,NA,FALSE
FL,2019-05-01,8035,1456737,5.515751985430452,NA,FALSE
FL,2019-06-01,8257,1455727,5.672079998516205,NA,FALSE
FL,2019-07-01,9221,1456737,6.3299003183141505,NA,FALSE
FL,2019-08-01,9472,1454801,6.510856123964721,NA,FALSE
FL,2019-09-01,8826,1455811,6.062600158949205,NA,FALSE
FL,2019-10-01,9508,1456250,6.529098712446352,NA,FALSE
FL,2019-11-01,7632,1455727,5.242741255743693,NA,FALSE
FL,2019-12-01,8142,1456737,5.5892038164747655,NA,FALSE
FL,2020-01-01,6624,1456250,4.548669527896996,NA,FALSE
FL,2020-02-01,5488,1456214,3.7686768565609174,NA,FALSE
FL,2020-03-01,3853,1455611,2.6469984082285722,NA,FALSE
FL,2020-04-01,817,1433705,0.56985223598997,NA,FALSE
FL,2020-05-01,1255,1447649,0.8669228521554604,NA,FALSE
FL,2020-06-01,1499,1451938,1.0324132297660094,NA,FALSE
FL,2020-07-01,1226,1452739,0.8439230997446892,NA,FALSE
FL,2020-08-01,4610,1454296,3.1699186410469395,NA,FALSE
FL,2020-09-01,5303,1456250,3.6415450643776826,NA,FALSE
FL,2020-10-01,6511,1456250,4.47107296137339,NA,FALSE
FL,2020-11-01,5339,1456737,3.665040429398031,NA,FALSE
FL,2020-12-01,5701,1456737,3.9135410166694466,NA,FALSE
FL,2021-01-01,5224,1452296,3.5970628577094477,NA,FALSE
FL,2021-02-01,4799,1453456,3.301785537367488,NA,FALSE
FL,2021-03-01,4685,1456737,3.2160918546038166,NA,FALSE
FL,2021-04-01,4292,1456737,2.946310830300871,NA,FALSE
FL,2021-05-01,3994,1455630,2.743829132403152,NA,FALSE
FL,2021-06-01,4121,1456737,2.8289251937721085,NA,FALSE
FL,2021-07-01,4403,1456737,3.0225085241879626,NA,FALSE
FL,2021-08-01,4429,1454410,3.0452210862136537,NA,FALSE
FL,2021-09-01,5010,1456214,3.4404283985732866,NA,FALSE
FL,2021-10-01,4950,1456737,3.398005267937864,NA,FALSE
FL,2021-11-01,4634,1456250,3.182145922746781,NA,FALSE
FL,2021-12-01,4427,1456737,3.038983701244631,NA,FALSE
FL,2022-01-01,5178,1456737,3.554519449976214,NA,FALSE
FL,2022-02-01,4764,1454801,3.2746746805920535,NA,FALSE
FL,2022-03-01,5489,1455324,3.77166871432066,NA,FALSE
FL,2022-04-01,5144,1456250,3.5323605150214594,NA,FALSE
FL,2022-05-01,5514,1456737,3.785171928769572,NA,FALSE
FL,2022-06-01,6399,1456737,4.39269408273422,NA,FALSE
FL,2022-07-01,6556,1456214,4.502085545119055,NA,FALSE
FL,2022-08-01,7504,1456737,5.1512386930516625,NA,FALSE
FL,2022-09-01,6407,1456737,4.398185808419776,NA,FALSE
FL,2022-10-01,6968,1455324,4.7879372565834135,NA,FALSE
FL,2022-11-01,6083,1456737,4.175770918154753,NA,FALSE
FL,2022-12-01,5967,1448865,4.118396123862472,NA,FALSE
FL,2023-01-01,6278,1242238,5.053781964486676,NA,FALSE
FL,2023-02-01,5680,1242238,4.57239272989556,NA,FALSE
FL,2023-03-01,5512,1242238,4.437152944926818,NA,FALSE
FL,2023-04-01,4453,1242238,3.584659300391712,NA,FALSE
FL,2023-05-01,5335,1203596,4.432550457130134,NA,FALSE
FL,2023-06-01,5778,1203596,4.800614159568493,NA,FALSE
FL,2023-07-01,5409,1203596,4.494032881465209,NA,FALSE
FL,2023-08-01,6081,1203596,5.052359761913466,NA,FALSE
FL,2023-09-01,5770,1203596,4.793967410991728,NA,FALSE
FL,2023-10-01,5939,1203596,4.934379974675888,NA,FALSE
FL,2023-11-01,4917,1203596,4.085257843994164,NA,FALSE
FL,2023-12-01,4663,1203596,3.8742235766818767,NA,FALSE
FL,2024-01-01,3879,659198,5.884423193031532,NA,FALSE
FL,2024-02-01,3550,659198,5.385331872972915,NA,FALSE
FL,2024-03-01,2982,659198,4.523678773297249,NA,FALSE
FL,2024-04-01,3179,659198,4.822526767374901,NA,FALSE
FL,2024-05-01,3445,659198,5.226047409124421,NA,FALSE
FL,2024-06-01,3256,659198,4.939335374197131,NA,FALSE
FL,2024-07-01,3876,659198,5.879872208350147,NA,FALSE
FL,2024-08-01,3714,659198,5.634119035555326,NA,FALSE
FL,2024-09-01,3412,659198,5.17598657762918,NA,FALSE
FL,2024-10-01,3254,659198,4.93630138440954,NA,FALSE
FL,2024-11-01,2976,659198,4.514576803934478,NA,FALSE
FL,2024-12-01,3320,659198,5.036423047400023,NA,FALSE
FL,2025-01-01,4056,659198,6.152931289233281,NA,FALSE
FL,2025-02-01,3302,659198,5.009117139311709,NA,FALSE
FL,2025-03-01,3073,659198,4.661725308632612,NA,FALSE
FL,2025-04-01,2597,659198,3.939635739186102,NA,FALSE
FL,2025-05-01,2709,529852,5.112748465609265,NA,FALSE
FL,2025-06-01,2924,529852,5.518522153356032,NA,FALSE
FL,2025-07-01,3226,529852,6.088492635679398,NA,FALSE
FL,2025-08-01,3080,529852,5.812943991907174,NA,FALSE
FL,2025-09-01,3283,529852,6.196069845919238,NA,FALSE
GA,2016-01-01,2562,89578,28.60077251110764,NA,FALSE
GA,2016-02-01,1969,89578,21.980843510683428,NA,FALSE
GA,2016-03-01,1678,89578,18.732278014691108,NA,FALSE
GA,2016-04-01,1896,89578,21.165911272857176,NA,FALSE
GA,2016-05-01,2235,89578,24.950322623858536,NA,FALSE
GA,2016-06-01,2310,89578,25.787581772310165,NA,FALSE
GA,2016-07-01,2427,89578,27.093706043894706,NA,FALSE
GA,2016-08-01,2468,89578,27.55140771171493,NA,FALSE
GA,2016-09-01,2367,89578,26.4238987251334,NA,FALSE
GA,2016-10-01,2258,89578,25.20708209605037,NA,FALSE
GA,2016-11-01,2085,89578,23.275804326955278,NA,FALSE
GA,2016-12-01,2144,89578,23.934448190403895,NA,FALSE
GA,2017-01-01,2693,89578,30.063185157069817,NA,FALSE
GA,2017-02-01,2215,89578,24.72705351760477,NA,FALSE
GA,2017-03-01,1557,89578,17.381499921855813,NA,FALSE
GA,2017-04-01,1904,89578,21.255218915358682,NA,FALSE
GA,2017-05-01,2365,89578,26.401571814508028,NA,FALSE
GA,2017-06-01,2417,89578,26.982071490767822,NA,FALSE
GA,2017-07-01,2398,89578,26.769965839826742,NA,FALSE
GA,2017-08-01,2703,89578,30.1748197101967,NA,FALSE
GA,2017-09-01,2426,89578,27.08254258858202,NA,FALSE
GA,2017-10-01,2571,89578,28.701243608921832,NA,FALSE
GA,2017-11-01,2390,89578,26.680658197325236,NA,FALSE
GA,2017-12-01,2147,89578,23.96793855634196,NA,FALSE
GA,2018-01-01,2871,89578,32.050280202728345,NA,FALSE
GA,2018-02-01,2237,89578,24.972649534483914,NA,FALSE
GA,2018-03-01,1759,89578,19.636517895018866,NA,FALSE
GA,2018-04-01,2063,89578,23.030208310076134,NA,FALSE
GA,2018-05-01,2382,89578,26.59135055482373,NA,FALSE
GA,2018-06-01,2503,89578,27.942128647659022,NA,FALSE
GA,2018-07-01,2707,89578,30.219473531447452,NA,FALSE
GA,2018-08-01,2854,89578,31.860501462412646,NA,FALSE
GA,2018-09-01,2684,89578,29.96271405925562,NA,FALSE
GA,2018-10-01,2650,89578,29.583156578624216,NA,FALSE
GA,2018-11-01,2247,89578,25.084284087610797,NA,FALSE
GA,2018-12-01,2382,89578,26.59135055482373,NA,FALSE
GA,2019-01-01,2968,89578,33.13313536805912,NA,FALSE
GA,2019-02-01,2489,89578,27.785840273281387,NA,FALSE
GA,2019-03-01,1860,89578,20.764026881600394,NA,FALSE
GA,2019-04-01,2296,89578,25.631293397932527,NA,FALSE
GA,2019-05-01,2455,89578,27.406282792649982,NA,FALSE
GA,2019-06-01,2615,89578,29.192435642680124,NA,FALSE
GA,2019-07-01,2696,89578,30.09667552300788,NA,FALSE
GA,2019-08-01,2767,89578,30.889280850208756,NA,FALSE
GA,2019-09-01,2538,89578,28.332849583603117,NA,FALSE
GA,2019-10-01,2569,89578,28.678916698296458,NA,FALSE
GA,2019-11-01,2283,89578,25.48616847886758,NA,FALSE
GA,2019-12-01,2478,89578,27.663042264841813,NA,FALSE
GA,2020-01-01,2721,89578,30.37576190582509,NA,FALSE
GA,2020-02-01,2633,89578,29.393377838308513,NA,FALSE
GA,2020-03-01,1436,89578,16.030721829020518,NA,FALSE
GA,2020-04-01,282,89578,3.148094398178124,NA,FALSE
GA,2020-05-01,266,89578,2.96947911317511,NA,FALSE
GA,2020-06-01,545,89578,6.0840831454151685,NA,FALSE
GA,2020-07-01,674,89578,7.52416888075197,NA,FALSE
GA,2020-08-01,753,89578,8.406081850454353,NA,FALSE
GA,2020-09-01,1608,89578,17.95083614280292,NA,FALSE
GA,2020-10-01,1478,89578,16.49958695215343,NA,FALSE
GA,2020-11-01,1615,89578,18.02898032999174,NA,FALSE
GA,2020-12-01,1583,89578,17.671749759985712,NA,FALSE
GA,2021-01-01,1480,89578,16.521913862778806,NA,FALSE
GA,2021-02-01,1440,89578,16.075375650271273,NA,FALSE
GA,2021-03-01,1087,89578,12.134675924892273,NA,FALSE
GA,2021-04-01,966,89578,10.783897832056978,NA,FALSE
GA,2021-05-01,1055,89578,11.777445354886245,NA,FALSE
GA,2021-06-01,1338,89578,14.936703208377057,NA,FALSE
GA,2021-07-01,1363,89578,15.215789591194266,NA,FALSE
GA,2021-08-01,1539,89578,17.180557726227423,NA,FALSE
GA,2021-09-01,1823,89578,20.350979035030925,NA,FALSE
GA,2021-10-01,1839,89578,20.529594320033937,NA,FALSE
GA,2021-11-01,1551,89578,17.314519189979684,NA,FALSE
GA,2021-12-01,2100,89578,23.443256156645607,NA,FALSE
GA,2022-01-01,1915,89578,21.378016923798253,NA,FALSE
GA,2022-02-01,1271,89578,14.188751702426936,NA,FALSE
GA,2022-03-01,2004,89578,22.37156444662752,NA,FALSE
GA,2022-04-01,1626,89578,18.15177833843131,NA,FALSE
GA,2022-05-01,2402,89578,26.814619661077497,NA,FALSE
GA,2022-06-01,2022,89578,22.57250664225591,NA,FALSE
GA,2022-07-01,2099,89578,23.432092701332916,NA,FALSE
GA,2022-08-01,2473,89578,27.60722498827837,NA,FALSE
GA,2022-09-01,2384,89578,26.613677465449104,NA,FALSE
GA,2022-10-01,2351,89578,26.24528344013039,NA,FALSE
GA,2022-11-01,2145,89578,23.945611645716582,NA,FALSE
GA,2022-12-01,2181,89578,24.347496036973364,NA,FALSE
GA,2023-01-01,2735,89578,30.53205028020273,NA,FALSE
GA,2023-02-01,2433,89578,27.160686775770838,NA,FALSE
GA,2023-03-01,2111,89578,23.566054165085177,NA,FALSE
GA,2023-04-01,2058,89578,22.974391033512692,NA,FALSE
GA,2023-05-01,1476,89578,16.477260041528055,NA,FALSE
GA,2023-06-01,2451,89578,27.361628971399227,NA,FALSE
GA,2023-07-01,3339,89578,37.27477728906651,NA,FALSE
GA,2023-08-01,2716,89578,30.31994462926165,NA,FALSE
GA,2023-09-01,2426,89578,27.08254258858202,NA,FALSE
GA,2023-10-01,2679,89578,29.90689678269218,NA,FALSE
GA,2023-11-01,2412,89578,26.92625421420438,NA,FALSE
GA,2023-12-01,2240,89578,25.006139900421978,NA,FALSE
GA,2024-01-01,2775,89578,30.978588492710262,NA,FALSE
GA,2024-02-01,2330,89578,26.010850878563932,NA,FALSE
GA,2024-03-01,1953,89578,21.802228225680413,NA,FALSE
GA,2024-04-01,2116,89578,23.62187144164862,NA,FALSE
GA,2024-05-01,2005,89578,22.382727901940207,NA,FALSE
GA,2024-06-01,1598,60646,26.349635590146093,NA,FALSE
GA,2024-07-01,1642,60646,27.07515747122646,NA,FALSE
GA,2024-08-01,1729,60646,28.50971209972628,NA,FALSE
GA,2024-09-01,1691,60646,27.883125020611416,NA,FALSE
GA,2024-10-01,1695,60646,27.949081555255088,NA,FALSE
GA,2024-11-01,1656,60646,27.306005342479306,NA,FALSE
GA,2024-12-01,1624,60646,26.77835306532995,NA,FALSE
GA,2025-01-01,1885,60646,31.082016950829402,NA,FALSE
GA,2025-02-01,1798,60646,29.647462322329584,NA,FALSE
GA,2025-03-01,1320,60646,21.765656432411042,NA,FALSE
GA,2025-04-01,1395,60646,23.00234145697985,NA,FALSE
GA,2025-05-01,1308,49444,26.454170374565166,NA,FALSE
GA,2025-06-01,1821,49444,36.829544535231776,NA,FALSE
GA,2025-07-01,1949,49444,39.418331850173935,NA,FALSE
GA,2025-08-01,1518,49444,30.70139956314214,NA,FALSE
GA,2025-09-01,1426,49444,28.840708680527467,NA,FALSE
HI,2020-01-01,208,183100,1.13599126160568,NA,FALSE
HI,2020-02-01,212,183100,1.1578372474057892,NA,FALSE
HI,2020-03-01,121,183100,0.6608410704533042,NA,FALSE
HI,2020-04-01,51,183100,0.2785363189513927,NA,FALSE
HI,2020-05-01,26,183100,0.14199890770071,NA,FALSE
HI,2020-06-01,45,183100,0.24576734025122884,NA,FALSE
HI,2020-07-01,61,183100,0.3331512834516658,NA,FALSE
HI,2020-08-01,46,183100,0.2512288367012561,NA,FALSE
HI,2020-09-01,66,183100,0.3604587657018023,NA,FALSE
HI,2020-10-01,89,183100,0.4860731840524304,NA,FALSE
HI,2020-11-01,59,183100,0.3222282905516111,NA,FALSE
HI,2020-12-01,67,183100,0.3659202621518296,NA,FALSE
HI,2021-01-01,80,183100,0.4369197160021846,NA,FALSE
HI,2021-02-01,86,183100,0.4696886947023484,NA,FALSE
HI,2021-03-01,114,183100,0.622610595303113,NA,FALSE
HI,2021-04-01,101,183100,0.551611141452758,NA,FALSE
HI,2021-05-01,106,183100,0.5789186237028946,NA,FALSE
HI,2021-06-01,103,183100,0.5625341343528126,NA,FALSE
HI,2021-07-01,105,183100,0.5734571272528672,NA,FALSE
HI,2021-08-01,168,183100,0.9175314036045876,NA,FALSE
HI,2021-09-01,212,183100,1.1578372474057892,NA,FALSE
HI,2021-10-01,196,183100,1.0704533042053523,NA,FALSE
HI,2021-11-01,184,183100,1.0049153468050245,NA,FALSE
HI,2021-12-01,259,183100,1.4145275805570727,NA,FALSE
HI,2022-01-01,185,183100,1.010376843255052,NA,FALSE
HI,2022-02-01,184,183100,1.0049153468050245,NA,FALSE
HI,2022-03-01,192,183100,1.0486073184052431,NA,FALSE
HI,2022-04-01,166,183100,0.906608410704533,NA,FALSE
HI,2022-05-01,190,183100,1.0376843255051884,NA,FALSE
HI,2022-06-01,181,183100,0.9885308574549426,NA,FALSE
HI,2022-07-01,173,183100,0.9448388858547242,NA,FALSE
HI,2022-08-01,409,183100,2.233752048061169,NA,FALSE
HI,2022-09-01,395,183100,2.1572910977607864,NA,FALSE
ID,2016-01-01,12,10312,1.1636927851047323,NA,FALSE
ID,2016-02-01,9,10312,0.8727695888285493,NA,FALSE
ID,2016-03-01,17,10312,1.6485647788983708,NA,FALSE
ID,2016-04-01,23,29515,0.7792647806200237,NA,FALSE
ID,2016-05-01,28,10312,2.7152831652443754,NA,FALSE
ID,2016-06-01,22,10312,2.133436772692009,NA,FALSE
ID,2016-07-01,22,10312,2.133436772692009,NA,FALSE
ID,2016-08-01,118,66658,1.7702301299168892,NA,FALSE
ID,2016-09-01,103,66658,1.545200876113895,NA,FALSE
ID,2016-10-01,106,66658,1.5902067268744937,NA,FALSE
ID,2016-11-01,83,66658,1.2451618710432357,NA,FALSE
ID,2016-12-01,82,66658,1.2301599207897027,NA,FALSE
ID,2017-01-01,117,66658,1.7552281796633562,NA,FALSE
ID,2017-02-01,84,66658,1.2601638212967685,NA,FALSE
ID,2017-03-01,78,87301,0.8934605560073767,NA,FALSE
ID,2017-04-01,84,85861,0.9783254329672377,NA,FALSE
ID,2017-05-01,96,66658,1.440187224339164,NA,FALSE
ID,2017-06-01,122,66658,1.830237930931021,NA,FALSE
ID,2017-07-01,128,66658,1.9202496324522187,NA,FALSE
ID,2017-08-01,115,66658,1.7252242791562904,NA,FALSE
ID,2017-09-01,125,69130,1.8081874728771878,NA,FALSE
ID,2017-10-01,155,102162,1.5171981754468393,NA,FALSE
ID,2017-11-01,135,97670,1.3822053854817242,NA,FALSE
ID,2017-12-01,124,98721,1.2560650722743893,NA,FALSE
ID,2018-01-01,198,101307,1.9544552696259883,NA,FALSE
ID,2018-02-01,164,103514,1.5843267577332534,NA,FALSE
ID,2018-03-01,155,99723,1.5543054260301035,NA,FALSE
ID,2018-04-01,188,142982,1.3148508203829852,NA,FALSE
ID,2018-05-01,242,147084,1.6453183215033587,NA,FALSE
ID,2018-06-01,216,144271,1.4971823859264857,NA,FALSE
ID,2018-07-01,242,149451,1.6192598242902356,NA,FALSE
ID,2018-08-01,238,142979,1.6645801131634717,NA,FALSE
ID,2018-09-01,214,148715,1.4389940490199375,NA,FALSE
ID,2018-10-01,296,175474,1.686859591734388,NA,FALSE
ID,2018-11-01,259,167509,1.5461855780883416,NA,FALSE
ID,2018-12-01,218,182985,1.1913544826078641,NA,FALSE
ID,2019-01-01,287,172694,1.6618990816125632,NA,FALSE
ID,2019-02-01,238,170444,1.3963530543756306,NA,FALSE
ID,2019-03-01,225,173783,1.2947181254783264,NA,FALSE
ID,2019-04-01,226,173797,1.3003676703280265,NA,FALSE
ID,2019-05-01,239,174812,1.3671830309132096,NA,FALSE
ID,2019-06-01,268,175488,1.5271699489423778,NA,FALSE
ID,2019-07-01,272,173127,1.5711009836709469,NA,FALSE
ID,2019-08-01,283,177141,1.5975973941662291,NA,FALSE
ID,2019-09-01,243,177328,1.370341965171885,NA,FALSE
ID,2019-10-01,254,175588,1.4465681026038226,NA,FALSE
ID,2019-11-01,225,180802,1.2444552604506587,NA,FALSE
ID,2019-12-01,219,180878,1.2107608443260098,NA,FALSE
ID,2020-01-01,286,180765,1.5821646889608054,NA,FALSE
ID,2020-02-01,235,173006,1.3583343930268315,NA,FALSE
ID,2020-03-01,189,176099,1.0732599276543309,NA,FALSE
ID,2020-04-01,94,158115,0.5945040002529804,NA,FALSE
ID,2020-05-01,149,173322,0.8596715939119096,NA,FALSE
ID,2020-06-01,177,170714,1.0368218189486509,NA,FALSE
ID,2020-07-01,166,171563,0.9675745935895269,NA,FALSE
ID,2020-08-01,255,183818,1.3872417282311853,NA,FALSE
ID,2020-09-01,193,172125,1.121278140885984,NA,FALSE
ID,2020-10-01,164,182043,0.9008860543937421,NA,FALSE
ID,2020-11-01,148,171450,0.863225430154564,NA,FALSE
ID,2020-12-01,189,169997,1.111784325605746,NA,FALSE
ID,2021-01-01,223,181471,1.2288464823580627,NA,FALSE
ID,2021-02-01,199,177907,1.1185619452860203,NA,FALSE
ID,2021-03-01,180,166600,1.0804321728691477,NA,FALSE
ID,2021-04-01,150,163375,0.918133129303749,NA,FALSE
ID,2021-05-01,134,170265,0.7870084867706223,NA,FALSE
ID,2021-06-01,191,175545,1.08804010367712,NA,FALSE
ID,2021-07-01,192,179705,1.0684176845385494,NA,FALSE
ID,2021-08-01,224,180646,1.2399942428838724,NA,FALSE
ID,2021-09-01,234,181037,1.2925534559233747,NA,FALSE
ID,2021-10-01,203,178183,1.139278157848953,NA,FALSE
ID,2021-11-01,156,167455,0.9315935624496133,NA,FALSE
ID,2021-12-01,148,174823,0.8465705313374099,NA,FALSE
ID,2022-01-01,181,177249,1.021162319674582,NA,FALSE
ID,2022-02-01,183,181468,1.0084422597923601,NA,FALSE
ID,2022-03-01,205,182999,1.1202247006814245,NA,FALSE
ID,2022-04-01,188,172215,1.0916586824608774,NA,FALSE
ID,2022-05-01,189,179687,1.0518290137850819,NA,FALSE
ID,2022-06-01,228,174732,1.3048554357530389,NA,FALSE
ID,2022-07-01,205,175883,1.1655475514973022,NA,FALSE
ID,2022-08-01,275,183825,1.4959880320957433,NA,FALSE
ID,2022-09-01,229,185175,1.2366680167409208,NA,FALSE
ID,2022-10-01,247,181590,1.3602070598601244,NA,FALSE
ID,2022-11-01,238,174307,1.3654070117665957,NA,FALSE
ID,2022-12-01,167,165222,1.0107612787643292,NA,FALSE
ID,2023-01-01,255,180110,1.4158014546665927,NA,FALSE
ID,2023-02-01,237,170919,1.3866217331016446,NA,FALSE
ID,2023-03-01,277,180911,1.5311396211396764,NA,FALSE
ID,2023-04-01,216,183645,1.17618230825778,NA,FALSE
ID,2023-05-01,248,177802,1.3948099571433392,NA,FALSE
ID,2023-06-01,228,184156,1.2380807576185409,NA,FALSE
ID,2023-07-01,286,181182,1.5785232528617632,NA,FALSE
ID,2023-08-01,265,181627,1.4590341744344177,NA,FALSE
ID,2023-09-01,299,179790,1.6630513376717282,NA,FALSE
ID,2023-10-01,300,177300,1.6920473773265652,NA,FALSE
ID,2023-11-01,301,180389,1.668616157304492,NA,FALSE
ID,2023-12-01,272,175812,1.547107137169249,NA,FALSE
ID,2024-01-01,338,181242,1.864909899471425,NA,FALSE
ID,2024-02-01,353,176272,2.002586911137333,NA,FALSE
ID,2024-03-01,284,184016,1.5433440570385184,NA,FALSE
ID,2024-04-01,348,177649,1.95891899194479,NA,FALSE
ID,2024-05-01,314,179221,1.7520268272133288,NA,FALSE
ID,2024-06-01,304,178246,1.7055081179942326,NA,FALSE
ID,2024-07-01,345,178911,1.928333081811627,NA,FALSE
ID,2024-08-01,350,181530,1.928055968710406,NA,FALSE
ID,2024-09-01,310,175686,1.7645116856209373,NA,FALSE
ID,2024-10-01,323,167491,1.9284618277997028,NA,FALSE
ID,2024-11-01,268,180877,1.4816698640512613,NA,FALSE
ID,2024-12-01,267,179140,1.490454393212013,NA,FALSE
ID,2025-01-01,370,185028,1.9996973431048273,NA,FALSE
ID,2025-02-01,355,172044,2.063425635302597,NA,FALSE
ID,2025-03-01,447,176330,2.5350195655872514,NA,FALSE
ID,2025-04-01,298,174870,1.7041230628466861,NA,FALSE
ID,2025-05-01,98,161082,0.6083857910877689,NA,FALSE
IN,2016-01-01,13026,786332,16.565521942385658,2019-09-01,FALSE
IN,2016-02-01,9683,777645,12.45169711114969,2019-09-01,FALSE
IN,2016-03-01,8087,768866,10.518087677176517,2019-09-01,FALSE
IN,2016-04-01,11123,770277,14.440259802642426,2019-09-01,FALSE
IN,2016-05-01,12276,780632,15.72571967329036,2019-09-01,FALSE
IN,2016-06-01,13597,782775,17.3702532656255,2019-09-01,FALSE
IN,2016-07-01,12742,783127,16.270668742106963,2019-09-01,FALSE
IN,2016-08-01,14343,777410,18.449724083816776,2019-09-01,FALSE
IN,2016-09-01,13113,785413,16.695674759648746,2019-09-01,FALSE
IN,2016-10-01,11692,779250,15.004170676932949,2019-09-01,FALSE
IN,2016-11-01,11690,780282,14.98176300363202,2019-09-01,FALSE
IN,2016-12-01,10463,775971,13.483751325758307,2019-09-01,FALSE
IN,2017-01-01,13686,782231,17.496110483987465,2019-09-01,FALSE
IN,2017-02-01,10920,785608,13.900062117493713,2019-09-01,FALSE
IN,2017-03-01,9751,782236,12.465547481834127,2019-09-01,FALSE
IN,2017-04-01,10761,782243,13.756594817722881,2019-09-01,FALSE
IN,2017-05-01,12723,780254,16.306228484570408,2019-09-01,FALSE
IN,2017-06-01,13380,785530,17.033085941975482,2019-09-01,FALSE
IN,2017-07-01,13193,783952,16.828836459375065,2019-09-01,FALSE
IN,2017-08-01,13561,785809,17.257374247431628,2019-09-01,FALSE
IN,2017-09-01,12483,784949,15.902944012923133,2019-09-01,FALSE
IN,2017-10-01,12477,787550,15.842803631515459,2019-09-01,FALSE
IN,2017-11-01,11258,784413,14.352133378717589,2019-09-01,FALSE
IN,2017-12-01,9975,781796,12.7590829321204,2019-09-01,FALSE
IN,2018-01-01,14394,778494,18.489545198806926,2019-09-01,FALSE
IN,2018-02-01,11335,781488,14.504381385254796,2019-09-01,FALSE
IN,2018-03-01,9513,783832,12.1365292562692,2019-09-01,FALSE
IN,2018-04-01,11600,786649,14.746093874142089,2019-09-01,FALSE
IN,2018-05-01,12454,788406,15.796429758271753,2019-09-01,FALSE
IN,2018-06-01,13736,785354,17.49020187074873,2019-09-01,FALSE
IN,2018-07-01,14757,784116,18.81991950170638,2019-09-01,FALSE
IN,2018-08-01,14630,787680,18.573532398943733,2019-09-01,FALSE
IN,2018-09-01,12509,786325,15.90818045973357,2019-09-01,FALSE
IN,2018-10-01,13894,785857,17.68006138521385,2019-09-01,FALSE
IN,2018-11-01,11458,784138,14.612223868757795,2019-09-01,FALSE
IN,2018-12-01,9962,778627,12.794316148810664,2019-09-01,FALSE
IN,2019-01-01,13307,782607,17.003425729644636,2019-09-01,FALSE
IN,2019-02-01,11624,785850,14.791626900808042,2019-09-01,FALSE
IN,2019-03-01,9738,787270,12.369326914527418,2019-09-01,FALSE
IN,2019-04-01,11615,785220,14.79203280609256,2019-09-01,FALSE
IN,2019-05-01,13017,787369,16.532273940172907,2019-09-01,FALSE
IN,2019-06-01,12765,788517,16.188617366524756,2019-09-01,FALSE
IN,2019-07-01,14341,789148,18.172763537384622,2019-09-01,FALSE
IN,2019-08-01,14122,791974,17.831393454835638,2019-09-01,FALSE
IN,2019-09-01,13264,789176,16.807404178535588,2019-09-01,TRUE
IN,2019-10-01,13002,787684,16.506619405751547,2019-09-01,TRUE
IN,2019-11-01,11061,789419,14.01157053478571,2019-09-01,TRUE
IN,2019-12-01,10930,788592,13.86014567735914,2019-09-01,TRUE
IN,2020-01-01,14018,789668,17.75176403247947,2019-09-01,TRUE
IN,2020-02-01,11796,788789,14.954569599728192,2019-09-01,TRUE
IN,2020-03-01,5471,786310,6.95781561979372,2019-09-01,TRUE
IN,2020-04-01,347,609653,0.5691762363180366,2019-09-01,TRUE
IN,2020-05-01,809,703330,1.1502424182105129,2019-09-01,TRUE
IN,2020-06-01,1748,754680,2.3162134944612287,2019-09-01,TRUE
IN,2020-07-01,1765,748211,2.358960239825397,2019-09-01,TRUE
IN,2020-08-01,11078,788237,14.05414868878269,2019-09-01,TRUE
IN,2020-09-01,10393,787898,13.190793732183607,2019-09-01,TRUE
IN,2020-10-01,8848,790051,11.199277008699438,2019-09-01,TRUE
IN,2020-11-01,7948,790426,10.055337248521683,2019-09-01,TRUE
IN,2020-12-01,8035,781979,10.275211994183987,2019-09-01,TRUE
IN,2021-01-01,9176,786554,11.666077599249384,2019-09-01,TRUE
IN,2021-02-01,7616,786435,9.684207849345464,2019-09-01,TRUE
IN,2021-03-01,8468,792159,10.689773138978412,2019-09-01,TRUE
IN,2021-04-01,6584,791746,8.315798248428157,2019-09-01,TRUE
IN,2021-05-01,7133,792796,8.997270420133301,2019-09-01,TRUE
IN,2021-06-01,9132,795052,11.48604116460307,2019-09-01,TRUE
IN,2021-07-01,8950,792475,11.293731663459415,2019-09-01,TRUE
IN,2021-08-01,8869,791678,11.202786991680961,2019-09-01,TRUE
IN,2021-09-01,10639,794326,13.393745137386917,2019-09-01,TRUE
IN,2021-10-01,10978,791194,13.875231611968745,2019-09-01,TRUE
IN,2021-11-01,9672,792276,12.207866955454918,2019-09-01,TRUE
IN,2021-12-01,9521,784705,12.133222038855367,2019-09-01,TRUE
IN,2022-01-01,11446,789671,14.494643971983269,2019-09-01,TRUE
IN,2022-02-01,10380,792589,13.096321044072022,2019-09-01,TRUE
IN,2022-03-01,10896,790224,13.788495413958573,2019-09-01,TRUE
IN,2022-04-01,9701,792387,12.242755118395431,2019-09-01,TRUE
IN,2022-05-01,11034,792854,13.916811922497711,2019-09-01,TRUE
IN,2022-06-01,12768,794463,16.071233021550405,2019-09-01,TRUE
IN,2022-07-01,12601,794556,15.859171663167857,2019-09-01,TRUE
IN,2022-08-01,14183,795052,17.839084739111403,2019-09-01,TRUE
IN,2022-09-01,12754,793062,16.081970892565778,2019-09-01,TRUE
IN,2022-10-01,12838,790644,16.237396350316956,2019-09-01,TRUE
IN,2022-11-01,12178,788933,15.436038294760138,2019-09-01,TRUE
IN,2022-12-01,11324,792903,14.281696500076302,2019-09-01,TRUE
IN,2023-01-01,7744,793689,9.756970299449785,2019-09-01,TRUE
IN,2023-02-01,5835,784744,7.435545859541455,2019-09-01,TRUE
IN,2023-03-01,5494,793601,6.922874341136163,2019-09-01,TRUE
IN,2023-04-01,5857,794377,7.37307349029491,2019-09-01,TRUE
IN,2023-05-01,6652,794377,8.373857752679143,2019-09-01,TRUE
IN,2023-06-01,6983,790793,8.830376596656773,2019-09-01,TRUE
IN,2023-07-01,6494,792164,8.19779742578557,2019-09-01,TRUE
IN,2023-08-01,6996,793826,8.813014438932461,2019-09-01,TRUE
IN,2023-09-01,6153,793826,7.751068874035368,2019-09-01,TRUE
IN,2023-10-01,6467,793718,8.147730050219348,2019-09-01,TRUE
IN,2023-11-01,5571,793591,7.019988885962668,2019-09-01,TRUE
IN,2023-12-01,5196,790785,6.570686090403839,2019-09-01,TRUE
IN,2024-01-01,6591,789353,8.349876417775064,2019-09-01,TRUE
IN,2024-02-01,5659,793677,7.130104563947299,2019-09-01,TRUE
IN,2024-03-01,5102,793471,6.429976646909591,2019-09-01,TRUE
IN,2024-04-01,5880,790787,7.435630580674695,2019-09-01,TRUE
IN,2024-05-01,6375,793436,8.034674504307846,2019-09-01,TRUE
IN,2024-06-01,6201,793737,7.812411415872008,2019-09-01,TRUE
IN,2024-07-01,6908,792549,8.716180324497287,2019-09-01,TRUE
IN,2024-08-01,6685,792854,8.431564953951169,2019-09-01,TRUE
IN,2024-09-01,6207,793788,7.819468170342711,2019-09-01,TRUE
IN,2024-10-01,6713,792550,8.470128067629803,2019-09-01,TRUE
IN,2024-11-01,5764,791002,7.286960083539612,2019-09-01,TRUE
IN,2024-12-01,5843,791967,7.377832662219512,2019-09-01,TRUE
IN,2025-01-01,6895,793608,8.688168466043688,2019-09-01,TRUE
IN,2025-02-01,5757,792096,7.268058417161556,2019-09-01,TRUE
IN,2025-03-01,5212,791105,6.588253139595881,2019-09-01,TRUE
IN,2025-04-01,5698,788174,7.22936813444747,2019-09-01,TRUE
IN,2025-05-01,6038,794326,7.601413021857525,2019-09-01,TRUE
IN,2025-06-01,6536,789021,8.283683197278654,2019-09-01,TRUE
IN,2025-07-01,6922,791962,8.740318348607635,2019-09-01,TRUE
IN,2025-08-01,6479,794556,8.154239600481276,2019-09-01,TRUE
IN,2025-09-01,6216,792880,7.839773988497629,2019-09-01,TRUE
KS,2016-01-01,222,76967,2.8843530344173476,2022-09-01,FALSE
KS,2016-02-01,160,76967,2.0788129977782686,2022-09-01,FALSE
KS,2016-03-01,154,76967,2.0008575103615835,2022-09-01,FALSE
KS,2016-04-01,183,76967,2.3776423662088946,2022-09-01,FALSE
KS,2016-05-01,204,76967,2.6504865721672926,2022-09-01,FALSE
KS,2016-06-01,197,76967,2.559538503514493,2022-09-01,FALSE
KS,2016-07-01,199,76967,2.5855236659867216,2022-09-01,FALSE
KS,2016-08-01,233,76967,3.0272714280146036,2022-09-01,FALSE
KS,2016-09-01,229,76967,2.975301103070147,2022-09-01,FALSE
KS,2016-10-01,194,76967,2.5205607598061506,2022-09-01,FALSE
KS,2016-11-01,184,76967,2.390634947445009,2022-09-01,FALSE
KS,2016-12-01,182,76967,2.3646497849727806,2022-09-01,FALSE
KS,2017-01-01,211,76967,2.7414346408200916,2022-09-01,FALSE
KS,2017-02-01,147,76967,1.9099094417087843,2022-09-01,FALSE
KS,2017-03-01,171,76967,2.2217313913755246,2022-09-01,FALSE
KS,2017-04-01,142,76967,1.8449465355282133,2022-09-01,FALSE
KS,2017-05-01,186,76967,2.416620109917237,2022-09-01,FALSE
KS,2017-06-01,199,76967,2.5855236659867216,2022-09-01,FALSE
KS,2017-07-01,219,76967,2.845375290709005,2022-09-01,FALSE
KS,2017-08-01,183,76967,2.3776423662088946,2022-09-01,FALSE
KS,2017-09-01,190,76967,2.468590434861694,2022-09-01,FALSE
KS,2017-10-01,209,76967,2.7154494783478635,2022-09-01,FALSE
KS,2017-11-01,201,76967,2.61150882845895,2022-09-01,FALSE
KS,2017-12-01,223,76967,2.897345615653462,2022-09-01,FALSE
KS,2018-01-01,226,76967,2.9363233593618046,2022-09-01,FALSE
KS,2018-02-01,147,76967,1.9099094417087843,2022-09-01,FALSE
KS,2018-03-01,160,76967,2.0788129977782686,2022-09-01,FALSE
KS,2018-04-01,160,76967,2.0788129977782686,2022-09-01,FALSE
KS,2018-05-01,186,76967,2.416620109917237,2022-09-01,FALSE
KS,2018-06-01,211,76967,2.7414346408200916,2022-09-01,FALSE
KS,2018-07-01,216,76967,2.8063975470006626,2022-09-01,FALSE
KS,2018-08-01,228,76967,2.9623085218340326,2022-09-01,FALSE
KS,2018-09-01,221,76967,2.8713604531812336,2022-09-01,FALSE
KS,2018-10-01,252,76967,3.274130471500773,2022-09-01,FALSE
KS,2018-11-01,194,76967,2.5205607598061506,2022-09-01,FALSE
KS,2018-12-01,185,76967,2.403627528681123,2022-09-01,FALSE
KS,2019-01-01,254,76967,3.3001156339730016,2022-09-01,FALSE
KS,2019-02-01,244,76967,3.1701898216118596,2022-09-01,FALSE
KS,2019-03-01,179,76967,2.325672041264438,2022-09-01,FALSE
KS,2019-04-01,197,76967,2.559538503514493,2022-09-01,FALSE
KS,2019-05-01,220,76967,2.8583678719451195,2022-09-01,FALSE
KS,2019-06-01,231,76967,3.001286265542375,2022-09-01,FALSE
KS,2019-07-01,221,76967,2.8713604531812336,2022-09-01,FALSE
KS,2019-08-01,235,76967,3.053256590486832,2022-09-01,FALSE
KS,2019-09-01,215,76967,2.7934049657645486,2022-09-01,FALSE
KS,2019-10-01,233,76967,3.0272714280146036,2022-09-01,FALSE
KS,2019-11-01,198,76967,2.5725310847506075,2022-09-01,FALSE
KS,2019-12-01,188,76967,2.4426052723894656,2022-09-01,FALSE
KS,2020-01-01,244,76967,3.1701898216118596,2022-09-01,FALSE
KS,2020-02-01,236,76967,3.066249171722946,2022-09-01,FALSE
KS,2020-03-01,111,76967,1.4421765172086738,2022-09-01,FALSE
KS,2020-04-01,10,76967,0.12992581236114178,2022-09-01,FALSE
KS,2020-05-01,28,76967,0.363792274611197,2022-09-01,FALSE
KS,2020-06-01,145,76967,1.883924279236556,2022-09-01,FALSE
KS,2020-07-01,101,76967,1.312250704847532,2022-09-01,FALSE
KS,2020-08-01,101,76967,1.312250704847532,2022-09-01,FALSE
KS,2020-09-01,50,76967,0.6496290618057089,2022-09-01,FALSE
KS,2020-10-01,87,76967,1.1303545675419335,2022-09-01,FALSE
KS,2020-11-01,65,76967,0.8445177803474216,2022-09-01,FALSE
KS,2020-12-01,73,76967,0.948458430236335,2022-09-01,FALSE
KS,2021-01-01,71,76967,0.9224732677641067,2022-09-01,FALSE
KS,2021-02-01,72,76967,0.9354658490002209,2022-09-01,FALSE
KS,2021-03-01,117,76967,1.520132004625359,2022-09-01,FALSE
KS,2021-04-01,50,76967,0.6496290618057089,2022-09-01,FALSE
KS,2021-05-01,62,76967,0.8055400366390791,2022-09-01,FALSE
KS,2021-06-01,142,76967,1.8449465355282133,2022-09-01,FALSE
KS,2021-07-01,108,76967,1.4031987735003313,2022-09-01,FALSE
KS,2021-08-01,114,76967,1.4811542609170163,2022-09-01,FALSE
KS,2021-09-01,176,76967,2.2866942975560955,2022-09-01,FALSE
KS,2021-10-01,182,76967,2.3646497849727806,2022-09-01,FALSE
KS,2021-11-01,154,76967,2.0008575103615835,2022-09-01,FALSE
KS,2021-12-01,124,76967,1.6110800732781583,2022-09-01,FALSE
KS,2022-01-01,176,76967,2.2866942975560955,2022-09-01,FALSE
KS,2022-02-01,146,76967,1.89691686047267,2022-09-01,FALSE
KS,2022-03-01,168,76967,2.182753647667182,2022-09-01,FALSE
KS,2022-04-01,157,76967,2.039835254069926,2022-09-01,FALSE
KS,2022-05-01,144,76967,1.8709316980004418,2022-09-01,FALSE
KS,2022-06-01,174,76967,2.260709135083867,2022-09-01,FALSE
KS,2022-07-01,214,76967,2.780412384528434,2022-09-01,FALSE
KS,2022-08-01,180,76967,2.338664622500552,2022-09-01,FALSE
KS,2022-09-01,207,76967,2.689464315875635,2022-09-01,TRUE
KS,2022-10-01,225,76967,2.92333077812569,2022-09-01,TRUE
KS,2022-11-01,206,76967,2.676471734639521,2022-09-01,TRUE
KS,2022-12-01,223,76967,2.897345615653462,2022-09-01,TRUE
KS,2023-01-01,253,76967,3.287123052736887,2022-09-01,TRUE
KS,2023-02-01,194,76967,2.5205607598061506,2022-09-01,TRUE
KS,2023-03-01,251,76967,3.261137890264659,2022-09-01,TRUE
KS,2023-04-01,221,76967,2.8713604531812336,2022-09-01,TRUE
KS,2023-05-01,260,76967,3.3780711213896866,2022-09-01,TRUE
KS,2023-06-01,249,76967,3.2351527277924306,2022-09-01,TRUE
KS,2023-07-01,229,76967,2.975301103070147,2022-09-01,TRUE
KS,2023-08-01,261,76967,3.3910637026258006,2022-09-01,TRUE
KS,2023-09-01,249,76967,3.2351527277924306,2022-09-01,TRUE
KS,2023-10-01,277,76967,3.5989450024036276,2022-09-01,TRUE
KS,2023-11-01,205,76967,2.6634791534034066,2022-09-01,TRUE
KS,2023-12-01,223,76967,2.897345615653462,2022-09-01,TRUE
KS,2024-01-01,274,76967,3.559967258695285,2022-09-01,TRUE
KS,2024-02-01,237,76967,3.0792417529590606,2022-09-01,TRUE
KS,2024-03-01,215,76967,2.7934049657645486,2022-09-01,TRUE
KS,2024-04-01,220,76967,2.8583678719451195,2022-09-01,TRUE
KS,2024-05-01,244,76967,3.1701898216118596,2022-09-01,TRUE
KS,2024-06-01,276,76967,3.5859524211675136,2022-09-01,TRUE
KS,2024-07-01,255,76967,3.3131082152091156,2022-09-01,TRUE
KS,2024-08-01,268,76967,3.4820117712786,2022-09-01,TRUE
KS,2024-09-01,228,76967,2.9623085218340326,2022-09-01,TRUE
KS,2024-10-01,271,76967,3.5209895149869426,2022-09-01,TRUE
KS,2024-11-01,240,76967,3.118219496667403,2022-09-01,TRUE
KS,2024-12-01,222,76967,2.8843530344173476,2022-09-01,TRUE
KS,2025-01-01,236,76967,3.066249171722946,2022-09-01,TRUE
KS,2025-02-01,187,76967,2.4296126911533515,2022-09-01,TRUE
KY,2016-01-01,3346,542990,6.162176099007349,NA,FALSE
KY,2016-02-01,3178,553984,5.736627772643253,NA,FALSE
KY,2016-03-01,2993,550616,5.435730164034463,NA,FALSE
KY,2016-04-01,3225,544540,5.922429940867521,NA,FALSE
KY,2016-05-01,3774,560953,6.727836378448818,NA,FALSE
KY,2016-06-01,3980,560539,7.100308809913315,NA,FALSE
KY,2016-07-01,3776,550882,6.854462480168166,NA,FALSE
KY,2016-08-01,4217,560509,7.523518801660633,NA,FALSE
KY,2016-09-01,3786,556154,6.807466996551315,NA,FALSE
KY,2016-10-01,3953,554592,7.1277623910911085,NA,FALSE
KY,2016-11-01,3371,555883,6.064225745345693,NA,FALSE
KY,2016-12-01,3383,544334,6.214934213185287,NA,FALSE
KY,2017-01-01,3477,554239,6.273466861769021,NA,FALSE
KY,2017-02-01,3374,552583,6.105870068387916,NA,FALSE
KY,2017-03-01,3248,550185,5.903468833210647,NA,FALSE
KY,2017-04-01,2886,546201,5.283769161901938,NA,FALSE
KY,2017-05-01,3856,555361,6.943231519678191,NA,FALSE
KY,2017-06-01,4184,555151,7.536688216359153,NA,FALSE
KY,2017-07-01,3544,552788,6.4111377236843055,NA,FALSE
KY,2017-08-01,4438,559629,7.930253793137954,NA,FALSE
KY,2017-09-01,3478,555747,6.258243409321148,NA,FALSE
KY,2017-10-01,4081,557607,7.318774692570215,NA,FALSE
KY,2017-11-01,3390,557699,6.078547747082207,NA,FALSE
KY,2017-12-01,3106,550301,5.644183819400656,NA,FALSE
KY,2018-01-01,3892,555192,7.010187466678194,NA,FALSE
KY,2018-02-01,3390,561595,6.03637852901112,NA,FALSE
KY,2018-03-01,3147,553710,5.683480522295064,NA,FALSE
KY,2018-04-01,3263,556009,5.868610040484956,NA,FALSE
KY,2018-05-01,3751,556382,6.741770941547355,NA,FALSE
KY,2018-06-01,3790,559649,6.772101799520771,NA,FALSE
KY,2018-07-01,3982,558278,7.132647175779809,NA,FALSE
KY,2018-08-01,3963,556434,7.122138474643893,NA,FALSE
KY,2018-09-01,3548,555615,6.38571672831007,NA,FALSE
KY,2018-10-01,3873,557416,6.948132095239462,NA,FALSE
KY,2018-11-01,3355,554604,6.049361346113623,NA,FALSE
KY,2018-12-01,2825,550910,5.1278793269318035,NA,FALSE
KY,2019-01-01,3739,553100,6.760079551618152,NA,FALSE
KY,2019-02-01,3259,552547,5.898140791643064,NA,FALSE
KY,2019-03-01,2851,561068,5.081380510027305,NA,FALSE
KY,2019-04-01,3195,554614,5.760763341711533,NA,FALSE
KY,2019-05-01,3699,557696,6.63264574248336,NA,FALSE
KY,2019-06-01,3728,560055,6.656489094821044,NA,FALSE
KY,2019-07-01,3969,559783,7.090247470894972,NA,FALSE
KY,2019-08-01,3748,557969,6.7172190569726995,NA,FALSE
KY,2019-09-01,3721,561768,6.623730792782786,NA,FALSE
KY,2019-10-01,3793,559840,6.775150042869392,NA,FALSE
KY,2019-11-01,3205,558524,5.738338907549183,NA,FALSE
KY,2019-12-01,2854,553742,5.154024798552395,NA,FALSE
KY,2020-01-01,4210,557901,7.5461416989752665,NA,FALSE
KY,2020-02-01,3241,562395,5.762853510433058,NA,FALSE
KY,2020-03-01,1663,545370,3.049305975759576,NA,FALSE
KY,2020-04-01,5,18560,0.26939655172413796,NA,FALSE
KY,2020-05-01,4,10832,0.36927621861152143,NA,FALSE
KY,2020-06-01,355,507829,0.6990542091924644,NA,FALSE
KY,2020-07-01,824,539076,1.5285414301508506,NA,FALSE
KY,2020-08-01,2770,554410,4.996302375498278,NA,FALSE
KY,2020-09-01,1906,556999,3.421909195528179,NA,FALSE
KY,2020-10-01,2262,547804,4.129214098473176,NA,FALSE
KY,2020-11-01,1968,550186,3.576972151236127,NA,FALSE
KY,2020-12-01,1878,542996,3.458589013547061,NA,FALSE
KY,2021-01-01,2086,545924,3.821044687538925,NA,FALSE
KY,2021-02-01,1819,538357,3.378798826800803,NA,FALSE
KY,2021-03-01,2389,553629,4.315164126156686,NA,FALSE
KY,2021-04-01,2057,550096,3.7393473139233877,NA,FALSE
KY,2021-05-01,1953,553876,3.5260599845452774,NA,FALSE
KY,2021-06-01,2322,556232,4.174517107969336,NA,FALSE
KY,2021-07-01,2337,557024,4.195510426839777,NA,FALSE
KY,2021-08-01,2559,560228,4.567783116873844,NA,FALSE
KY,2021-09-01,3047,557180,5.468609784988693,NA,FALSE
KY,2021-10-01,3109,558912,5.56259303790221,NA,FALSE
KY,2021-11-01,2199,553937,3.969765514850967,NA,FALSE
KY,2021-12-01,2477,549195,4.510237711559647,NA,FALSE
KY,2022-01-01,2970,550869,5.391481459294315,NA,FALSE
KY,2022-02-01,2778,551590,5.036349462463061,NA,FALSE
KY,2022-03-01,3099,555131,5.58246612060937,NA,FALSE
KY,2022-04-01,2577,559147,4.608805913292927,NA,FALSE
KY,2022-05-01,2816,562040,5.01031955020995,NA,FALSE
KY,2022-06-01,3310,552523,5.990700839603058,NA,FALSE
KY,2022-07-01,3398,558992,6.0787989810229845,NA,FALSE
KY,2022-08-01,3709,564711,6.567961311183951,NA,FALSE
KY,2022-09-01,3361,561469,5.986082936012496,NA,FALSE
KY,2022-10-01,3158,549163,5.750569503043723,NA,FALSE
KY,2022-11-01,2818,556750,5.0615177368657385,NA,FALSE
KY,2022-12-01,3039,546310,5.5627757134227815,NA,FALSE
KY,2023-01-01,3560,552501,6.443427251715382,NA,FALSE
KY,2023-02-01,3322,552612,6.011451072361802,NA,FALSE
KY,2023-03-01,3203,556956,5.750903123406517,NA,FALSE
KY,2023-04-01,2928,558079,5.24656903413316,NA,FALSE
KY,2023-05-01,3519,562748,6.253243014635325,NA,FALSE
KY,2023-06-01,3514,559722,6.278116636473106,NA,FALSE
KY,2023-07-01,3623,561030,6.457765181897582,NA,FALSE
KY,2023-08-01,3671,555341,6.610352918297046,NA,FALSE
KY,2023-09-01,3378,557391,6.060377724075201,NA,FALSE
KY,2023-10-01,3415,558768,6.111659937576955,NA,FALSE
KY,2023-11-01,3135,561077,5.587468386692023,NA,FALSE
KY,2023-12-01,2899,556382,5.210448936162565,NA,FALSE
KY,2024-01-01,3538,550421,6.427807078581668,NA,FALSE
KY,2024-02-01,3107,560508,5.543185824287967,NA,FALSE
KY,2024-03-01,2652,562134,4.717736340445517,NA,FALSE
KY,2024-04-01,3014,563170,5.351847577108155,NA,FALSE
KY,2024-05-01,3154,560312,5.629006696269221,NA,FALSE
KY,2024-06-01,2973,553340,5.372826833411645,NA,FALSE
KY,2024-07-01,3463,561458,6.1678700811102525,NA,FALSE
KY,2024-08-01,3284,558634,5.878625361148802,NA,FALSE
KY,2024-09-01,3081,561763,5.4845192723621885,NA,FALSE
KY,2024-10-01,3375,562388,6.0011949045854465,NA,FALSE
KY,2024-11-01,2978,553812,5.377276043133771,NA,FALSE
KY,2024-12-01,2845,554185,5.133664750940571,NA,FALSE
KY,2025-01-01,3553,556686,6.38241306589352,NA,FALSE
KY,2025-02-01,3012,554219,5.434674740490673,NA,FALSE
KY,2025-03-01,2678,553101,4.841792005438428,NA,FALSE
KY,2025-04-01,2823,554288,5.093020234968103,NA,FALSE
KY,2025-05-01,3007,556571,5.402724899428824,NA,FALSE
KY,2025-06-01,3022,557314,5.422436902715525,NA,FALSE
KY,2025-07-01,3133,560079,5.593853724206764,NA,FALSE
KY,2025-08-01,3038,561432,5.411162883483663,NA,FALSE
KY,2025-09-01,3152,558517,5.643516670038692,NA,FALSE
LA,2020-01-01,520,0,NA,2021-11-01,FALSE
LA,2020-02-01,451,0,NA,2021-11-01,FALSE
LA,2020-03-01,143,0,NA,2021-11-01,FALSE
LA,2020-04-01,0,0,NA,2021-11-01,FALSE
LA,2020-05-01,0,0,NA,2021-11-01,FALSE
LA,2020-06-01,282,0,NA,2021-11-01,FALSE
LA,2020-07-01,214,0,NA,2021-11-01,FALSE
LA,2020-08-01,259,0,NA,2021-11-01,FALSE
LA,2020-09-01,194,0,NA,2021-11-01,FALSE
LA,2020-10-01,301,0,NA,2021-11-01,FALSE
LA,2020-11-01,285,0,NA,2021-11-01,FALSE
LA,2020-12-01,306,0,NA,2021-11-01,FALSE
LA,2021-01-01,168,0,NA,2021-11-01,FALSE
LA,2021-02-01,149,0,NA,2021-11-01,FALSE
LA,2021-03-01,172,0,NA,2021-11-01,FALSE
LA,2021-04-01,146,0,NA,2021-11-01,FALSE
LA,2021-05-01,169,0,NA,2021-11-01,FALSE
LA,2021-06-01,206,0,NA,2021-11-01,FALSE
LA,2021-07-01,221,0,NA,2021-11-01,FALSE
LA,2021-08-01,246,0,NA,2021-11-01,FALSE
LA,2021-09-01,135,0,NA,2021-11-01,FALSE
LA,2021-10-01,575,0,NA,2021-11-01,FALSE
LA,2021-11-01,476,0,NA,2021-11-01,TRUE
LA,2021-12-01,420,0,NA,2021-11-01,TRUE
LA,2022-01-01,461,0,NA,2021-11-01,TRUE
LA,2022-02-01,521,0,NA,2021-11-01,TRUE
LA,2022-03-01,400,0,NA,2021-11-01,TRUE
LA,2022-04-01,405,0,NA,2021-11-01,TRUE
LA,2022-05-01,475,0,NA,2021-11-01,TRUE
LA,2022-06-01,440,0,NA,2021-11-01,TRUE
LA,2022-07-01,490,0,NA,2021-11-01,TRUE
LA,2022-08-01,498,0,NA,2021-11-01,TRUE
LA,2022-09-01,513,0,NA,2021-11-01,TRUE
LA,2022-10-01,518,0,NA,2021-11-01,TRUE
LA,2022-11-01,414,0,NA,2021-11-01,TRUE
LA,2022-12-01,377,0,NA,2021-11-01,TRUE
LA,2023-01-01,580,0,NA,2021-11-01,TRUE
LA,2023-02-01,267,0,NA,2021-11-01,TRUE
LA,2023-03-01,465,0,NA,2021-11-01,TRUE
LA,2023-04-01,433,0,NA,2021-11-01,TRUE
LA,2023-05-01,473,0,NA,2021-11-01,TRUE
LA,2023-06-01,551,0,NA,2021-11-01,TRUE
LA,2023-07-01,466,0,NA,2021-11-01,TRUE
LA,2023-08-01,572,0,NA,2021-11-01,TRUE
LA,2023-09-01,536,0,NA,2021-11-01,TRUE
LA,2023-10-01,520,0,NA,2021-11-01,TRUE
LA,2023-11-01,454,0,NA,2021-11-01,TRUE
LA,2023-12-01,464,0,NA,2021-11-01,TRUE
LA,2024-01-01,530,0,NA,2021-11-01,TRUE
LA,2024-02-01,485,0,NA,2021-11-01,TRUE
LA,2024-03-01,410,0,NA,2021-11-01,TRUE
LA,2024-04-01,441,0,NA,2021-11-01,TRUE
LA,2024-05-01,459,0,NA,2021-11-01,TRUE
LA,2024-06-01,548,0,NA,2021-11-01,TRUE
LA,2024-07-01,571,0,NA,2021-11-01,TRUE
LA,2024-08-01,536,0,NA,2021-11-01,TRUE
LA,2024-09-01,472,0,NA,2021-11-01,TRUE
LA,2024-10-01,506,0,NA,2021-11-01,TRUE
LA,2024-11-01,471,0,NA,2021-11-01,TRUE
LA,2024-12-01,402,0,NA,2021-11-01,TRUE
LA,2025-01-01,542,0,NA,2021-11-01,TRUE
LA,2025-02-01,390,0,NA,2021-11-01,TRUE
LA,2025-03-01,416,0,NA,2021-11-01,TRUE
LA,2025-04-01,404,0,NA,2021-11-01,TRUE
LA,2025-05-01,444,0,NA,2021-11-01,TRUE
LA,2025-06-01,465,0,NA,2021-11-01,TRUE
LA,2025-07-01,440,0,NA,2021-11-01,TRUE
LA,2025-08-01,0,0,NA,2021-11-01,TRUE
MA,2020-01-01,650,0,NA,2023-01-01,FALSE
MA,2020-02-01,610,0,NA,2023-01-01,FALSE
MA,2020-03-01,480,0,NA,2023-01-01,FALSE
MA,2020-04-01,96,0,NA,2023-01-01,FALSE
MA,2020-05-01,4,0,NA,2023-01-01,FALSE
MA,2020-06-01,8,0,NA,2023-01-01,FALSE
MA,2020-07-01,13,0,NA,2023-01-01,FALSE
MA,2020-08-01,11,0,NA,2023-01-01,FALSE
MA,2020-09-01,16,0,NA,2023-01-01,FALSE
MA,2020-10-01,38,0,NA,2023-01-01,FALSE
MA,2020-11-01,322,0,NA,2023-01-01,FALSE
MA,2020-12-01,462,0,NA,2023-01-01,FALSE
MA,2021-01-01,310,0,NA,2023-01-01,FALSE
MA,2021-02-01,303,0,NA,2023-01-01,FALSE
MA,2021-03-01,455,0,NA,2023-01-01,FALSE
MA,2021-04-01,253,0,NA,2023-01-01,FALSE
MA,2021-05-01,237,0,NA,2023-01-01,FALSE
MA,2021-06-01,245,0,NA,2023-01-01,FALSE
MA,2021-07-01,253,0,NA,2023-01-01,FALSE
MA,2021-08-01,269,0,NA,2023-01-01,FALSE
MA,2021-09-01,233,0,NA,2023-01-01,FALSE
MA,2021-10-01,230,0,NA,2023-01-01,FALSE
MA,2021-11-01,281,0,NA,2023-01-01,FALSE
MA,2021-12-01,301,0,NA,2023-01-01,FALSE
MA,2022-01-01,298,0,NA,2023-01-01,FALSE
MA,2022-02-01,252,0,NA,2023-01-01,FALSE
MA,2022-03-01,336,0,NA,2023-01-01,FALSE
MA,2022-04-01,388,0,NA,2023-01-01,FALSE
MA,2022-05-01,441,0,NA,2023-01-01,FALSE
MA,2022-06-01,383,0,NA,2023-01-01,FALSE
MA,2022-07-01,406,0,NA,2023-01-01,FALSE
MA,2022-08-01,476,0,NA,2023-01-01,FALSE
MA,2022-09-01,465,0,NA,2023-01-01,FALSE
MA,2022-10-01,670,0,NA,2023-01-01,FALSE
MA,2022-11-01,627,0,NA,2023-01-01,FALSE
MA,2022-12-01,592,0,NA,2023-01-01,FALSE
MA,2023-01-01,681,0,NA,2023-01-01,TRUE
MA,2023-02-01,586,0,NA,2023-01-01,TRUE
MA,2023-03-01,515,0,NA,2023-01-01,TRUE
MA,2023-04-01,670,0,NA,2023-01-01,TRUE
MA,2023-05-01,736,0,NA,2023-01-01,TRUE
MA,2023-06-01,426,0,NA,2023-01-01,TRUE
MA,2023-07-01,571,0,NA,2023-01-01,TRUE
MA,2023-08-01,683,0,NA,2023-01-01,TRUE
MA,2023-09-01,603,0,NA,2023-01-01,TRUE
MA,2023-10-01,690,0,NA,2023-01-01,TRUE
MA,2023-11-01,11,0,NA,2023-01-01,TRUE
ME,2016-01-01,483,153056,3.1557077148233326,NA,FALSE
ME,2016-02-01,420,153056,2.7440936650637675,NA,FALSE
ME,2016-03-01,432,153056,2.8224963412084465,NA,FALSE
ME,2016-04-01,403,153056,2.6330232071921387,NA,FALSE
ME,2016-05-01,531,153056,3.469318419402049,NA,FALSE
ME,2016-06-01,543,153056,3.547721095546728,NA,FALSE
ME,2016-07-01,541,153056,3.5346539828559482,NA,FALSE
ME,2016-08-01,573,153056,3.7437277859084257,NA,FALSE
ME,2016-09-01,617,153056,4.031204265105583,NA,FALSE
ME,2016-10-01,415,153056,2.711425883336818,NA,FALSE
ME,2016-11-01,423,153056,2.763694334099937,NA,FALSE
ME,2016-12-01,471,153056,3.0773050386786536,NA,FALSE
ME,2017-01-01,434,153056,2.8355634538992263,NA,FALSE
ME,2017-02-01,408,153056,2.6656909889190885,NA,FALSE
ME,2017-03-01,477,153056,3.1165063767509933,NA,FALSE
ME,2017-04-01,436,153056,2.8486305665900065,NA,FALSE
ME,2017-05-01,460,153056,3.0054359188793645,NA,FALSE
ME,2017-06-01,588,153056,3.8417311310892743,NA,FALSE
ME,2017-07-01,481,153056,3.142640602132553,NA,FALSE
ME,2017-08-01,611,153056,3.992002927033243,NA,FALSE
ME,2017-09-01,504,153056,3.292912398076521,NA,FALSE
ME,2017-10-01,496,153056,3.2406439473134014,NA,FALSE
ME,2017-11-01,460,153056,3.0054359188793645,NA,FALSE
ME,2017-12-01,435,153056,2.842097010244616,NA,FALSE
ME,2018-01-01,441,153056,2.881298348316956,NA,FALSE
ME,2018-02-01,459,153056,2.9989023625339746,NA,FALSE
ME,2018-03-01,500,153056,3.2667781726949614,NA,FALSE
ME,2018-04-01,425,153056,2.776761446790717,NA,FALSE
ME,2018-05-01,574,153056,3.7502613422538156,NA,FALSE
ME,2018-06-01,512,153056,3.3451808488396404,NA,FALSE
ME,2018-07-01,491,153056,3.207976165586452,NA,FALSE
ME,2018-08-01,623,153056,4.070405603177922,NA,FALSE
ME,2018-09-01,484,153056,3.1622412711687224,NA,FALSE
ME,2018-10-01,517,153056,3.37784863056659,NA,FALSE
ME,2018-11-01,444,153056,2.9008990173531255,NA,FALSE
ME,2018-12-01,363,153056,2.3716809533765417,NA,FALSE
ME,2019-01-01,470,153056,3.0707714823332637,NA,FALSE
ME,2019-02-01,456,153056,2.979301693497805,NA,FALSE
ME,2019-03-01,400,153056,2.613422538155969,NA,FALSE
ME,2019-04-01,322,153056,2.103805143215555,NA,FALSE
ME,2019-05-01,472,153056,3.0838385950240434,NA,FALSE
ME,2019-06-01,424,153056,2.770227890445327,NA,FALSE
ME,2019-07-01,502,153056,3.279845285385741,NA,FALSE
ME,2019-08-01,546,153056,3.5673217645828976,NA,FALSE
ME,2019-09-01,397,153056,2.5938218691197994,NA,FALSE
ME,2019-10-01,444,153056,2.9008990173531255,NA,FALSE
ME,2019-11-01,356,153056,2.3259460589588126,NA,FALSE
ME,2019-12-01,336,153056,2.195274932051014,NA,FALSE
ME,2020-01-01,500,153056,3.2667781726949614,NA,FALSE
ME,2020-02-01,412,153056,2.691825214300648,NA,FALSE
ME,2020-03-01,259,153056,1.69219109345599,NA,FALSE
ME,2020-04-01,62,153056,0.4050804934141752,NA,FALSE
ME,2020-05-01,49,153056,0.3201442609241062,NA,FALSE
ME,2020-06-01,76,153056,0.4965502822496341,NA,FALSE
ME,2020-07-01,175,153056,1.1433723604432364,NA,FALSE
ME,2020-08-01,221,153056,1.4439159523311729,NA,FALSE
ME,2020-09-01,401,153056,2.619956094501359,NA,FALSE
ME,2020-10-01,287,153056,1.8751306711269078,NA,FALSE
ME,2020-11-01,324,153056,2.116872255906335,NA,FALSE
ME,2020-12-01,343,153056,2.2410098264687432,NA,FALSE
ME,2021-01-01,354,153056,2.312878946268033,NA,FALSE
ME,2021-02-01,267,153056,1.7444595442191093,NA,FALSE
ME,2021-03-01,325,153056,2.123405812251725,NA,FALSE
ME,2021-04-01,247,153056,1.6137884173113108,NA,FALSE
ME,2021-05-01,215,153056,1.4047146142588334,NA,FALSE
ME,2021-06-01,371,153056,2.423949404139661,NA,FALSE
ME,2021-07-01,325,153056,2.123405812251725,NA,FALSE
ME,2021-08-01,379,153056,2.4762178549027807,NA,FALSE
ME,2021-09-01,436,153056,2.8486305665900065,NA,FALSE
ME,2021-10-01,390,153056,2.54808697470207,NA,FALSE
ME,2021-11-01,250,153056,1.6333890863474807,NA,FALSE
ME,2021-12-01,319,153056,2.0842044741793853,NA,FALSE
ME,2022-01-01,324,153056,2.116872255906335,NA,FALSE
ME,2022-02-01,247,153056,1.6137884173113108,NA,FALSE
ME,2022-03-01,343,153056,2.2410098264687432,NA,FALSE
ME,2022-04-01,366,153056,2.391281622412712,NA,FALSE
ME,2022-05-01,378,153056,2.469684298557391,NA,FALSE
ME,2022-06-01,421,153056,2.7506272214091574,NA,FALSE
ME,2022-07-01,373,153056,2.437016516830441,NA,FALSE
ME,2022-08-01,518,153056,3.38438218691198,NA,FALSE
ME,2022-09-01,555,153056,3.626123771691407,NA,FALSE
ME,2022-10-01,411,153056,2.685291657955258,NA,FALSE
ME,2022-11-01,469,153056,3.064237925987874,NA,FALSE
ME,2022-12-01,551,153056,3.5999895463098475,NA,FALSE
ME,2023-01-01,557,153056,3.6391908843821867,NA,FALSE
ME,2023-02-01,477,153056,3.1165063767509933,NA,FALSE
ME,2023-03-01,544,153056,3.554254651892118,NA,FALSE
ME,2023-04-01,432,153056,2.8224963412084465,NA,FALSE
ME,2023-05-01,616,153056,4.024670708760192,NA,FALSE
ME,2023-06-01,0,153056,0,NA,FALSE
ME,2023-07-01,0,153056,0,NA,FALSE
ME,2023-08-01,0,153056,0,NA,FALSE
ME,2023-09-01,0,153056,0,NA,FALSE
ME,2023-10-01,0,153056,0,NA,FALSE
ME,2023-11-01,0,153056,0,NA,FALSE
ME,2023-12-01,0,153056,0,NA,FALSE
MN,2012-01-01,1739,0,NA,NA,FALSE
MN,2012-02-01,1380,0,NA,NA,FALSE
MN,2012-03-01,1450,0,NA,NA,FALSE
MN,2012-04-01,1617,0,NA,NA,FALSE
MN,2012-05-01,1643,0,NA,NA,FALSE
MN,2012-06-01,1810,0,NA,NA,FALSE
MN,2012-07-01,1947,0,NA,NA,FALSE
MN,2012-08-01,2018,0,NA,NA,FALSE
MN,2012-09-01,1727,0,NA,NA,FALSE
MN,2012-10-01,1693,0,NA,NA,FALSE
MN,2012-11-01,1576,0,NA,NA,FALSE
MN,2012-12-01,1486,0,NA,NA,FALSE
MN,2013-01-01,1717,0,NA,NA,FALSE
MN,2013-02-01,1410,0,NA,NA,FALSE
MN,2013-03-01,1384,0,NA,NA,FALSE
MN,2013-04-01,1597,0,NA,NA,FALSE
MN,2013-05-01,1720,0,NA,NA,FALSE
MN,2013-06-01,1751,0,NA,NA,FALSE
MN,2013-07-01,1794,0,NA,NA,FALSE
MN,2013-08-01,1802,0,NA,NA,FALSE
MN,2013-09-01,1665,0,NA,NA,FALSE
MN,2013-10-01,1582,0,NA,NA,FALSE
MN,2013-11-01,1382,0,NA,NA,FALSE
MN,2013-12-01,1382,0,NA,NA,FALSE
MN,2014-01-01,1727,0,NA,NA,FALSE
MN,2014-02-01,1327,0,NA,NA,FALSE
MN,2014-03-01,1251,0,NA,NA,FALSE
MN,2014-04-01,1439,0,NA,NA,FALSE
MN,2014-05-01,1492,0,NA,NA,FALSE
MN,2014-06-01,1538,0,NA,NA,FALSE
MN,2014-07-01,1675,0,NA,NA,FALSE
MN,2014-08-01,1506,0,NA,NA,FALSE
MN,2014-09-01,1554,0,NA,NA,FALSE
MN,2014-10-01,1509,0,NA,NA,FALSE
MN,2014-11-01,1108,0,NA,NA,FALSE
MN,2014-12-01,1397,0,NA,NA,FALSE
MN,2015-01-01,1464,0,NA,NA,FALSE
MN,2015-02-01,1242,0,NA,NA,FALSE
MN,2015-03-01,1198,0,NA,NA,FALSE
MN,2015-04-01,1291,0,NA,NA,FALSE
MN,2015-05-01,1303,0,NA,NA,FALSE
MN,2015-06-01,1475,0,NA,NA,FALSE
MN,2015-07-01,1511,0,NA,NA,FALSE
MN,2015-08-01,1491,0,NA,NA,FALSE
MN,2015-09-01,1378,0,NA,NA,FALSE
MN,2015-10-01,1472,0,NA,NA,FALSE
MN,2015-11-01,1156,0,NA,NA,FALSE
MN,2015-12-01,1304,0,NA,NA,FALSE
MN,2016-01-01,2838,615494,4.610930407120135,NA,FALSE
MN,2016-02-01,2220,610555,3.6360360655469206,NA,FALSE
MN,2016-03-01,2443,622012,3.9275769599300334,NA,FALSE
MN,2016-04-01,2499,616388,4.054264521697372,NA,FALSE
MN,2016-05-01,2622,611097,4.290644529428225,NA,FALSE
MN,2016-06-01,2807,613554,4.5749844349478614,NA,FALSE
MN,2016-07-01,2820,617515,4.566690687675603,NA,FALSE
MN,2016-08-01,3045,620591,4.906613212244458,NA,FALSE
MN,2016-09-01,2789,615977,4.527766458812586,NA,FALSE
MN,2016-10-01,2598,616686,4.212840894717895,NA,FALSE
MN,2016-11-01,2323,614138,3.78253747529057,NA,FALSE
MN,2016-12-01,2546,618013,4.119654440926,NA,FALSE
MN,2017-01-01,2953,618701,4.7729032278919865,NA,FALSE
MN,2017-02-01,2506,617978,4.055160539695588,NA,FALSE
MN,2017-03-01,2456,617001,3.980544602034681,NA,FALSE
MN,2017-04-01,2207,604864,3.648754100095228,NA,FALSE
MN,2017-05-01,2689,611771,4.3954355469612,NA,FALSE
MN,2017-06-01,2722,613998,4.433239196218881,NA,FALSE
MN,2017-07-01,2801,613255,4.567431166480501,NA,FALSE
MN,2017-08-01,2945,615544,4.784385844066387,NA,FALSE
MN,2017-09-01,2519,613454,4.106257355889765,NA,FALSE
MN,2017-10-01,2609,608031,4.290899641630114,NA,FALSE
MN,2017-11-01,2416,616954,3.9160131873689124,NA,FALSE
MN,2017-12-01,2448,611989,4.000071896717098,NA,FALSE
MN,2018-01-01,2851,611887,4.659357038145933,NA,FALSE
MN,2018-02-01,2364,616431,3.834979097417229,NA,FALSE
MN,2018-03-01,2307,615110,3.7505486823494985,NA,FALSE
MN,2018-04-01,2175,620227,3.506780581948222,NA,FALSE
MN,2018-05-01,2626,616002,4.262973172165025,NA,FALSE
MN,2018-06-01,2551,612774,4.16303563793503,NA,FALSE
MN,2018-07-01,2678,615110,4.353692835427809,NA,FALSE
MN,2018-08-01,2764,619648,4.460596984094195,NA,FALSE
MN,2018-09-01,2434,622412,3.9105929834257696,NA,FALSE
MN,2018-10-01,2776,617947,4.49229464662827,NA,FALSE
MN,2018-11-01,2383,611360,3.8978670505103374,NA,FALSE
MN,2018-12-01,2163,615168,3.5161126716604243,NA,FALSE
MN,2019-01-01,2866,617193,4.643604188641154,NA,FALSE
MN,2019-02-01,2260,603036,3.7477032880292387,NA,FALSE
MN,2019-03-01,2290,615445,3.7208848881703482,NA,FALSE
MN,2019-04-01,2457,614664,3.9973058451446644,NA,FALSE
MN,2019-05-01,2598,611347,4.249632369178224,NA,FALSE
MN,2019-06-01,2630,617043,4.262263732025159,NA,FALSE
MN,2019-07-01,2833,620006,4.569310619574649,NA,FALSE
MN,2019-08-01,2670,612983,4.355748854372797,NA,FALSE
MN,2019-09-01,2663,617320,4.313808073608501,NA,FALSE
MN,2019-10-01,2668,622486,4.286040167971649,NA,FALSE
MN,2019-11-01,2244,608559,3.687399249702987,NA,FALSE
MN,2019-12-01,2462,608542,4.045735544958277,NA,FALSE
MN,2020-01-01,2900,617610,4.695519826427681,NA,FALSE
MN,2020-02-01,2399,609807,3.9340315870431137,NA,FALSE
MN,2020-03-01,1226,587936,2.0852609807870244,NA,FALSE
MN,2020-04-01,116,467391,0.2481862081212518,NA,FALSE
MN,2020-05-01,100,479325,0.20862671465081103,NA,FALSE
MN,2020-06-01,190,529405,0.35889347474995514,NA,FALSE
MN,2020-07-01,218,555236,0.39262583838223747,NA,FALSE
MN,2020-08-01,220,543460,0.40481360173701836,NA,FALSE
MN,2020-09-01,256,524256,0.4883110541414881,NA,FALSE
MN,2020-10-01,314,557156,0.5635764489658193,NA,FALSE
MN,2020-11-01,253,539778,0.468711210905224,NA,FALSE
MN,2020-12-01,281,556708,0.5047529405002263,NA,FALSE
MN,2021-01-01,300,551390,0.5440795081521246,NA,FALSE
MN,2021-02-01,298,533853,0.5582060979333262,NA,FALSE
MN,2021-03-01,312,557913,0.5592269762489851,NA,FALSE
MN,2021-04-01,308,543868,0.5663138849867982,NA,FALSE
MN,2021-05-01,291,557982,0.5215221996408487,NA,FALSE
MN,2021-06-01,315,548185,0.5746235303775186,NA,FALSE
MN,2021-07-01,658,575620,1.1431152496438624,NA,FALSE
MN,2021-08-01,1036,602451,1.7196419293851284,NA,FALSE
MN,2021-09-01,1334,615970,2.165689887494521,NA,FALSE
MN,2021-10-01,1730,618966,2.7949838924916715,NA,FALSE
MN,2021-11-01,1467,614329,2.3879712662107764,NA,FALSE
MN,2021-12-01,1466,606237,2.4181961840006467,NA,FALSE
MN,2022-01-01,1745,609215,2.8643418169283423,NA,FALSE
MN,2022-02-01,2049,604160,3.3914856991525424,NA,FALSE
MN,2022-03-01,2821,617476,4.568598617598093,NA,FALSE
MN,2022-04-01,3333,612318,5.443250075940933,NA,FALSE
MN,2022-05-01,3317,613148,5.4097868703803975,NA,FALSE
MN,2022-06-01,4564,622658,7.329866475657584,NA,FALSE
MN,2022-07-01,4388,618241,7.0975558075248975,NA,FALSE
MN,2022-08-01,3863,616677,6.2642193563243,NA,FALSE
MN,2022-09-01,3523,619224,5.689378964639613,NA,FALSE
MN,2022-10-01,3629,621974,5.834649036776457,NA,FALSE
MN,2022-11-01,2870,615300,4.6643913538111494,NA,FALSE
MN,2022-12-01,3526,612802,5.7538976700467686,NA,FALSE
MN,2023-01-01,1953,619159,3.154278626330232,NA,FALSE
MN,2023-02-01,1523,611770,2.489497687039247,NA,FALSE
MN,2023-03-01,1602,611077,2.6216008784490334,NA,FALSE
MN,2023-04-01,1437,616403,2.3312670444498163,NA,FALSE
MN,2023-05-01,1555,607098,2.5613657103136562,NA,FALSE
MN,2023-06-01,1551,615148,2.521344456943695,NA,FALSE
MN,2023-07-01,1403,616747,2.274838791270975,NA,FALSE
MN,2023-08-01,1529,621306,2.4609451703347465,NA,FALSE
MN,2023-09-01,1422,617825,2.3016226277667626,NA,FALSE
MN,2023-10-01,1464,609809,2.400751710781573,NA,FALSE
MN,2023-11-01,1402,616295,2.274884592605814,NA,FALSE
MN,2023-12-01,1454,609040,2.3873637199527127,NA,FALSE
MN,2024-01-01,642,605756,1.0598326719008975,NA,FALSE
MN,2024-02-01,1129,591175,1.9097559944178966,NA,FALSE
MN,2024-03-01,1075,599717,1.79251213489029,NA,FALSE
MN,2024-04-01,998,607458,1.642911937944681,NA,FALSE
MN,2024-05-01,1115,611117,1.8245278727314083,NA,FALSE
MN,2024-06-01,985,607441,1.6215566614700028,NA,FALSE
MN,2024-07-01,1256,609518,2.06064464051923,NA,FALSE
MN,2024-08-01,1185,601349,1.9705695029009775,NA,FALSE
MN,2024-09-01,1154,606504,1.9027079788426786,NA,FALSE
MN,2024-10-01,1232,610172,2.019102810355113,NA,FALSE
MN,2024-11-01,1124,595627,1.8870870528031805,NA,FALSE
MN,2024-12-01,1192,614485,1.9398357974564067,NA,FALSE
MN,2025-01-01,1399,607913,2.3013161422769377,NA,FALSE
MN,2025-02-01,1078,588218,1.8326538800240728,NA,FALSE
MN,2025-03-01,941,609602,1.543630106200439,NA,FALSE
MN,2025-04-01,1066,608403,1.7521281124517796,NA,FALSE
MN,2025-05-01,1148,607376,1.8900977318827217,NA,FALSE
MN,2025-06-01,1201,606566,1.9799988789348562,NA,FALSE
MN,2025-07-01,1439,609528,2.3608431442033835,NA,FALSE
MN,2025-08-01,1428,618672,2.3081697571572657,NA,FALSE
MN,2025-09-01,1954,621008,3.1464973076031226,NA,FALSE
MO,2012-01-01,5825,0,NA,NA,FALSE
MO,2012-02-01,5107,0,NA,NA,FALSE
MO,2012-03-01,5190,0,NA,NA,FALSE
MO,2012-04-01,5241,0,NA,NA,FALSE
MO,2012-05-01,6550,0,NA,NA,FALSE
MO,2012-06-01,6770,0,NA,NA,FALSE
MO,2012-07-01,6780,0,NA,NA,FALSE
MO,2012-08-01,6934,0,NA,NA,FALSE
MO,2012-09-01,6031,0,NA,NA,FALSE
MO,2012-10-01,6243,0,NA,NA,FALSE
MO,2012-11-01,5081,0,NA,NA,FALSE
MO,2012-12-01,4847,0,NA,NA,FALSE
MO,2013-01-01,5638,0,NA,NA,FALSE
MO,2013-02-01,4286,0,NA,NA,FALSE
MO,2013-03-01,4677,0,NA,NA,FALSE
MO,2013-04-01,5279,0,NA,NA,FALSE
MO,2013-05-01,5578,0,NA,NA,FALSE
MO,2013-06-01,5841,0,NA,NA,FALSE
MO,2013-07-01,6337,0,NA,NA,FALSE
MO,2013-08-01,5908,0,NA,NA,FALSE
MO,2013-09-01,5621,0,NA,NA,FALSE
MO,2013-10-01,6061,0,NA,NA,FALSE
MO,2013-11-01,4670,0,NA,NA,FALSE
MO,2013-12-01,4472,0,NA,NA,FALSE
MO,2014-01-01,4792,0,NA,NA,FALSE
MO,2014-02-01,3596,0,NA,NA,FALSE
MO,2014-03-01,3801,0,NA,NA,FALSE
MO,2014-04-01,3777,0,NA,NA,FALSE
MO,2014-05-01,4158,0,NA,NA,FALSE
MO,2014-06-01,4447,0,NA,NA,FALSE
MO,2014-07-01,4997,0,NA,NA,FALSE
MO,2014-08-01,4590,0,NA,NA,FALSE
MO,2014-09-01,4591,0,NA,NA,FALSE
MO,2014-10-01,4486,0,NA,NA,FALSE
MO,2014-11-01,3606,0,NA,NA,FALSE
MO,2014-12-01,3688,0,NA,NA,FALSE
MO,2015-01-01,5058,0,NA,NA,FALSE
MO,2015-02-01,3921,0,NA,NA,FALSE
MO,2015-03-01,3442,0,NA,NA,FALSE
MO,2015-04-01,4313,0,NA,NA,FALSE
MO,2015-05-01,4386,0,NA,NA,FALSE
MO,2015-06-01,4778,0,NA,NA,FALSE
MO,2015-07-01,5309,0,NA,NA,FALSE
MO,2015-08-01,5083,0,NA,NA,FALSE
MO,2015-09-01,5337,0,NA,NA,FALSE
MO,2015-10-01,4870,0,NA,NA,FALSE
MO,2015-11-01,4567,0,NA,NA,FALSE
MO,2015-12-01,5121,0,NA,NA,FALSE
MO,2016-01-01,556,0,NA,NA,FALSE
MO,2016-02-01,271,0,NA,NA,FALSE
MO,2016-03-01,397,0,NA,NA,FALSE
MO,2016-04-01,503,0,NA,NA,FALSE
MO,2016-05-01,514,0,NA,NA,FALSE
MO,2016-06-01,526,0,NA,NA,FALSE
MO,2016-07-01,449,0,NA,NA,FALSE
MO,2016-08-01,601,0,NA,NA,FALSE
MO,2016-09-01,492,0,NA,NA,FALSE
MO,2016-10-01,229,0,NA,NA,FALSE
MO,2016-11-01,418,0,NA,NA,FALSE
MO,2016-12-01,334,0,NA,NA,FALSE
MO,2020-01-01,3469,0,NA,NA,FALSE
MO,2020-02-01,2919,0,NA,NA,FALSE
MO,2020-03-01,2075,0,NA,NA,FALSE
MO,2020-04-01,635,0,NA,NA,FALSE
MO,2020-05-01,934,0,NA,NA,FALSE
MO,2020-06-01,1278,0,NA,NA,FALSE
MO,2020-07-01,1829,0,NA,NA,FALSE
MO,2020-08-01,2145,0,NA,NA,FALSE
MO,2020-09-01,2111,0,NA,NA,FALSE
MO,2020-10-01,1851,0,NA,NA,FALSE
MO,2020-11-01,1759,0,NA,NA,FALSE
MO,2020-12-01,2343,0,NA,NA,FALSE
MO,2021-01-01,1913,0,NA,NA,FALSE
MO,2021-02-01,1558,0,NA,NA,FALSE
MO,2021-03-01,2117,0,NA,NA,FALSE
MO,2021-04-01,1540,0,NA,NA,FALSE
MO,2021-05-01,1896,0,NA,NA,FALSE
MO,2021-06-01,2450,0,NA,NA,FALSE
MO,2021-07-01,2355,0,NA,NA,FALSE
MO,2021-08-01,2361,0,NA,NA,FALSE
MO,2021-09-01,2898,0,NA,NA,FALSE
MO,2021-10-01,2953,0,NA,NA,FALSE
MO,2021-11-01,2207,0,NA,NA,FALSE
MO,2021-12-01,1822,0,NA,NA,FALSE
MO,2022-01-01,2841,0,NA,NA,FALSE
MO,2022-02-01,2403,0,NA,NA,FALSE
MO,2022-03-01,2768,0,NA,NA,FALSE
MO,2022-04-01,2622,0,NA,NA,FALSE
MO,2022-05-01,2584,0,NA,NA,FALSE
MO,2022-06-01,2909,0,NA,NA,FALSE
MO,2022-07-01,3158,0,NA,NA,FALSE
MO,2022-08-01,3270,0,NA,NA,FALSE
MO,2022-09-01,2969,0,NA,NA,FALSE
MO,2022-10-01,3652,0,NA,NA,FALSE
MO,2022-11-01,2857,0,NA,NA,FALSE
MO,2022-12-01,2717,0,NA,NA,FALSE
MO,2023-01-01,332,0,NA,NA,FALSE
MS,2016-01-01,411,15393,26.700448255700643,2018-08-01,FALSE
MS,2016-02-01,297,15393,19.29448450594426,2018-08-01,FALSE
MS,2016-03-01,219,15393,14.227246150847789,2018-08-01,FALSE
MS,2016-04-01,265,15393,17.215617488468784,2018-08-01,FALSE
MS,2016-05-01,360,15393,23.387253946599103,2018-08-01,FALSE
MS,2016-06-01,348,15393,22.6076788150458,2018-08-01,FALSE
MS,2016-07-01,405,15393,26.310660689923992,2018-08-01,FALSE
MS,2016-08-01,363,15393,23.582147729487428,2018-08-01,FALSE
MS,2016-09-01,344,15393,22.347820437861365,2018-08-01,FALSE
MS,2016-10-01,318,15393,20.65874098616254,2018-08-01,FALSE
MS,2016-11-01,325,15393,21.113493146235303,2018-08-01,FALSE
MS,2016-12-01,305,15393,19.81420126031313,2018-08-01,FALSE
MS,2017-01-01,400,15393,25.98583771844345,2018-08-01,FALSE
MS,2017-02-01,317,15393,20.593776391866434,2018-08-01,FALSE
MS,2017-03-01,189,15393,12.278308321964529,2018-08-01,FALSE
MS,2017-04-01,278,15393,18.060157214318195,2018-08-01,FALSE
MS,2017-05-01,282,15393,18.32001559150263,2018-08-01,FALSE
MS,2017-06-01,287,15393,18.644838562983175,2018-08-01,FALSE
MS,2017-07-01,283,15393,18.38498018579874,2018-08-01,FALSE
MS,2017-08-01,450,15393,29.234067433248878,2018-08-01,FALSE
MS,2017-09-01,360,15393,23.387253946599103,2018-08-01,FALSE
MS,2017-10-01,364,15393,23.64711232378354,2018-08-01,FALSE
MS,2017-11-01,309,15393,20.074059637497562,2018-08-01,FALSE
MS,2017-12-01,357,15393,23.192360163710777,2018-08-01,FALSE
MS,2018-01-01,400,15393,25.98583771844345,2018-08-01,FALSE
MS,2018-02-01,339,15393,22.022997466380822,2018-08-01,FALSE
MS,2018-03-01,229,15393,14.876892093808873,2018-08-01,FALSE
MS,2018-04-01,270,15393,17.540440459949327,2018-08-01,FALSE
MS,2018-05-01,340,15393,22.08796206067693,2018-08-01,FALSE
MS,2018-06-01,333,15393,21.63320990060417,2018-08-01,FALSE
MS,2018-07-01,283,15393,18.38498018579874,2018-08-01,FALSE
MS,2018-08-01,326,15393,21.17845774053141,2018-08-01,TRUE
MS,2018-09-01,295,15393,19.164555317352043,2018-08-01,TRUE
MS,2018-10-01,340,15393,22.08796206067693,2018-08-01,TRUE
MS,2018-11-01,230,15393,14.941856688104982,2018-08-01,TRUE
MS,2018-12-01,317,15393,20.593776391866434,2018-08-01,TRUE
MS,2019-01-01,389,15393,25.271227181186255,2018-08-01,TRUE
MS,2019-02-01,268,15393,17.41051127135711,2018-08-01,TRUE
MS,2019-03-01,222,15393,14.422139933736114,2018-08-01,TRUE
MS,2019-04-01,235,15393,15.266679659585526,2018-08-01,TRUE
MS,2019-05-01,361,15393,23.452218540895213,2018-08-01,TRUE
MS,2019-06-01,257,15393,16.695900734099915,2018-08-01,TRUE
MS,2019-07-01,434,15393,28.19463392451114,2018-08-01,TRUE
MS,2019-08-01,378,15393,24.556616643929058,2018-08-01,TRUE
MS,2019-09-01,341,15393,22.15292665497304,2018-08-01,TRUE
MS,2019-10-01,401,15393,26.050802312739556,2018-08-01,TRUE
MS,2019-11-01,340,15393,22.08796206067693,2018-08-01,TRUE
MS,2019-12-01,339,15393,22.022997466380822,2018-08-01,TRUE
MS,2020-01-01,492,15393,31.962580393685442,2018-08-01,TRUE
MS,2020-02-01,385,15393,25.01136880400182,2018-08-01,TRUE
MS,2020-03-01,294,15393,19.099590723055936,2018-08-01,TRUE
MS,2020-04-01,15,15393,0.9744689144416293,2018-08-01,TRUE
MS,2020-05-01,55,15393,3.573052686285974,2018-08-01,TRUE
MS,2020-06-01,125,15393,8.120574287013577,2018-08-01,TRUE
MS,2020-07-01,59,15393,3.8329110634704087,2018-08-01,TRUE
MS,2020-08-01,182,15393,11.82355616189177,2018-08-01,TRUE
MS,2020-09-01,250,15393,16.241148574027154,2018-08-01,TRUE
MS,2020-10-01,277,15393,17.995192620022088,2018-08-01,TRUE
MS,2020-11-01,195,15393,12.668095887741181,2018-08-01,TRUE
MS,2020-12-01,218,15393,14.16228155655168,2018-08-01,TRUE
MS,2021-01-01,178,15393,11.563697784707335,2018-08-01,TRUE
MS,2021-02-01,250,15393,16.241148574027154,2018-08-01,TRUE
MS,2021-03-01,185,15393,12.018449944780095,2018-08-01,TRUE
MS,2021-04-01,126,15393,8.185538881309686,2018-08-01,TRUE
MS,2021-05-01,131,15393,8.51036185279023,2018-08-01,TRUE
MS,2021-06-01,173,15393,11.238874813226792,2018-08-01,TRUE
MS,2021-07-01,151,15393,9.809653738712402,2018-08-01,TRUE
MS,2021-08-01,199,15393,12.927954264925615,2018-08-01,TRUE
MS,2021-09-01,189,15393,12.278308321964529,2018-08-01,TRUE
MS,2021-10-01,297,15393,19.29448450594426,2018-08-01,TRUE
MS,2021-11-01,190,15393,12.343272916260638,2018-08-01,TRUE
MS,2021-12-01,193,15393,12.538166699148963,2018-08-01,TRUE
MS,2022-01-01,231,15393,15.006821282401091,2018-08-01,TRUE
MS,2022-02-01,285,15393,18.514909374390957,2018-08-01,TRUE
MS,2022-03-01,219,15393,14.227246150847789,2018-08-01,TRUE
MS,2022-04-01,210,15393,13.642564802182811,2018-08-01,TRUE
MS,2022-05-01,236,15393,15.331644253881635,2018-08-01,TRUE
MS,2022-06-01,233,15393,15.13675047099331,2018-08-01,TRUE
MS,2022-07-01,375,15393,24.361722861040732,2018-08-01,TRUE
MS,2022-08-01,347,15393,22.54271422074969,2018-08-01,TRUE
MS,2022-09-01,212,15393,13.772493990775027,2018-08-01,TRUE
MS,2022-10-01,434,15393,28.19463392451114,2018-08-01,TRUE
MS,2022-11-01,345,15393,22.412785032157473,2018-08-01,TRUE
MS,2022-12-01,261,15393,16.95575911128435,2018-08-01,TRUE
MS,2023-01-01,371,15393,24.1018644838563,2018-08-01,TRUE
MS,2023-02-01,405,15393,26.310660689923992,2018-08-01,TRUE
MS,2023-03-01,256,15393,16.630936139803808,2018-08-01,TRUE
MS,2023-04-01,319,15393,20.72370558045865,2018-08-01,TRUE
MS,2023-05-01,339,15393,22.022997466380822,2018-08-01,TRUE
MS,2023-06-01,418,15393,27.155200415773404,2018-08-01,TRUE
MS,2023-07-01,302,15393,19.619307477424805,2018-08-01,TRUE
MS,2023-08-01,472,15393,30.66328850776327,2018-08-01,TRUE
MS,2023-09-01,384,15393,24.94640420970571,2018-08-01,TRUE
MS,2023-10-01,412,15393,26.765412849996753,2018-08-01,TRUE
MS,2023-11-01,447,15393,29.039173650360553,2018-08-01,TRUE
MS,2023-12-01,401,15393,26.050802312739556,2018-08-01,TRUE
MS,2024-01-01,428,15393,27.80484635873449,2018-08-01,TRUE
MS,2024-02-01,380,15393,24.686545832521276,2018-08-01,TRUE
MS,2024-03-01,280,15393,18.190086402910413,2018-08-01,TRUE
MT,2016-01-01,149,105895,1.4070541574200859,2020-03-01,FALSE
MT,2016-02-01,159,109035,1.458247351767781,2020-03-01,FALSE
MT,2016-03-01,167,107393,1.5550361755421676,2020-03-01,FALSE
MT,2016-04-01,168,106802,1.5730042508567255,2020-03-01,FALSE
MT,2016-05-01,161,113996,1.4123302572020071,2020-03-01,FALSE
MT,2016-06-01,180,112141,1.605122123041528,2020-03-01,FALSE
MT,2016-07-01,200,109319,1.8295081367374382,2020-03-01,FALSE
MT,2016-08-01,201,109082,1.8426504831227883,2020-03-01,FALSE
MT,2016-09-01,220,109312,2.0125878220140514,2020-03-01,FALSE
MT,2016-10-01,166,107026,1.5510249845831854,2020-03-01,FALSE
MT,2016-11-01,155,107477,1.442169022209403,2020-03-01,FALSE
MT,2016-12-01,141,105248,1.3396929157798723,2020-03-01,FALSE
MT,2017-01-01,186,114749,1.6209291584240386,2020-03-01,FALSE
MT,2017-02-01,188,113517,1.6561396090453413,2020-03-01,FALSE
MT,2017-03-01,170,115531,1.4714665327920644,2020-03-01,FALSE
MT,2017-04-01,181,113530,1.5942922575530696,2020-03-01,FALSE
MT,2017-05-01,187,114180,1.6377649325626205,2020-03-01,FALSE
MT,2017-06-01,204,109326,1.8659788156522694,2020-03-01,FALSE
MT,2017-07-01,190,111294,1.707189965317088,2020-03-01,FALSE
MT,2017-08-01,224,114050,1.964050854888207,2020-03-01,FALSE
MT,2017-09-01,200,113451,1.7628756026830967,2020-03-01,FALSE
MT,2017-10-01,166,112179,1.479777855035256,2020-03-01,FALSE
MT,2017-11-01,186,114071,1.630563421027255,2020-03-01,FALSE
MT,2017-12-01,141,107311,1.3139379933091668,2020-03-01,FALSE
MT,2018-01-01,181,111210,1.6275514791835266,2020-03-01,FALSE
MT,2018-02-01,132,105431,1.2520036801320296,2020-03-01,FALSE
MT,2018-03-01,185,110220,1.6784612592995827,2020-03-01,FALSE
MT,2018-04-01,163,108549,1.5016259937908225,2020-03-01,FALSE
MT,2018-05-01,175,109692,1.5953761441126062,2020-03-01,FALSE
MT,2018-06-01,187,105714,1.7689236997937832,2020-03-01,FALSE
MT,2018-07-01,191,112280,1.701104381902387,2020-03-01,FALSE
MT,2018-08-01,190,106056,1.791506373991099,2020-03-01,FALSE
MT,2018-09-01,170,106838,1.5911941444055486,2020-03-01,FALSE
MT,2018-10-01,186,111107,1.674061940291791,2020-03-01,FALSE
MT,2018-11-01,147,109041,1.3481167634192643,2020-03-01,FALSE
MT,2018-12-01,134,109445,1.2243592672118415,2020-03-01,FALSE
MT,2019-01-01,157,106838,1.4695145921863006,2020-03-01,FALSE
MT,2019-02-01,159,107512,1.4789046804077683,2020-03-01,FALSE
MT,2019-03-01,158,111300,1.4195867026055706,2020-03-01,FALSE
MT,2019-04-01,169,109266,1.546684238463932,2020-03-01,FALSE
MT,2019-05-01,188,112895,1.6652641835333717,2020-03-01,FALSE
MT,2019-06-01,173,110487,1.5657950709133202,2020-03-01,FALSE
MT,2019-07-01,186,110540,1.6826488149086303,2020-03-01,FALSE
MT,2019-08-01,212,109164,1.9420321717782418,2020-03-01,FALSE
MT,2019-09-01,179,111425,1.6064617455687682,2020-03-01,FALSE
MT,2019-10-01,181,110918,1.6318361311960188,2020-03-01,FALSE
MT,2019-11-01,157,109868,1.4289875122874722,2020-03-01,FALSE
MT,2019-12-01,168,104847,1.6023348307533836,2020-03-01,FALSE
MT,2020-01-01,188,103800,1.811175337186898,2020-03-01,FALSE
MT,2020-02-01,135,103238,1.3076580328948644,2020-03-01,FALSE
MT,2020-03-01,112,102438,1.0933442667760012,2020-03-01,TRUE
MT,2020-04-01,31,79899,0.3879898371694264,2020-03-01,TRUE
MT,2020-05-01,73,101259,0.7209235722256787,2020-03-01,TRUE
MT,2020-06-01,152,107044,1.4199768319569523,2020-03-01,TRUE
MT,2020-07-01,147,107689,1.365041926287736,2020-03-01,TRUE
MT,2020-08-01,149,103886,1.434264482220896,2020-03-01,TRUE
MT,2020-09-01,93,102070,0.9111394141275595,2020-03-01,TRUE
MT,2020-10-01,134,103976,1.2887589443717782,2020-03-01,TRUE
MT,2020-11-01,116,103547,1.1202642278385662,2020-03-01,TRUE
MT,2020-12-01,84,106113,0.7916089451810805,2020-03-01,TRUE
MT,2021-01-01,145,106537,1.361029501487746,2020-03-01,TRUE
MT,2021-02-01,117,104125,1.1236494597839135,2020-03-01,TRUE
MT,2021-03-01,145,105710,1.3716772301579794,2020-03-01,TRUE
MT,2021-04-01,124,104051,1.191723289540706,2020-03-01,TRUE
MT,2021-05-01,106,104317,1.0161335161095506,2020-03-01,TRUE
MT,2021-06-01,140,104173,1.343918289767982,2020-03-01,TRUE
MT,2021-07-01,136,106497,1.2770312778763722,2020-03-01,TRUE
MT,2021-08-01,156,106708,1.4619335007684522,2020-03-01,TRUE
MT,2021-09-01,124,105659,1.1735867271126927,2020-03-01,TRUE
MT,2021-10-01,131,102552,1.2774007332865278,2020-03-01,TRUE
MT,2021-11-01,132,110165,1.1982026959560659,2020-03-01,TRUE
MT,2021-12-01,104,102313,1.0164886182596542,2020-03-01,TRUE
MT,2022-01-01,145,105150,1.378982406086543,2020-03-01,TRUE
MT,2022-02-01,138,108209,1.2753098171131791,2020-03-01,TRUE
MT,2022-03-01,112,106558,1.0510707783554496,2020-03-01,TRUE
MT,2022-04-01,131,108789,1.2041658623574074,2020-03-01,TRUE
MT,2022-05-01,141,105371,1.338129086750624,2020-03-01,TRUE
MT,2022-06-01,158,106976,1.476966796290757,2020-03-01,TRUE
MT,2022-07-01,174,108755,1.5999264401636706,2020-03-01,TRUE
MT,2022-08-01,162,110844,1.4615134784020787,2020-03-01,TRUE
MT,2022-09-01,151,104402,1.4463324457385873,2020-03-01,TRUE
MT,2022-10-01,169,107606,1.5705443934353103,2020-03-01,TRUE
MT,2022-11-01,163,104863,1.554409086140965,2020-03-01,TRUE
MT,2022-12-01,126,102132,1.2336975678533662,2020-03-01,TRUE
MT,2023-01-01,176,104565,1.6831635824606703,2020-03-01,TRUE
MT,2023-02-01,148,106288,1.392443173265091,2020-03-01,TRUE
MT,2023-03-01,206,108599,1.8968867116640116,2020-03-01,TRUE
MT,2023-04-01,170,104065,1.6335943881228079,2020-03-01,TRUE
MT,2023-05-01,212,103861,2.0411896669587235,2020-03-01,TRUE
MT,2023-06-01,206,105185,1.9584541522080146,2020-03-01,TRUE
MT,2023-07-01,168,103330,1.6258588986741507,2020-03-01,TRUE
MT,2023-08-01,227,105758,2.1464097278692864,2020-03-01,TRUE
MT,2023-09-01,198,107227,1.846549842856743,2020-03-01,TRUE
MT,2023-10-01,189,106068,1.7818757778029188,2020-03-01,TRUE
MT,2023-11-01,189,100942,1.8723623466941413,2020-03-01,TRUE
MT,2023-12-01,205,102475,2.000487923883874,2020-03-01,TRUE
MT,2024-01-01,262,114678,2.284657911718028,2020-03-01,TRUE
MT,2024-02-01,197,108711,1.8121441252495147,2020-03-01,TRUE
MT,2024-03-01,247,105979,2.3306504118740503,2020-03-01,TRUE
MT,2024-04-01,253,111074,2.2777607720978805,2020-03-01,TRUE
MT,2024-05-01,262,107622,2.4344464886361523,2020-03-01,TRUE
MT,2024-06-01,229,108770,2.105359933805277,2020-03-01,TRUE
MT,2024-07-01,225,106005,2.1225413895570964,2020-03-01,TRUE
MT,2024-08-01,194,101483,1.9116502271316378,2020-03-01,TRUE
MT,2024-09-01,123,104560,1.1763580719204285,2020-03-01,TRUE
MT,2024-10-01,158,107643,1.4678149066822739,2020-03-01,TRUE
MT,2024-11-01,150,106407,1.4096816938735233,2020-03-01,TRUE
MT,2024-12-01,143,104943,1.3626444831956395,2020-03-01,TRUE
MT,2025-01-01,163,108748,1.4988781402876374,2020-03-01,TRUE
MT,2025-02-01,159,112528,1.4129816578984786,2020-03-01,TRUE
MT,2025-03-01,158,112583,1.4034090404412745,2020-03-01,TRUE
MT,2025-04-01,151,109953,1.37331405236783,2020-03-01,TRUE
MT,2025-05-01,161,110050,1.4629713766469787,2020-03-01,TRUE
MT,2025-06-01,148,106797,1.385806717417156,2020-03-01,TRUE
MT,2025-07-01,187,108020,1.7311608961303462,2020-03-01,TRUE
MT,2025-08-01,161,107499,1.4976883505893077,2020-03-01,TRUE
MT,2025-09-01,146,105002,1.390449705719891,2020-03-01,TRUE
NC,2016-01-01,15149,1408252,10.757307640961987,2021-03-01,FALSE
NC,2016-02-01,11982,1408252,8.50842036794551,2021-03-01,FALSE
NC,2016-03-01,10640,1408252,7.555465925132718,2021-03-01,FALSE
NC,2016-04-01,12538,1408252,8.903236068544551,2021-03-01,FALSE
NC,2016-05-01,14042,1408252,9.971226740668573,2021-03-01,FALSE
NC,2016-06-01,14449,1408252,10.26023751430852,2021-03-01,FALSE
NC,2016-07-01,14829,1408252,10.530075583063258,2021-03-01,FALSE
NC,2016-08-01,15283,1408252,10.852461065207079,2021-03-01,FALSE
NC,2016-09-01,14510,1408252,10.303553625345463,2021-03-01,FALSE
NC,2016-10-01,14874,1408252,10.562030091205267,2021-03-01,FALSE
NC,2016-11-01,13266,1408252,9.420189000264157,2021-03-01,FALSE
NC,2016-12-01,13160,1408252,9.344918381085204,2021-03-01,FALSE
NC,2017-01-01,15658,1408252,11.118748633057152,2021-03-01,FALSE
NC,2017-02-01,13126,1408252,9.320774974933464,2021-03-01,FALSE
NC,2017-03-01,10989,1408252,7.803290888278518,2021-03-01,FALSE
NC,2017-04-01,11737,1408252,8.334445823616797,2021-03-01,FALSE
NC,2017-05-01,13966,1408252,9.917259126917626,2021-03-01,FALSE
NC,2017-06-01,14977,1408252,10.63517040984142,2021-03-01,FALSE
NC,2017-07-01,14941,1408252,10.609606803327814,2021-03-01,FALSE
NC,2017-08-01,15219,1408252,10.807014653627334,2021-03-01,FALSE
NC,2017-09-01,14934,1408252,10.60463610206128,2021-03-01,FALSE
NC,2017-10-01,15054,1408252,10.689848123773302,2021-03-01,FALSE
NC,2017-11-01,13192,1408252,9.367641586875076,2021-03-01,FALSE
NC,2017-12-01,12962,1408252,9.204318545260366,2021-03-01,FALSE
NC,2018-01-01,15915,1408252,11.301244379557067,2021-03-01,FALSE
NC,2018-02-01,13812,1408252,9.807903699053863,2021-03-01,FALSE
NC,2018-03-01,11258,1408252,7.994307836949637,2021-03-01,FALSE
NC,2018-04-01,12798,1408252,9.087862115587267,2021-03-01,FALSE
NC,2018-05-01,14304,1408252,10.157272988073156,2021-03-01,FALSE
NC,2018-06-01,14458,1408252,10.266628415936921,2021-03-01,FALSE
NC,2018-07-01,16057,1408252,11.40207860524963,2021-03-01,FALSE
NC,2018-08-01,15688,1408252,11.140051638485158,2021-03-01,FALSE
NC,2018-09-01,14172,1408252,10.063539764189931,2021-03-01,FALSE
NC,2018-10-01,16105,1408252,11.436163413934437,2021-03-01,FALSE
NC,2018-11-01,14321,1408252,10.169344691149027,2021-03-01,FALSE
NC,2018-12-01,13387,1408252,9.506111122157114,2021-03-01,FALSE
NC,2019-01-01,16580,1408252,11.773460999877862,2021-03-01,FALSE
NC,2019-02-01,14459,1408252,10.267338516117855,2021-03-01,FALSE
NC,2019-03-01,11520,1408252,8.18035408435422,2021-03-01,FALSE
NC,2019-04-01,12873,1408252,9.14111962915728,2021-03-01,FALSE
NC,2019-05-01,15324,1408252,10.881575172625354,2021-03-01,FALSE
NC,2019-06-01,15329,1408252,10.885125673530021,2021-03-01,FALSE
NC,2019-07-01,17050,1408252,12.10720808491662,2021-03-01,FALSE
NC,2019-08-01,15896,1408252,11.287752476119332,2021-03-01,FALSE
NC,2019-09-01,15754,1408252,11.18691825042677,2021-03-01,FALSE
NC,2019-10-01,15877,1408252,11.274260572681595,2021-03-01,FALSE
NC,2019-11-01,13447,1408252,9.548717133013126,2021-03-01,FALSE
NC,2019-12-01,14603,1408252,10.369592942172282,2021-03-01,FALSE
NC,2020-01-01,17115,1408252,12.1533645966773,2021-03-01,FALSE
NC,2020-02-01,15191,1408252,10.787131848561195,2021-03-01,FALSE
NC,2020-03-01,8403,1408252,5.96697182038442,2021-03-01,FALSE
NC,2020-04-01,929,1408252,0.6596830680872457,2021-03-01,FALSE
NC,2020-05-01,2984,1408252,2.1189389399056417,2021-03-01,FALSE
NC,2020-06-01,3670,1408252,2.6060676640260407,2021-03-01,FALSE
NC,2020-07-01,7498,1408252,5.324331156639579,2021-03-01,FALSE
NC,2020-08-01,8287,1408252,5.8846001993961305,2021-03-01,FALSE
NC,2020-09-01,8930,1408252,6.341194615736388,2021-03-01,FALSE
NC,2020-10-01,8618,1408252,6.119643359285128,2021-03-01,FALSE
NC,2020-11-01,5310,1408252,3.7706319607570236,2021-03-01,FALSE
NC,2020-12-01,5785,1408252,4.107929546700449,2021-03-01,FALSE
NC,2021-01-01,5286,1408252,3.753589556414619,2021-03-01,FALSE
NC,2021-02-01,5281,1408252,3.7500390555099514,2021-03-01,FALSE
NC,2021-03-01,5995,1408252,4.257050584696489,2021-03-01,TRUE
NC,2021-04-01,4802,1408252,3.4099010688427924,2021-03-01,TRUE
NC,2021-05-01,4804,1408252,3.4113212692046595,2021-03-01,TRUE
NC,2021-06-01,6602,1408252,4.688081394523139,2021-03-01,TRUE
NC,2021-07-01,6971,1408252,4.950108361287611,2021-03-01,TRUE
NC,2021-08-01,7649,1408252,5.431556283960541,2021-03-01,TRUE
NC,2021-09-01,9794,1408252,6.954721172062954,2021-03-01,TRUE
NC,2021-10-01,10061,1408252,7.144317920372206,2021-03-01,TRUE
NC,2021-11-01,9292,1408252,6.598250881234325,2021-03-01,TRUE
NC,2021-12-01,9280,1408252,6.589729679063122,2021-03-01,TRUE
NC,2022-01-01,11018,1408252,7.8238837935255905,2021-03-01,TRUE
NC,2022-02-01,10693,1408252,7.5931012347221944,2021-03-01,TRUE
NC,2022-03-01,11602,1408252,8.23858229919077,2021-03-01,TRUE
NC,2022-04-01,11097,1408252,7.879981707819339,2021-03-01,TRUE
NC,2022-05-01,13090,1408252,9.295211368419857,2021-03-01,TRUE
NC,2022-06-01,13687,1408252,9.719141176437171,2021-03-01,TRUE
NC,2022-07-01,14471,1408252,10.275859718289055,2021-03-01,TRUE
NC,2022-08-01,15308,1408252,10.870213569730417,2021-03-01,TRUE
NC,2022-09-01,13987,1408252,9.932171230717229,2021-03-01,TRUE
NC,2022-10-01,14889,1408252,10.57268159391927,2021-03-01,TRUE
NC,2022-11-01,13216,1408252,9.38468399121748,2021-03-01,TRUE
NC,2022-12-01,13774,1408252,9.780919892178389,2021-03-01,TRUE
NC,2023-01-01,16074,1408252,11.414150308325498,2021-03-01,TRUE
NC,2023-02-01,13398,1408252,9.513922224147382,2021-03-01,TRUE
NC,2023-03-01,13670,1408252,9.707069473361301,2021-03-01,TRUE
NC,2023-04-01,12811,1408252,9.097093417939403,2021-03-01,TRUE
NC,2023-05-01,15907,1408252,11.295563578109599,2021-03-01,TRUE
NC,2023-06-01,16165,1408252,11.47876942479045,2021-03-01,TRUE
ND,2016-01-01,164,103933,1.5779396341874092,2021-06-01,FALSE
ND,2016-02-01,162,100788,1.6073342064531493,2021-06-01,FALSE
ND,2016-03-01,140,102008,1.3724413771468904,2021-06-01,FALSE
ND,2016-04-01,142,106816,1.329388855602157,2021-06-01,FALSE
ND,2016-05-01,137,105222,1.302009085552451,2021-06-01,FALSE
ND,2016-06-01,191,107065,1.7839630131228692,2021-06-01,FALSE
ND,2016-07-01,152,106374,1.4289206008987159,2021-06-01,FALSE
ND,2016-08-01,172,105727,1.6268313675787642,2021-06-01,FALSE
ND,2016-09-01,158,103220,1.5307111024995157,2021-06-01,FALSE
ND,2016-10-01,187,105263,1.7765026647539972,2021-06-01,FALSE
ND,2016-11-01,140,102307,1.3684303126863264,2021-06-01,FALSE
ND,2016-12-01,145,99065,1.4636854590420432,2021-06-01,FALSE
ND,2017-01-01,214,103994,2.0578110275592825,2021-06-01,FALSE
ND,2017-02-01,184,106730,1.72397638901902,2021-06-01,FALSE
ND,2017-03-01,156,101384,1.538704332044504,2021-06-01,FALSE
ND,2017-04-01,125,102890,1.214889688016328,2021-06-01,FALSE
ND,2017-05-01,156,104743,1.489359670813324,2021-06-01,FALSE
ND,2017-06-01,198,106696,1.8557396715903127,2021-06-01,FALSE
ND,2017-07-01,171,105075,1.6274089935760172,2021-06-01,FALSE
ND,2017-08-01,209,107761,1.9394771763439462,2021-06-01,FALSE
ND,2017-09-01,173,105189,1.6446586620273984,2021-06-01,FALSE
ND,2017-10-01,168,104245,1.6115880857595088,2021-06-01,FALSE
ND,2017-11-01,183,105290,1.738056795517143,2021-06-01,FALSE
ND,2017-12-01,167,102662,1.6266973174105317,2021-06-01,FALSE
ND,2018-01-01,225,108253,2.078464338170767,2021-06-01,FALSE
ND,2018-02-01,191,104064,1.835408979089791,2021-06-01,FALSE
ND,2018-03-01,186,103677,1.7940333921699123,2021-06-01,FALSE
ND,2018-04-01,183,104747,1.7470667417682606,2021-06-01,FALSE
ND,2018-05-01,201,103730,1.9377229345415983,2021-06-01,FALSE
ND,2018-06-01,183,100717,1.816972308547713,2021-06-01,FALSE
ND,2018-07-01,212,102266,2.073025247882972,2021-06-01,FALSE
ND,2018-08-01,249,109598,2.271939268964762,2021-06-01,FALSE
ND,2018-09-01,208,107102,1.942073910851338,2021-06-01,FALSE
ND,2018-10-01,235,106026,2.216437477599834,2021-06-01,FALSE
ND,2018-11-01,221,101218,2.183406113537118,2021-06-01,FALSE
ND,2018-12-01,197,98470,2.0006093226363357,2021-06-01,FALSE
ND,2019-01-01,247,103704,2.3817789092031165,2021-06-01,FALSE
ND,2019-02-01,265,104407,2.5381439941766355,2021-06-01,FALSE
ND,2019-03-01,239,103627,2.306348731508198,2021-06-01,FALSE
ND,2019-04-01,236,107644,2.192412024822563,2021-06-01,FALSE
ND,2019-05-01,247,107190,2.304319432782909,2021-06-01,FALSE
ND,2019-06-01,211,103175,2.0450690574267023,2021-06-01,FALSE
ND,2019-07-01,248,104961,2.3627823667838532,2021-06-01,FALSE
ND,2019-08-01,235,107138,2.1934327689521926,2021-06-01,FALSE
ND,2019-09-01,217,103408,2.0984836763113104,2021-06-01,FALSE
ND,2019-10-01,310,107660,2.879435259149173,2021-06-01,FALSE
ND,2019-11-01,258,100858,2.558051914572964,2021-06-01,FALSE
ND,2019-12-01,242,106198,2.2787623119079456,2021-06-01,FALSE
ND,2020-01-01,266,108333,2.4553921704374475,2021-06-01,FALSE
ND,2020-02-01,264,102694,2.57074415253082,2021-06-01,FALSE
ND,2020-03-01,134,102434,1.3081594001991526,2021-06-01,FALSE
ND,2020-04-01,40,98210,0.40729049994908867,2021-06-01,FALSE
ND,2020-05-01,211,104364,2.02176995898969,2021-06-01,FALSE
ND,2020-06-01,235,107446,2.1871451705973235,2021-06-01,FALSE
ND,2020-07-01,239,103324,2.3131121520653477,2021-06-01,FALSE
ND,2020-08-01,244,106058,2.300627958286975,2021-06-01,FALSE
ND,2020-09-01,225,104431,2.154532657927244,2021-06-01,FALSE
ND,2020-10-01,277,105635,2.622236947981256,2021-06-01,FALSE
ND,2020-11-01,179,104431,1.7140504256398963,2021-06-01,FALSE
ND,2020-12-01,208,102033,2.0385561534013505,2021-06-01,FALSE
ND,2021-01-01,183,98667,1.8547234637720817,2021-06-01,FALSE
ND,2021-02-01,184,104051,1.7683635909313702,2021-06-01,FALSE
ND,2021-03-01,231,102347,2.2570275630941796,2021-06-01,FALSE
ND,2021-04-01,169,100405,1.6831831084109357,2021-06-01,FALSE
ND,2021-05-01,157,110081,1.4262225088798248,2021-06-01,FALSE
ND,2021-06-01,178,105664,1.6845850999394307,2021-06-01,TRUE
ND,2021-07-01,229,107156,2.1370711859345253,2021-06-01,TRUE
ND,2021-08-01,222,104379,2.1268645992009887,2021-06-01,TRUE
ND,2021-09-01,222,106270,2.0890185376870236,2021-06-01,TRUE
ND,2021-10-01,213,108447,1.9640930592824144,2021-06-01,TRUE
ND,2021-11-01,198,105490,1.8769551616266944,2021-06-01,TRUE
ND,2021-12-01,218,104653,2.08307454158027,2021-06-01,TRUE
ND,2022-01-01,219,101268,2.162578504562152,2021-06-01,TRUE
ND,2022-02-01,180,104230,1.7269500143912502,2021-06-01,TRUE
ND,2022-03-01,228,103297,2.207227702643833,2021-06-01,TRUE
ND,2022-04-01,194,103948,1.8663177742717512,2021-06-01,TRUE
ND,2022-05-01,222,99044,2.2414280521788297,2021-06-01,TRUE
ND,2022-06-01,228,106706,2.1367120874177647,2021-06-01,TRUE
ND,2022-07-01,243,105235,2.309117688981803,2021-06-01,TRUE
ND,2022-08-01,295,106629,2.766601956315824,2021-06-01,TRUE
ND,2022-09-01,248,103871,2.387576898268044,2021-06-01,TRUE
ND,2022-10-01,297,108755,2.7309089237276445,2021-06-01,TRUE
ND,2022-11-01,248,104470,2.373887240356083,2021-06-01,TRUE
ND,2022-12-01,270,100546,2.685338054223937,2021-06-01,TRUE
ND,2023-01-01,327,105503,3.099437930674957,2021-06-01,TRUE
ND,2023-02-01,315,107308,2.935475453833824,2021-06-01,TRUE
ND,2023-03-01,320,107034,2.989704206140105,2021-06-01,TRUE
ND,2023-04-01,242,105017,2.304388813239761,2021-06-01,TRUE
ND,2023-05-01,283,109472,2.5851359251680797,2021-06-01,TRUE
ND,2023-06-01,312,102032,3.057864199466834,2021-06-01,TRUE
ND,2023-07-01,339,107617,3.15005993476867,2021-06-01,TRUE
ND,2023-08-01,435,103708,4.194469086280711,2021-06-01,TRUE
ND,2023-09-01,296,103710,2.854112428888246,2021-06-01,TRUE
ND,2023-10-01,392,108115,3.625768857235351,2021-06-01,TRUE
ND,2023-11-01,284,106764,2.6600726836761455,2021-06-01,TRUE
ND,2023-12-01,311,106538,2.9191462201280296,2021-06-01,TRUE
ND,2024-01-01,304,101271,3.001846530596123,2021-06-01,TRUE
ND,2024-02-01,422,107504,3.9254353326387856,2021-06-01,TRUE
ND,2024-03-01,268,105551,2.539056948773579,2021-06-01,TRUE
ND,2024-04-01,310,108415,2.8593829267167825,2021-06-01,TRUE
ND,2024-05-01,332,105702,3.1409055647007627,2021-06-01,TRUE
ND,2024-06-01,347,105958,3.2748825006134505,2021-06-01,TRUE
ND,2024-07-01,351,107254,3.2726052175210247,2021-06-01,TRUE
ND,2024-08-01,306,105333,2.9050724844065963,2021-06-01,TRUE
ND,2024-09-01,279,103143,2.704982403071464,2021-06-01,TRUE
ND,2024-10-01,326,106400,3.06390977443609,2021-06-01,TRUE
ND,2024-11-01,256,104713,2.444777630284683,2021-06-01,TRUE
ND,2024-12-01,299,102679,2.9119878456159487,2021-06-01,TRUE
ND,2025-01-01,312,104678,2.9805689829763655,2021-06-01,TRUE
ND,2025-02-01,293,104456,2.8050088075361876,2021-06-01,TRUE
ND,2025-03-01,261,106079,2.4604304339218883,2021-06-01,TRUE
ND,2025-04-01,286,107350,2.664182580344667,2021-06-01,TRUE
ND,2025-05-01,279,108158,2.5795595332753933,2021-06-01,TRUE
ND,2025-06-01,68,96417,0.7052698175632928,2021-06-01,TRUE
NH,2018-12-01,82,151523,0.5411719672920943,2019-12-01,FALSE
NH,2019-01-01,550,151523,3.6298119757396567,2019-12-01,FALSE
NH,2019-02-01,487,151523,3.2140335130640234,2019-12-01,FALSE
NH,2019-03-01,446,151523,2.943447529417976,2019-12-01,FALSE
NH,2019-04-01,565,151523,3.728806847805284,2019-12-01,FALSE
NH,2019-05-01,502,151523,3.3130283851296505,2019-12-01,FALSE
NH,2019-06-01,540,151523,3.563815394362572,2019-12-01,FALSE
NH,2019-07-01,723,151523,4.771552833563222,2019-12-01,FALSE
NH,2019-08-01,578,151523,3.8146024035954937,2019-12-01,FALSE
NH,2019-09-01,674,151523,4.448169584815506,2019-12-01,FALSE
NH,2019-10-01,477,151523,3.1480369316869385,2019-12-01,FALSE
NH,2019-11-01,448,151523,2.956646845693393,2019-12-01,FALSE
NH,2019-12-01,539,151523,3.5572157362248635,2019-12-01,TRUE
NH,2020-01-01,502,151523,3.3130283851296505,2019-12-01,TRUE
NH,2020-02-01,466,151523,3.0754406921721453,2019-12-01,TRUE
NH,2020-03-01,254,151523,1.6763131669779505,2019-12-01,TRUE
NH,2020-04-01,27,151523,0.1781907697181286,2019-12-01,TRUE
NH,2020-05-01,53,151523,0.34978188129854876,2019-12-01,TRUE
NH,2020-06-01,97,151523,0.6401668393577212,2019-12-01,TRUE
NH,2020-07-01,311,151523,2.0524936808273333,2019-12-01,TRUE
NH,2020-08-01,726,151523,4.791351807976347,2019-12-01,TRUE
NH,2020-09-01,352,151523,2.32307966447338,2019-12-01,TRUE
NH,2020-10-01,284,151523,1.8743029111092044,2019-12-01,TRUE
NH,2020-11-01,344,151523,2.2702823993717125,2019-12-01,TRUE
NH,2020-12-01,229,151523,1.5113217135352388,2019-12-01,TRUE
NH,2021-01-01,239,151523,1.5773182949123234,2019-12-01,TRUE
NH,2021-02-01,257,151523,1.696112141391076,2019-12-01,TRUE
NH,2021-03-01,344,151523,2.2702823993717125,2019-12-01,TRUE
NH,2021-04-01,242,151523,1.597117269325449,2019-12-01,TRUE
NH,2021-05-01,304,151523,2.006296073863374,2019-12-01,TRUE
NH,2021-06-01,301,151523,1.9864970994502484,2019-12-01,TRUE
NH,2021-07-01,293,151523,1.9336998343485807,2019-12-01,TRUE
NH,2021-08-01,399,151523,2.633263596945678,2019-12-01,TRUE
NH,2021-09-01,390,151523,2.573866673706302,2019-12-01,TRUE
NH,2021-10-01,376,151523,2.4814714597783833,2019-12-01,TRUE
NH,2021-11-01,418,151523,2.758657101562139,2019-12-01,TRUE
NH,2021-12-01,294,151523,1.9402994924862893,2019-12-01,TRUE
NH,2022-01-01,431,151523,2.844452657352349,2019-12-01,TRUE
NH,2022-02-01,390,151523,2.573866673706302,2019-12-01,TRUE
NH,2022-03-01,332,151523,2.191086501719211,2019-12-01,TRUE
NH,2022-04-01,314,151523,2.0722926552404584,2019-12-01,TRUE
NH,2022-05-01,470,151523,3.101839324722979,2019-12-01,TRUE
NH,2022-06-01,398,151523,2.6266639388079698,2019-12-01,TRUE
NH,2022-07-01,425,151523,2.8048547085260984,2019-12-01,TRUE
NH,2022-08-01,577,151523,3.8080027454577854,2019-12-01,TRUE
NH,2022-09-01,490,151523,3.2338324874771485,2019-12-01,TRUE
NH,2022-10-01,613,151523,4.04559043841529,2019-12-01,TRUE
NH,2022-11-01,416,151523,2.7454577852867224,2019-12-01,TRUE
NH,2022-12-01,400,151523,2.6398632550833865,2019-12-01,TRUE
NH,2023-01-01,517,151523,3.412023257195277,2019-12-01,TRUE
NH,2023-02-01,454,151523,2.9962447945196438,2019-12-01,TRUE
NH,2023-03-01,564,151523,3.722207189667575,2019-12-01,TRUE
NH,2023-04-01,540,151523,3.563815394362572,2019-12-01,TRUE
NH,2023-05-01,605,151523,3.9927931733136224,2019-12-01,TRUE
NH,2023-06-01,535,151523,3.5308171036740297,2019-12-01,TRUE
NH,2023-07-01,0,151523,0,2019-12-01,TRUE
NH,2023-08-01,0,151523,0,2019-12-01,TRUE
NH,2023-09-01,0,151523,0,2019-12-01,TRUE
NH,2023-10-01,0,151523,0,2019-12-01,TRUE
NH,2023-11-01,0,151523,0,2019-12-01,TRUE
NH,2023-12-01,0,151523,0,2019-12-01,TRUE
NM,2017-01-01,1461,0,NA,2018-10-01,FALSE
NM,2017-02-01,1313,0,NA,2018-10-01,FALSE
NM,2017-03-01,1124,0,NA,2018-10-01,FALSE
NM,2017-04-01,1276,0,NA,2018-10-01,FALSE
NM,2017-05-01,1408,0,NA,2018-10-01,FALSE
NM,2017-06-01,1515,0,NA,2018-10-01,FALSE
NM,2017-07-01,1457,0,NA,2018-10-01,FALSE
NM,2017-08-01,1639,0,NA,2018-10-01,FALSE
NM,2017-09-01,1451,0,NA,2018-10-01,FALSE
NM,2017-10-01,1519,0,NA,2018-10-01,FALSE
NM,2017-11-01,1269,0,NA,2018-10-01,FALSE
NM,2017-12-01,1265,0,NA,2018-10-01,FALSE
NM,2018-01-01,1568,0,NA,2018-10-01,FALSE
NM,2018-02-01,1310,0,NA,2018-10-01,FALSE
NM,2018-03-01,1103,0,NA,2018-10-01,FALSE
NM,2018-04-01,1265,0,NA,2018-10-01,FALSE
NM,2018-05-01,1397,0,NA,2018-10-01,FALSE
NM,2018-06-01,1467,0,NA,2018-10-01,FALSE
NM,2018-07-01,1565,0,NA,2018-10-01,FALSE
NM,2018-08-01,1530,0,NA,2018-10-01,FALSE
NM,2018-09-01,1434,0,NA,2018-10-01,FALSE
NM,2018-10-01,1559,0,NA,2018-10-01,TRUE
NM,2018-11-01,1367,0,NA,2018-10-01,TRUE
NM,2018-12-01,1226,0,NA,2018-10-01,TRUE
NM,2019-01-01,1637,0,NA,2018-10-01,TRUE
NM,2019-02-01,1329,0,NA,2018-10-01,TRUE
NM,2019-03-01,1181,0,NA,2018-10-01,TRUE
NM,2019-04-01,1276,0,NA,2018-10-01,TRUE
NM,2019-05-01,1465,0,NA,2018-10-01,TRUE
NM,2019-06-01,1454,0,NA,2018-10-01,TRUE
NM,2019-07-01,1571,0,NA,2018-10-01,TRUE
NM,2019-08-01,1581,0,NA,2018-10-01,TRUE
NM,2019-09-01,1561,0,NA,2018-10-01,TRUE
NM,2019-10-01,1487,0,NA,2018-10-01,TRUE
NM,2019-11-01,1393,0,NA,2018-10-01,TRUE
NM,2019-12-01,1389,0,NA,2018-10-01,TRUE
NM,2020-01-01,1545,0,NA,2018-10-01,TRUE
NM,2020-02-01,1266,0,NA,2018-10-01,TRUE
NM,2020-03-01,1021,0,NA,2018-10-01,TRUE
NM,2020-04-01,436,0,NA,2018-10-01,TRUE
NM,2020-05-01,448,0,NA,2018-10-01,TRUE
NM,2020-06-01,537,0,NA,2018-10-01,TRUE
NM,2020-07-01,576,0,NA,2018-10-01,TRUE
NM,2020-08-01,758,0,NA,2018-10-01,TRUE
NM,2020-09-01,662,0,NA,2018-10-01,TRUE
NM,2020-10-01,706,0,NA,2018-10-01,TRUE
NM,2020-11-01,661,0,NA,2018-10-01,TRUE
NM,2020-12-01,417,0,NA,2018-10-01,TRUE
NM,2021-01-01,910,0,NA,2018-10-01,TRUE
NM,2021-02-01,675,0,NA,2018-10-01,TRUE
NM,2021-03-01,699,0,NA,2018-10-01,TRUE
NM,2021-04-01,575,0,NA,2018-10-01,TRUE
NM,2021-05-01,739,0,NA,2018-10-01,TRUE
NM,2021-06-01,878,0,NA,2018-10-01,TRUE
NM,2021-07-01,824,0,NA,2018-10-01,TRUE
NM,2021-08-01,791,0,NA,2018-10-01,TRUE
NM,2021-09-01,778,0,NA,2018-10-01,TRUE
NM,2021-10-01,823,0,NA,2018-10-01,TRUE
NM,2021-11-01,791,0,NA,2018-10-01,TRUE
NM,2021-12-01,704,0,NA,2018-10-01,TRUE
NM,2022-01-01,876,0,NA,2018-10-01,TRUE
NM,2022-02-01,941,0,NA,2018-10-01,TRUE
NM,2022-03-01,938,0,NA,2018-10-01,TRUE
NM,2022-04-01,897,0,NA,2018-10-01,TRUE
NM,2022-05-01,1068,0,NA,2018-10-01,TRUE
NM,2022-06-01,1045,0,NA,2018-10-01,TRUE
NM,2022-07-01,1086,0,NA,2018-10-01,TRUE
NM,2022-08-01,1239,0,NA,2018-10-01,TRUE
NM,2022-09-01,1026,0,NA,2018-10-01,TRUE
NM,2022-10-01,1073,0,NA,2018-10-01,TRUE
NM,2022-11-01,1058,0,NA,2018-10-01,TRUE
NM,2022-12-01,973,0,NA,2018-10-01,TRUE
NM,2023-01-01,124,0,NA,2018-10-01,TRUE
NV,2020-01-01,3036,0,NA,NA,FALSE
NV,2020-02-01,2993,0,NA,NA,FALSE
NV,2020-03-01,1159,0,NA,NA,FALSE
NV,2020-04-01,66,0,NA,NA,FALSE
NV,2020-05-01,115,0,NA,NA,FALSE
NV,2020-06-01,157,0,NA,NA,FALSE
NV,2020-07-01,255,0,NA,NA,FALSE
NV,2020-08-01,565,0,NA,NA,FALSE
NV,2020-09-01,825,0,NA,NA,FALSE
NV,2020-10-01,3309,0,NA,NA,FALSE
NV,2020-11-01,5016,0,NA,NA,FALSE
NV,2020-12-01,2751,0,NA,NA,FALSE
NV,2021-01-01,1832,0,NA,NA,FALSE
NV,2021-02-01,2107,0,NA,NA,FALSE
NV,2021-03-01,2759,0,NA,NA,FALSE
NV,2021-04-01,2087,0,NA,NA,FALSE
NV,2021-05-01,1996,0,NA,NA,FALSE
NV,2021-06-01,4278,0,NA,NA,FALSE
NV,2021-07-01,3489,0,NA,NA,FALSE
NV,2021-08-01,3587,0,NA,NA,FALSE
NV,2021-09-01,3807,0,NA,NA,FALSE
NV,2021-10-01,4255,0,NA,NA,FALSE
NV,2021-11-01,3852,0,NA,NA,FALSE
NV,2021-12-01,4018,0,NA,NA,FALSE
NV,2022-01-01,4257,0,NA,NA,FALSE
NV,2022-02-01,4490,0,NA,NA,FALSE
NV,2022-03-01,4508,0,NA,NA,FALSE
NV,2022-04-01,4017,0,NA,NA,FALSE
NV,2022-05-01,3845,0,NA,NA,FALSE
NV,2022-06-01,5072,0,NA,NA,FALSE
NV,2022-07-01,5115,0,NA,NA,FALSE
NV,2022-08-01,5549,0,NA,NA,FALSE
NV,2022-09-01,5276,0,NA,NA,FALSE
NV,2022-10-01,4927,0,NA,NA,FALSE
NV,2022-11-01,4833,0,NA,NA,FALSE
NV,2022-12-01,5456,0,NA,NA,FALSE
NV,2023-01-01,5476,0,NA,NA,FALSE
NV,2023-02-01,4413,0,NA,NA,FALSE
NV,2023-03-01,4441,0,NA,NA,FALSE
NV,2023-04-01,4133,0,NA,NA,FALSE
NV,2023-05-01,5574,0,NA,NA,FALSE
NV,2023-06-01,5303,0,NA,NA,FALSE
NV,2023-07-01,4940,0,NA,NA,FALSE
NV,2023-08-01,5223,0,NA,NA,FALSE
NV,2023-09-01,4627,0,NA,NA,FALSE
NV,2023-10-01,4739,0,NA,NA,FALSE
NV,2023-11-01,4223,0,NA,NA,FALSE
NV,2023-12-01,4014,0,NA,NA,FALSE
NV,2024-01-01,4746,0,NA,NA,FALSE
NV,2024-02-01,4086,0,NA,NA,FALSE
NV,2024-03-01,3309,0,NA,NA,FALSE
NV,2024-04-01,3860,0,NA,NA,FALSE
NV,2024-05-01,3977,0,NA,NA,FALSE
NV,2024-06-01,4041,0,NA,NA,FALSE
NV,2024-07-01,4983,0,NA,NA,FALSE
NV,2024-08-01,4589,0,NA,NA,FALSE
NV,2024-09-01,4429,0,NA,NA,FALSE
NV,2024-10-01,3231,0,NA,NA,FALSE
NV,2024-11-01,3610,0,NA,NA,FALSE
NV,2024-12-01,4100,0,NA,NA,FALSE
NV,2025-01-01,3911,0,NA,NA,FALSE
NV,2025-02-01,3377,0,NA,NA,FALSE
NV,2025-03-01,3394,0,NA,NA,FALSE
NV,2025-04-01,3428,0,NA,NA,FALSE
NV,2025-05-01,3779,0,NA,NA,FALSE
NV,2025-06-01,3871,0,NA,NA,FALSE
NV,2025-07-01,4244,0,NA,NA,FALSE
NV,2025-08-01,3973,0,NA,NA,FALSE
NV,2025-09-01,3363,0,NA,NA,FALSE
NV,2025-10-01,3710,0,NA,NA,FALSE
NV,2025-11-01,0,0,NA,NA,FALSE
NY,2016-01-01,19871,0,NA,2019-07-01,FALSE
NY,2016-02-01,21793,0,NA,2019-07-01,FALSE
NY,2016-03-01,19590,0,NA,2019-07-01,FALSE
NY,2016-04-01,16482,0,NA,2019-07-01,FALSE
NY,2016-05-01,17458,0,NA,2019-07-01,FALSE
NY,2016-06-01,18773,0,NA,2019-07-01,FALSE
NY,2016-07-01,18326,0,NA,2019-07-01,FALSE
NY,2016-08-01,22170,0,NA,2019-07-01,FALSE
NY,2016-09-01,19984,0,NA,2019-07-01,FALSE
NY,2016-10-01,18563,0,NA,2019-07-01,FALSE
NY,2016-11-01,20724,0,NA,2019-07-01,FALSE
NY,2016-12-01,20115,0,NA,2019-07-01,FALSE
NY,2017-01-01,19166,0,NA,2019-07-01,FALSE
NY,2017-02-01,19262,0,NA,2019-07-01,FALSE
NY,2017-03-01,20193,0,NA,2019-07-01,FALSE
NY,2017-04-01,15750,0,NA,2019-07-01,FALSE
NY,2017-05-01,18361,0,NA,2019-07-01,FALSE
NY,2017-06-01,17584,0,NA,2019-07-01,FALSE
NY,2017-07-01,18556,0,NA,2019-07-01,FALSE
NY,2017-08-01,20787,0,NA,2019-07-01,FALSE
NY,2017-09-01,18411,0,NA,2019-07-01,FALSE
NY,2017-10-01,19837,0,NA,2019-07-01,FALSE
NY,2017-11-01,19183,0,NA,2019-07-01,FALSE
NY,2017-12-01,18687,0,NA,2019-07-01,FALSE
NY,2018-01-01,20796,0,NA,2019-07-01,FALSE
NY,2018-02-01,17940,0,NA,2019-07-01,FALSE
NY,2018-03-01,18433,0,NA,2019-07-01,FALSE
NY,2018-04-01,15919,0,NA,2019-07-01,FALSE
NY,2018-05-01,16216,0,NA,2019-07-01,FALSE
NY,2018-06-01,17616,0,NA,2019-07-01,FALSE
NY,2018-07-01,18108,0,NA,2019-07-01,FALSE
NY,2018-08-01,20323,0,NA,2019-07-01,FALSE
NY,2018-09-01,15705,0,NA,2019-07-01,FALSE
NY,2018-10-01,20847,0,NA,2019-07-01,FALSE
NY,2018-11-01,18744,0,NA,2019-07-01,FALSE
NY,2018-12-01,17028,0,NA,2019-07-01,FALSE
NY,2019-01-01,30193,3503793,8.617232810271611,2019-07-01,FALSE
NY,2019-02-01,24754,3501722,7.069093434601605,2019-07-01,FALSE
NY,2019-03-01,24553,3503793,7.007548676534259,2019-07-01,FALSE
NY,2019-04-01,24760,3497951,7.078429629231513,2019-07-01,FALSE
NY,2019-05-01,26335,3502168,7.519627841953898,2019-07-01,FALSE
NY,2019-06-01,19428,3501647,5.548246296671252,2019-07-01,FALSE
NY,2019-07-01,11986,3500097,3.4244765216506856,2019-07-01,TRUE
NY,2019-08-01,19639,3503793,5.605068564267352,2019-07-01,TRUE
NY,2019-09-01,19394,3503793,5.5351443421457835,2019-07-01,TRUE
NY,2019-10-01,21937,3498793,6.26987649740925,2019-07-01,TRUE
NY,2019-11-01,19418,3503793,5.541994061863814,2019-07-01,TRUE
NY,2019-12-01,19768,3503793,5.641885807751771,2019-07-01,TRUE
NY,2020-01-01,23000,3497951,6.575277926992117,2019-07-01,TRUE
NY,2020-02-01,20614,3497951,5.893164312478934,2019-07-01,TRUE
NY,2020-03-01,12716,3496722,3.63654874479584,2019-07-01,TRUE
NY,2020-04-01,7,2201354,0.003179861121836833,2019-07-01,TRUE
NY,2020-05-01,10,807063,0.012390606433450673,2019-07-01,TRUE
NY,2020-06-01,54,2605903,0.020722183442745182,2019-07-01,TRUE
NY,2020-07-01,2720,3262000,0.8338442673206622,2019-07-01,TRUE
NY,2020-08-01,7394,3414222,2.165647107891637,2019-07-01,TRUE
NY,2020-09-01,9361,3442654,2.719123095146942,2019-07-01,TRUE
NY,2020-10-01,10747,3454820,3.1107264633179152,2019-07-01,TRUE
NY,2020-11-01,11274,3488109,3.23212376677449,2019-07-01,TRUE
NY,2020-12-01,11042,3470361,3.181801547447081,2019-07-01,TRUE
NY,2021-01-01,1235,3443736,0.3586221475746108,2019-07-01,TRUE
NY,2021-02-01,2278,3445661,0.6611213349194828,2019-07-01,TRUE
NY,2021-03-01,5088,3485378,1.4598129672018358,2019-07-01,TRUE
NY,2021-04-01,7181,3484678,2.0607355973780073,2019-07-01,TRUE
NY,2021-05-01,7262,3500434,2.0745998924704767,2019-07-01,TRUE
NY,2021-06-01,7322,3479297,2.104448111213271,2019-07-01,TRUE
NY,2021-07-01,6654,3499576,1.901373194924185,2019-07-01,TRUE
NY,2021-08-01,7326,3493575,2.096992335930959,2019-07-01,TRUE
NY,2021-09-01,4715,3498423,1.3477501148374567,2019-07-01,TRUE
NY,2021-10-01,6409,3491196,1.8357605817605198,2019-07-01,TRUE
NY,2021-11-01,6566,3496799,1.87771730659955,2019-07-01,TRUE
NY,2021-12-01,7294,3491778,2.0889071412901967,2019-07-01,TRUE
NY,2022-01-01,9919,3498363,2.8353261225321673,2019-07-01,TRUE
NY,2022-02-01,12807,3502168,3.65687768262402,2019-07-01,TRUE
NY,2022-03-01,17764,3503793,5.069934211296158,2019-07-01,TRUE
NY,2022-04-01,16573,3503793,4.730016870288855,2019-07-01,TRUE
NY,2022-05-01,16503,3501647,4.7129250892508585,2019-07-01,TRUE
NY,2022-06-01,17126,3503793,4.887845828791827,2019-07-01,TRUE
NY,2022-07-01,17218,3501722,4.9170094028023925,2019-07-01,TRUE
NY,2022-08-01,17228,3504163,4.916437962503457,2019-07-01,TRUE
NY,2022-09-01,17364,3503793,4.955772215995637,2019-07-01,TRUE
NY,2022-10-01,17056,3502168,4.870126161851744,2019-07-01,TRUE
NY,2022-11-01,16978,3503793,4.845605890530633,2019-07-01,TRUE
NY,2022-12-01,17403,3497951,4.975198337541035,2019-07-01,TRUE
NY,2023-01-01,19035,3503793,5.432683951363565,2019-07-01,TRUE
NY,2023-02-01,16129,3502168,4.605432977515642,2019-07-01,TRUE
NY,2023-03-01,20068,3503793,5.727507304227162,2019-07-01,TRUE
NY,2023-04-01,17265,3503793,4.927517122158758,2019-07-01,TRUE
NY,2023-05-01,18336,3503793,5.233185864575904,2019-07-01,TRUE
NY,2023-06-01,18744,3503793,5.349631099782436,2019-07-01,TRUE
NY,2023-07-01,17493,3503793,4.992589459480055,2019-07-01,TRUE
NY,2023-08-01,20094,3502168,5.737588830690019,2019-07-01,TRUE
NY,2023-09-01,17125,3503793,4.887560423803575,2019-07-01,TRUE
NY,2023-10-01,18394,3501016,5.2539034383161916,2019-07-01,TRUE
NY,2023-11-01,17511,3502168,5.000045685986509,2019-07-01,TRUE
NY,2023-12-01,16538,3503793,4.72002769570006,2019-07-01,TRUE
NY,2024-01-01,17865,3503793,5.09876011510954,2019-07-01,TRUE
NY,2024-02-01,16633,3503793,4.747141169583934,2019-07-01,TRUE
NY,2024-03-01,17679,3502092,5.048125520403233,2019-07-01,TRUE
NY,2024-04-01,16701,3503793,4.766548708785022,2019-07-01,TRUE
NY,2024-05-01,17190,3501722,4.909013336866833,2019-07-01,TRUE
NY,2024-06-01,15678,3503793,4.474579405803939,2019-07-01,TRUE
NY,2024-07-01,17366,3501722,4.959274322747494,2019-07-01,TRUE
NY,2024-08-01,17433,3502168,4.977773767563407,2019-07-01,TRUE
NY,2024-09-01,16153,3502092,4.612385968158461,2019-07-01,TRUE
NY,2024-10-01,17236,3503793,4.91924037749947,2019-07-01,TRUE
NY,2024-11-01,15456,3503793,4.41121949841215,2019-07-01,TRUE
NY,2024-12-01,15309,3501722,4.371849050267269,2019-07-01,TRUE
NY,2025-01-01,17354,3500467,4.957624225567617,2019-07-01,TRUE
NY,2025-02-01,15568,3503793,4.443184857096296,2019-07-01,TRUE
NY,2025-03-01,15648,3503793,4.4660172561564,2019-07-01,TRUE
NY,2025-04-01,16575,3501722,4.733385460067932,2019-07-01,TRUE
NY,2025-05-01,15359,3501722,4.386127739437911,2019-07-01,TRUE
NY,2025-06-01,14896,3502538,4.252916028320035,2019-07-01,TRUE
NY,2025-07-01,17042,3502092,4.866234239420324,2019-07-01,TRUE
NY,2025-08-01,16007,3503793,4.568477646938618,2019-07-01,TRUE
NY,2025-09-01,14040,3504163,4.0066629320610945,2019-07-01,TRUE
OH,2016-01-01,2804,516246,5.431519081988045,2023-01-01,FALSE
OH,2016-02-01,2103,516246,4.073639311491033,2023-01-01,FALSE
OH,2016-03-01,2178,516246,4.218918887507119,2023-01-01,FALSE
OH,2016-04-01,2409,516246,4.666379981636662,2023-01-01,FALSE
OH,2016-05-01,2674,516246,5.17970115022683,2023-01-01,FALSE
OH,2016-06-01,2914,516246,5.644595793478303,2023-01-01,FALSE
OH,2016-07-01,2917,516246,5.650406976518946,2023-01-01,FALSE
OH,2016-08-01,3066,516246,5.939029067537569,2023-01-01,FALSE
OH,2016-09-01,3111,516246,6.02619681314722,2023-01-01,FALSE
OH,2016-10-01,2742,516246,5.311421299148081,2023-01-01,FALSE
OH,2016-11-01,2376,516246,4.602456968189584,2023-01-01,FALSE
OH,2016-12-01,2595,516246,5.026673330156553,2023-01-01,FALSE
OH,2017-01-01,2644,516246,5.121589319820396,2023-01-01,FALSE
OH,2017-02-01,2288,516246,4.431995598997378,2023-01-01,FALSE
OH,2017-03-01,2278,516246,4.412624988861899,2023-01-01,FALSE
OH,2017-04-01,2129,516246,4.124002897843276,2023-01-01,FALSE
OH,2017-05-01,2757,516246,5.3404772143512975,2023-01-01,FALSE
OH,2017-06-01,2913,516246,5.6426587324647555,2023-01-01,FALSE
OH,2017-07-01,2784,516246,5.3927778617170885,2023-01-01,FALSE
OH,2017-08-01,3045,516246,5.898350786253065,2023-01-01,FALSE
OH,2017-09-01,2773,516246,5.371470190568062,2023-01-01,FALSE
OH,2017-10-01,2877,516246,5.572924535977034,2023-01-01,FALSE
OH,2017-11-01,2286,516246,4.428121476970282,2023-01-01,FALSE
OH,2017-12-01,2300,516246,4.455240331159951,2023-01-01,FALSE
OH,2018-01-01,2662,516246,5.1564564180642565,2023-01-01,FALSE
OH,2018-02-01,2224,516246,4.308023694130318,2023-01-01,FALSE
OH,2018-03-01,2171,516246,4.205359460412284,2023-01-01,FALSE
OH,2018-04-01,2286,516246,4.428121476970282,2023-01-01,FALSE
OH,2018-05-01,2493,516246,4.829093106774677,2023-01-01,FALSE
OH,2018-06-01,2583,516246,5.003428597993979,2023-01-01,FALSE
OH,2018-07-01,2929,516246,5.67365170868152,2023-01-01,FALSE
OH,2018-08-01,3066,516246,5.939029067537569,2023-01-01,FALSE
OH,2018-09-01,2593,516246,5.022799208129458,2023-01-01,FALSE
OH,2018-10-01,2804,516246,5.431519081988045,2023-01-01,FALSE
OH,2018-11-01,2453,516246,4.751610666232765,2023-01-01,FALSE
OH,2018-12-01,2225,516246,4.309960755143866,2023-01-01,FALSE
OH,2019-01-01,2457,516246,4.759358910286956,2023-01-01,FALSE
OH,2019-02-01,2494,516246,4.831030167788225,2023-01-01,FALSE
OH,2019-03-01,2122,516246,4.110443470748442,2023-01-01,FALSE
OH,2019-04-01,2253,516246,4.364198463523204,2023-01-01,FALSE
OH,2019-05-01,2657,516246,5.146771112996517,2023-01-01,FALSE
OH,2019-06-01,2520,516246,4.8813937541404675,2023-01-01,FALSE
OH,2019-07-01,2926,516246,5.667840525640877,2023-01-01,FALSE
OH,2019-08-01,2737,516246,5.3017359940803415,2023-01-01,FALSE
OH,2019-09-01,2674,516246,5.17970115022683,2023-01-01,FALSE
OH,2019-10-01,2895,516246,5.607791634220895,2023-01-01,FALSE
OH,2019-11-01,2143,516246,4.151121752032946,2023-01-01,FALSE
OH,2019-12-01,2444,516246,4.734177117110835,2023-01-01,FALSE
OH,2020-01-01,6039,516246,11.697911460815194,2023-01-01,FALSE
OH,2020-02-01,5111,516246,9.90031884024283,2023-01-01,FALSE
OH,2020-03-01,2786,516246,5.396651983744184,2023-01-01,FALSE
OH,2020-04-01,946,516246,1.8324597188162233,2023-01-01,FALSE
OH,2020-05-01,1330,516246,2.5762911480185804,2023-01-01,FALSE
OH,2020-06-01,2933,516246,5.6813999527357115,2023-01-01,FALSE
OH,2020-07-01,3177,516246,6.154042840041376,2023-01-01,FALSE
OH,2020-08-01,3932,516246,7.616523905269968,2023-01-01,FALSE
OH,2020-09-01,4195,516246,8.125970951833041,2023-01-01,FALSE
OH,2020-10-01,4034,516246,7.814104128651844,2023-01-01,FALSE
OH,2020-11-01,3298,516246,6.38842722268066,2023-01-01,FALSE
OH,2020-12-01,4681,516246,9.067382604417274,2023-01-01,FALSE
OH,2021-01-01,3919,516246,7.591342112093847,2023-01-01,FALSE
OH,2021-02-01,3347,516246,6.4833432123445025,2023-01-01,FALSE
OH,2021-03-01,4394,516246,8.511446093529054,2023-01-01,FALSE
OH,2021-04-01,3374,516246,6.5356438597102935,2023-01-01,FALSE
OH,2021-05-01,3290,516246,6.372930734572278,2023-01-01,FALSE
OH,2021-06-01,4216,516246,8.166649233117544,2023-01-01,FALSE
OH,2021-07-01,4711,516246,9.125494434823707,2023-01-01,FALSE
OH,2021-08-01,4642,516246,8.99183722488891,2023-01-01,FALSE
OH,2021-09-01,5057,516246,9.795717545511248,2023-01-01,FALSE
OH,2021-10-01,4939,516246,9.567144345912608,2023-01-01,FALSE
OH,2021-11-01,4523,516246,8.761326964276721,2023-01-01,FALSE
OH,2021-12-01,4831,516246,9.357941756449444,2023-01-01,FALSE
OH,2022-01-01,5284,516246,10.2354303955866,2023-01-01,FALSE
OH,2022-02-01,4680,516246,9.065445543403726,2023-01-01,FALSE
OH,2022-03-01,5284,516246,10.2354303955866,2023-01-01,FALSE
OH,2022-04-01,4436,516246,8.592802656098062,2023-01-01,FALSE
OH,2022-05-01,5168,516246,10.010731318015054,2023-01-01,FALSE
OH,2022-06-01,5776,516246,11.18846441425212,2023-01-01,FALSE
OH,2022-07-01,5984,516246,11.591373105070064,2023-01-01,FALSE
OH,2022-08-01,6431,516246,12.457239378125932,2023-01-01,FALSE
OH,2022-09-01,6836,516246,13.241749088612794,2023-01-01,FALSE
OH,2022-10-01,6557,516246,12.701309065832955,2023-01-01,FALSE
OH,2022-11-01,5718,516246,11.076114875466347,2023-01-01,FALSE
OH,2022-12-01,6111,516246,11.837379853790635,2023-01-01,FALSE
OH,2023-01-01,5876,516246,11.3821705156069,2023-01-01,TRUE
OH,2023-02-01,6350,516246,12.30033743602856,2023-01-01,TRUE
OH,2023-03-01,5368,516246,10.398143520724616,2023-01-01,TRUE
OH,2023-04-01,4907,516246,9.505158393479078,2023-01-01,TRUE
OH,2023-05-01,5727,516246,11.093548424588278,2023-01-01,TRUE
OH,2023-06-01,6539,516246,12.666441967589096,2023-01-01,TRUE
OH,2023-07-01,6025,516246,11.670792606625524,2023-01-01,TRUE
OH,2023-08-01,7295,516246,14.130860093831236,2023-01-01,TRUE
OH,2023-09-01,6127,516246,11.868372830007399,2023-01-01,TRUE
OH,2023-10-01,6405,516246,12.40687579177369,2023-01-01,TRUE
OH,2023-11-01,5657,516246,10.957954153639932,2023-01-01,TRUE
OH,2023-12-01,5727,516246,11.093548424588278,2023-01-01,TRUE
OH,2024-01-01,6957,516246,13.476133471252078,2023-01-01,TRUE
OH,2024-02-01,6528,516246,12.64513429644007,2023-01-01,TRUE
OH,2024-03-01,4795,516246,9.288207559961723,2023-01-01,TRUE
OH,2024-04-01,5745,516246,11.128415522832139,2023-01-01,TRUE
OH,2024-05-01,6940,516246,13.443203434021765,2023-01-01,TRUE
OH,2024-06-01,6121,516246,11.856750463926113,2023-01-01,TRUE
OH,2024-07-01,6924,516246,13.412210457805,2023-01-01,TRUE
OH,2024-08-01,6437,516246,12.468861744207219,2023-01-01,TRUE
OH,2024-09-01,6217,516246,12.042708321226701,2023-01-01,TRUE
OH,2024-10-01,6734,516246,13.044168865230917,2023-01-01,TRUE
OH,2024-11-01,5146,516246,9.968115975717003,2023-01-01,TRUE
OH,2024-12-01,6191,516246,11.99234473487446,2023-01-01,TRUE
OH,2025-01-01,6614,516246,12.81172154360518,2023-01-01,TRUE
OH,2025-02-01,5583,516246,10.814611638637393,2023-01-01,TRUE
OH,2025-03-01,5297,516246,10.260612188762721,2023-01-01,TRUE
OH,2025-04-01,5538,516246,10.727443893027743,2023-01-01,TRUE
OH,2025-05-01,5854,516246,11.339555173308849,2023-01-01,TRUE
OH,2025-06-01,4687,516246,9.079004970498561,2023-01-01,TRUE
OH,2025-07-01,5765,371828,15.504480566283336,2023-01-01,TRUE
OH,2025-08-01,5059,371828,13.605753197715073,2023-01-01,TRUE
OH,2025-09-01,4926,296756,16.59949588213886,2023-01-01,TRUE
OH,2025-10-01,3721,0,NA,2023-01-01,TRUE
OH,2025-11-01,464,0,NA,2023-01-01,TRUE
OK,2016-01-01,4003,521573,7.674860470154705,NA,FALSE
OK,2016-02-01,3103,517031,6.00157437368359,NA,FALSE
OK,2016-03-01,3050,517968,5.88839464986254,NA,FALSE
OK,2016-04-01,3294,517083,6.370350601354135,NA,FALSE
OK,2016-05-01,3684,519243,7.094943985763891,NA,FALSE
OK,2016-06-01,4016,524635,7.6548457499023135,NA,FALSE
OK,2016-07-01,4004,521768,7.673908710384692,NA,FALSE
OK,2016-08-01,4316,519488,8.308180362202783,NA,FALSE
OK,2016-09-01,3971,519556,7.643064462733565,NA,FALSE
OK,2016-10-01,3875,518856,7.468353454523028,NA,FALSE
OK,2016-11-01,3605,515493,6.993305437707204,NA,FALSE
OK,2016-12-01,3603,520420,6.923254294608201,NA,FALSE
OK,2017-01-01,3939,519834,7.577418945278685,NA,FALSE
OK,2017-02-01,3402,519856,6.544119910128959,NA,FALSE
OK,2017-03-01,3231,516628,6.2540164296166685,NA,FALSE
OK,2017-04-01,3274,522302,6.268404103373144,NA,FALSE
OK,2017-05-01,3716,523388,7.0998952975612735,NA,FALSE
OK,2017-06-01,3989,520833,7.658884901686337,NA,FALSE
OK,2017-07-01,3885,523071,7.427289985489542,NA,FALSE
OK,2017-08-01,4089,520262,7.859501558829974,NA,FALSE
OK,2017-09-01,3740,520534,7.184929322580273,NA,FALSE
OK,2017-10-01,3984,516466,7.713963745919383,NA,FALSE
OK,2017-11-01,3498,514296,6.801530636053945,NA,FALSE
OK,2017-12-01,3417,520513,6.564677539273755,NA,FALSE
OK,2018-01-01,4010,520826,7.69930840626236,NA,FALSE
OK,2018-02-01,3418,517653,6.602878762414204,NA,FALSE
OK,2018-03-01,3139,518338,6.055894030536059,NA,FALSE
OK,2018-04-01,3396,521770,6.508614906951339,NA,FALSE
OK,2018-05-01,3637,522393,6.962191300419416,NA,FALSE
OK,2018-06-01,3793,519887,7.295816206214043,NA,FALSE
OK,2018-07-01,4229,520415,8.126206969437852,NA,FALSE
OK,2018-08-01,3931,517052,7.602716941429489,NA,FALSE
OK,2018-09-01,3991,519948,7.675767576757676,NA,FALSE
OK,2018-10-01,4058,521349,7.783653560283035,NA,FALSE
OK,2018-11-01,3567,517228,6.896378386320926,NA,FALSE
OK,2018-12-01,3397,517337,6.5663194397462386,NA,FALSE
OK,2019-01-01,3909,516770,7.564293592894324,NA,FALSE
OK,2019-02-01,3328,517941,6.425442280105263,NA,FALSE
OK,2019-03-01,3002,519259,5.781315297375683,NA,FALSE
OK,2019-04-01,3392,520592,6.515659095798629,NA,FALSE
OK,2019-05-01,3851,519963,7.4062962172308415,NA,FALSE
OK,2019-06-01,4027,520723,7.733478260034606,NA,FALSE
OK,2019-07-01,4303,520849,8.261511493734268,NA,FALSE
OK,2019-08-01,4170,522535,7.980326676681945,NA,FALSE
OK,2019-09-01,4126,523151,7.886824262975699,NA,FALSE
OK,2019-10-01,4047,521836,7.7553100974252445,NA,FALSE
OK,2019-11-01,3581,521452,6.867362671923782,NA,FALSE
OK,2019-12-01,3447,520231,6.625902723982231,NA,FALSE
OK,2020-01-01,4060,519992,7.807812427883506,NA,FALSE
OK,2020-02-01,3789,518478,7.3079282052468955,NA,FALSE
OK,2020-03-01,2250,515678,4.363187880809342,NA,FALSE
OK,2020-04-01,214,436782,0.48994693004748363,NA,FALSE
OK,2020-05-01,1274,482774,2.6389159316781767,NA,FALSE
OK,2020-06-01,2123,520001,4.082684456376046,NA,FALSE
OK,2020-07-01,2008,514823,3.900369641604979,NA,FALSE
OK,2020-08-01,2680,520152,5.1523400852058625,NA,FALSE
OK,2020-09-01,3090,520391,5.937842891210647,NA,FALSE
OK,2020-10-01,2567,516727,4.967806985119802,NA,FALSE
OK,2020-11-01,2672,518506,5.153267271738418,NA,FALSE
OK,2020-12-01,2719,487675,5.575434459424822,NA,FALSE
OK,2021-01-01,2879,483822,5.950535527528719,NA,FALSE
OK,2021-02-01,2072,512921,4.0396084387264315,NA,FALSE
OK,2021-03-01,3046,518482,5.8748423281811135,NA,FALSE
OK,2021-04-01,2266,518167,4.3731075116709475,NA,FALSE
OK,2021-05-01,2222,517705,4.292019586444018,NA,FALSE
OK,2021-06-01,2636,516151,5.1070326319236035,NA,FALSE
OK,2021-07-01,2870,516197,5.559892831612737,NA,FALSE
OK,2021-08-01,2861,522543,5.475147499822981,NA,FALSE
OK,2021-09-01,3358,520620,6.450001920786754,NA,FALSE
OK,2021-10-01,3236,519155,6.233205882636207,NA,FALSE
OK,2021-11-01,3200,519421,6.160705862874239,NA,FALSE
OK,2021-12-01,2929,515859,5.6779081105495885,NA,FALSE
OK,2022-01-01,3397,519908,6.533848296237027,NA,FALSE
OK,2022-02-01,3253,516976,6.29236173439386,NA,FALSE
OK,2022-03-01,3779,521922,7.240545522127827,NA,FALSE
OK,2022-04-01,3717,515509,7.210349382842977,NA,FALSE
OK,2022-05-01,3798,521324,7.285296667715278,NA,FALSE
OK,2022-06-01,4040,512601,7.881373621978888,NA,FALSE
OK,2022-07-01,4272,515646,8.284753493675893,NA,FALSE
OK,2022-08-01,4458,516737,8.627212682660618,NA,FALSE
OK,2022-09-01,4361,510406,8.54417855589472,NA,FALSE
OK,2022-10-01,3931,515614,7.623920219388923,NA,FALSE
OK,2022-11-01,3725,514530,7.239616737605193,NA,FALSE
OK,2022-12-01,3879,503523,7.703719591756484,NA,FALSE
OK,2023-01-01,4383,520341,8.423322398196568,NA,FALSE
OK,2023-02-01,3649,514592,7.091054660779802,NA,FALSE
OK,2023-03-01,3854,520774,7.4005230675878595,NA,FALSE
OK,2023-04-01,3599,512119,7.0276634922742565,NA,FALSE
OK,2023-05-01,4019,509180,7.8930829961899525,NA,FALSE
OK,2023-06-01,4257,514762,8.26984120816999,NA,FALSE
OK,2023-07-01,4270,518044,8.242543104446726,NA,FALSE
OK,2023-08-01,4289,518282,8.275417629784558,NA,FALSE
OK,2023-09-01,4207,517567,8.128416224372883,NA,FALSE
OK,2023-10-01,4317,517311,8.34507675266909,NA,FALSE
OK,2023-11-01,3826,515172,7.426645858082349,NA,FALSE
OK,2023-12-01,3527,518618,6.800766652912163,NA,FALSE
OK,2024-01-01,4175,516794,8.078654163941533,NA,FALSE
OK,2024-02-01,3802,513965,7.397390872919362,NA,FALSE
OK,2024-03-01,3275,516818,6.33685359256063,NA,FALSE
OK,2024-04-01,3618,515451,7.019095898543218,NA,FALSE
OK,2024-05-01,4206,517341,8.130034155421665,NA,FALSE
OK,2024-06-01,4030,517985,7.78014807378592,NA,FALSE
OK,2024-07-01,4602,522521,8.807301524723409,NA,FALSE
OK,2024-08-01,4393,513195,8.560098987714222,NA,FALSE
OK,2024-09-01,4152,516727,8.035190729340638,NA,FALSE
OK,2024-10-01,4159,519858,8.000261609901166,NA,FALSE
OK,2024-11-01,3796,514019,7.384941023580841,NA,FALSE
OK,2024-12-01,3812,515105,7.400432921443201,NA,FALSE
OK,2025-01-01,4351,515788,8.435636346716093,NA,FALSE
OK,2025-02-01,3433,515853,6.654996675409468,NA,FALSE
OK,2025-03-01,3698,521660,7.0889084844534755,NA,FALSE
OK,2025-04-01,3639,513195,7.090871890801742,NA,FALSE
OK,2025-05-01,3991,517295,7.71513353115727,NA,FALSE
OK,2025-06-01,4327,518713,8.34179980066048,NA,FALSE
OK,2025-07-01,4292,517758,8.289587027143956,NA,FALSE
OK,2025-08-01,4136,520862,7.9406829448107175,NA,FALSE
OK,2025-09-01,4115,520652,7.903551700560067,NA,FALSE
PA,2016-01-01,20700,1604147,12.904054304250172,2018-11-01,FALSE
PA,2016-02-01,19547,1602770,12.195761088615335,2018-11-01,FALSE
PA,2016-03-01,18346,1602175,11.450684226130104,2018-11-01,FALSE
PA,2016-04-01,18051,1604147,11.252709383865692,2018-11-01,FALSE
PA,2016-05-01,20592,1603930,12.838465519068787,2018-11-01,FALSE
PA,2016-06-01,22403,1604572,13.961978646019,2018-11-01,FALSE
PA,2016-07-01,22130,1604147,13.795493804495473,2018-11-01,FALSE
PA,2016-08-01,24020,1604572,14.96972401363105,2018-11-01,FALSE
PA,2016-09-01,23481,1605021,14.62971512522266,2018-11-01,FALSE
PA,2016-10-01,21469,1604572,13.379891958727935,2018-11-01,FALSE
PA,2016-11-01,20144,1602175,12.572908702232903,2018-11-01,FALSE
PA,2016-12-01,18877,1605715,11.756133560438808,2018-11-01,FALSE
PA,2017-01-01,22616,1603195,14.106830422999074,2018-11-01,FALSE
PA,2017-02-01,20324,1604841,12.664182931517827,2018-11-01,FALSE
PA,2017-03-01,19349,1605715,12.050083607614054,2018-11-01,FALSE
PA,2017-04-01,18170,1605021,11.320724152518876,2018-11-01,FALSE
PA,2017-05-01,22206,1604147,13.842871008704314,2018-11-01,FALSE
PA,2017-06-01,23568,1603236,14.70026870654102,2018-11-01,FALSE
PA,2017-07-01,22979,1605266,14.314761541077928,2018-11-01,FALSE
PA,2017-08-01,24348,1604596,15.173912935093943,2018-11-01,FALSE
PA,2017-09-01,22353,1605021,13.92692058234752,2018-11-01,FALSE
PA,2017-10-01,23491,1605715,14.629619826681571,2018-11-01,FALSE
PA,2017-11-01,19867,1605266,12.376142022568223,2018-11-01,FALSE
PA,2017-12-01,16287,1601620,10.169078807707196,2018-11-01,FALSE
PA,2018-01-01,22610,1605021,14.08704309787847,2018-11-01,FALSE
PA,2018-02-01,19688,1602444,12.286232779429422,2018-11-01,FALSE
PA,2018-03-01,17635,1604841,10.988627533817992,2018-11-01,FALSE
PA,2018-04-01,18714,1603505,11.670683908063898,2018-11-01,FALSE
PA,2018-05-01,21349,1604841,13.302875487353576,2018-11-01,FALSE
PA,2018-06-01,21172,1605290,13.188894218490118,2018-11-01,FALSE
PA,2018-07-01,22852,1605290,14.235434096020034,2018-11-01,FALSE
PA,2018-08-01,23755,1605266,14.798170521271864,2018-11-01,FALSE
PA,2018-09-01,21067,1604841,13.127157145162668,2018-11-01,FALSE
PA,2018-10-01,23793,1603889,14.834567728814152,2018-11-01,FALSE
PA,2018-11-01,20097,1605290,12.519233284951628,2018-11-01,TRUE
PA,2018-12-01,18803,1604841,11.716425490126436,2018-11-01,TRUE
PA,2019-01-01,22784,1603464,14.209237001890907,2018-11-01,TRUE
PA,2019-02-01,19866,1605266,12.375519072851478,2018-11-01,TRUE
PA,2019-03-01,18130,1604841,11.297069304685012,2018-11-01,TRUE
PA,2019-04-01,18538,1602763,11.566276486292733,2018-11-01,TRUE
PA,2019-05-01,18790,1605290,11.705050177849484,2018-11-01,TRUE
PA,2019-06-01,21493,1603954,13.400010224732132,2018-11-01,TRUE
PA,2019-07-01,24878,1605290,15.49751135308885,2018-11-01,TRUE
PA,2019-08-01,23516,1604841,14.653165017593643,2018-11-01,TRUE
PA,2019-09-01,22168,1605715,13.805687808857737,2018-11-01,TRUE
PA,2019-10-01,23060,1605290,14.36500569990469,2018-11-01,TRUE
PA,2019-11-01,19286,1601434,12.042956500236663,2018-11-01,TRUE
PA,2019-12-01,20205,1603954,12.5969946769047,2018-11-01,TRUE
PA,2020-01-01,21913,1605266,13.650697143028008,2018-11-01,TRUE
PA,2020-02-01,19194,1602553,11.977138977618838,2018-11-01,TRUE
PA,2020-03-01,9149,1604147,5.703342648772214,2018-11-01,TRUE
PA,2020-04-01,334,685031,0.48756917570153757,2018-11-01,TRUE
PA,2020-05-01,408,681752,0.5984580903319682,2018-11-01,TRUE
PA,2020-06-01,2008,1141530,1.7590426883218138,2018-11-01,TRUE
PA,2020-07-01,2433,1531616,1.5885182708981886,2018-11-01,TRUE
PA,2020-08-01,2898,1518408,1.908577931623121,2018-11-01,TRUE
PA,2020-09-01,19300,1605290,12.02274978352821,2018-11-01,TRUE
PA,2020-10-01,12753,1603930,7.951095122605102,2018-11-01,TRUE
PA,2020-11-01,10562,1595281,6.620777154620408,2018-11-01,TRUE
PA,2020-12-01,10083,1597740,6.310788989447595,2018-11-01,TRUE
PA,2021-01-01,10235,1602444,6.38711867622207,2018-11-01,TRUE
PA,2021-02-01,9530,1599039,5.959829622667114,2018-11-01,TRUE
PA,2021-03-01,11249,1597920,7.03977670972264,2018-11-01,TRUE
PA,2021-04-01,7640,1604572,4.761394315742765,2018-11-01,TRUE
PA,2021-05-01,7930,1604147,4.943437228633036,2018-11-01,TRUE
PA,2021-06-01,10159,1605290,6.328451557039538,2018-11-01,TRUE
PA,2021-07-01,10811,1604147,6.739407298707662,2018-11-01,TRUE
PA,2021-08-01,11502,1604841,7.167065148510039,2018-11-01,TRUE
PA,2021-09-01,12396,1605266,7.722084688768092,2018-11-01,TRUE
PA,2021-10-01,13421,1605266,8.360608148431474,2018-11-01,TRUE
PA,2021-11-01,14045,1601722,8.768687699863023,2018-11-01,TRUE
PA,2021-12-01,14180,1600863,8.857722365998839,2018-11-01,TRUE
PA,2022-01-01,15968,1604841,9.949895347888047,2018-11-01,TRUE
PA,2022-02-01,14735,1601750,9.199313251131574,2018-11-01,TRUE
PA,2022-03-01,15921,1604841,9.920608957522894,2018-11-01,TRUE
PA,2022-04-01,14986,1605290,9.335384883728175,2018-11-01,TRUE
PA,2022-05-01,17420,1604338,10.858061081891721,2018-11-01,TRUE
PA,2022-06-01,18753,1603505,11.695005628295515,2018-11-01,TRUE
PA,2022-07-01,18695,1604841,11.64912910375545,2018-11-01,TRUE
PA,2022-08-01,22372,1605290,13.936422702440058,2018-11-01,TRUE
PA,2022-09-01,20951,1603930,13.062290748349367,2018-11-01,TRUE
PA,2022-10-01,18828,1604147,11.737078958474504,2018-11-01,TRUE
PA,2022-11-01,17924,1604147,11.173539582095655,2018-11-01,TRUE
PA,2022-12-01,18779,1605290,11.698197833413277,2018-11-01,TRUE
PA,2023-01-01,11779,1604841,7.339667917257847,2018-11-01,TRUE
PA,2023-02-01,9328,1602811,5.8197753821255285,2018-11-01,TRUE
PA,2023-03-01,9092,1604572,5.666308523394401,2018-11-01,TRUE
PA,2023-04-01,8157,1598916,5.101581321345211,2018-11-01,TRUE
PA,2023-05-01,9719,1605266,6.054448297042359,2018-11-01,TRUE
PA,2023-06-01,10046,1605021,6.259108136279837,2018-11-01,TRUE
PA,2023-07-01,10184,1604841,6.345799988908558,2018-11-01,TRUE
PA,2023-08-01,10642,1603464,6.636881152305259,2018-11-01,TRUE
PA,2023-09-01,9763,1604841,6.0834687049994365,2018-11-01,TRUE
PA,2023-10-01,10580,1604147,6.595405533283421,2018-11-01,TRUE
PA,2023-11-01,9357,1604147,5.833006576080621,2018-11-01,TRUE
PA,2023-12-01,9187,1601991,5.7347388343629895,2018-11-01,TRUE
PA,2024-01-01,10235,1605266,6.375890350882657,2018-11-01,TRUE
PA,2024-02-01,10083,1605290,6.281108086389375,2018-11-01,TRUE
PA,2024-03-01,8227,1604572,5.127223957541326,2018-11-01,TRUE
PA,2024-04-01,9236,1605266,5.753563583854638,2018-11-01,TRUE
PA,2024-05-01,9748,1604147,6.076749824049791,2018-11-01,TRUE
PA,2024-06-01,9411,1605290,5.862492135377408,2018-11-01,TRUE
PA,2024-07-01,10887,1604841,6.78384961500859,2018-11-01,TRUE
PA,2024-08-01,10243,1604147,6.385325035673165,2018-11-01,TRUE
PA,2024-09-01,10143,1603930,6.323842062932921,2018-11-01,TRUE
PA,2024-10-01,10606,1604147,6.611613524196972,2018-11-01,TRUE
PA,2024-11-01,8838,1604841,5.507087618025711,2018-11-01,TRUE
PA,2024-12-01,9254,1603505,5.771107667266395,2018-11-01,TRUE
PA,2025-01-01,10390,1604572,6.475246981749651,2018-11-01,TRUE
PA,2025-02-01,9090,1605266,5.662612925209903,2018-11-01,TRUE
PA,2025-03-01,8486,1602869,5.294256735890457,2018-11-01,TRUE
PA,2025-04-01,8280,1604147,5.161621721700069,2018-11-01,TRUE
PA,2025-05-01,9281,1605266,5.781596321108153,2018-11-01,TRUE
PA,2025-06-01,9259,1604841,5.769418901934833,2018-11-01,TRUE
PA,2025-07-01,10580,1605021,6.591814063492004,2018-11-01,TRUE
PA,2025-08-01,9434,1604572,5.87944947313053,2018-11-01,TRUE
PA,2025-09-01,9811,1605266,6.111759670982877,2018-11-01,TRUE
RI,2016-01-01,1236,0,NA,2018-11-01,FALSE
RI,2016-02-01,1164,0,NA,2018-11-01,FALSE
RI,2016-03-01,1188,0,NA,2018-11-01,FALSE
RI,2016-04-01,1018,0,NA,2018-11-01,FALSE
RI,2016-05-01,1234,0,NA,2018-11-01,FALSE
RI,2016-06-01,1289,0,NA,2018-11-01,FALSE
RI,2016-07-01,1398,0,NA,2018-11-01,FALSE
RI,2016-08-01,1486,0,NA,2018-11-01,FALSE
RI,2016-09-01,1343,0,NA,2018-11-01,FALSE
RI,2016-10-01,1160,0,NA,2018-11-01,FALSE
RI,2016-11-01,1136,0,NA,2018-11-01,FALSE
RI,2016-12-01,1086,0,NA,2018-11-01,FALSE
RI,2017-01-01,1430,0,NA,2018-11-01,FALSE
RI,2017-02-01,1104,0,NA,2018-11-01,FALSE
RI,2017-03-01,1055,0,NA,2018-11-01,FALSE
RI,2017-04-01,903,0,NA,2018-11-01,FALSE
RI,2017-05-01,1306,0,NA,2018-11-01,FALSE
RI,2017-06-01,1214,0,NA,2018-11-01,FALSE
RI,2017-07-01,1229,0,NA,2018-11-01,FALSE
RI,2017-08-01,1518,0,NA,2018-11-01,FALSE
RI,2017-09-01,1275,0,NA,2018-11-01,FALSE
RI,2017-10-01,1527,0,NA,2018-11-01,FALSE
RI,2017-11-01,1249,0,NA,2018-11-01,FALSE
RI,2017-12-01,1049,0,NA,2018-11-01,FALSE
RI,2018-01-01,1450,0,NA,2018-11-01,FALSE
RI,2018-02-01,1255,0,NA,2018-11-01,FALSE
RI,2018-03-01,1055,0,NA,2018-11-01,FALSE
RI,2018-04-01,1044,0,NA,2018-11-01,FALSE
RI,2018-05-01,1177,0,NA,2018-11-01,FALSE
RI,2018-06-01,1223,0,NA,2018-11-01,FALSE
RI,2018-07-01,1393,0,NA,2018-11-01,FALSE
RI,2018-08-01,1407,0,NA,2018-11-01,FALSE
RI,2018-09-01,1162,0,NA,2018-11-01,FALSE
RI,2018-10-01,1424,0,NA,2018-11-01,FALSE
RI,2018-11-01,1166,0,NA,2018-11-01,TRUE
RI,2018-12-01,933,0,NA,2018-11-01,TRUE
RI,2019-01-01,1456,0,NA,2018-11-01,TRUE
RI,2019-02-01,968,0,NA,2018-11-01,TRUE
RI,2019-03-01,1126,0,NA,2018-11-01,TRUE
RI,2019-04-01,1077,0,NA,2018-11-01,TRUE
RI,2019-05-01,1180,0,NA,2018-11-01,TRUE
RI,2019-06-01,1103,0,NA,2018-11-01,TRUE
RI,2019-07-01,1566,0,NA,2018-11-01,TRUE
RI,2019-08-01,1194,0,NA,2018-11-01,TRUE
RI,2019-09-01,1321,0,NA,2018-11-01,TRUE
RI,2019-10-01,1273,0,NA,2018-11-01,TRUE
RI,2019-11-01,948,0,NA,2018-11-01,TRUE
RI,2019-12-01,992,0,NA,2018-11-01,TRUE
SC,2018-08-01,13171,591532,22.265912917644354,NA,FALSE
SC,2018-09-01,12400,591532,20.96251766599271,NA,FALSE
SC,2018-10-01,13557,591532,22.918455806279287,NA,FALSE
SC,2018-11-01,12250,591532,20.70893882325893,NA,FALSE
SC,2018-12-01,12046,591532,20.364071597140985,NA,FALSE
SC,2019-01-01,14163,591532,23.94291433092377,NA,FALSE
SC,2019-02-01,12358,591532,20.89151559002725,NA,FALSE
SC,2019-03-01,9870,591532,16.685487851882908,NA,FALSE
SC,2019-04-01,10928,591532,18.47406395596519,NA,FALSE
SC,2019-05-01,12602,591532,21.304003840874206,NA,FALSE
SC,2019-06-01,13242,591532,22.385940236538346,NA,FALSE
SC,2019-07-01,13712,591532,23.1804872771042,NA,FALSE
SC,2019-08-01,13372,591532,22.605708566907623,NA,FALSE
SC,2019-09-01,13499,591532,22.820405320422225,NA,FALSE
SC,2019-10-01,13253,591532,22.40453601833882,NA,FALSE
SC,2019-11-01,11942,591532,20.18825693284556,NA,FALSE
SC,2019-12-01,12271,591532,20.744439861241656,NA,FALSE
SC,2020-01-01,17366,591532,29.357667886099147,NA,FALSE
SC,2020-02-01,15170,591532,25.645273628476566,NA,FALSE
SC,2020-03-01,8291,591532,14.016147900705286,NA,FALSE
SC,2020-04-01,71,348293,0.20385135503728183,NA,FALSE
SC,2020-05-01,5674,591532,9.59204235780989,NA,FALSE
SC,2020-06-01,7213,591532,12.193761284258501,NA,FALSE
SC,2020-07-01,6881,591532,11.632506779007729,NA,FALSE
SC,2020-08-01,8088,591532,13.672971200205568,NA,FALSE
SC,2020-09-01,8983,591532,15.185991628517138,NA,FALSE
SC,2020-10-01,8191,591532,13.847095338882765,NA,FALSE
SC,2020-11-01,7975,591532,13.481941805346118,NA,FALSE
SC,2020-12-01,7922,591532,13.392343947580182,NA,FALSE
SC,2021-01-01,8465,591532,14.310299358276476,NA,FALSE
SC,2021-02-01,6777,591532,11.456692114712306,NA,FALSE
SC,2021-03-01,7073,591532,11.957087697706971,NA,FALSE
SC,2021-04-01,5550,591532,9.382417181149963,NA,FALSE
SC,2021-05-01,6160,591532,10.413637808267346,NA,FALSE
SC,2021-06-01,7955,591532,13.448131292981614,NA,FALSE
SC,2021-07-01,7804,591532,13.192861924629605,NA,FALSE
SC,2021-08-01,8284,591532,14.00431422137771,NA,FALSE
SC,2021-09-01,10432,591532,17.63556324932548,NA,FALSE
SC,2021-10-01,10300,591532,17.412413867719753,NA,FALSE
SC,2021-11-01,9437,591532,15.953490259191387,NA,FALSE
SC,2021-12-01,9580,591532,16.195235422597595,NA,FALSE
SC,2022-01-01,11410,591532,19.288897303949746,NA,FALSE
SC,2022-02-01,10641,591532,17.98888310353455,NA,FALSE
SC,2022-03-01,10390,591532,17.564561173360023,NA,FALSE
SC,2022-04-01,9324,591532,15.762460864331938,NA,FALSE
SC,2022-05-01,11049,591532,18.67861755577044,NA,FALSE
SC,2022-06-01,11494,591532,19.43090145588066,NA,FALSE
SC,2022-07-01,11940,591532,20.18487588160911,NA,FALSE
SC,2022-08-01,12432,591532,21.016614485775918,NA,FALSE
SC,2022-09-01,12234,591532,20.681890413367324,NA,FALSE
SC,2022-10-01,12728,591532,21.51701006877058,NA,FALSE
SC,2022-11-01,11530,591532,19.49176037813677,NA,FALSE
SC,2022-12-01,11061,591532,18.69890386318914,NA,FALSE
SC,2023-01-01,14154,591532,23.927699600359745,NA,FALSE
SC,2023-02-01,11515,591532,19.46640249386339,NA,FALSE
SC,2023-03-01,11490,591532,19.42413935340776,NA,FALSE
SC,2023-04-01,11312,591532,19.123225793363673,NA,FALSE
SC,2023-05-01,13117,591532,22.174624534260193,NA,FALSE
SC,2023-06-01,13171,591532,22.265912917644354,NA,FALSE
SC,2023-07-01,13722,591532,23.19739253328645,NA,FALSE
SC,2023-08-01,13493,590870,22.835818369522908,NA,FALSE
SC,2023-09-01,13376,591532,22.612470669380524,NA,FALSE
SC,2023-10-01,12940,591532,21.87540149983433,NA,FALSE
SC,2023-11-01,10931,591532,18.479135532819864,NA,FALSE
SC,2023-12-01,10985,591532,18.570423916204025,NA,FALSE
SC,2024-01-01,13894,591532,23.488162939621187,NA,FALSE
SC,2024-02-01,12502,591532,21.134951279051684,NA,FALSE
SC,2024-03-01,10560,591532,17.851950528458307,NA,FALSE
SC,2024-04-01,11661,591532,19.713219234124274,NA,FALSE
SC,2024-05-01,12853,591532,21.728325771048734,NA,FALSE
SC,2024-06-01,12893,591532,21.795946795777745,NA,FALSE
SC,2024-07-01,14094,591532,23.82626806326623,NA,FALSE
SC,2024-08-01,13190,591532,22.298032904390634,NA,FALSE
SC,2024-09-01,12562,591532,21.236382816145195,NA,FALSE
SC,2024-10-01,12786,591532,21.615060554627643,NA,FALSE
SC,2024-11-01,12159,591532,20.555100992000433,NA,FALSE
SC,2024-12-01,11964,591532,20.225448496446514,NA,FALSE
SC,2025-01-01,13824,591532,23.36982614634542,NA,FALSE
SC,2025-02-01,13094,591532,22.13574244504101,NA,FALSE
SC,2025-03-01,11641,591532,19.67940872175977,NA,FALSE
SC,2025-04-01,11499,591532,19.43935408397179,NA,FALSE
SC,2025-05-01,13634,591532,23.04862627888263,NA,FALSE
SC,2025-06-01,13103,591532,22.15095717560504,NA,FALSE
SC,2025-07-01,14397,591532,24.33849732558847,NA,FALSE
SC,2025-08-01,14782,591532,24.98934968860518,NA,FALSE
SC,2025-09-01,14057,591532,23.763718615391898,NA,FALSE
SC,2025-10-01,1818,0,NA,NA,FALSE
SC,2025-11-01,106,0,NA,NA,FALSE
TN,2016-01-01,4375,642534,6.808978201931726,2020-11-01,FALSE
TN,2016-02-01,4246,643594,6.597326886204657,2020-11-01,FALSE
TN,2016-03-01,3549,643594,5.514346000739597,2020-11-01,FALSE
TN,2016-04-01,3858,642059,6.00879358439022,2020-11-01,FALSE
TN,2016-05-01,4658,640722,7.269923617419099,2020-11-01,FALSE
TN,2016-06-01,4982,642534,7.753675291891168,2020-11-01,FALSE
TN,2016-07-01,4828,643594,7.501623694440905,2020-11-01,FALSE
TN,2016-08-01,5298,643594,8.231897749202137,2020-11-01,FALSE
TN,2016-09-01,4769,643594,7.409950993949602,2020-11-01,FALSE
TN,2016-10-01,4842,642534,7.535787989429354,2020-11-01,FALSE
TN,2016-11-01,3942,643594,6.124979412486754,2020-11-01,FALSE
TN,2016-12-01,4359,643594,6.772903414264272,2020-11-01,FALSE
TN,2017-01-01,4738,663587,7.139983152171456,2020-11-01,FALSE
TN,2017-02-01,4336,660715,6.562587499905406,2020-11-01,FALSE
TN,2017-03-01,3806,663587,5.7354951197054795,2020-11-01,FALSE
TN,2017-04-01,3796,663587,5.7204255056232265,2020-11-01,FALSE
TN,2017-05-01,4604,663587,6.938050323469266,2020-11-01,FALSE
TN,2017-06-01,4809,663587,7.246977412155452,2020-11-01,FALSE
TN,2017-07-01,5037,663587,7.5905646132308195,2020-11-01,FALSE
TN,2017-08-01,5129,663587,7.729205062787547,2020-11-01,FALSE
TN,2017-09-01,4507,663587,6.7918750668714125,2020-11-01,FALSE
TN,2017-10-01,4925,662052,7.4389927075214635,2020-11-01,FALSE
TN,2017-11-01,4302,663587,6.482947978185226,2020-11-01,FALSE
TN,2017-12-01,3775,663587,5.688779316050495,2020-11-01,FALSE
TN,2018-01-01,5367,663587,8.087861877945167,2020-11-01,FALSE
TN,2018-02-01,4466,663587,6.730089649134175,2020-11-01,FALSE
TN,2018-03-01,3814,663587,5.747550810971282,2020-11-01,FALSE
TN,2018-04-01,4292,663587,6.467878364102973,2020-11-01,FALSE
TN,2018-05-01,5022,663587,7.56796019210744,2020-11-01,FALSE
TN,2018-06-01,4935,663587,7.43685454959184,2020-11-01,FALSE
TN,2018-07-01,5157,663587,7.771399982217855,2020-11-01,FALSE
TN,2018-08-01,5202,663587,7.8392132455879935,2020-11-01,FALSE
TN,2018-09-01,4699,661537,7.103155227901085,2020-11-01,FALSE
TN,2018-10-01,5033,663587,7.5845367675979185,2020-11-01,FALSE
TN,2018-11-01,4391,663587,6.617067543517278,2020-11-01,FALSE
TN,2018-12-01,3573,660751,5.407483303089969,2020-11-01,FALSE
TN,2019-01-01,5556,670369,8.287972743369696,2020-11-01,FALSE
TN,2019-02-01,4280,668319,6.40412737031268,2020-11-01,FALSE
TN,2019-03-01,3700,667986,5.539038243316477,2020-11-01,FALSE
TN,2019-04-01,4041,670369,6.028023372202473,2020-11-01,FALSE
TN,2019-05-01,4856,670369,7.243771713787481,2020-11-01,FALSE
TN,2019-06-01,4522,666210,6.787649539934855,2020-11-01,FALSE
TN,2019-07-01,5508,670369,8.216370387055488,2020-11-01,FALSE
TN,2019-08-01,5245,666210,7.8728929316581855,2020-11-01,FALSE
TN,2019-09-01,4957,670369,7.39443500519863,2020-11-01,FALSE
TN,2019-10-01,4631,666210,6.951261614205731,2020-11-01,FALSE
TN,2019-11-01,4059,667533,6.080598262557806,2020-11-01,FALSE
TN,2019-12-01,4101,670369,6.117526317595235,2020-11-01,FALSE
TN,2020-01-01,8984,670369,13.401574356809459,2020-11-01,FALSE
TN,2020-02-01,7628,670369,11.378807790933053,2020-11-01,FALSE
TN,2020-03-01,4483,668834,6.702709491443318,2020-11-01,FALSE
TN,2020-04-01,1048,587399,1.7841365068718196,2020-11-01,FALSE
TN,2020-05-01,1918,578990,3.3126651582928894,2020-11-01,FALSE
TN,2020-06-01,3988,666210,5.986100478827997,2020-11-01,FALSE
TN,2020-07-01,3750,670369,5.5939340870475815,2020-11-01,FALSE
TN,2020-08-01,4035,670369,6.019073077663197,2020-11-01,FALSE
TN,2020-09-01,5269,666451,7.906057609636718,2020-11-01,FALSE
TN,2020-10-01,5519,670369,8.232779260377493,2020-11-01,FALSE
TN,2020-11-01,4470,666210,6.709596073310218,2020-11-01,TRUE
TN,2020-12-01,5368,664944,8.07286027094011,2020-11-01,TRUE
TN,2021-01-01,3666,667146,5.495049059726057,2020-11-01,TRUE
TN,2021-02-01,2775,665323,4.170906461974109,2020-11-01,TRUE
TN,2021-03-01,5186,670369,7.736037913447668,2020-11-01,TRUE
TN,2021-04-01,4495,670369,6.705262325674368,2020-11-01,TRUE
TN,2021-05-01,4114,670369,6.136918622430333,2020-11-01,TRUE
TN,2021-06-01,5120,670369,7.637584673515631,2020-11-01,TRUE
TN,2021-07-01,5091,670369,7.594324916575796,2020-11-01,TRUE
TN,2021-08-01,5624,639024,8.800921405142843,2020-11-01,TRUE
TN,2021-09-01,6437,637964,10.089911029462478,2020-11-01,TRUE
TN,2021-10-01,6093,639024,9.53485315105536,2020-11-01,TRUE
TN,2021-11-01,5487,639024,8.586531961240892,2020-11-01,TRUE
TN,2021-12-01,5811,639024,9.093555171636746,2020-11-01,TRUE
TN,2022-01-01,6813,664825,10.24780957394803,2020-11-01,TRUE
TN,2022-02-01,7084,637964,11.104074838078638,2020-11-01,TRUE
TN,2022-03-01,7311,639024,11.440884849395328,2020-11-01,TRUE
TN,2022-04-01,6285,637964,9.851653071333178,2020-11-01,TRUE
TN,2022-05-01,7482,639024,11.708480432659806,2020-11-01,TRUE
TN,2022-06-01,8051,639024,12.598900823756228,2020-11-01,TRUE
TN,2022-07-01,8671,639024,13.569130423896443,2020-11-01,TRUE
TN,2022-08-01,9204,639024,14.403214902726658,2020-11-01,TRUE
TN,2022-09-01,8819,639024,13.800733618768621,2020-11-01,TRUE
TN,2022-10-01,9032,639024,14.134054433010341,2020-11-01,TRUE
TN,2022-11-01,7882,637964,12.354929118257456,2020-11-01,TRUE
TN,2022-12-01,8361,633977,13.188175596275574,2020-11-01,TRUE
TN,2023-01-01,10040,665670,15.082548409872759,2020-11-01,TRUE
TN,2023-02-01,8810,665670,13.234786005077591,2020-11-01,TRUE
TN,2023-03-01,8289,665670,12.452115913290369,2020-11-01,TRUE
TN,2023-04-01,7454,665670,11.197740622230235,2020-11-01,TRUE
TN,2023-05-01,9331,665670,14.017456096864812,2020-11-01,TRUE
TN,2023-06-01,9265,660126,14.035199340731921,2020-11-01,TRUE
TN,2023-07-01,8884,665670,13.345952198536812,2020-11-01,TRUE
TN,2023-08-01,9758,663884,14.698350916726415,2020-11-01,TRUE
TN,2023-09-01,9356,618770,15.120319343213149,2020-11-01,TRUE
TN,2023-10-01,10069,618770,16.27260532992873,2020-11-01,TRUE
TN,2023-11-01,8769,616387,14.22645188818064,2020-11-01,TRUE
TN,2023-12-01,7467,616387,12.1141425760115,2020-11-01,TRUE
TN,2024-01-01,9619,664944,14.465879833489737,2020-11-01,TRUE
TN,2024-02-01,9689,658122,14.722194365178492,2020-11-01,TRUE
TN,2024-03-01,5896,484888,12.159509000016499,2020-11-01,TRUE
TN,2024-04-01,7212,364271,19.79844676079073,2020-11-01,TRUE
TN,2024-05-01,7829,364271,21.49224066697596,2020-11-01,TRUE
TN,2024-06-01,7663,364271,21.03653598557118,2020-11-01,TRUE
TN,2024-07-01,8801,364271,24.160583741225626,2020-11-01,TRUE
TN,2024-08-01,8245,364271,22.63424757941203,2020-11-01,TRUE
TN,2024-09-01,8110,364271,22.263644374655133,2020-11-01,TRUE
TN,2024-10-01,8177,364271,22.44757337257152,2020-11-01,TRUE
TN,2024-11-01,7094,364271,19.47451210774396,2020-11-01,TRUE
TN,2024-12-01,6431,364271,17.654438591048972,2020-11-01,TRUE
TN,2025-01-01,6498,364271,17.838367588965358,2020-11-01,TRUE
TN,2025-02-01,6943,364271,19.05998556020106,2020-11-01,TRUE
TN,2025-03-01,6476,364271,17.777972992634606,2020-11-01,TRUE
TN,2025-04-01,5496,364271,15.087668246991937,2020-11-01,TRUE
TN,2025-05-01,6488,364271,17.810915499724107,2020-11-01,TRUE
TN,2025-06-01,6905,364271,18.955667621084302,2020-11-01,TRUE
TN,2025-07-01,8287,364271,22.749546354225288,2020-11-01,TRUE
TN,2025-08-01,6508,364271,17.86581967820661,2020-11-01,TRUE
TN,2025-09-01,5681,364271,15.595531897955095,2020-11-01,TRUE
TN,2025-10-01,1964,0,NA,2020-11-01,TRUE
TN,2025-11-01,106,0,NA,2020-11-01,TRUE
TX,2016-01-01,9392,1706976,5.502127739347244,NA,FALSE
TX,2016-02-01,7513,1706976,4.40135069268695,NA,FALSE
TX,2016-03-01,6654,1706976,3.898121590461729,NA,FALSE
TX,2016-04-01,7511,1706976,4.400179030050803,NA,FALSE
TX,2016-05-01,8770,1706976,5.137740659505464,NA,FALSE
TX,2016-06-01,9844,1706976,5.76692349511651,NA,FALSE
TX,2016-07-01,9553,1706976,5.5964465815570925,NA,FALSE
TX,2016-08-01,10355,1706976,6.066283298652119,NA,FALSE
TX,2016-09-01,10134,1693993,5.982315157146458,NA,FALSE
TX,2016-10-01,9627,1693993,5.683022302925691,NA,FALSE
TX,2016-11-01,8752,1693993,5.166491242879988,NA,FALSE
TX,2016-12-01,8934,1706976,5.233816995669535,NA,FALSE
TX,2017-01-01,10689,1693993,6.309943429518304,NA,FALSE
TX,2017-02-01,8831,1706976,5.173476369907954,NA,FALSE
TX,2017-03-01,7363,1693993,4.346535080133153,NA,FALSE
TX,2017-04-01,8023,1706976,4.700124664904486,NA,FALSE
TX,2017-05-01,9415,1706976,5.515601859662936,NA,FALSE
TX,2017-06-01,10214,1706976,5.9836810828037414,NA,FALSE
TX,2017-07-01,10348,1706976,6.062182479425604,NA,FALSE
TX,2017-08-01,9685,1706976,5.673776315542808,NA,FALSE
TX,2017-09-01,8446,1706976,4.947931312449619,NA,FALSE
TX,2017-10-01,10070,1706976,5.899321373001143,NA,FALSE
TX,2017-11-01,9006,1706976,5.275996850570834,NA,FALSE
TX,2017-12-01,8936,1706976,5.234988658305682,NA,FALSE
TX,2018-01-01,10479,1706976,6.138926382093246,NA,FALSE
TX,2018-02-01,9308,1706976,5.452917908629061,NA,FALSE
TX,2018-03-01,7282,1706976,4.2660236582119495,NA,FALSE
TX,2018-04-01,8416,1706976,4.9303563729074105,NA,FALSE
TX,2018-05-01,9489,1706976,5.558953377200383,NA,FALSE
TX,2018-06-01,10253,1693993,6.052563381312674,NA,FALSE
TX,2018-07-01,10887,1706976,6.377945559867274,NA,FALSE
TX,2018-08-01,11106,1706976,6.506242618525392,NA,FALSE
TX,2018-09-01,10737,1706976,6.2900708621562345,NA,FALSE
TX,2018-10-01,11266,1693993,6.650558768542727,NA,FALSE
TX,2018-11-01,9891,1706976,5.79445756706597,NA,FALSE
TX,2018-12-01,9501,1706976,5.565983353017265,NA,FALSE
TX,2019-01-01,11561,1706976,6.77279586824888,NA,FALSE
TX,2019-02-01,9656,1706976,5.656787207318674,NA,FALSE
TX,2019-03-01,7824,1693993,4.618673158625803,NA,FALSE
TX,2019-04-01,8837,1706976,5.176991357816396,NA,FALSE
TX,2019-05-01,10812,1706976,6.334008211011754,NA,FALSE
TX,2019-06-01,11173,1706976,6.545493316836324,NA,FALSE
TX,2019-07-01,12192,1706976,7.142455429953321,NA,FALSE
TX,2019-08-01,11557,1706976,6.770452542976585,NA,FALSE
TX,2019-09-01,11678,1706976,6.841338132463491,NA,FALSE
TX,2019-10-01,11813,1706976,6.920425360403427,NA,FALSE
TX,2019-11-01,10354,1706976,6.065697467334045,NA,FALSE
TX,2019-12-01,10663,1706976,6.246719344618787,NA,FALSE
TX,2020-01-01,28468,1706976,16.677445962919222,NA,FALSE
TX,2020-02-01,25777,1706976,15.100973885983166,NA,FALSE
TX,2020-03-01,13509,1693993,7.9746492458941685,NA,FALSE
TX,2020-04-01,1615,1693993,0.9533687565414969,NA,FALSE
TX,2020-05-01,3873,1693993,2.2863140520651504,NA,FALSE
TX,2020-06-01,8726,1693993,5.151142891381488,NA,FALSE
TX,2020-07-01,8025,1706976,4.701296327540633,NA,FALSE
TX,2020-08-01,9778,1706976,5.728258628123653,NA,FALSE
TX,2020-09-01,9493,1693993,5.603919260587263,NA,FALSE
TX,2020-10-01,9299,1706976,5.447645426766399,NA,FALSE
TX,2020-11-01,10493,1706976,6.147128020546276,NA,FALSE
TX,2020-12-01,12639,1693993,7.46106979190587,NA,FALSE
TX,2021-01-01,11854,1693993,6.9976676408934395,NA,FALSE
TX,2021-02-01,7616,1693993,4.495886346637796,NA,FALSE
TX,2021-03-01,11646,1706976,6.822591530285136,NA,FALSE
TX,2021-04-01,9666,1706976,5.662645520499409,NA,FALSE
TX,2021-05-01,9815,1706976,5.749934386892376,NA,FALSE
TX,2021-06-01,10716,1706976,6.277768404476689,NA,FALSE
TX,2021-07-01,11657,1706976,6.829035674783945,NA,FALSE
TX,2021-08-01,12920,1706976,7.568940629510901,NA,FALSE
TX,2021-09-01,16458,1706976,9.641611832855295,NA,FALSE
TX,2021-10-01,18548,1706976,10.865999287629117,NA,FALSE
TX,2021-11-01,17147,1706976,10.045249611008005,NA,FALSE
TX,2021-12-01,16575,1706976,9.710154097069907,NA,FALSE
TX,2022-01-01,24031,1706976,14.078112404626662,NA,FALSE
TX,2022-02-01,26022,1706976,15.244502558911197,NA,FALSE
TX,2022-03-01,27067,1706976,15.856696286298108,NA,FALSE
TX,2022-04-01,23315,1706976,13.658657180885964,NA,FALSE
TX,2022-05-01,25789,1706976,15.108003861800048,NA,FALSE
TX,2022-06-01,27876,1706976,16.33063382261965,NA,FALSE
TX,2022-07-01,28980,1706976,16.977391597772904,NA,FALSE
TX,2022-08-01,30768,1706976,18.0248579944885,NA,FALSE
TX,2022-09-01,29281,1706976,17.153726824513058,NA,FALSE
TX,2022-10-01,28027,1706976,16.419094351648763,NA,FALSE
TX,2022-11-01,25141,1706976,14.728385167688357,NA,FALSE
TX,2022-12-01,26014,1706976,15.239815908366609,NA,FALSE
TX,2023-01-01,29499,1706976,17.2814380518531,NA,FALSE
TX,2023-02-01,26648,1706976,15.61123296402527,NA,FALSE
TX,2023-03-01,26073,1706976,15.27437995613295,NA,FALSE
TX,2023-04-01,24492,1644790,14.890654734038996,NA,FALSE
TX,2023-05-01,27583,1644790,16.769921996121084,NA,FALSE
TX,2023-06-01,28825,1644790,17.52503359091434,NA,FALSE
TX,2023-07-01,29077,1644790,17.678244639133265,NA,FALSE
TX,2023-08-01,31174,1644790,18.953179433240717,NA,FALSE
TX,2023-09-01,28931,1644790,17.5894795080223,NA,FALSE
TX,2023-10-01,30906,1644790,18.790240699420593,NA,FALSE
TX,2023-11-01,27475,1644790,16.704260118312977,NA,FALSE
TX,2023-12-01,25862,1631807,15.848687988224098,NA,FALSE
TX,2024-01-01,32381,1644790,19.687011715781345,NA,FALSE
TX,2024-02-01,29618,1644790,18.007162008523885,NA,FALSE
TX,2024-03-01,23845,1644790,14.497291447540416,NA,FALSE
TX,2024-04-01,25251,1644790,15.352111819745986,NA,FALSE
TX,2024-05-01,22953,1644790,13.954972975273439,NA,FALSE
TX,2024-06-01,22033,850093,25.91834069919409,NA,FALSE
TX,2024-07-01,22937,863076,26.575875125713146,NA,FALSE
TX,2024-08-01,22909,863076,26.543433023279526,NA,FALSE
TX,2024-09-01,23003,863076,26.652345795735254,NA,FALSE
TX,2024-10-01,20610,838002,24.594213378965684,NA,FALSE
TX,2024-11-01,19725,838002,23.538129980596704,NA,FALSE
TX,2024-12-01,21078,838002,25.152684599798093,NA,FALSE
TX,2025-01-01,23823,838002,28.428333106603564,NA,FALSE
TX,2025-02-01,21240,838002,25.346001560855463,NA,FALSE
TX,2025-03-01,18889,838002,22.54051899637471,NA,FALSE
TX,2025-04-01,18511,825019,22.437059025307295,NA,FALSE
TX,2025-05-01,21097,825019,25.57153229198358,NA,FALSE
TX,2025-06-01,21541,825019,26.10970171596048,NA,FALSE
TX,2025-07-01,22944,825019,27.810268611995603,NA,FALSE
TX,2025-08-01,22726,825019,27.546032273196133,NA,FALSE
TX,2025-09-01,18687,825019,22.650387445622464,NA,FALSE
TX,2025-10-01,12121,0,NA,NA,FALSE
TX,2025-11-01,1037,0,NA,NA,FALSE
UT,2016-01-01,637,312593,2.0377935526387345,NA,FALSE
UT,2016-02-01,613,317757,1.9291471155631505,NA,FALSE
UT,2016-03-01,572,317318,1.8026081092153612,NA,FALSE
UT,2016-04-01,563,317706,1.7720785883804524,NA,FALSE
UT,2016-05-01,588,315923,1.861213017095938,NA,FALSE
UT,2016-06-01,693,316719,2.1880594470177033,NA,FALSE
UT,2016-07-01,627,314736,1.992145798383407,NA,FALSE
UT,2016-08-01,712,319212,2.230492587997945,NA,FALSE
UT,2016-09-01,639,317087,2.01521979772113,NA,FALSE
UT,2016-10-01,581,317579,1.8294660541156689,NA,FALSE
UT,2016-11-01,570,317505,1.7952473189398592,NA,FALSE
UT,2016-12-01,526,317590,1.6562234327277308,NA,FALSE
UT,2017-01-01,674,317601,2.1221595649887752,NA,FALSE
UT,2017-02-01,623,317378,1.9629589952674729,NA,FALSE
UT,2017-03-01,571,319729,1.7858874234117017,NA,FALSE
UT,2017-04-01,563,317421,1.7736696689885043,NA,FALSE
UT,2017-05-01,653,315675,2.0685831947414273,NA,FALSE
UT,2017-06-01,606,317508,1.908613326278393,NA,FALSE
UT,2017-07-01,667,315845,2.1117953426522504,NA,FALSE
UT,2017-08-01,634,317799,1.9949716644797497,NA,FALSE
UT,2017-09-01,628,318791,1.9699426897246157,NA,FALSE
UT,2017-10-01,638,313992,2.0318989018828506,NA,FALSE
UT,2017-11-01,578,315597,1.8314496018656705,NA,FALSE
UT,2017-12-01,473,317082,1.4917276918904259,NA,FALSE
UT,2018-01-01,622,317514,1.9589687383863388,NA,FALSE
UT,2018-02-01,567,318132,1.7822790539775941,NA,FALSE
UT,2018-03-01,546,318865,1.7123233970489078,NA,FALSE
UT,2018-04-01,525,316565,1.6584271792522862,NA,FALSE
UT,2018-05-01,632,316645,1.9959260370446399,NA,FALSE
UT,2018-06-01,629,313597,2.0057589836637466,NA,FALSE
UT,2018-07-01,640,316856,2.019844976898023,NA,FALSE
UT,2018-08-01,659,320340,2.0571892364362863,NA,FALSE
UT,2018-09-01,648,317532,2.0407392010883942,NA,FALSE
UT,2018-10-01,623,315756,1.9730424758357719,NA,FALSE
UT,2018-11-01,492,316793,1.553064619483385,NA,FALSE
UT,2018-12-01,457,313346,1.4584516796129519,NA,FALSE
UT,2019-01-01,678,315624,2.1481256178237396,NA,FALSE
UT,2019-02-01,495,313142,1.5807525020597684,NA,FALSE
UT,2019-03-01,486,313896,1.548283507913449,NA,FALSE
UT,2019-04-01,574,315228,1.8209042343954218,NA,FALSE
UT,2019-05-01,609,315858,1.9280816062914348,NA,FALSE
UT,2019-06-01,635,317932,1.997282437753985,NA,FALSE
UT,2019-07-01,591,309764,1.9079040818171253,NA,FALSE
UT,2019-08-01,620,311645,1.9894431163663784,NA,FALSE
UT,2019-09-01,674,318085,2.118930474558687,NA,FALSE
UT,2019-10-01,630,313931,2.0068104137533407,NA,FALSE
UT,2019-11-01,520,316437,1.6432970859918403,NA,FALSE
UT,2019-12-01,549,315370,1.7408123791102514,NA,FALSE
UT,2020-01-01,645,314400,2.051526717557252,NA,FALSE
UT,2020-02-01,598,318791,1.8758371472218476,NA,FALSE
UT,2020-03-01,460,312328,1.4728106349734895,NA,FALSE
UT,2020-04-01,216,314265,0.6873180277791037,NA,FALSE
UT,2020-05-01,260,314161,0.8276011344501705,NA,FALSE
UT,2020-06-01,330,315189,1.0469908531071832,NA,FALSE
UT,2020-07-01,375,312067,1.2016650270614964,NA,FALSE
UT,2020-08-01,671,315562,2.1263650249396315,NA,FALSE
UT,2020-09-01,358,313249,1.1428607912555189,NA,FALSE
UT,2020-10-01,322,311559,1.0335121116706627,NA,FALSE
UT,2020-11-01,273,313249,0.8715111620468062,NA,FALSE
UT,2020-12-01,279,313126,0.8910151185145916,NA,FALSE
UT,2021-01-01,369,311919,1.1829994325449877,NA,FALSE
UT,2021-02-01,289,316449,0.9132593245673079,NA,FALSE
UT,2021-03-01,342,315798,1.0829707597894858,NA,FALSE
UT,2021-04-01,317,312832,1.0133234451718494,NA,FALSE
UT,2021-05-01,301,309317,0.9731117268045403,NA,FALSE
UT,2021-06-01,356,318463,1.117869265817379,NA,FALSE
UT,2021-07-01,410,319498,1.2832631190179595,NA,FALSE
UT,2021-08-01,373,312226,1.194647466898977,NA,FALSE
UT,2021-09-01,524,314087,1.668327565292419,NA,FALSE
UT,2021-10-01,440,314936,1.3971092539436585,NA,FALSE
UT,2021-11-01,431,316144,1.3633027987246318,NA,FALSE
UT,2021-12-01,390,318092,1.2260603850458358,NA,FALSE
UT,2022-01-01,472,309594,1.5245773496902395,NA,FALSE
UT,2022-02-01,481,314156,1.5310864665962134,NA,FALSE
UT,2022-03-01,513,314532,1.6309946205791461,NA,FALSE
UT,2022-04-01,420,310985,1.3505474540572697,NA,FALSE
UT,2022-05-01,459,317816,1.4442318825987364,NA,FALSE
UT,2022-06-01,544,314982,1.7270828174308372,NA,FALSE
UT,2022-07-01,548,309515,1.7705119299549295,NA,FALSE
UT,2022-08-01,644,316952,2.0318534036699565,NA,FALSE
UT,2022-09-01,607,317381,1.9125278450820937,NA,FALSE
UT,2022-10-01,594,317231,1.8724525661111304,NA,FALSE
UT,2022-11-01,534,318025,1.6791132772580772,NA,FALSE
UT,2022-12-01,539,316375,1.7036744369814303,NA,FALSE
UT,2023-01-01,647,315765,2.0489921302234255,NA,FALSE
UT,2023-02-01,596,317441,1.8775142467419141,NA,FALSE
UT,2023-03-01,765,318291,2.403460983816696,NA,FALSE
UT,2023-04-01,634,319028,1.987286382386499,NA,FALSE
UT,2023-05-01,716,317932,2.2520538983178793,NA,FALSE
UT,2023-06-01,785,317299,2.47400716674178,NA,FALSE
UT,2023-07-01,761,312769,2.4331055827143993,NA,FALSE
UT,2023-08-01,791,316735,2.49735583374114,NA,FALSE
UT,2023-09-01,716,311559,2.29812009924284,NA,FALSE
UT,2023-10-01,711,315112,2.2563406027063393,NA,FALSE
UT,2023-11-01,49,280319,0.17480085188660063,NA,FALSE
UT,2023-12-01,81,274988,0.2945583079988945,NA,FALSE
UT,2024-01-01,725,316889,2.2878673604953152,NA,FALSE
UT,2024-02-01,688,314151,2.1900296354300957,NA,FALSE
UT,2024-03-01,620,318743,1.9451407560322893,NA,FALSE
UT,2024-04-01,641,317879,2.016490551436238,NA,FALSE
UT,2024-05-01,664,314055,2.114279345974431,NA,FALSE
UT,2024-06-01,645,310859,2.0748956922591915,NA,FALSE
UT,2024-07-01,670,316067,2.1198037125039946,NA,FALSE
UT,2024-08-01,872,317121,2.749739058592777,NA,FALSE
UT,2024-09-01,749,319017,2.347837262591022,NA,FALSE
UT,2024-10-01,788,317508,2.4818272295501216,NA,FALSE
UT,2024-11-01,637,313330,2.0330003510675647,NA,FALSE
UT,2024-12-01,677,317374,2.133129998046469,NA,FALSE
UT,2025-01-01,750,315754,2.375266821639631,NA,FALSE
UT,2025-02-01,679,314432,2.159449419906371,NA,FALSE
UT,2025-03-01,629,316295,1.9886498363869172,NA,FALSE
UT,2025-04-01,576,312886,1.840926088095984,NA,FALSE
UT,2025-05-01,702,315918,2.2220956070879154,NA,FALSE
UT,2025-06-01,647,316162,2.046419240768973,NA,FALSE
UT,2025-07-01,754,315101,2.39288355162313,NA,FALSE
UT,2025-08-01,683,318577,2.1439086939735135,NA,FALSE
UT,2025-09-01,694,316811,2.190580503833516,NA,FALSE
VA,2016-01-01,33665,1064311,31.630792127489052,2021-01-01,FALSE
VA,2016-02-01,27266,1062763,25.655767090122634,2021-01-01,FALSE
VA,2016-03-01,24278,1063595,22.82635777716142,2021-01-01,FALSE
VA,2016-04-01,26787,1063890,25.17835490511237,2021-01-01,FALSE
VA,2016-05-01,28565,1065120,26.818574432927747,2021-01-01,FALSE
VA,2016-06-01,31612,1066915,29.629351916506938,2021-01-01,FALSE
VA,2016-07-01,31482,1066021,29.532251240829215,2021-01-01,FALSE
VA,2016-08-01,30308,1066915,28.40713646354208,2021-01-01,FALSE
VA,2016-09-01,32929,1066915,30.86375203272988,2021-01-01,FALSE
VA,2016-10-01,30832,1065942,28.924650684558824,2021-01-01,FALSE
VA,2016-11-01,27980,1064150,26.29328572099798,2021-01-01,FALSE
VA,2016-12-01,30828,1065833,28.92385580104951,2021-01-01,FALSE
VA,2017-01-01,33912,1061334,31.952241236029373,2021-01-01,FALSE
VA,2017-02-01,29859,1065649,28.019544897053343,2021-01-01,FALSE
VA,2017-03-01,24687,1063484,23.213325259242264,2021-01-01,FALSE
VA,2017-04-01,24433,1063155,22.981597227121163,2021-01-01,FALSE
VA,2017-05-01,28357,1067056,26.574987629515228,2021-01-01,FALSE
VA,2017-06-01,32252,1065879,30.25859408056637,2021-01-01,FALSE
VA,2017-07-01,30987,1066282,29.060792548312737,2021-01-01,FALSE
VA,2017-08-01,31285,1065120,29.372277302088026,2021-01-01,FALSE
VA,2017-09-01,32509,1066904,30.47040783425688,2021-01-01,FALSE
VA,2017-10-01,32596,1066306,30.569086172261997,2021-01-01,FALSE
VA,2017-11-01,28638,1064280,26.908332393730973,2021-01-01,FALSE
VA,2017-12-01,28990,1065726,27.20211386416396,2021-01-01,FALSE
VA,2018-01-01,32767,1065452,30.75408371282798,2021-01-01,FALSE
VA,2018-02-01,30456,1063553,28.636090538036186,2021-01-01,FALSE
VA,2018-03-01,25716,1066466,24.113286311987444,2021-01-01,FALSE
VA,2018-04-01,25976,1064838,24.39432101408853,2021-01-01,FALSE
VA,2018-05-01,28464,1066484,26.68957058896336,2021-01-01,FALSE
VA,2018-06-01,31442,1066585,29.479131996043446,2021-01-01,FALSE
VA,2018-07-01,31822,1066466,29.838738412663883,2021-01-01,FALSE
VA,2018-08-01,31130,1063719,29.265247682893698,2021-01-01,FALSE
VA,2018-09-01,30217,1063759,28.405870126598224,2021-01-01,FALSE
VA,2018-10-01,30990,1065536,29.083953991230704,2021-01-01,FALSE
VA,2018-11-01,29731,1064594,27.927078304029518,2021-01-01,FALSE
VA,2018-12-01,26266,1063831,24.690011853386487,2021-01-01,FALSE
VA,2019-01-01,34416,1064971,32.31637293409867,2021-01-01,FALSE
VA,2019-02-01,28720,1065388,26.957315081453892,2021-01-01,FALSE
VA,2019-03-01,24446,1065118,22.95144763303221,2021-01-01,FALSE
VA,2019-04-01,22371,1063314,21.038940519921677,2021-01-01,FALSE
VA,2019-05-01,28510,1067175,26.715393445311218,2021-01-01,FALSE
VA,2019-06-01,28817,1063653,27.092482228696763,2021-01-01,FALSE
VA,2019-07-01,28132,1066904,26.367883146000015,2021-01-01,FALSE
VA,2019-08-01,30648,1064613,28.787925753301906,2021-01-01,FALSE
VA,2019-09-01,27827,1066755,26.085652281920403,2021-01-01,FALSE
VA,2019-10-01,27868,1066282,26.135675177861017,2021-01-01,FALSE
VA,2019-11-01,26995,1066282,25.316942422361063,2021-01-01,FALSE
VA,2019-12-01,24220,1064322,22.75627112847428,2021-01-01,FALSE
VA,2020-01-01,31811,1066227,29.835110159468854,2021-01-01,FALSE
VA,2020-02-01,25488,1065802,23.914385598826048,2021-01-01,FALSE
VA,2020-03-01,11728,1059028,11.074305872932538,2021-01-01,FALSE
VA,2020-04-01,1718,854989,2.009382576851866,2021-01-01,FALSE
VA,2020-05-01,3152,954739,3.3014258347045633,2021-01-01,FALSE
VA,2020-06-01,3766,1050006,3.5866461715456865,2021-01-01,FALSE
VA,2020-07-01,9970,1063960,9.370653032068875,2021-01-01,FALSE
VA,2020-08-01,9673,1053090,9.185349780170736,2021-01-01,FALSE
VA,2020-09-01,15730,1063826,14.786252639059395,2021-01-01,FALSE
VA,2020-10-01,18374,1063018,17.28474964676045,2021-01-01,FALSE
VA,2020-11-01,7989,1058778,7.545491122784947,2021-01-01,FALSE
VA,2020-12-01,3042,1022229,2.9758498340391437,2021-01-01,FALSE
VA,2021-01-01,4861,1043953,4.656339892696319,2021-01-01,TRUE
VA,2021-02-01,5203,1053455,4.9389864778277195,2021-01-01,TRUE
VA,2021-03-01,7408,1064538,6.958887329526987,2021-01-01,TRUE
VA,2021-04-01,4230,1055391,4.007993246104998,2021-01-01,TRUE
VA,2021-05-01,5571,1062515,5.243220095716295,2021-01-01,TRUE
VA,2021-06-01,7587,1058204,7.1696950682477105,2021-01-01,TRUE
VA,2021-07-01,8353,1061719,7.867430082724336,2021-01-01,TRUE
VA,2021-08-01,9028,1057330,8.538488456773193,2021-01-01,TRUE
VA,2021-09-01,6392,1063773,6.008800749784023,2021-01-01,TRUE
VA,2021-10-01,7202,1060589,6.790566373967673,2021-01-01,TRUE
VA,2021-11-01,7423,1061291,6.994311644968251,2021-01-01,TRUE
VA,2021-12-01,6533,1061708,6.153292619062869,2021-01-01,TRUE
VA,2022-01-01,8054,1064374,7.566889082221099,2021-01-01,TRUE
VA,2022-02-01,8450,1064083,7.9411098570318295,2021-01-01,TRUE
VA,2022-03-01,12866,1058981,12.149415334175023,2021-01-01,TRUE
VA,2022-04-01,10915,1061432,10.283277685240316,2021-01-01,TRUE
VA,2022-05-01,11867,1064277,11.150292639980005,2021-01-01,TRUE
VA,2022-06-01,15258,1066288,14.309454856474048,2021-01-01,TRUE
VA,2022-07-01,21593,1066040,20.255337510787587,2021-01-01,TRUE
VA,2022-08-01,25397,1065415,23.837659503573725,2021-01-01,TRUE
VA,2022-09-01,24156,1066603,22.64760177873117,2021-01-01,TRUE
VA,2022-10-01,24334,1066585,22.8148717636194,2021-01-01,TRUE
VA,2022-11-01,21145,1062820,19.895184509136072,2021-01-01,TRUE
VA,2022-12-01,21789,1064640,20.46607303877367,2021-01-01,TRUE
VA,2023-01-01,13620,1065483,12.782935063253003,2021-01-01,TRUE
VA,2023-02-01,10574,1066915,9.910817637768707,2021-01-01,TRUE
VA,2023-03-01,11760,1065534,11.036719616642923,2021-01-01,TRUE
VA,2023-04-01,9688,1065677,9.090934682835417,2021-01-01,TRUE
VA,2023-05-01,11335,1065833,10.634874318959913,2021-01-01,TRUE
VA,2023-06-01,11927,1062960,11.22055392488899,2021-01-01,TRUE
VA,2023-07-01,11732,1067056,10.994736921023826,2021-01-01,TRUE
VA,2023-08-01,11995,1064900,11.263968447741572,2021-01-01,TRUE
VA,2023-09-01,11515,1063258,10.829920865866987,2021-01-01,TRUE
VA,2023-10-01,12488,1062800,11.750094091080166,2021-01-01,TRUE
VA,2023-11-01,10463,1066340,9.812067445655233,2021-01-01,TRUE
VA,2023-12-01,11308,1057703,10.691091922779835,2021-01-01,TRUE
VA,2024-01-01,12720,1062045,11.976893634450517,2021-01-01,TRUE
VA,2024-02-01,12459,1064589,11.703107959973286,2021-01-01,TRUE
VA,2024-03-01,10576,1064855,9.931868658174118,2021-01-01,TRUE
VA,2024-04-01,10149,1065532,9.524819526771603,2021-01-01,TRUE
VA,2024-05-01,11476,1065677,10.768741372855002,2021-01-01,TRUE
VA,2024-06-01,11790,1062741,11.093954218384347,2021-01-01,TRUE
VA,2024-07-01,11628,1064841,10.919940160080237,2021-01-01,TRUE
VA,2024-08-01,11923,1066271,11.181960308401898,2021-01-01,TRUE
VA,2024-09-01,11637,1063516,10.942007454518786,2021-01-01,TRUE
VA,2024-10-01,12657,1064018,11.895475452482946,2021-01-01,TRUE
VA,2024-11-01,11307,1064836,10.618536563376896,2021-01-01,TRUE
VA,2024-12-01,10480,1062946,9.859390787490616,2021-01-01,TRUE
VA,2025-01-01,14673,1063779,13.793278491115165,2021-01-01,TRUE
VA,2025-02-01,10213,1063392,9.604172308988595,2021-01-01,TRUE
VA,2025-03-01,11627,1064528,10.922211534125923,2021-01-01,TRUE
VA,2025-04-01,10431,1064678,9.797328394124797,2021-01-01,TRUE
VA,2025-05-01,11924,1066043,11.185289899187932,2021-01-01,TRUE
VA,2025-06-01,10940,1063176,10.289923775555506,2021-01-01,TRUE
VA,2025-07-01,13249,1066839,12.418931066449577,2021-01-01,TRUE
VA,2025-08-01,11790,1063045,11.09078166963769,2021-01-01,TRUE
VA,2025-09-01,12036,1065235,11.298915262829329,2021-01-01,TRUE
VT,2016-01-01,123,70939,1.7338840412185117,NA,FALSE
VT,2016-02-01,134,73304,1.8280039288442649,NA,FALSE
VT,2016-03-01,115,72845,1.578694488297069,NA,FALSE
VT,2016-04-01,124,73024,1.6980718667835233,NA,FALSE
VT,2016-05-01,147,73304,2.0053475935828877,NA,FALSE
VT,2016-06-01,137,73304,1.8689293899377932,NA,FALSE
VT,2016-07-01,168,73304,2.291825821237586,NA,FALSE
VT,2016-08-01,161,72565,2.218700475435816,NA,FALSE
VT,2016-09-01,144,72565,1.9844277544270654,NA,FALSE
VT,2016-10-01,129,72565,1.7777165300075795,NA,FALSE
VT,2016-11-01,145,73304,1.9780639528538688,NA,FALSE
VT,2016-12-01,154,73024,2.1088957055214723,NA,FALSE
VT,2017-01-01,131,73024,1.7939307624890446,NA,FALSE
VT,2017-02-01,157,72565,2.1635774822572866,NA,FALSE
VT,2017-03-01,132,73304,1.8007202881152462,NA,FALSE
VT,2017-04-01,131,73304,1.7870784677507368,NA,FALSE
VT,2017-05-01,167,72565,2.3013849652036105,NA,FALSE
VT,2017-06-01,143,72845,1.9630722767520077,NA,FALSE
VT,2017-07-01,146,72845,2.0042556112293224,NA,FALSE
VT,2017-08-01,152,72845,2.0866222801839522,NA,FALSE
VT,2017-09-01,139,72565,1.9155240129539033,NA,FALSE
VT,2017-10-01,173,72565,2.3840694549714048,NA,FALSE
VT,2017-11-01,119,72565,1.6399090470612554,NA,FALSE
VT,2017-12-01,137,72565,1.8879625163646385,NA,FALSE
VT,2018-01-01,161,73024,2.204754601226994,NA,FALSE
VT,2018-02-01,155,72845,2.127805614661267,NA,FALSE
VT,2018-03-01,135,73024,1.8487072743207713,NA,FALSE
VT,2018-04-01,117,73024,1.6022129710780018,NA,FALSE
VT,2018-05-01,162,73304,2.2099748990505295,NA,FALSE
VT,2018-06-01,132,73024,1.8076248904469763,NA,FALSE
VT,2018-07-01,159,72565,2.1911389788465514,NA,FALSE
VT,2018-08-01,189,72845,2.5945500720708354,NA,FALSE
VT,2018-09-01,115,72565,1.5847860538827259,NA,FALSE
VT,2018-10-01,182,72845,2.4984556249571006,NA,FALSE
VT,2018-11-01,120,73024,1.6432953549517966,NA,FALSE
VT,2018-12-01,112,73024,1.5337423312883436,NA,FALSE
VT,2019-01-01,152,72565,2.0946737407841245,NA,FALSE
VT,2019-02-01,141,72845,1.9356167204337977,NA,FALSE
VT,2019-03-01,128,72845,1.7571556043654335,NA,FALSE
VT,2019-04-01,145,72845,1.9905278330702176,NA,FALSE
VT,2019-05-01,138,73024,1.8897896581945661,NA,FALSE
VT,2019-06-01,142,73024,1.9445661700262926,NA,FALSE
VT,2019-07-01,164,73024,2.2458369851007887,NA,FALSE
VT,2019-08-01,168,73024,2.3006134969325154,NA,FALSE
VT,2019-09-01,172,72565,2.3702887066767726,NA,FALSE
VT,2019-10-01,168,73024,2.3006134969325154,NA,FALSE
VT,2019-11-01,111,73024,1.520048203330412,NA,FALSE
VT,2019-12-01,140,73304,1.9098548510313216,NA,FALSE
VT,2020-01-01,158,72565,2.177358230551919,NA,FALSE
VT,2020-02-01,130,73304,1.7734366473862273,NA,FALSE
VT,2020-03-01,111,73024,1.520048203330412,NA,FALSE
VT,2020-04-01,55,66800,0.8233532934131736,NA,FALSE
VT,2020-05-01,46,72565,0.6339144215530903,NA,FALSE
VT,2020-06-01,51,70094,0.7275943732701801,NA,FALSE
VT,2020-07-01,40,66073,0.6053910069165922,NA,FALSE
VT,2020-08-01,30,63984,0.46886721680420107,NA,FALSE
VT,2020-09-01,23,55349,0.4155449962962294,NA,FALSE
VT,2020-10-01,31,63613,0.4873217738512568,NA,FALSE
VT,2020-11-01,33,61756,0.5343610337457089,NA,FALSE
VT,2020-12-01,21,41998,0.5000238106576503,NA,FALSE
VT,2021-01-01,88,67270,1.3081611416679055,NA,FALSE
VT,2021-02-01,10,47293,0.21144778296999556,NA,FALSE
VT,2021-03-01,33,69915,0.4720017163698777,NA,FALSE
VT,2021-04-01,34,67266,0.5054559510005054,NA,FALSE
VT,2021-05-01,31,69450,0.44636429085673146,NA,FALSE
VT,2021-06-01,71,73304,0.9685692458801702,NA,FALSE
VT,2021-07-01,91,73024,1.2461656441717792,NA,FALSE
VT,2021-08-01,174,73304,2.3736767434246424,NA,FALSE
VT,2021-09-01,149,72845,2.0454389457066373,NA,FALSE
VT,2021-10-01,104,72565,1.4331978226417694,NA,FALSE
VT,2021-11-01,144,72845,1.9768000549111127,NA,FALSE
VT,2021-12-01,90,72845,1.2355000343194453,NA,FALSE
VT,2022-01-01,108,72845,1.4826000411833344,NA,FALSE
VT,2022-02-01,93,73304,1.268689293899378,NA,FALSE
VT,2022-03-01,86,72845,1.1805889216830256,NA,FALSE
VT,2022-04-01,98,72565,1.3505133328739751,NA,FALSE
VT,2022-05-01,102,70935,1.4379361387185452,NA,FALSE
VT,2022-06-01,105,72565,1.4469785709364018,NA,FALSE
VT,2022-07-01,127,73024,1.739154250657318,NA,FALSE
VT,2022-08-01,141,72845,1.9356167204337977,NA,FALSE
VT,2022-09-01,120,70935,1.6916895749629943,NA,FALSE
VT,2022-10-01,105,73024,1.437883435582822,NA,FALSE
VT,2022-11-01,119,73024,1.6296012269938651,NA,FALSE
VT,2022-12-01,134,72845,1.8395222733200631,NA,FALSE
VT,2023-01-01,158,73024,2.163672217353199,NA,FALSE
VT,2023-02-01,142,73304,1.9371384917603405,NA,FALSE
VT,2023-03-01,166,73304,2.2645421805085673,NA,FALSE
VT,2023-04-01,149,73304,2.0326312343119066,NA,FALSE
VT,2023-05-01,182,73304,2.482811306340718,NA,FALSE
VT,2023-06-01,176,73304,2.4009603841536613,NA,FALSE
VT,2023-07-01,148,73304,2.018989413947397,NA,FALSE
VT,2023-08-01,165,73304,2.250900360144058,NA,FALSE
VT,2023-09-01,162,73304,2.2099748990505295,NA,FALSE
VT,2023-10-01,186,73304,2.537378587798756,NA,FALSE
VT,2023-11-01,148,73304,2.018989413947397,NA,FALSE
VT,2023-12-01,158,73304,2.1554076175924917,NA,FALSE
VT,2024-01-01,141,72845,1.9356167204337977,NA,FALSE
VT,2024-02-01,150,73304,2.046273054676416,NA,FALSE
VT,2024-03-01,158,73304,2.1554076175924917,NA,FALSE
VT,2024-04-01,150,72845,2.0591667238657423,NA,FALSE
VT,2024-05-01,129,73304,1.7597948270217179,NA,FALSE
VT,2024-06-01,121,72845,1.661061157251699,NA,FALSE
VT,2024-07-01,168,72845,2.3062667307296314,NA,FALSE
VT,2024-08-01,149,72845,2.0454389457066373,NA,FALSE
VT,2024-09-01,158,70189,2.251064981692288,NA,FALSE
VT,2024-10-01,177,72845,2.4298167341615757,NA,FALSE
VT,2024-11-01,133,72565,1.832839523186109,NA,FALSE
VT,2024-12-01,144,72565,1.9844277544270654,NA,FALSE
VT,2025-01-01,181,72845,2.4847278467979956,NA,FALSE
VT,2025-02-01,148,72845,2.0317111675475323,NA,FALSE
VT,2025-03-01,141,73304,1.923496671395831,NA,FALSE
VT,2025-04-01,157,72845,2.155261170979477,NA,FALSE
VT,2025-05-01,130,73304,1.7734366473862273,NA,FALSE
VT,2025-06-01,101,73024,1.3831069237510956,NA,FALSE
VT,2025-07-01,158,72845,2.168988949138582,NA,FALSE
VT,2025-08-01,151,72845,2.0728945020248473,NA,FALSE
VT,2025-09-01,128,69730,1.8356517997992257,NA,FALSE
WI,2012-01-01,1082,0,NA,2021-11-01,FALSE
WI,2012-02-01,812,0,NA,2021-11-01,FALSE
WI,2012-03-01,859,0,NA,2021-11-01,FALSE
WI,2012-04-01,1008,0,NA,2021-11-01,FALSE
WI,2012-05-01,1208,0,NA,2021-11-01,FALSE
WI,2012-06-01,1190,0,NA,2021-11-01,FALSE
WI,2012-07-01,1299,0,NA,2021-11-01,FALSE
WI,2012-08-01,1395,0,NA,2021-11-01,FALSE
WI,2012-09-01,1052,0,NA,2021-11-01,FALSE
WI,2012-10-01,1038,0,NA,2021-11-01,FALSE
WI,2012-11-01,964,0,NA,2021-11-01,FALSE
WI,2012-12-01,845,0,NA,2021-11-01,FALSE
WI,2013-01-01,1199,0,NA,2021-11-01,FALSE
WI,2013-02-01,803,0,NA,2021-11-01,FALSE
WI,2013-03-01,802,0,NA,2021-11-01,FALSE
WI,2013-04-01,1057,0,NA,2021-11-01,FALSE
WI,2013-05-01,1174,0,NA,2021-11-01,FALSE
WI,2013-06-01,1203,0,NA,2021-11-01,FALSE
WI,2013-07-01,1193,0,NA,2021-11-01,FALSE
WI,2013-08-01,1357,0,NA,2021-11-01,FALSE
WI,2013-09-01,1144,0,NA,2021-11-01,FALSE
WI,2013-10-01,1185,0,NA,2021-11-01,FALSE
WI,2013-11-01,910,0,NA,2021-11-01,FALSE
WI,2013-12-01,961,0,NA,2021-11-01,FALSE
WI,2014-01-01,1203,0,NA,2021-11-01,FALSE
WI,2014-02-01,906,0,NA,2021-11-01,FALSE
WI,2014-03-01,862,0,NA,2021-11-01,FALSE
WI,2014-04-01,1034,0,NA,2021-11-01,FALSE
WI,2014-05-01,1204,0,NA,2021-11-01,FALSE
WI,2014-06-01,1272,0,NA,2021-11-01,FALSE
WI,2014-07-01,1452,0,NA,2021-11-01,FALSE
WI,2014-08-01,1154,0,NA,2021-11-01,FALSE
WI,2014-09-01,1298,0,NA,2021-11-01,FALSE
WI,2014-10-01,1312,0,NA,2021-11-01,FALSE
WI,2014-11-01,963,0,NA,2021-11-01,FALSE
WI,2014-12-01,1003,0,NA,2021-11-01,FALSE
WI,2015-01-01,1070,0,NA,2021-11-01,FALSE
WI,2015-02-01,838,0,NA,2021-11-01,FALSE
WI,2015-03-01,912,0,NA,2021-11-01,FALSE
WI,2015-04-01,1086,0,NA,2021-11-01,FALSE
WI,2015-05-01,1139,0,NA,2021-11-01,FALSE
WI,2015-06-01,1240,0,NA,2021-11-01,FALSE
WI,2015-07-01,1251,0,NA,2021-11-01,FALSE
WI,2015-08-01,1089,0,NA,2021-11-01,FALSE
WI,2015-09-01,1233,0,NA,2021-11-01,FALSE
WI,2015-10-01,1180,0,NA,2021-11-01,FALSE
WI,2015-11-01,1041,0,NA,2021-11-01,FALSE
WI,2015-12-01,1061,0,NA,2021-11-01,FALSE
WI,2016-01-01,2603,0,NA,2021-11-01,FALSE
WI,2016-02-01,2618,0,NA,2021-11-01,FALSE
WI,2016-03-01,2662,0,NA,2021-11-01,FALSE
WI,2016-04-01,3295,0,NA,2021-11-01,FALSE
WI,2016-05-01,3674,0,NA,2021-11-01,FALSE
WI,2016-06-01,4425,0,NA,2021-11-01,FALSE
WI,2016-07-01,2923,0,NA,2021-11-01,FALSE
WI,2016-08-01,4406,0,NA,2021-11-01,FALSE
WI,2016-09-01,4178,0,NA,2021-11-01,FALSE
WI,2016-10-01,3132,0,NA,2021-11-01,FALSE
WI,2016-11-01,2815,0,NA,2021-11-01,FALSE
WI,2016-12-01,2635,0,NA,2021-11-01,FALSE
WI,2017-01-01,2270,0,NA,2021-11-01,FALSE
WI,2017-02-01,2008,0,NA,2021-11-01,FALSE
WI,2017-03-01,2184,0,NA,2021-11-01,FALSE
WI,2017-04-01,1888,0,NA,2021-11-01,FALSE
WI,2017-05-01,2703,0,NA,2021-11-01,FALSE
WI,2017-06-01,2728,0,NA,2021-11-01,FALSE
WI,2017-07-01,2939,0,NA,2021-11-01,FALSE
WI,2017-08-01,2973,0,NA,2021-11-01,FALSE
WI,2017-09-01,2669,0,NA,2021-11-01,FALSE
WI,2017-10-01,2364,0,NA,2021-11-01,FALSE
WI,2017-11-01,2247,0,NA,2021-11-01,FALSE
WI,2017-12-01,2027,0,NA,2021-11-01,FALSE
WI,2018-01-01,2335,0,NA,2021-11-01,FALSE
WI,2018-02-01,2057,0,NA,2021-11-01,FALSE
WI,2018-03-01,1725,0,NA,2021-11-01,FALSE
WI,2018-04-01,2121,0,NA,2021-11-01,FALSE
WI,2018-05-01,2411,0,NA,2021-11-01,FALSE
WI,2018-06-01,2615,0,NA,2021-11-01,FALSE
WI,2018-07-01,2627,0,NA,2021-11-01,FALSE
WI,2018-08-01,2661,0,NA,2021-11-01,FALSE
WI,2018-09-01,2382,0,NA,2021-11-01,FALSE
WI,2018-10-01,2391,0,NA,2021-11-01,FALSE
WI,2018-11-01,2103,0,NA,2021-11-01,FALSE
WI,2018-12-01,2025,0,NA,2021-11-01,FALSE
WI,2020-01-01,2733,0,NA,2021-11-01,FALSE
WI,2020-02-01,2134,0,NA,2021-11-01,FALSE
WI,2020-03-01,1073,0,NA,2021-11-01,FALSE
WI,2020-04-01,54,0,NA,2021-11-01,FALSE
WI,2020-05-01,359,0,NA,2021-11-01,FALSE
WI,2020-06-01,3003,0,NA,2021-11-01,FALSE
WI,2020-07-01,2416,0,NA,2021-11-01,FALSE
WI,2020-08-01,1930,0,NA,2021-11-01,FALSE
WI,2020-09-01,1289,0,NA,2021-11-01,FALSE
WI,2020-10-01,1353,0,NA,2021-11-01,FALSE
WI,2020-11-01,1002,0,NA,2021-11-01,FALSE
WI,2020-12-01,1504,0,NA,2021-11-01,FALSE
WI,2021-01-01,2512,772255,3.252811571307405,2021-11-01,FALSE
WI,2021-02-01,2309,761811,3.0309354944992917,2021-11-01,FALSE
WI,2021-03-01,2548,775072,3.287436522026341,2021-11-01,FALSE
WI,2021-04-01,2147,763919,2.8105073967266163,2021-11-01,FALSE
WI,2021-05-01,2120,771900,2.7464697499676123,2021-11-01,FALSE
WI,2021-06-01,2767,774767,3.5713963036629077,2021-11-01,FALSE
WI,2021-07-01,2841,779591,3.644218571019932,2021-11-01,FALSE
WI,2021-08-01,2851,780889,3.6509670388493114,2021-11-01,FALSE
WI,2021-09-01,3968,778775,5.095181535103207,2021-11-01,FALSE
WI,2021-10-01,3965,778514,5.09303622028634,2021-11-01,FALSE
WI,2021-11-01,3395,774854,4.381470573811325,2021-11-01,TRUE
WI,2021-12-01,3616,771356,4.687848412406204,2021-11-01,TRUE
WI,2022-01-01,4562,774420,5.890860256708246,2021-11-01,TRUE
WI,2022-02-01,4738,771531,6.1410364586776165,2021-11-01,TRUE
WI,2022-03-01,4195,778556,5.38818016944189,2021-11-01,TRUE
WI,2022-04-01,3694,772880,4.779525928992858,2021-11-01,TRUE
WI,2022-05-01,4003,770486,5.195422110200575,2021-11-01,TRUE
WI,2022-06-01,4204,776246,5.4158089059396115,2021-11-01,TRUE
WI,2022-07-01,4179,777930,5.371948632910416,2021-11-01,TRUE
WI,2022-08-01,4742,773939,6.127097872054516,2021-11-01,TRUE
WI,2022-09-01,4447,774294,5.743296473949171,2021-11-01,TRUE
WI,2022-10-01,4340,773558,5.610439036245505,2021-11-01,TRUE
WI,2022-11-01,4180,775459,5.390355905341224,2021-11-01,TRUE
WI,2022-12-01,3714,776318,4.784121970635745,2021-11-01,TRUE
WI,2023-01-01,3242,778656,4.163584432663461,2021-11-01,TRUE
WI,2023-02-01,1950,778538,2.50469469698332,2021-11-01,TRUE
WI,2023-03-01,2174,778755,2.7916353667071157,2021-11-01,TRUE
WI,2023-04-01,2076,776385,2.6739311037693927,2021-11-01,TRUE
WI,2023-05-01,2411,782738,3.080213302535459,2021-11-01,TRUE
WI,2023-06-01,2543,777931,3.2689274498638055,2021-11-01,TRUE
WI,2023-07-01,2572,782642,3.286304593926725,2021-11-01,TRUE
WI,2023-08-01,2757,782049,3.5253545493952423,2021-11-01,TRUE
WI,2023-09-01,2307,780415,2.956119500522158,2021-11-01,TRUE
WI,2023-10-01,2570,780262,3.2937654275102464,2021-11-01,TRUE
WI,2023-11-01,2176,777547,2.798544653892305,2021-11-01,TRUE
WI,2023-12-01,2088,775184,2.6935540465231482,2021-11-01,TRUE
WI,2024-01-01,701,745937,0.9397576470935213,2021-11-01,TRUE
WV,2016-01-01,1131,176629,6.403252014108668,2018-08-01,FALSE
WV,2016-02-01,1082,176891,6.116761169307653,2018-08-01,FALSE
WV,2016-03-01,1058,176659,5.988939142642039,2018-08-01,FALSE
WV,2016-04-01,1192,184685,6.454232883017029,2018-08-01,FALSE
WV,2016-05-01,1167,182862,6.381861731797749,2018-08-01,FALSE
WV,2016-06-01,1413,184350,7.664768104149715,2018-08-01,FALSE
WV,2016-07-01,1233,185082,6.661912017376082,2018-08-01,FALSE
WV,2016-08-01,1399,185366,7.547230883765092,2018-08-01,FALSE
WV,2016-09-01,1264,184564,6.848572852777356,2018-08-01,FALSE
WV,2016-10-01,1084,182425,5.942168014252433,2018-08-01,FALSE
WV,2016-11-01,1093,183299,5.962934876895128,2018-08-01,FALSE
WV,2016-12-01,1038,183164,5.667052477561093,2018-08-01,FALSE
WV,2017-01-01,1246,183397,6.794004263973783,2018-08-01,FALSE
WV,2017-02-01,1199,184948,6.482903302549906,2018-08-01,FALSE
WV,2017-03-01,1095,184345,5.9399495511134015,2018-08-01,FALSE
WV,2017-04-01,1085,183749,5.904794039695454,2018-08-01,FALSE
WV,2017-05-01,1311,181955,7.205078178670551,2018-08-01,FALSE
WV,2017-06-01,1365,183113,7.454413395007454,2018-08-01,FALSE
WV,2017-07-01,1297,182650,7.101012866137421,2018-08-01,FALSE
WV,2017-08-01,1346,185082,7.272452210371619,2018-08-01,FALSE
WV,2017-09-01,1292,184351,7.008369903065348,2018-08-01,FALSE
WV,2017-10-01,1374,183695,7.479789869076458,2018-08-01,FALSE
WV,2017-11-01,1072,184419,5.812850085945591,2018-08-01,FALSE
WV,2017-12-01,983,183923,5.3446279149426665,2018-08-01,FALSE
WV,2018-01-01,1298,183310,7.0809012056079865,2018-08-01,FALSE
WV,2018-02-01,1079,183849,5.868946798731567,2018-08-01,FALSE
WV,2018-03-01,1123,184729,6.079175440780819,2018-08-01,FALSE
WV,2018-04-01,1237,184445,6.706606305402695,2018-08-01,FALSE
WV,2018-05-01,1261,184842,6.822042609363673,2018-08-01,FALSE
WV,2018-06-01,1311,182904,7.167694528277129,2018-08-01,FALSE
WV,2018-07-01,1404,184944,7.591487152867895,2018-08-01,FALSE
WV,2018-08-01,1378,185366,7.433941499519869,2018-08-01,TRUE
WV,2018-09-01,1244,182905,6.80134496049862,2018-08-01,TRUE
WV,2018-10-01,1256,183650,6.839096106724748,2018-08-01,TRUE
WV,2018-11-01,1065,184345,5.777211207247281,2018-08-01,TRUE
WV,2018-12-01,931,178718,5.20932418670755,2018-08-01,TRUE
WV,2019-01-01,1244,184453,6.744265476842339,2018-08-01,TRUE
WV,2019-02-01,1092,184311,5.924768462001725,2018-08-01,TRUE
WV,2019-03-01,1058,183954,5.7514378594648665,2018-08-01,TRUE
WV,2019-04-01,1203,184963,6.504003503403383,2018-08-01,TRUE
WV,2019-05-01,1300,184944,7.029154771173977,2018-08-01,TRUE
WV,2019-06-01,1236,184836,6.687009024216062,2018-08-01,TRUE
WV,2019-07-01,1313,184420,7.119618262661317,2018-08-01,TRUE
WV,2019-08-01,1315,184034,7.145418781312149,2018-08-01,TRUE
WV,2019-09-01,1219,184317,6.613605907214201,2018-08-01,TRUE
WV,2019-10-01,1237,184670,6.698435046298803,2018-08-01,TRUE
WV,2019-11-01,1017,179189,5.675571603167605,2018-08-01,TRUE
WV,2019-12-01,1014,181009,5.601931395676458,2018-08-01,TRUE
WV,2020-01-01,1328,184433,7.2004467747095156,2018-08-01,TRUE
WV,2020-02-01,1102,183277,6.012756647042455,2018-08-01,TRUE
WV,2020-03-01,675,182921,3.690117591747257,2018-08-01,TRUE
WV,2020-04-01,49,78806,0.6217800675075502,2018-08-01,TRUE
WV,2020-05-01,579,181810,3.184643308948903,2018-08-01,TRUE
WV,2020-06-01,1041,184875,5.630831643002028,2018-08-01,TRUE
WV,2020-07-01,1038,183828,5.646582675109341,2018-08-01,TRUE
WV,2020-08-01,1076,180722,5.95389603922046,2018-08-01,TRUE
WV,2020-09-01,1001,182446,5.48655492584107,2018-08-01,TRUE
WV,2020-10-01,933,182667,5.10765491303848,2018-08-01,TRUE
WV,2020-11-01,802,180717,4.4378780081563995,2018-08-01,TRUE
WV,2020-12-01,785,176833,4.4392166620483735,2018-08-01,TRUE
WV,2021-01-01,851,182105,4.6731281403585845,2018-08-01,TRUE
WV,2021-02-01,643,180399,3.564321309985089,2018-08-01,TRUE
WV,2021-03-01,880,181428,4.8504089776660715,2018-08-01,TRUE
WV,2021-04-01,761,184345,4.128129322737259,2018-08-01,TRUE
WV,2021-05-01,780,181639,4.294231965602101,2018-08-01,TRUE
WV,2021-06-01,951,184545,5.153214663090303,2018-08-01,TRUE
WV,2021-07-01,918,181718,5.051783532726533,2018-08-01,TRUE
WV,2021-08-01,893,182363,4.896826658916557,2018-08-01,TRUE
WV,2021-09-01,921,184875,4.9817444219066935,2018-08-01,TRUE
WV,2021-10-01,866,183115,4.729268492477405,2018-08-01,TRUE
WV,2021-11-01,779,183820,4.237841366554238,2018-08-01,TRUE
WV,2021-12-01,716,181211,3.9511950157551143,2018-08-01,TRUE
WV,2022-01-01,815,183296,4.44635998603352,2018-08-01,TRUE
WV,2022-02-01,814,184420,4.413837978527274,2018-08-01,TRUE
WV,2022-03-01,899,184142,4.882101856176212,2018-08-01,TRUE
WV,2022-04-01,839,184558,4.545996380541618,2018-08-01,TRUE
WV,2022-05-01,876,178480,4.9081129538323625,2018-08-01,TRUE
WV,2022-06-01,809,175826,4.601139763174957,2018-08-01,TRUE
WV,2022-07-01,926,172546,5.366684826075366,2018-08-01,TRUE
WV,2022-08-01,774,151690,5.102511701496473,2018-08-01,TRUE
WV,2022-09-01,787,147090,5.350465701271331,2018-08-01,TRUE
WV,2022-10-01,648,131672,4.9213196427486485,2018-08-01,TRUE
WV,2022-11-01,737,133580,5.5172930079353195,2018-08-01,TRUE
WV,2022-12-01,731,132802,5.504435174169064,2018-08-01,TRUE
WV,2023-01-01,1306,184445,7.080701564151915,2018-08-01,TRUE
WV,2023-02-01,1106,183532,6.026197066451627,2018-08-01,TRUE
WV,2023-03-01,1158,184054,6.291631803709781,2018-08-01,TRUE
WV,2023-04-01,1076,184218,5.840905883247022,2018-08-01,TRUE
WV,2023-05-01,1270,184351,6.889032335056496,2018-08-01,TRUE
WV,2023-06-01,1145,183369,6.24423975699273,2018-08-01,TRUE
WV,2023-07-01,1275,184439,6.912854656553115,2018-08-01,TRUE
WV,2023-08-01,1259,183638,6.855879502063843,2018-08-01,TRUE
WV,2023-09-01,1242,183576,6.765590273238332,2018-08-01,TRUE
WV,2023-10-01,1126,183333,6.141829348780634,2018-08-01,TRUE
WV,2023-11-01,988,184841,5.345134466920218,2018-08-01,TRUE
WV,2023-12-01,920,181674,5.064015764501249,2018-08-01,TRUE
WV,2024-01-01,1191,184149,6.467588746069759,2018-08-01,TRUE
WV,2024-02-01,1112,182366,6.0976278472960965,2018-08-01,TRUE
WV,2024-03-01,1026,182047,5.6359072107752395,2018-08-01,TRUE
WV,2024-04-01,1055,182377,5.784720661048268,2018-08-01,TRUE
WV,2024-05-01,1328,184414,7.201188629930482,2018-08-01,TRUE
WV,2024-06-01,1146,183046,6.260721348732012,2018-08-01,TRUE
WV,2024-07-01,1332,184351,7.2253472994450805,2018-08-01,TRUE
WV,2024-08-01,1242,184340,6.737550179017034,2018-08-01,TRUE
WV,2024-09-01,1077,181769,5.925102740291249,2018-08-01,TRUE
WV,2024-10-01,1195,183895,6.498273471274368,2018-08-01,TRUE
WV,2024-11-01,919,183891,4.997525708164075,2018-08-01,TRUE
WV,2024-12-01,975,182074,5.354965563452223,2018-08-01,TRUE
WV,2025-01-01,1141,181576,6.283870114993171,2018-08-01,TRUE
WV,2025-02-01,1021,183444,5.565731231329452,2018-08-01,TRUE
WV,2025-03-01,959,183934,5.213826698707145,2018-08-01,TRUE
WV,2025-04-01,1132,185366,6.106837284075828,2018-08-01,TRUE
WV,2025-05-01,1080,182617,5.914016767332724,2018-08-01,TRUE
WV,2025-06-01,1051,183764,5.719292135565182,2018-08-01,TRUE
WV,2025-07-01,1206,183314,6.578875590516818,2018-08-01,TRUE
WV,2025-08-01,1171,182308,6.423195910217873,2018-08-01,TRUE
WV,2025-09-01,1037,182393,5.685525212042129,2018-08-01,TRUE
